{
"type": "FeatureCollection",
"name": "nhs_regions",
"crs": { "type": "name", "properties": { "name": "urn:ogc:def:crs:OGC:1.3:CRS84" } },
"features": [
{ "type": "Feature", "properties": { "region": "London" }, "geometry": { "type": "Polygon", "coordinates": [ [ [ -0.077843103485424, 51.688428928836601 ], [ -0.062017830278149, 51.6830078331081 ], [ -0.048929288644567, 51.684048955203501 ], [ -0.0119185003083, 51.680877862051297 ], [ -0.010261157419795, 51.676486456361999 ], [ -0.011417512434563, 51.671108464905501 ], [ -0.00983139409202, 51.661770418075399 ], [ -0.01225918532281, 51.6462299224983 ], [ 0.004398495255942, 51.641524723361599 ], [ 0.022719672481909, 51.641115443871598 ], [ 0.025224382019553, 51.635249569271103 ], [ 0.021819184175369, 51.628832786246697 ], [ 0.040796650578134, 51.615741188934798 ], [ 0.053710342451167, 51.618280300384399 ], [ 0.048313199670714, 51.614606586817601 ], [ 0.062564915373915, 51.6070698041976 ], [ 0.072832266946566, 51.604687445983302 ], [ 0.091954507748836, 51.607119030260499 ], [ 0.094667456200076, 51.610742698506897 ], [ 0.092811715096858, 51.613709314818202 ], [ 0.098064923380341, 51.615427667634698 ], [ 0.100168344033782, 51.6127249882637 ], [ 0.114472738414615, 51.6159798824307 ], [ 0.118669295448494, 51.615366949417499 ], [ 0.129187545121655, 51.621443481673502 ], [ 0.138183742095582, 51.623544981474097 ], [ 0.16498486382817, 51.622496877061501 ], [ 0.20031117156704, 51.624935830763597 ], [ 0.224087163329378, 51.631737424162097 ], [ 0.252761673111312, 51.617446401030598 ], [ 0.263257386999627, 51.609191959096897 ], [ 0.25391674050211, 51.601920081456903 ], [ 0.269877967165849, 51.599573895535798 ], [ 0.270925435481497, 51.590293883756701 ], [ 0.286656747302043, 51.573576459894902 ], [ 0.290195838470097, 51.564510946450397 ], [ 0.31303521811723, 51.565818153442301 ], [ 0.31529572386121, 51.557835681020698 ], [ 0.327815464907394, 51.550993916786901 ], [ 0.333901444303204, 51.542493387078501 ], [ 0.33143000369654, 51.540045663112203 ], [ 0.300722808176699, 51.538756000419497 ], [ 0.297755493610936, 51.535318612764897 ], [ 0.265347144528309, 51.532150136223699 ], [ 0.266637707331386, 51.522956183122098 ], [ 0.262005078389703, 51.517930188437099 ], [ 0.253834580997659, 51.517886435801103 ], [ 0.250851968158123, 51.528818434335498 ], [ 0.24583718786081, 51.523516327723598 ], [ 0.24285597973455, 51.524391903314097 ], [ 0.240724675044004, 51.521207997351297 ], [ 0.244939439258309, 51.518791123409599 ], [ 0.237309423436491, 51.519126352433503 ], [ 0.242019310398899, 51.507966471226503 ], [ 0.226627034084745, 51.5065823308815 ], [ 0.229498122303594, 51.500030159537403 ], [ 0.214157135002959, 51.4960398748891 ], [ 0.211869837997983, 51.489959009606601 ], [ 0.187684066854566, 51.487858873433801 ], [ 0.178574966651708, 51.505203862151902 ], [ 0.158721674311475, 51.512186801930298 ], [ 0.126345975161068, 51.519446264961097 ], [ 0.109074895650993, 51.514250020473703 ], [ 0.100509379900435, 51.514569309770799 ], [ 0.096069988079403, 51.516750729596701 ], [ 0.096790117829937, 51.515151198706803 ], [ 0.084580463180584, 51.512210528955002 ], [ 0.06866134795883, 51.499086570958703 ], [ 0.024441540197002, 51.498307192606497 ], [ 0.008375887938031, 51.508680190243098 ], [ 0.008783859514699, 51.5073176138539 ], [ -0.002045856153879, 51.507342668644 ], [ -0.008641068361193, 51.501348351362601 ], [ -0.003024499110289, 51.490875295260402 ], [ -0.006500019332994, 51.487124191373702 ], [ -0.016381664130718, 51.486148816772499 ], [ -0.025405864713525, 51.490421705335997 ], [ -0.027628998731374, 51.494251011006 ], [ -0.030375434886042, 51.507199531076999 ], [ -0.042098342865672, 51.509766524741202 ], [ -0.0597656797869, 51.502874150604299 ], [ -0.08037601393606, 51.508027334918999 ], [ -0.099877050449328, 51.510752711833803 ], [ -0.111493710687772, 51.510757444269302 ], [ -0.121349370238457, 51.507410252221298 ], [ -0.124656688439287, 51.494707867599402 ], [ -0.128448979305982, 51.488242491520403 ], [ -0.138143177955681, 51.484819583274799 ], [ -0.149979158603456, 51.485485181557699 ], [ -0.163805319798312, 51.483648554837103 ], [ -0.183856622798358, 51.477419551406001 ], [ -0.179399746723382, 51.477595053860803 ], [ -0.184468950907365, 51.4676477770603 ], [ -0.19737486402442, 51.4652092453709 ], [ -0.216664071246001, 51.469569672012803 ], [ -0.227555290913771, 51.487387758978002 ], [ -0.234381339786281, 51.490427672544399 ], [ -0.244539277274199, 51.4887029546299 ], [ -0.249710507181286, 51.485692117826702 ], [ -0.25521169579162, 51.472576392575199 ], [ -0.269154104837155, 51.473594652810803 ], [ -0.277084648927052, 51.483498450232098 ], [ -0.287462838717738, 51.487681100050402 ], [ -0.298964454878668, 51.485255691866698 ], [ -0.306958809473683, 51.4762536110307 ], [ -0.319122499201497, 51.4714836348411 ], [ -0.321712316644831, 51.465406595849501 ], [ -0.313872211174679, 51.459709015466402 ], [ -0.305892400035465, 51.456164107034802 ], [ -0.304279006346907, 51.451612133999703 ], [ -0.315798396056739, 51.446661513483001 ], [ -0.325075276811457, 51.446533687489897 ], [ -0.331364063270804, 51.441569734643799 ], [ -0.328481718815092, 51.433947928763899 ], [ -0.319940908618239, 51.429400836762198 ], [ -0.318440402732133, 51.429558205753203 ], [ -0.326927170846807, 51.433440833076403 ], [ -0.329935975601981, 51.441700831627301 ], [ -0.305853232909415, 51.448510910344297 ], [ -0.302547817224562, 51.452344285272602 ], [ -0.305022033220876, 51.456462681130198 ], [ -0.313854906653685, 51.46074548552 ], [ -0.319245650051518, 51.468361331039098 ], [ -0.31012093679786, 51.473527722305199 ], [ -0.295386562512078, 51.484759482120197 ], [ -0.287272129073823, 51.486521677514602 ], [ -0.278095528809912, 51.482202155847503 ], [ -0.27053222012446, 51.472671224216597 ], [ -0.260215048755059, 51.470314432864598 ], [ -0.251480720048389, 51.473635981636697 ], [ -0.248520909527052, 51.483734675560498 ], [ -0.235505416577919, 51.488950534059398 ], [ -0.228011328288862, 51.4851101169033 ], [ -0.223401522870407, 51.4715216728925 ], [ -0.195097844374065, 51.460620506292003 ], [ -0.177949731420868, 51.470611370035698 ], [ -0.174155762141814, 51.478909181259802 ], [ -0.166286742658349, 51.481314158431999 ], [ -0.128430560959041, 51.4850497271864 ], [ -0.125525092498704, 51.486919658849402 ], [ -0.121352821058677, 51.4943173900731 ], [ -0.118324868424955, 51.505726932058899 ], [ -0.108805057906591, 51.508446299570799 ], [ -0.088085516530401, 51.506827847560999 ], [ -0.070832535236546, 51.5025172569459 ], [ -0.073513887170686, 51.500464569662803 ], [ -0.05725143478605, 51.500865457127603 ], [ -0.042993061182713, 51.507217652593603 ], [ -0.033869578801483, 51.506083018015502 ], [ -0.032386326230778, 51.493056279194398 ], [ -0.017090318044949, 51.480409797722402 ], [ -0.022741556496681, 51.475354171187 ], [ -0.014999297431141, 51.4817665637771 ], [ -0.01785845738325, 51.4832186940558 ], [ -0.00470017229325, 51.484671177092203 ], [ 0.002469909839093, 51.489952876584702 ], [ -0.002240195926425, 51.500139859411497 ], [ 0.000852384060338, 51.504524274428498 ], [ 0.015726420704485, 51.495894451059399 ], [ 0.029045430853762, 51.493916545978102 ], [ 0.076234544684947, 51.495891603564601 ], [ 0.082419778456649, 51.498856286617801 ], [ 0.092052129770036, 51.5090081162801 ], [ 0.128620890855794, 51.513294153812197 ], [ 0.151296375343893, 51.506282500564097 ], [ 0.166190946323591, 51.503668634541 ], [ 0.172101162872704, 51.494759511193401 ], [ 0.175197827350929, 51.485255640953497 ], [ 0.186537326334579, 51.480464883372299 ], [ 0.200844593643595, 51.478657111806299 ], [ 0.211683788803227, 51.4827285921846 ], [ 0.219795233198231, 51.479290367438402 ], [ 0.208805421848942, 51.470904162470397 ], [ 0.210612637694514, 51.462481354371697 ], [ 0.202609208437745, 51.456233624441097 ], [ 0.202720312947636, 51.453932382381197 ], [ 0.180713959124737, 51.4434893675339 ], [ 0.170903075572517, 51.441207090821401 ], [ 0.164607022828912, 51.429088963851797 ], [ 0.155874584541941, 51.430876849722203 ], [ 0.151158524896716, 51.420430387135703 ], [ 0.154632793922159, 51.418479538718501 ], [ 0.149158880339785, 51.412435433407801 ], [ 0.153770489001981, 51.411265531158598 ], [ 0.152932238327546, 51.408708466070699 ], [ 0.148828849317671, 51.408509417362303 ], [ 0.161377901135322, 51.392376231535202 ], [ 0.147533924029833, 51.392156190513703 ], [ 0.153236144838227, 51.378036165749002 ], [ 0.151623779888891, 51.3683884211829 ], [ 0.147336471521938, 51.366994499491398 ], [ 0.141342450124561, 51.349643494780899 ], [ 0.136957823988705, 51.344174632563302 ], [ 0.125212908911732, 51.345868057720097 ], [ 0.117597434979634, 51.343485133123203 ], [ 0.121683434434795, 51.333636058409901 ], [ 0.117903334550752, 51.329662994539703 ], [ 0.10489487245393, 51.327442645364201 ], [ 0.085029873855099, 51.316022884772302 ], [ 0.082881835243376, 51.305655053206898 ], [ 0.091185737482561, 51.296828322204703 ], [ 0.081579440486789, 51.291838305864502 ], [ 0.058509276458121, 51.289353850019097 ], [ 0.050832849179842, 51.293976318213097 ], [ 0.042397775472112, 51.292677633577298 ], [ 0.041487800803176, 51.302961252828098 ], [ 0.032902332946475, 51.3075140987523 ], [ 0.024838913370534, 51.302154952398404 ], [ 0.019100583891598, 51.291683974021304 ], [ 0.015009593079515, 51.291786089730799 ], [ 0.011093029322992, 51.302810977319702 ], [ 0.010348607827086, 51.316140293993399 ], [ 0.006582646184465, 51.315653115062297 ], [ 0.002294792937326, 51.329138459764899 ], [ -0.010656892716604, 51.333757449300897 ], [ -0.014327761651326, 51.329805292535703 ], [ -0.02205639735659, 51.338099572739303 ], [ -0.037966931536657, 51.338643674575401 ], [ -0.040590683448019, 51.3360584445781 ], [ -0.050260481778277, 51.332639331444902 ], [ -0.047868594020633, 51.325245001928401 ], [ -0.051307135348548, 51.322447908157599 ], [ -0.063994281290608, 51.318636510528201 ], [ -0.071016482815173, 51.321232706270102 ], [ -0.078862619805748, 51.319774714324602 ], [ -0.083643852988438, 51.3166063791925 ], [ -0.083869377178894, 51.309866132326199 ], [ -0.088787971997263, 51.307084381016402 ], [ -0.088731566187572, 51.305104615232999 ], [ -0.097244980446702, 51.300295581436202 ], [ -0.096155579355234, 51.298505302278301 ], [ -0.115729029848665, 51.290728153010697 ], [ -0.117774868472408, 51.2870947443201 ], [ -0.124292566634326, 51.286758657985899 ], [ -0.13731323629181, 51.300780659066 ], [ -0.155364172447243, 51.301352210178798 ], [ -0.157027594906645, 51.306684982259704 ], [ -0.154345575195858, 51.310251268800698 ], [ -0.158331058072033, 51.310985341269003 ], [ -0.158059152170452, 51.3146297789973 ], [ -0.161185888097871, 51.317441237889803 ], [ -0.161520663053092, 51.319744115675697 ], [ -0.156543545739579, 51.321507940730598 ], [ -0.161817653554759, 51.324159425112597 ], [ -0.162782899168582, 51.329665187882597 ], [ -0.172976733236182, 51.330023490524297 ], [ -0.182382111942414, 51.338047124225398 ], [ -0.19737286190631, 51.343593084821599 ], [ -0.213032035063121, 51.335541317729501 ], [ -0.2140950026663, 51.330350284466903 ], [ -0.220940957104539, 51.329862732404997 ], [ -0.229781522507966, 51.336543640616497 ], [ -0.218298110167137, 51.343002513638297 ], [ -0.218211821615833, 51.346214567633901 ], [ -0.222741264170966, 51.356945535349098 ], [ -0.226945915157732, 51.362625649109198 ], [ -0.233191294489427, 51.366009862878499 ], [ -0.245351956829622, 51.366950022053999 ], [ -0.245031635629977, 51.380033364805698 ], [ -0.253752805986769, 51.378777452425403 ], [ -0.261147224104049, 51.379598962062197 ], [ -0.264154832386033, 51.376149607497297 ], [ -0.285702646130343, 51.364050889533097 ], [ -0.292766500534332, 51.352654186283303 ], [ -0.304043495024583, 51.343004500689197 ], [ -0.30619271438037, 51.335083869092003 ], [ -0.324005282814051, 51.3266944374083 ], [ -0.330655621008063, 51.329009315373099 ], [ -0.327922918377593, 51.352184454551903 ], [ -0.318269785905089, 51.363683429534802 ], [ -0.317891563737459, 51.3698446003295 ], [ -0.312651439171278, 51.374751100931498 ], [ -0.308433932667241, 51.375858964372703 ], [ -0.30830272217903, 51.380081447715298 ], [ -0.311440734699147, 51.386797018630602 ], [ -0.313136237658897, 51.388799428638798 ], [ -0.316787607735442, 51.388624603254598 ], [ -0.314111986062907, 51.390216726520897 ], [ -0.317698624670097, 51.393666748302401 ], [ -0.325967683123939, 51.391444720617798 ], [ -0.338481554790906, 51.401040763559301 ], [ -0.359653071226863, 51.412001997088801 ], [ -0.375194118728542, 51.408335925134701 ], [ -0.383351131452952, 51.4085384443229 ], [ -0.389651432097762, 51.410692442257201 ], [ -0.390217924919745, 51.414340797136198 ], [ -0.386123361334076, 51.4142803942161 ], [ -0.386678740531486, 51.420046248584597 ], [ -0.391351446077587, 51.422331926352598 ], [ -0.40782149156466, 51.423594533902801 ], [ -0.418582873448061, 51.4321089642877 ], [ -0.427410218514273, 51.4308259764396 ], [ -0.427831186015869, 51.429252409159403 ], [ -0.439984840809729, 51.430626431526903 ], [ -0.439753933995337, 51.434618762379102 ], [ -0.447717027483506, 51.435003161643799 ], [ -0.446288388973112, 51.4399966432714 ], [ -0.456475111074692, 51.438224596094798 ], [ -0.461319702870062, 51.4523912641462 ], [ -0.458641641597762, 51.456315075536601 ], [ -0.473877095519519, 51.458754578435901 ], [ -0.477122071514941, 51.461336928124197 ], [ -0.488875250977376, 51.4618073517101 ], [ -0.509700539047286, 51.469176811694403 ], [ -0.499173886501693, 51.488569517707901 ], [ -0.490116795981514, 51.4945783118783 ], [ -0.483254926519986, 51.506603307667397 ], [ -0.485536191893231, 51.510028249517902 ], [ -0.489786639844582, 51.511526875106597 ], [ -0.491645158535548, 51.518860527224199 ], [ -0.48897547234571, 51.529099843806598 ], [ -0.493585918807718, 51.541004280418498 ], [ -0.485347061731755, 51.550735539913902 ], [ -0.477921356024268, 51.554850485674798 ], [ -0.476986864652602, 51.559625254100197 ], [ -0.48279377284023, 51.562821540668601 ], [ -0.483994685397022, 51.575055925331299 ], [ -0.489210682935888, 51.577761390728099 ], [ -0.49952815609518, 51.592118943561999 ], [ -0.500596102913018, 51.599690217928902 ], [ -0.496651069372336, 51.601469595427197 ], [ -0.495388799480836, 51.618793035481197 ], [ -0.50015467696603, 51.622067683515297 ], [ -0.500308113825146, 51.628805438840203 ], [ -0.497226042903049, 51.631657067500903 ], [ -0.457130588449111, 51.612293916548602 ], [ -0.443526277758731, 51.619534124659999 ], [ -0.437857110770553, 51.619750671087999 ], [ -0.404050085203542, 51.613183949171002 ], [ -0.373067110934006, 51.618985759942298 ], [ -0.343464715726915, 51.629060302204998 ], [ -0.316672785047011, 51.640535539326599 ], [ -0.304458329769862, 51.636350684381298 ], [ -0.296242658645021, 51.635477580961997 ], [ -0.273713725268865, 51.638673970191697 ], [ -0.273071233390609, 51.641235537393698 ], [ -0.263076158363543, 51.644772291547802 ], [ -0.255487375633474, 51.6432451216738 ], [ -0.251557273247991, 51.647952251624403 ], [ -0.251238465927702, 51.655492477616399 ], [ -0.228919129551485, 51.659975021611103 ], [ -0.226462545388931, 51.657161866266897 ], [ -0.221537138017898, 51.659793238581898 ], [ -0.20792210414155, 51.662844852673999 ], [ -0.211134254773123, 51.666954727097902 ], [ -0.199871813419522, 51.670169867516201 ], [ -0.191007567933747, 51.663948420591701 ], [ -0.16536188005257, 51.680654730903399 ], [ -0.163493489063572, 51.688115112718101 ], [ -0.149370295870573, 51.685518080997298 ], [ -0.105779206881498, 51.691875701934499 ], [ -0.077843103485424, 51.688428928836601 ] ] ] } },
{ "type": "Feature", "properties": { "region": "South East" }, "geometry": { "type": "MultiPolygon", "coordinates": [ [ [ [ -1.2831000621383, 50.729256156342601 ], [ -1.29221621401324, 50.705521067919904 ], [ -1.29002012864207, 50.697708854135399 ], [ -1.2910865053432, 50.706777926064198 ], [ -1.27563520980144, 50.731724286266598 ], [ -1.28638294741161, 50.740550675588501 ], [ -1.2904659050356, 50.754353615722003 ], [ -1.28833993342054, 50.762964411740697 ], [ -1.2758130342865, 50.765754132559103 ], [ -1.26790748235615, 50.762905906357503 ], [ -1.25661120327659, 50.755063311508401 ], [ -1.24546624161763, 50.749655933662098 ], [ -1.23922967723529, 50.743858107860298 ], [ -1.21415662674439, 50.7381261891408 ], [ -1.22354249407228, 50.731359799396401 ], [ -1.22546148760161, 50.724628654312703 ], [ -1.21755528485512, 50.734965648823398 ], [ -1.16017581176672, 50.733186988451699 ], [ -1.11026145123851, 50.721675181159902 ], [ -1.10139366644967, 50.707379689346702 ], [ -1.09779900643064, 50.706135191138301 ], [ -1.09614291250082, 50.694231408904301 ], [ -1.1038876421946, 50.6962619782948 ], [ -1.10283024136577, 50.699783593556297 ], [ -1.10826190426559, 50.6935148670565 ], [ -1.09830798399017, 50.690512024244903 ], [ -1.09362054763937, 50.695800457397503 ], [ -1.08579893649192, 50.694862355971203 ], [ -1.07067279078109, 50.687928241152001 ], [ -1.06983492669321, 50.683880868183699 ], [ -1.09470570418184, 50.671983659965697 ], [ -1.09805247534114, 50.665226815622397 ], [ -1.10894638097618, 50.665509215310998 ], [ -1.13259640027527, 50.662103285169103 ], [ -1.15190026551263, 50.654360464216197 ], [ -1.16045416271274, 50.6493369855962 ], [ -1.16601157249311, 50.643995881064299 ], [ -1.16901484398769, 50.636844608551499 ], [ -1.17353451435152, 50.622705246788797 ], [ -1.17267462875801, 50.620529448547799 ], [ -1.17416873110609, 50.612448897007198 ], [ -1.17572661235706, 50.611271806881597 ], [ -1.17521452245115, 50.606837210072399 ], [ -1.18260622067861, 50.598395185154899 ], [ -1.24988523038878, 50.580881970897899 ], [ -1.29964623292, 50.575904027383501 ], [ -1.30349596566832, 50.576488266452998 ], [ -1.31816381545215, 50.589454307793098 ], [ -1.33946516395556, 50.6017897881434 ], [ -1.36689771051267, 50.6135827863787 ], [ -1.3892955552381, 50.626798005772102 ], [ -1.44726963068313, 50.643488293082399 ], [ -1.46396378689947, 50.652304957595597 ], [ -1.48518299364819, 50.666947796598798 ], [ -1.5110357638081, 50.670003265000503 ], [ -1.57890192134537, 50.660148181617899 ], [ -1.58654257502514, 50.663125271792801 ], [ -1.56982520540255, 50.665393444961303 ], [ -1.56957111162001, 50.673519823477498 ], [ -1.54897819354726, 50.677865666569701 ], [ -1.5375993989851, 50.691542989295897 ], [ -1.53560781796028, 50.692034790529902 ], [ -1.53205550950461, 50.701990200860401 ], [ -1.52379131514764, 50.706261824268402 ], [ -1.50298577035181, 50.706735142953697 ], [ -1.50967039709627, 50.705814954816198 ], [ -1.50457226778353, 50.704676415341098 ], [ -1.50493588646663, 50.701332194585298 ], [ -1.50279396415519, 50.703020821438898 ], [ -1.50338109431954, 50.6971215635769 ], [ -1.50226385442806, 50.6995360184196 ], [ -1.4998352834462, 50.697953686439099 ], [ -1.50802907347937, 50.696030569378301 ], [ -1.50387469291028, 50.6951383217963 ], [ -1.50509146036756, 50.693667191747899 ], [ -1.49905982817654, 50.694218660656801 ], [ -1.50194540847583, 50.695244203262703 ], [ -1.4978537377953, 50.698118637301498 ], [ -1.50134966395385, 50.700967357414903 ], [ -1.49743812617385, 50.700207420259503 ], [ -1.4967568814384, 50.702704483185997 ], [ -1.50100840509995, 50.701727169999799 ], [ -1.50391018583695, 50.705673042729998 ], [ -1.47011842537386, 50.709640386214303 ], [ -1.4274409650573, 50.726080055258002 ], [ -1.41205712689479, 50.724560415424598 ], [ -1.42116745370044, 50.724672691692497 ], [ -1.41196104310128, 50.720800934099003 ], [ -1.41826181648191, 50.718882992623001 ], [ -1.41246284709713, 50.718960842890397 ], [ -1.41674834731595, 50.713746402965299 ], [ -1.41352937171056, 50.715450940522203 ], [ -1.41303627021256, 50.703543748504302 ], [ -1.41290007072832, 50.711509805448102 ], [ -1.4070236541655, 50.708555883771403 ], [ -1.41219349002374, 50.714341583593303 ], [ -1.40244361442605, 50.709292825668797 ], [ -1.39972328970796, 50.710777063093403 ], [ -1.4099015090023, 50.716491935349701 ], [ -1.40783576374849, 50.721257512245998 ], [ -1.40347938499462, 50.724457119254502 ], [ -1.40918399744268, 50.716089141563401 ], [ -1.40394236051302, 50.720849140032598 ], [ -1.39989415065201, 50.716591803110099 ], [ -1.39742936720994, 50.719174385758002 ], [ -1.39226301873653, 50.715532389326 ], [ -1.37952121530057, 50.716338308781303 ], [ -1.37667300499211, 50.710646805787903 ], [ -1.37932903706301, 50.717462825216401 ], [ -1.36992457213877, 50.719823594361401 ], [ -1.38924155968313, 50.716634277893 ], [ -1.39521034127393, 50.719744702501004 ], [ -1.38971857547376, 50.720007607348897 ], [ -1.39277235648464, 50.722709515476403 ], [ -1.38614325931585, 50.722636044908 ], [ -1.40008250348922, 50.724146738806802 ], [ -1.3959829009903, 50.726322458635401 ], [ -1.40115555458431, 50.727215218441899 ], [ -1.4078078343547, 50.723813131089003 ], [ -1.40947513968831, 50.725122170511703 ], [ -1.4087784193846, 50.725585802029201 ], [ -1.35332978714586, 50.739086560420603 ], [ -1.34596264747159, 50.746623898616903 ], [ -1.34253342798235, 50.752640527711698 ], [ -1.32807907917599, 50.757952028722102 ], [ -1.32034279731832, 50.765164943249196 ], [ -1.29985017853252, 50.766827262479801 ], [ -1.29543530883191, 50.760015050980499 ], [ -1.29218869371711, 50.758002548708902 ], [ -1.29385961796168, 50.750585364000599 ], [ -1.28776132678747, 50.734138972029101 ], [ -1.2831000621383, 50.729256156342601 ] ] ], [ [ [ -1.09259884047015, 50.815047531712899 ], [ -1.10164342831192, 50.813670610151597 ], [ -1.09803663842497, 50.820300437368303 ], [ -1.09259884047015, 50.815047531712899 ] ] ], [ [ [ -1.00531638074112, 50.833793411319697 ], [ -1.00237994162694, 50.8293239689987 ], [ -1.00897035920441, 50.833316360022103 ], [ -1.00531638074112, 50.833793411319697 ] ] ], [ [ [ -0.96910319746011, 50.8345330488794 ], [ -0.970280425601462, 50.830725911733602 ], [ -0.963643218391542, 50.833433416373197 ], [ -0.957278996215084, 50.831309264799998 ], [ -0.951026190824232, 50.823978888099603 ], [ -0.957602769372298, 50.815798451950997 ], [ -0.957057022449932, 50.807342933425403 ], [ -0.961209020723093, 50.811351220049097 ], [ -0.971052405120429, 50.810642440990499 ], [ -0.961723438876531, 50.809272118542999 ], [ -0.965169303953304, 50.8065211656047 ], [ -0.973387965922701, 50.808796955440002 ], [ -0.968970797226884, 50.802740917283799 ], [ -0.958607335379369, 50.804701172395802 ], [ -0.952752139456638, 50.801072265086098 ], [ -0.95706379383582, 50.799124357038501 ], [ -0.955484265733958, 50.7937135844154 ], [ -0.96273510069016, 50.789457987771399 ], [ -0.967850429367835, 50.7901476123997 ], [ -0.967338515464135, 50.787152564021198 ], [ -0.957552236915261, 50.789787747838503 ], [ -0.95130748967383, 50.786906250576003 ], [ -0.951194460507159, 50.784217260530198 ], [ -0.961340653230493, 50.782236169640903 ], [ -0.949271372155985, 50.7831207995632 ], [ -0.943205639509742, 50.786712709572399 ], [ -0.937011508039178, 50.782532335031 ], [ -0.936808134788176, 50.786811114627596 ], [ -0.936469449377521, 50.778154109691599 ], [ -0.9464554455599, 50.777126785171603 ], [ -0.978695627179846, 50.782624579746901 ], [ -1.02018584338791, 50.785635777095102 ], [ -1.02533099192435, 50.795398337318602 ], [ -1.01988901418045, 50.795759311207298 ], [ -1.0219476832304, 50.793794496056201 ], [ -1.01759437014897, 50.7924512765454 ], [ -1.01731594851385, 50.795177401336701 ], [ -1.00586428314064, 50.793287274607898 ], [ -0.994896275669133, 50.798135897259797 ], [ -0.983331962594238, 50.820759156309002 ], [ -0.986794980331782, 50.826901832740901 ], [ -0.977800813628966, 50.832999192923701 ], [ -0.96910319746011, 50.8345330488794 ] ] ], [ [ [ -1.04413719716249, 50.831360339687102 ], [ -1.03830522643681, 50.794651676610599 ], [ -1.04400290835515, 50.790164286403297 ], [ -1.03199334450838, 50.792005001549903 ], [ -1.03065982897167, 50.7955249604126 ], [ -1.03209702078451, 50.786784622497699 ], [ -1.08922258843155, 50.777700701623701 ], [ -1.10967244295408, 50.791542220544898 ], [ -1.10567528259217, 50.791115066322 ], [ -1.10883211974156, 50.796497308464303 ], [ -1.10584452200622, 50.797043484321797 ], [ -1.11124937487272, 50.798538076653699 ], [ -1.11151248696923, 50.806964590295401 ], [ -1.10373774415546, 50.805701843206101 ], [ -1.10399281701702, 50.810470059575302 ], [ -1.09133789240496, 50.809046100330903 ], [ -1.09049054528629, 50.811627239676298 ], [ -1.09685880773377, 50.811292762995201 ], [ -1.09120966830241, 50.814801950629899 ], [ -1.09065466822102, 50.8168462578166 ], [ -1.10021521689139, 50.8269101105464 ], [ -1.09307798182057, 50.829012286224597 ], [ -1.08560417159098, 50.824939889067799 ], [ -1.07660783193164, 50.8367971223187 ], [ -1.04413719716249, 50.831360339687102 ] ] ], [ [ [ 0.682059664687934, 51.3963213313544 ], [ 0.672607382371696, 51.389771967030001 ], [ 0.670533435232856, 51.394370255840698 ], [ 0.682059664687934, 51.3963213313544 ] ] ], [ [ [ 0.614643851364023, 51.400446670587797 ], [ 0.615324178551404, 51.395384122901397 ], [ 0.61156097058342, 51.399736541090697 ], [ 0.603388365956422, 51.393832961635297 ], [ 0.597014785817756, 51.396079789766297 ], [ 0.595128335286905, 51.400216441519703 ], [ 0.608113907189036, 51.4015436382047 ], [ 0.614643851364023, 51.400446670587797 ] ] ], [ [ [ 0.564435834328907, 51.4079545418085 ], [ 0.574611573011941, 51.405013615766599 ], [ 0.579464870558879, 51.4068829072556 ], [ 0.582572584376833, 51.403134185372302 ], [ 0.561520430470315, 51.402233421404603 ], [ 0.564435834328907, 51.4079545418085 ] ] ], [ [ [ 0.691199231999407, 51.411674120355698 ], [ 0.694536882817616, 51.396626894034597 ], [ 0.680355249781893, 51.399947110088497 ], [ 0.672639129239268, 51.398405507814203 ], [ 0.671378445792679, 51.407068433299401 ], [ 0.665928519130536, 51.406282334367802 ], [ 0.672103097763797, 51.410173746221297 ], [ 0.677909185210685, 51.406388790894503 ], [ 0.675070837748216, 51.408710192360601 ], [ 0.68249432838637, 51.408980302165503 ], [ 0.682969207446559, 51.4126452811321 ], [ 0.691199231999407, 51.411674120355698 ] ] ], [ [ [ 0.638913923900006, 51.421266883178397 ], [ 0.638491997773013, 51.416488953381602 ], [ 0.636958804927212, 51.419663224631101 ], [ 0.629883738779221, 51.4210516455041 ], [ 0.633850979082726, 51.4238271128173 ], [ 0.638913923900006, 51.421266883178397 ] ] ], [ [ [ 0.686969928801202, 51.4222752183707 ], [ 0.687828097002103, 51.414346238099299 ], [ 0.680518944825991, 51.419240871035399 ], [ 0.676310720169763, 51.419276765369602 ], [ 0.672311526334751, 51.413476083316603 ], [ 0.668088464927327, 51.420484132745202 ], [ 0.660113688435495, 51.417587661423902 ], [ 0.66700183993546, 51.423908600726797 ], [ 0.686969928801202, 51.4222752183707 ] ] ], [ [ [ 0.638316450414561, 51.427599426307303 ], [ 0.633151989594985, 51.426956504090697 ], [ 0.636621967698649, 51.429429157827997 ], [ 0.638316450414561, 51.427599426307303 ] ] ], [ [ [ 0.658144775252846, 51.439625135985501 ], [ 0.650279889439622, 51.439046853457697 ], [ 0.654086491433999, 51.442327980834101 ], [ 0.657287521284768, 51.441616006743203 ], [ 0.652955609325572, 51.440249071995403 ], [ 0.658144775252846, 51.439625135985501 ] ] ], [ [ [ 0.658562665695052, 51.4479350139327 ], [ 0.661211601884388, 51.443737692295002 ], [ 0.655529088820357, 51.445439576151003 ], [ 0.658562665695052, 51.4479350139327 ] ] ], [ [ [ 0.902019423826626, 51.416490508460001 ], [ 0.911493190502033, 51.4064274343202 ], [ 0.938176834545083, 51.389828603040797 ], [ 0.951024989787225, 51.373479626797099 ], [ 0.943659186307583, 51.367484973208597 ], [ 0.943561580214593, 51.370333233057799 ], [ 0.937273275175206, 51.370554951588602 ], [ 0.921363488901706, 51.359841217069601 ], [ 0.897167768282596, 51.354335975073703 ], [ 0.881073414545734, 51.357784742896598 ], [ 0.874548976977892, 51.363797654486703 ], [ 0.858344452992976, 51.364350679910899 ], [ 0.857587703227935, 51.370333221729801 ], [ 0.856853160609674, 51.364974395546596 ], [ 0.849415664276802, 51.3706510550602 ], [ 0.83935407614591, 51.370598581838898 ], [ 0.850705210920254, 51.367099338967598 ], [ 0.850392452322052, 51.363960781181603 ], [ 0.843784912196368, 51.3635637582138 ], [ 0.806285518209497, 51.3721779156716 ], [ 0.805958846059795, 51.369796964206998 ], [ 0.796340708793607, 51.368557296039199 ], [ 0.796975443080189, 51.370694431664802 ], [ 0.791983651520665, 51.370059797737397 ], [ 0.788106767537405, 51.373391787254 ], [ 0.780629516837981, 51.370660808448498 ], [ 0.782684917465582, 51.3690119281097 ], [ 0.773588792479123, 51.367745384392798 ], [ 0.765014595193675, 51.370791886080198 ], [ 0.765507837120967, 51.377497900317103 ], [ 0.77029844199816, 51.379241156630698 ], [ 0.76426482338305, 51.388232055303 ], [ 0.751409948692771, 51.391125703802402 ], [ 0.750858710068596, 51.394708471377498 ], [ 0.731033222347362, 51.401373608200203 ], [ 0.721502840029973, 51.4144703159104 ], [ 0.732135030122885, 51.409026164735302 ], [ 0.740595074530389, 51.411230083649698 ], [ 0.742854868543226, 51.415196171385602 ], [ 0.741219182244334, 51.4151224804381 ], [ 0.736304499389471, 51.421118550633203 ], [ 0.736594700272609, 51.429792509994002 ], [ 0.745484642526073, 51.4404254745278 ], [ 0.744648772436859, 51.4472930756015 ], [ 0.769434614589717, 51.440777514468799 ], [ 0.791602397131471, 51.4392702531539 ], [ 0.815472781213597, 51.427934178540397 ], [ 0.880052774861207, 51.421649987508403 ], [ 0.902019423826626, 51.416490508460001 ] ] ], [ [ [ -1.33189692992491, 52.168485056819499 ], [ -1.2852337408834, 52.124889419863102 ], [ -1.25292770471157, 52.103874428435503 ], [ -1.24795969099431, 52.0957729573988 ], [ -1.2715758994825, 52.097927521826001 ], [ -1.28712533375338, 52.092638862918598 ], [ -1.30796302794478, 52.092272942732102 ], [ -1.32082442840265, 52.087628624204498 ], [ -1.32054081028787, 52.082195577338702 ], [ -1.31608502046362, 52.079519919425401 ], [ -1.29936050069294, 52.080101530104599 ], [ -1.29849413427745, 52.0757013820471 ], [ -1.3069030200852, 52.070313586878001 ], [ -1.30006688752778, 52.069363313394199 ], [ -1.30125347039044, 52.066103795333298 ], [ -1.30643162463782, 52.064464774871901 ], [ -1.31287462199781, 52.0511899698216 ], [ -1.29495246548058, 52.039811256123798 ], [ -1.29431221628867, 52.028035225194799 ], [ -1.28532325699221, 52.026473605820499 ], [ -1.27814679189148, 52.014238187017902 ], [ -1.27856664779458, 52.011403559225997 ], [ -1.28454916930448, 52.010613764902502 ], [ -1.27847443419335, 52.0082162637012 ], [ -1.27878197639502, 52.004377575381 ], [ -1.28338997352682, 51.999423930441303 ], [ -1.28299651744811, 51.991503016464698 ], [ -1.28885877741594, 51.989725576751397 ], [ -1.28272665416038, 51.979227741003498 ], [ -1.28086525348053, 51.982364159221802 ], [ -1.26091580688804, 51.980925928743801 ], [ -1.24161224731688, 51.986293390882302 ], [ -1.22970010088509, 51.981367319771898 ], [ -1.19625996309684, 51.977431431156297 ], [ -1.19075606241344, 51.9815108636733 ], [ -1.1760546074237, 51.982045280068903 ], [ -1.16382376796738, 51.993412106463303 ], [ -1.15148017005305, 51.993110077831403 ], [ -1.14390653606326, 51.997019113073598 ], [ -1.13432888783756, 51.997296379368002 ], [ -1.13125278793631, 52.004884627512901 ], [ -1.11808633809214, 52.0154261437537 ], [ -1.1361583849776, 52.020033899189798 ], [ -1.13125757456069, 52.032869262508797 ], [ -1.11722424237731, 52.047345047007802 ], [ -1.08327502215697, 52.052361524249903 ], [ -1.07665204686676, 52.0588512572631 ], [ -1.07165664645898, 52.058135055192402 ], [ -1.06206508671032, 52.062735434551101 ], [ -1.05295916652417, 52.0596605080747 ], [ -1.04004887115636, 52.065924175528501 ], [ -1.03094653798531, 52.062897248723097 ], [ -1.02640527916953, 52.064417125980398 ], [ -1.02955134095556, 52.070106577383797 ], [ -1.04232695553518, 52.073710029488701 ], [ -1.0263175911861, 52.075682031287599 ], [ -1.00754073746376, 52.072095470081003 ], [ -0.967805270174199, 52.070910920685598 ], [ -0.960762816403469, 52.078644339076298 ], [ -0.951873212759687, 52.0815336238269 ], [ -0.940056164622551, 52.075842074709499 ], [ -0.944395430478462, 52.070072531900102 ], [ -0.939279218658135, 52.067353617414497 ], [ -0.939404882467418, 52.062225044095598 ], [ -0.933744684542828, 52.062636232110997 ], [ -0.937879993954931, 52.061201914892997 ], [ -0.926732854227777, 52.038674438446101 ], [ -0.906029926373322, 52.021221234002603 ], [ -0.890118295552869, 52.0315606099443 ], [ -0.883018583685248, 52.028241378078498 ], [ -0.877468788069621, 52.029971536298198 ], [ -0.871325791435742, 52.040251775888102 ], [ -0.866951706547731, 52.040098483317401 ], [ -0.843492633757718, 52.022372833801697 ], [ -0.819539434362247, 52.011198575424402 ], [ -0.817996993479199, 52.006071400534402 ], [ -0.812243202811389, 52.006015683309798 ], [ -0.809391211328006, 52.002465618952201 ], [ -0.803504318232008, 51.985503650913301 ], [ -0.820554054625521, 51.973352096425998 ], [ -0.817494261821735, 51.967237780934497 ], [ -0.837244637737964, 51.9569490459604 ], [ -0.833068799483932, 51.9559280961304 ], [ -0.8334229799439, 51.946950100338299 ], [ -0.820567434400044, 51.94160073946 ], [ -0.81173023197695, 51.931394015067198 ], [ -0.795183956892602, 51.930554277637299 ], [ -0.803921128303732, 51.942477795751998 ], [ -0.796586130666058, 51.944920981286998 ], [ -0.797798231480913, 51.949586991803997 ], [ -0.785099028354268, 51.942144463351298 ], [ -0.763453335545342, 51.946111589767803 ], [ -0.75078761765199, 51.942131612208499 ], [ -0.754738716846884, 51.939772564056703 ], [ -0.732720958905255, 51.923180724586103 ], [ -0.702156653817795, 51.909119103359401 ], [ -0.692219719237019, 51.900162354328302 ], [ -0.673236615911475, 51.901818569164398 ], [ -0.660243401503619, 51.894557484458502 ], [ -0.654826698357942, 51.887890363436 ], [ -0.637343837946768, 51.882603502574703 ], [ -0.628246549422108, 51.882132720013097 ], [ -0.62011081788857, 51.885485173268897 ], [ -0.608970534287072, 51.875564043368399 ], [ -0.58285950151064, 51.868247220162097 ], [ -0.569248127050236, 51.858070459383299 ], [ -0.569267732230629, 51.851764223865999 ], [ -0.563679760070048, 51.851239012395801 ], [ -0.566809239035386, 51.850813523067899 ], [ -0.564053348994687, 51.8470958539721 ], [ -0.537628252074957, 51.831410870477399 ], [ -0.543650579196284, 51.824517795912399 ], [ -0.548992233284731, 51.827986057251103 ], [ -0.553628414893348, 51.826712474110501 ], [ -0.557150262188832, 51.8309687550706 ], [ -0.560468730110677, 51.830185470796799 ], [ -0.558348379116466, 51.824787892077197 ], [ -0.560775222614783, 51.826379841898103 ], [ -0.56714458624977, 51.819805169514801 ], [ -0.57242633799888, 51.819428729986903 ], [ -0.581825579878036, 51.8069054092784 ], [ -0.591640480182284, 51.8081315792654 ], [ -0.594832207611289, 51.814022971402402 ], [ -0.611869371568614, 51.812044784173402 ], [ -0.633043050100358, 51.8199788715444 ], [ -0.647784119457413, 51.813607848276803 ], [ -0.667200507879945, 51.815807031503198 ], [ -0.672452591317452, 51.819668675122202 ], [ -0.690277962417131, 51.841249195882803 ], [ -0.695444873966585, 51.841103718184598 ], [ -0.686767725948736, 51.849240265644497 ], [ -0.696373683836903, 51.858135729511901 ], [ -0.707090755658577, 51.8544165967011 ], [ -0.71045661294834, 51.857797508782099 ], [ -0.717446949641787, 51.857111726487197 ], [ -0.724749698718437, 51.849867722301603 ], [ -0.731187792531136, 51.8489704870764 ], [ -0.736409432641763, 51.842377257288099 ], [ -0.745677647606176, 51.842093583723802 ], [ -0.739111201050167, 51.8347531155746 ], [ -0.737851943914604, 51.830947709795304 ], [ -0.721457420542654, 51.816683728929803 ], [ -0.709282722985696, 51.820533709214402 ], [ -0.687221074466566, 51.801403143494703 ], [ -0.682190360154599, 51.794584064692003 ], [ -0.69018617285944, 51.792330008796498 ], [ -0.681499830141153, 51.788059088428703 ], [ -0.676185949158567, 51.778464471638699 ], [ -0.673469505132256, 51.768471620746602 ], [ -0.643665944486722, 51.754087340486301 ], [ -0.628487497792295, 51.754600238913802 ], [ -0.613766702047047, 51.750913556621697 ], [ -0.61293597337121, 51.747427220834801 ], [ -0.586375339731652, 51.752108685152798 ], [ -0.582498581256387, 51.745326134505397 ], [ -0.572762841599782, 51.735864188758498 ], [ -0.563699941849631, 51.739617316465797 ], [ -0.565387067413177, 51.736421569103697 ], [ -0.559236898537534, 51.737324708464101 ], [ -0.560649617356951, 51.734085073118401 ], [ -0.553720127610012, 51.7340647674772 ], [ -0.550082997443884, 51.730575019825501 ], [ -0.553596196229272, 51.728410479273101 ], [ -0.550414226441576, 51.723042752176099 ], [ -0.561521698213343, 51.718094565475397 ], [ -0.563209731690169, 51.711879589944999 ], [ -0.547668104078469, 51.703181412630002 ], [ -0.544017566731267, 51.696816870935201 ], [ -0.548696017954095, 51.682671266303103 ], [ -0.538889223223373, 51.679834204290501 ], [ -0.524272916022594, 51.682112642029097 ], [ -0.524934015112044, 51.678721430611503 ], [ -0.510897254283725, 51.679817277368599 ], [ -0.505107985721629, 51.6730768718067 ], [ -0.514718255426491, 51.665453099474703 ], [ -0.520994516882158, 51.668045283490102 ], [ -0.522770403350839, 51.658412861583898 ], [ -0.532625936724092, 51.6630071578806 ], [ -0.536946275713375, 51.660414703338503 ], [ -0.534494501585494, 51.652882828428403 ], [ -0.530929014903641, 51.649134167141398 ], [ -0.53739199183209, 51.642906798813499 ], [ -0.539260767431974, 51.638039726048099 ], [ -0.534130536897773, 51.637150471183901 ], [ -0.534610131060559, 51.630479253093299 ], [ -0.529224149908984, 51.615959308770599 ], [ -0.526239225843446, 51.613652454650797 ], [ -0.522501726240912, 51.605061519862403 ], [ -0.517836190257953, 51.600249758384599 ], [ -0.500596102913018, 51.599690217928902 ], [ -0.49952815609518, 51.592118943561999 ], [ -0.489210682935888, 51.577761390728099 ], [ -0.483994685397022, 51.575055925331299 ], [ -0.48279377284023, 51.562821540668601 ], [ -0.476986864652602, 51.559625254100197 ], [ -0.477921356024268, 51.554850485674798 ], [ -0.485347061731755, 51.550735539913902 ], [ -0.493585918807718, 51.541004280418498 ], [ -0.48897547234571, 51.529099843806598 ], [ -0.491645158535548, 51.518860527224199 ], [ -0.489786639844582, 51.511526875106597 ], [ -0.485536191893231, 51.510028249517902 ], [ -0.483254926519986, 51.506603307667397 ], [ -0.490116795981514, 51.4945783118783 ], [ -0.499173886501693, 51.488569517707901 ], [ -0.509700539047286, 51.469176811694403 ], [ -0.488875250977376, 51.4618073517101 ], [ -0.477122071514941, 51.461336928124197 ], [ -0.473877095519519, 51.458754578435901 ], [ -0.458641641597762, 51.456315075536601 ], [ -0.461319702870062, 51.4523912641462 ], [ -0.456475111074692, 51.438224596094798 ], [ -0.446288388973112, 51.4399966432714 ], [ -0.447717027483506, 51.435003161643799 ], [ -0.439753933995337, 51.434618762379102 ], [ -0.439984840809729, 51.430626431526903 ], [ -0.427831186015869, 51.429252409159403 ], [ -0.427410218514273, 51.4308259764396 ], [ -0.418582873448061, 51.4321089642877 ], [ -0.40782149156466, 51.423594533902801 ], [ -0.391351446077587, 51.422331926352598 ], [ -0.386678740531486, 51.420046248584597 ], [ -0.386123361334076, 51.4142803942161 ], [ -0.390217924919745, 51.414340797136198 ], [ -0.389651432097762, 51.410692442257201 ], [ -0.383351131452952, 51.4085384443229 ], [ -0.375194118728542, 51.408335925134701 ], [ -0.359653071226863, 51.412001997088801 ], [ -0.338481554790906, 51.401040763559301 ], [ -0.325967683123939, 51.391444720617798 ], [ -0.317698624670097, 51.393666748302401 ], [ -0.314111986062907, 51.390216726520897 ], [ -0.316787607735442, 51.388624603254598 ], [ -0.313136237658897, 51.388799428638798 ], [ -0.311440734699147, 51.386797018630602 ], [ -0.30830272217903, 51.380081447715298 ], [ -0.308433932667241, 51.375858964372703 ], [ -0.312651439171278, 51.374751100931498 ], [ -0.317891563737459, 51.3698446003295 ], [ -0.318269785905089, 51.363683429534802 ], [ -0.327922918377593, 51.352184454551903 ], [ -0.330655621008063, 51.329009315373099 ], [ -0.324005282814051, 51.3266944374083 ], [ -0.30619271438037, 51.335083869092003 ], [ -0.304043495024583, 51.343004500689197 ], [ -0.292766500534332, 51.352654186283303 ], [ -0.285702646130343, 51.364050889533097 ], [ -0.264154832386033, 51.376149607497297 ], [ -0.261147224104049, 51.379598962062197 ], [ -0.253752805986769, 51.378777452425403 ], [ -0.245031635629977, 51.380033364805698 ], [ -0.245351956829622, 51.366950022053999 ], [ -0.233191294489427, 51.366009862878499 ], [ -0.226945915157732, 51.362625649109198 ], [ -0.222741264170966, 51.356945535349098 ], [ -0.218211821615833, 51.346214567633901 ], [ -0.218298110167137, 51.343002513638297 ], [ -0.229781522507966, 51.336543640616497 ], [ -0.220940957104539, 51.329862732404997 ], [ -0.2140950026663, 51.330350284466903 ], [ -0.213032035063121, 51.335541317729501 ], [ -0.19737286190631, 51.343593084821599 ], [ -0.182382111942414, 51.338047124225398 ], [ -0.172976733236182, 51.330023490524297 ], [ -0.162782899168582, 51.329665187882597 ], [ -0.161817653554759, 51.324159425112597 ], [ -0.156543545739579, 51.321507940730598 ], [ -0.161520663053092, 51.319744115675697 ], [ -0.161185888097871, 51.317441237889803 ], [ -0.158059152170452, 51.3146297789973 ], [ -0.158331058072033, 51.310985341269003 ], [ -0.154345575195858, 51.310251268800698 ], [ -0.157027594906645, 51.306684982259704 ], [ -0.155364172447243, 51.301352210178798 ], [ -0.13731323629181, 51.300780659066 ], [ -0.124292566634326, 51.286758657985899 ], [ -0.117774868472408, 51.2870947443201 ], [ -0.115729029848665, 51.290728153010697 ], [ -0.096155579355234, 51.298505302278301 ], [ -0.097244980446702, 51.300295581436202 ], [ -0.088731566187572, 51.305104615232999 ], [ -0.088787971997263, 51.307084381016402 ], [ -0.083869377178894, 51.309866132326199 ], [ -0.083643852988438, 51.3166063791925 ], [ -0.078862619805748, 51.319774714324602 ], [ -0.071016482815173, 51.321232706270102 ], [ -0.063994281290608, 51.318636510528201 ], [ -0.051307135348548, 51.322447908157599 ], [ -0.047868594020633, 51.325245001928401 ], [ -0.050260481778277, 51.332639331444902 ], [ -0.040590683448019, 51.3360584445781 ], [ -0.037966931536657, 51.338643674575401 ], [ -0.02205639735659, 51.338099572739303 ], [ -0.014327761651326, 51.329805292535703 ], [ -0.010656892716604, 51.333757449300897 ], [ 0.002294792937326, 51.329138459764899 ], [ 0.006582646184465, 51.315653115062297 ], [ 0.010348607827086, 51.316140293993399 ], [ 0.011093029322992, 51.302810977319702 ], [ 0.015009593079515, 51.291786089730799 ], [ 0.019100583891598, 51.291683974021304 ], [ 0.024838913370534, 51.302154952398404 ], [ 0.032902332946475, 51.3075140987523 ], [ 0.041487800803176, 51.302961252828098 ], [ 0.042397775472112, 51.292677633577298 ], [ 0.050832849179842, 51.293976318213097 ], [ 0.058509276458121, 51.289353850019097 ], [ 0.081579440486789, 51.291838305864502 ], [ 0.091185737482561, 51.296828322204703 ], [ 0.082881835243376, 51.305655053206898 ], [ 0.085029873855099, 51.316022884772302 ], [ 0.10489487245393, 51.327442645364201 ], [ 0.117903334550752, 51.329662994539703 ], [ 0.121683434434795, 51.333636058409901 ], [ 0.117597434979634, 51.343485133123203 ], [ 0.125212908911732, 51.345868057720097 ], [ 0.136957823988705, 51.344174632563302 ], [ 0.141342450124561, 51.349643494780899 ], [ 0.147336471521938, 51.366994499491398 ], [ 0.151623779888891, 51.3683884211829 ], [ 0.153236144838227, 51.378036165749002 ], [ 0.147533924029833, 51.392156190513703 ], [ 0.161377901135322, 51.392376231535202 ], [ 0.148828849317671, 51.408509417362303 ], [ 0.152932238327546, 51.408708466070699 ], [ 0.153770489001981, 51.411265531158598 ], [ 0.149158880339785, 51.412435433407801 ], [ 0.154632793922159, 51.418479538718501 ], [ 0.151158524896716, 51.420430387135703 ], [ 0.155874584541941, 51.430876849722203 ], [ 0.164607022828912, 51.429088963851797 ], [ 0.170903075572517, 51.441207090821401 ], [ 0.180713959124737, 51.4434893675339 ], [ 0.202720312947636, 51.453932382381197 ], [ 0.202609208437745, 51.456233624441097 ], [ 0.210612637694514, 51.462481354371697 ], [ 0.208805421848942, 51.470904162470397 ], [ 0.219795233198231, 51.479290367438402 ], [ 0.239670421075236, 51.468584069205903 ], [ 0.276519122502966, 51.453568499763797 ], [ 0.294264791702122, 51.455877241041698 ], [ 0.307304466032726, 51.464791863274698 ], [ 0.311043895074943, 51.4637415589658 ], [ 0.309946490854417, 51.466959420612199 ], [ 0.315318057908445, 51.4649798118405 ], [ 0.328482980589554, 51.450844199038599 ], [ 0.325163825661595, 51.4503353641567 ], [ 0.355894693107856, 51.445599613630698 ], [ 0.406564619600801, 51.443296496094597 ], [ 0.443224766579689, 51.449495178924899 ], [ 0.459301472726115, 51.4555405465562 ], [ 0.454310834253017, 51.463453337520797 ], [ 0.458349962306228, 51.466009191174102 ], [ 0.46761843428857, 51.464201910678 ], [ 0.457874861059614, 51.466947287861601 ], [ 0.468743597230634, 51.482771552252302 ], [ 0.481491396074262, 51.487162991874399 ], [ 0.530583072748773, 51.485143388421498 ], [ 0.547005324745015, 51.487046327646503 ], [ 0.553635220224846, 51.484942369857897 ], [ 0.554562045035346, 51.4813714750969 ], [ 0.559953741354911, 51.484695719162701 ], [ 0.574545954216846, 51.484265687964204 ], [ 0.582489838599842, 51.479648171445398 ], [ 0.585781233209322, 51.484440406431702 ], [ 0.610500456006954, 51.479412205416402 ], [ 0.615237628800612, 51.475083208289298 ], [ 0.642301431602885, 51.479067858289703 ], [ 0.659983867168387, 51.477676983009196 ], [ 0.669693547793596, 51.475002803486497 ], [ 0.671328618731534, 51.469095262261597 ], [ 0.674753977963859, 51.468050470928603 ], [ 0.671236258818385, 51.4721975570612 ], [ 0.686039395389154, 51.475095390367898 ], [ 0.703174915090527, 51.471271292047703 ], [ 0.720386019001547, 51.459736995101103 ], [ 0.722708359545191, 51.453764155357099 ], [ 0.723245914245339, 51.443496710867201 ], [ 0.710285623311776, 51.4348165232554 ], [ 0.675501873781444, 51.433551520718197 ], [ 0.676654119631884, 51.4387884642708 ], [ 0.668998433876607, 51.443726204294101 ], [ 0.672095123587682, 51.4479322152363 ], [ 0.663514946631934, 51.443625142230097 ], [ 0.662221518108075, 51.447713474222603 ], [ 0.656010750846126, 51.449224078376901 ], [ 0.645112477977836, 51.4433843451895 ], [ 0.635814795441336, 51.446222645049801 ], [ 0.633434631384088, 51.441253946158703 ], [ 0.629564702628731, 51.441700642251597 ], [ 0.633136336482891, 51.4449481585375 ], [ 0.62869585516671, 51.4423595512216 ], [ 0.628902159511501, 51.437682614860698 ], [ 0.619544666982939, 51.436883010368398 ], [ 0.6180278581281, 51.4310933385295 ], [ 0.612448943455794, 51.429642951323899 ], [ 0.610137919148001, 51.422617108789197 ], [ 0.605211185230282, 51.420496217794003 ], [ 0.613591817471719, 51.422895518145701 ], [ 0.618297224993446, 51.428683264733301 ], [ 0.625179599482746, 51.423580925325297 ], [ 0.610866385052462, 51.417404289781601 ], [ 0.576660088460681, 51.415746814297997 ], [ 0.563533826149856, 51.409540987388198 ], [ 0.532385454358505, 51.412652689208898 ], [ 0.522912218953276, 51.399796674646801 ], [ 0.516320201019939, 51.401032922327303 ], [ 0.522986227182469, 51.398008994501197 ], [ 0.518957858840061, 51.386975085183401 ], [ 0.507116743377568, 51.396855939408603 ], [ 0.499629562104465, 51.392929533985303 ], [ 0.491953531526442, 51.3916952558642 ], [ 0.501717751830095, 51.3916400490724 ], [ 0.508643685189527, 51.394338533267501 ], [ 0.511020337651678, 51.385832390593897 ], [ 0.52254435937189, 51.3850710587366 ], [ 0.537174124721616, 51.410305152852303 ], [ 0.548219439352305, 51.407597549873003 ], [ 0.558686583839698, 51.396261497659602 ], [ 0.561931696477051, 51.397911941137998 ], [ 0.560969209700235, 51.394814032598099 ], [ 0.582379868943708, 51.390299009766302 ], [ 0.592670131145006, 51.390310186499597 ], [ 0.59463797427138, 51.386448782787497 ], [ 0.596994994121358, 51.388194449031097 ], [ 0.602144396925179, 51.390634511480798 ], [ 0.597169363775774, 51.387860468988897 ], [ 0.598807699613964, 51.3847222321305 ], [ 0.616297375930775, 51.377926855122801 ], [ 0.621935826320594, 51.382764642467798 ], [ 0.619231580898711, 51.388487622765901 ], [ 0.634639670068849, 51.3890893916805 ], [ 0.63479221578825, 51.385616166300601 ], [ 0.624810784741108, 51.381064304471799 ], [ 0.62253090346988, 51.376030179821598 ], [ 0.626927098579493, 51.374731049073603 ], [ 0.640903954263681, 51.387538149595699 ], [ 0.639939999193337, 51.395086824599503 ], [ 0.648018280128286, 51.397600988851202 ], [ 0.659647215083668, 51.391835094028302 ], [ 0.660316718734981, 51.383899844654501 ], [ 0.66320599485889, 51.385365878940704 ], [ 0.662591741294943, 51.3827328925681 ], [ 0.666856528342941, 51.3830595493231 ], [ 0.666641485246801, 51.379017174341001 ], [ 0.6716996732238, 51.377353204013303 ], [ 0.670065397523827, 51.373300998502899 ], [ 0.682529407119001, 51.380343540152801 ], [ 0.686488701397093, 51.391551977446603 ], [ 0.698161822243421, 51.394142977045398 ], [ 0.70314566629449, 51.3917688125536 ], [ 0.69474483818232, 51.3849514567992 ], [ 0.695285660677322, 51.3798223137793 ], [ 0.713540880278358, 51.383950149907598 ], [ 0.719187552877468, 51.388182277448699 ], [ 0.705602106443239, 51.394565025189003 ], [ 0.706478837631449, 51.398019172380202 ], [ 0.705145361743755, 51.395010845990697 ], [ 0.701780352159101, 51.395727993534202 ], [ 0.704584477940573, 51.398516217913503 ], [ 0.700348420638372, 51.398778492909599 ], [ 0.695894033644864, 51.4072832742972 ], [ 0.700315830446945, 51.409306539077598 ], [ 0.697726389981625, 51.415153132639901 ], [ 0.698937274215735, 51.421400366241699 ], [ 0.708003495789632, 51.419757601304603 ], [ 0.727977427880636, 51.423589955273997 ], [ 0.729682171383601, 51.420958196146501 ], [ 0.714703442480433, 51.419775301307197 ], [ 0.728720267910784, 51.420242165594097 ], [ 0.73226780037907, 51.4150140136584 ], [ 0.723723202381617, 51.417366985458699 ], [ 0.716859003235301, 51.414088784820201 ], [ 0.726777171869963, 51.398924298216002 ], [ 0.735899413635428, 51.394274362052101 ], [ 0.736601799779736, 51.396117946326903 ], [ 0.742793384439681, 51.394374944441402 ], [ 0.758510700924964, 51.383267069958599 ], [ 0.762826106628123, 51.384394014056802 ], [ 0.759508764455808, 51.370706151855401 ], [ 0.764794268508334, 51.363082074612699 ], [ 0.757030918941361, 51.360942719791602 ], [ 0.75410387149945, 51.352531188700901 ], [ 0.741327906917919, 51.345617699197298 ], [ 0.754362156854587, 51.350371965726602 ], [ 0.760169306254271, 51.360715951481303 ], [ 0.779249425136983, 51.361593604537902 ], [ 0.814325878592542, 51.358296933070399 ], [ 0.809184211661689, 51.351538036641003 ], [ 0.813485739713228, 51.349551930111403 ], [ 0.811167113296509, 51.352136243002299 ], [ 0.817172007554753, 51.356384698806202 ], [ 0.837533149209902, 51.353838011738098 ], [ 0.862759338185725, 51.356310004182802 ], [ 0.875815422427481, 51.353857593970602 ], [ 0.897630039101061, 51.344408291834597 ], [ 0.892700081540241, 51.335417479581203 ], [ 0.894522204308626, 51.3363857666996 ], [ 0.898902658413543, 51.333966750152399 ], [ 0.909937937655363, 51.335478419053302 ], [ 0.896392674706971, 51.336166619830998 ], [ 0.896732044021021, 51.341463319703998 ], [ 0.919042979012452, 51.345717662265798 ], [ 0.997763933217489, 51.3475622346186 ], [ 1.01149126247261, 51.351741877483001 ], [ 1.02449903614871, 51.363630527146803 ], [ 1.02770251674596, 51.362944605082198 ], [ 1.02579175232243, 51.364063231867497 ], [ 1.02853666621903, 51.364962556164798 ], [ 1.05424391853995, 51.365626314927297 ], [ 1.06939832238278, 51.369344116126797 ], [ 1.09510586786096, 51.3686260373198 ], [ 1.1021519589929, 51.372464827001103 ], [ 1.16607667059378, 51.374499031857198 ], [ 1.20541988135981, 51.3797287441298 ], [ 1.28015673354218, 51.378195297412802 ], [ 1.29016173352054, 51.382781751875399 ], [ 1.33115366385493, 51.382469289582303 ], [ 1.33490367292687, 51.3863572923253 ], [ 1.34520972127283, 51.385137730248402 ], [ 1.37888554679016, 51.387791385422801 ], [ 1.37859317122014, 51.391255793710798 ], [ 1.38868186332305, 51.392831706819202 ], [ 1.42492483282119, 51.393788771751197 ], [ 1.44205295433473, 51.387192178248398 ], [ 1.44958517398544, 51.377496727741899 ], [ 1.44345459751262, 51.358114324774199 ], [ 1.4363377165214, 51.342630602164 ], [ 1.42490831057723, 51.329897550321597 ], [ 1.42468182646303, 51.325993096343403 ], [ 1.42320345571096, 51.331376465911298 ], [ 1.4181076040947, 51.329175282896998 ], [ 1.4216776259355, 51.327660532511999 ], [ 1.41458339233029, 51.327484528357402 ], [ 1.41538763025354, 51.323871456092498 ], [ 1.41145347092599, 51.3239105044468 ], [ 1.40926222811419, 51.326878704211602 ], [ 1.37689618483466, 51.329601703678598 ], [ 1.36584660196252, 51.324981794543902 ], [ 1.36166989784211, 51.319618409233698 ], [ 1.36315385558438, 51.313571443292801 ], [ 1.36025474360448, 51.316146373518102 ], [ 1.36245925542875, 51.313376425861499 ], [ 1.35820153581783, 51.314448617741 ], [ 1.35618843638307, 51.309326933420998 ], [ 1.36760031676848, 51.313393145300303 ], [ 1.40261877669255, 51.238330423234601 ], [ 1.40471030569606, 51.221491498604102 ], [ 1.40566854318949, 51.189408524727803 ], [ 1.40105447885208, 51.165170740302202 ], [ 1.37957862132471, 51.1421788475566 ], [ 1.34360357913591, 51.131375661293198 ], [ 1.34335637478665, 51.122059009415302 ], [ 1.34261524159246, 51.126913976631002 ], [ 1.33666033015165, 51.1270537212474 ], [ 1.33693964241078, 51.124585756441903 ], [ 1.3337281304822, 51.126156138856999 ], [ 1.33575869466971, 51.123919931038103 ], [ 1.32670399196937, 51.125596523722699 ], [ 1.31762881638295, 51.123198824742097 ], [ 1.31300210963241, 51.119188558044797 ], [ 1.32006110127932, 51.117630078162001 ], [ 1.3229759541115, 51.114138875937797 ], [ 1.31124965510622, 51.119344405583902 ], [ 1.31011119336943, 51.116795912041702 ], [ 1.3248199348157, 51.112006148665699 ], [ 1.31270435892213, 51.1144105300653 ], [ 1.30167980548908, 51.113319250170598 ], [ 1.27773913804859, 51.105131995001997 ], [ 1.26395440786125, 51.102266761328103 ], [ 1.22109323018875, 51.098095281362099 ], [ 1.20581199960096, 51.092779570838502 ], [ 1.19929294414451, 51.083221646216103 ], [ 1.18571957692849, 51.079571478413499 ], [ 1.19490532716394, 51.075973493793803 ], [ 1.17759203636918, 51.075952734517102 ], [ 1.16301275519442, 51.072843717240403 ], [ 1.1246910662867, 51.070955089444702 ], [ 1.07559834449458, 51.063483607213399 ], [ 1.06028341244091, 51.058615971014397 ], [ 1.0346318358262, 51.047107512428497 ], [ 0.997348035727354, 51.025079255256301 ], [ 0.977006369378348, 51.002611332300603 ], [ 0.964140643478175, 50.9680805152191 ], [ 0.966286252995623, 50.951765874489503 ], [ 0.981030769390679, 50.918155868753999 ], [ 0.978550071722118, 50.913161849963998 ], [ 0.934633600120718, 50.912665872251203 ], [ 0.788087914509276, 50.933286280029897 ], [ 0.772016625616782, 50.931261960990597 ], [ 0.774608367748936, 50.927599102235597 ], [ 0.74977468964116, 50.922180037756199 ], [ 0.709802939988421, 50.9019886893538 ], [ 0.682527557459008, 50.8858574809095 ], [ 0.669532003478976, 50.873493066407697 ], [ 0.658623398093677, 50.869945990227002 ], [ 0.608870934802786, 50.859762371875703 ], [ 0.589436125802483, 50.8542160967746 ], [ 0.519118315226333, 50.846861446484802 ], [ 0.476173830447649, 50.8371350751233 ], [ 0.42729989655128, 50.832126172101397 ], [ 0.377512425932031, 50.820298963535301 ], [ 0.349963764592404, 50.809822368865902 ], [ 0.339196617872482, 50.799157263586103 ], [ 0.329909534831912, 50.786473619201999 ], [ 0.308018268566456, 50.777020455760798 ], [ 0.271557566118727, 50.752537933410402 ], [ 0.258222661568121, 50.737650969456901 ], [ 0.240908388187749, 50.734944183663202 ], [ 0.209927937767542, 50.738406645402101 ], [ 0.18876855097626, 50.747835652226399 ], [ 0.1489427307005, 50.759084148616097 ], [ 0.137837630910892, 50.755761762421599 ], [ 0.123949574769515, 50.758114548564699 ], [ 0.066773310798935, 50.782483451338599 ], [ 0.052384262691387, 50.780705962697503 ], [ 0.056146976463592, 50.777415358809101 ], [ 0.052724011691769, 50.779783519308403 ], [ -0.000056995297846, 50.788685792679601 ], [ -0.037993638791248, 50.799458848758498 ], [ -0.091878328749278, 50.811702636966203 ], [ -0.096980178530702, 50.808368075866902 ], [ -0.106161150905902, 50.8095552694096 ], [ -0.096701623929591, 50.8085501574228 ], [ -0.094062070534173, 50.810666346010201 ], [ -0.10720837465994, 50.811579926995996 ], [ -0.106386422603212, 50.808265652438401 ], [ -0.107512914156387, 50.8128077700351 ], [ -0.113036375470302, 50.814343688058202 ], [ -0.15695464523393, 50.821768202622401 ], [ -0.216037848219507, 50.827572060458102 ], [ -0.23800483717529, 50.828441400519999 ], [ -0.246369838103566, 50.827146442922597 ], [ -0.246005774812351, 50.828530759315598 ], [ -0.238374976250685, 50.830473836559896 ], [ -0.24802971521177, 50.829086333741699 ], [ -0.252095410912602, 50.831095305868502 ], [ -0.275306381490799, 50.8312516889847 ], [ -0.281700732834149, 50.834041359576403 ], [ -0.287500322188381, 50.840530775617097 ], [ -0.285601440649104, 50.833381175668897 ], [ -0.280241046400709, 50.831331686755497 ], [ -0.284245460821656, 50.829326574823398 ], [ -0.251523996142967, 50.830261306949701 ], [ -0.248135484191805, 50.8247985590979 ], [ -0.272917302021477, 50.826960618349197 ], [ -0.290541136688821, 50.825190462560499 ], [ -0.378303288805367, 50.807997712958297 ], [ -0.435958829619448, 50.803139465520402 ], [ -0.541917426466518, 50.801424441032097 ], [ -0.544987226111581, 50.805000662028199 ], [ -0.541986677686025, 50.800248998346298 ], [ -0.560309184657109, 50.799728096316699 ], [ -0.594966106554661, 50.792445760023803 ], [ -0.642368509846778, 50.7873467200736 ], [ -0.716416006237349, 50.774250044511398 ], [ -0.728415436232546, 50.7711468207915 ], [ -0.752568791567711, 50.758050459115303 ], [ -0.754244492879631, 50.760080000032097 ], [ -0.749733709597395, 50.761503198941398 ], [ -0.756888712544955, 50.767642619186503 ], [ -0.755373047599032, 50.7719161523572 ], [ -0.76309159880609, 50.772919229135503 ], [ -0.767485478686677, 50.771835276575203 ], [ -0.763324825457273, 50.772040135009298 ], [ -0.762330937203273, 50.768252689948099 ], [ -0.781634377917352, 50.768471363984503 ], [ -0.777172550526254, 50.767017166291602 ], [ -0.786854383500342, 50.759901347338896 ], [ -0.772799075997144, 50.761640984665803 ], [ -0.761800601668765, 50.751139488575099 ], [ -0.761485524554337, 50.7538961413115 ], [ -0.750081971913928, 50.7574545083502 ], [ -0.757055100614437, 50.751959644203197 ], [ -0.757635459289044, 50.749907819740102 ], [ -0.759089931070316, 50.750079246889896 ], [ -0.759375610821766, 50.748168835279003 ], [ -0.779760589213999, 50.727798871557901 ], [ -0.787547836765074, 50.723296327253699 ], [ -0.790780688512282, 50.723241951430602 ], [ -0.842858878939924, 50.753559639147703 ], [ -0.87581374956699, 50.765758237376097 ], [ -0.902039961498244, 50.772794854649497 ], [ -0.916824395101302, 50.780381826556997 ], [ -0.912485427384017, 50.788888466411798 ], [ -0.908413000068607, 50.786538350409003 ], [ -0.915622966341174, 50.7804426420333 ], [ -0.905274955942435, 50.782038558784301 ], [ -0.901269345690038, 50.789903079913103 ], [ -0.894474877624861, 50.790207666190497 ], [ -0.890755749532505, 50.7998317604549 ], [ -0.877796685245669, 50.807712731867603 ], [ -0.868706976958658, 50.808131409283902 ], [ -0.860329485447776, 50.802846565610302 ], [ -0.844726907625558, 50.7992937119621 ], [ -0.834983005620394, 50.804746397361498 ], [ -0.82518078524483, 50.804853015469398 ], [ -0.824798932052619, 50.810060649480697 ], [ -0.814494508573961, 50.814372804997198 ], [ -0.8168611416816, 50.8194149591463 ], [ -0.807788772497802, 50.8305422604206 ], [ -0.811478222445033, 50.8304728913688 ], [ -0.810746291349619, 50.833293720084498 ], [ -0.812926745612841, 50.830525382118303 ], [ -0.812012552638792, 50.833926242174002 ], [ -0.817585798321848, 50.828552910390997 ], [ -0.819744738402361, 50.816869478445099 ], [ -0.844574177105394, 50.804854382427401 ], [ -0.856969243466316, 50.8075476195934 ], [ -0.85585171175828, 50.8102957319498 ], [ -0.848777830475894, 50.810746793562899 ], [ -0.864755379687986, 50.811710932790596 ], [ -0.869938002517346, 50.816466357072301 ], [ -0.86313171792558, 50.823574905492002 ], [ -0.851153603666065, 50.827828172473097 ], [ -0.86124487345675, 50.828065555240997 ], [ -0.858062414524451, 50.839488756860703 ], [ -0.861898408580845, 50.837920107716698 ], [ -0.870893526400638, 50.840474262772702 ], [ -0.868942403918591, 50.834288016369797 ], [ -0.874067291002464, 50.8325371051695 ], [ -0.865761480984303, 50.826958446159701 ], [ -0.871386126511016, 50.8239975960172 ], [ -0.87687742861178, 50.811481840910403 ], [ -0.892312330433291, 50.818513280071897 ], [ -0.897034417453063, 50.828871931371303 ], [ -0.892541434481042, 50.834740986678497 ], [ -0.89503310792791, 50.838576245010401 ], [ -0.908714041068306, 50.837746105097601 ], [ -0.913204586293997, 50.840078516801 ], [ -0.917302582165629, 50.836618287256499 ], [ -0.908304140639035, 50.8226737450345 ], [ -0.906891389780626, 50.801005507797797 ], [ -0.908003092665566, 50.798604001413104 ], [ -0.931661147356764, 50.813668357761102 ], [ -0.942576239196575, 50.815397182018202 ], [ -0.938608045101952, 50.817805485237599 ], [ -0.942389967037205, 50.8243434680384 ], [ -0.932962836382906, 50.842909030119799 ], [ -0.930052183194257, 50.841746588015397 ], [ -0.932477907919786, 50.846049437229297 ], [ -0.932184971586815, 50.843421861686899 ], [ -0.937570439115519, 50.844410609542898 ], [ -0.940011964415762, 50.841907570948003 ], [ -0.951230558650446, 50.844016132352799 ], [ -0.956186029832178, 50.839693539928597 ], [ -0.974458244173659, 50.842303484274296 ], [ -0.981420804407408, 50.834928084922403 ], [ -0.983378082881504, 50.838238443569701 ], [ -0.987563130070159, 50.8399529326324 ], [ -0.985976018285814, 50.837823053642403 ], [ -0.989645058966675, 50.837658879921896 ], [ -1.0011889802698, 50.843668483934202 ], [ -0.996649738802726, 50.846639493258401 ], [ -1.00090882606922, 50.844881897912202 ], [ -1.00078254751953, 50.851391736496097 ], [ -1.00274831335135, 50.8430144997266 ], [ -1.01990951706716, 50.843197712298597 ], [ -1.02186613625835, 50.837312941932701 ], [ -1.0184837675862, 50.838165849199697 ], [ -1.010246324836, 50.834957663790199 ], [ -1.01695548979847, 50.836886729923201 ], [ -1.0240716246018, 50.832935301681601 ], [ -1.02412894889485, 50.826322558878502 ], [ -1.03489519311751, 50.829307865034501 ], [ -1.03628568799817, 50.835374453510099 ], [ -1.04411850438351, 50.832136588463797 ], [ -1.07879231501581, 50.837217222718998 ], [ -1.08916845299701, 50.828595092707197 ], [ -1.08792235140923, 50.831351849537199 ], [ -1.09497544927682, 50.831334560104402 ], [ -1.1062757985556, 50.837861957243398 ], [ -1.10327975271944, 50.8464001747544 ], [ -1.11384209901434, 50.846799442554499 ], [ -1.11181792283721, 50.843501388266503 ], [ -1.11604956800975, 50.843849706893202 ], [ -1.11608577739555, 50.8412684984864 ], [ -1.11296727414405, 50.836126087298801 ], [ -1.12224724189401, 50.835664805236597 ], [ -1.15233032518052, 50.841120385847098 ], [ -1.15378215663201, 50.844769982036198 ], [ -1.17267102974854, 50.840649867585697 ], [ -1.17672068235319, 50.847961020260797 ], [ -1.16925900270228, 50.848263273584699 ], [ -1.16698654697926, 50.852945846672498 ], [ -1.16935951262614, 50.849565251822398 ], [ -1.17896540896825, 50.848835254292098 ], [ -1.17574846865719, 50.842111389186499 ], [ -1.17937389899321, 50.837441047496903 ], [ -1.17613586475012, 50.839263732850597 ], [ -1.16645190474856, 50.8376882225432 ], [ -1.16650488200634, 50.834717339590398 ], [ -1.15851898559863, 50.838698679373998 ], [ -1.15009388928196, 50.833104157507698 ], [ -1.15025735291431, 50.826768935792302 ], [ -1.15712788560855, 50.823392541684598 ], [ -1.14577959503564, 50.825972733158402 ], [ -1.14094385341218, 50.816306623970398 ], [ -1.1238152813139, 50.806171881532102 ], [ -1.13606524840628, 50.804526826746503 ], [ -1.13444774522871, 50.802117048974402 ], [ -1.12373864023064, 50.804126373457997 ], [ -1.12231569044576, 50.800004982855597 ], [ -1.11657262913995, 50.7957215118509 ], [ -1.11868510858975, 50.791213239955603 ], [ -1.12828138745148, 50.791770069405302 ], [ -1.12694717361466, 50.789285258300502 ], [ -1.13066572494711, 50.788799471070597 ], [ -1.13622325447839, 50.790340837974099 ], [ -1.13180409650373, 50.787258599735203 ], [ -1.13863061979218, 50.785187681832099 ], [ -1.13297310336003, 50.785114399861897 ], [ -1.1243592829644, 50.789595883082796 ], [ -1.11641588726261, 50.788008065864098 ], [ -1.11309827756289, 50.791344396903398 ], [ -1.11224737149388, 50.789272407709099 ], [ -1.13900864381374, 50.774219517594297 ], [ -1.1613737338442, 50.7843760447997 ], [ -1.17593748848951, 50.786450225133898 ], [ -1.19271336039717, 50.791710966161197 ], [ -1.21414762202561, 50.809296635929201 ], [ -1.24289509871073, 50.818310492655698 ], [ -1.24617954297963, 50.817286808195 ], [ -1.26720873178314, 50.827370141937102 ], [ -1.30640856372924, 50.840679669919098 ], [ -1.30800554206901, 50.845250300765002 ], [ -1.3033356212654, 50.848575102476303 ], [ -1.30782006296877, 50.863425157095101 ], [ -1.30575917530111, 50.8744076177666 ], [ -1.29634545988452, 50.879256556208702 ], [ -1.30204106567659, 50.8836423255513 ], [ -1.29880185639999, 50.886633680765897 ], [ -1.28774012504024, 50.891737499012102 ], [ -1.28711886167591, 50.895363101095697 ], [ -1.26551163849173, 50.897747862313402 ], [ -1.25600813620225, 50.903523900662996 ], [ -1.26204442214102, 50.9037367758635 ], [ -1.26102997247959, 50.9028329772215 ], [ -1.26282741094703, 50.899782250391702 ], [ -1.27907956849998, 50.897265048407199 ], [ -1.28081894997402, 50.899371029418198 ], [ -1.28023436203594, 50.897164243611002 ], [ -1.28905479997748, 50.896159062769001 ], [ -1.29028931432828, 50.892309679202803 ], [ -1.29469326596182, 50.892937995976503 ], [ -1.30511161554836, 50.883073355981999 ], [ -1.30021014706779, 50.879464137224701 ], [ -1.31290116596401, 50.876444939682202 ], [ -1.31436532792582, 50.873355414508502 ], [ -1.30940185501165, 50.868758919918498 ], [ -1.31313262762703, 50.865075948370801 ], [ -1.31243633005116, 50.854773640051 ], [ -1.31773824923346, 50.854186792447202 ], [ -1.31021533093694, 50.850665252800297 ], [ -1.31264952843521, 50.848867498992597 ], [ -1.33190855064143, 50.857105659169797 ], [ -1.36511119785051, 50.880038751101999 ], [ -1.38312553935544, 50.8893844750922 ], [ -1.38245311047603, 50.897964958251698 ], [ -1.38483538441716, 50.903991063145597 ], [ -1.37178821374147, 50.9119604520141 ], [ -1.3767477171279, 50.916321848389003 ], [ -1.38553512385367, 50.914685134379397 ], [ -1.38765250195773, 50.917020051822398 ], [ -1.37690718286638, 50.9218468992228 ], [ -1.38082455327331, 50.932370293874797 ], [ -1.38002211476626, 50.921270905378897 ], [ -1.38919483119713, 50.9191542462763 ], [ -1.38968402309308, 50.915164783841597 ], [ -1.37751590942638, 50.911306331942299 ], [ -1.388281272141, 50.905029295282802 ], [ -1.38799378075025, 50.895443270066899 ], [ -1.39286115422394, 50.894887882227401 ], [ -1.38839278651565, 50.894182813069499 ], [ -1.39266401002129, 50.888403154427401 ], [ -1.39639054987442, 50.892560090021199 ], [ -1.39327084197526, 50.883055723896199 ], [ -1.39948910086346, 50.888332503171704 ], [ -1.39902240076432, 50.894548515685699 ], [ -1.4008217835614, 50.890285381367804 ], [ -1.40354168653182, 50.8956283718855 ], [ -1.44096436395827, 50.908082954567497 ], [ -1.45098061575981, 50.904060284871001 ], [ -1.46461624589559, 50.910005676980397 ], [ -1.4792628151023, 50.926602834106802 ], [ -1.48273081237447, 50.924877442387398 ], [ -1.47684595895595, 50.920720818758497 ], [ -1.47406984111189, 50.911706480397903 ], [ -1.47903921926408, 50.916447429117703 ], [ -1.47824152537295, 50.911976248288603 ], [ -1.45232700190617, 50.900348157521201 ], [ -1.44196390713837, 50.902053606334398 ], [ -1.42677738010354, 50.896720263813002 ], [ -1.42570284415117, 50.894790192164798 ], [ -1.42184978337485, 50.895026096992098 ], [ -1.42006618924059, 50.890901345809297 ], [ -1.39750161645737, 50.8747685929374 ], [ -1.4007682788813, 50.871946574445403 ], [ -1.37916017822496, 50.860137831811002 ], [ -1.38156765730142, 50.859014024265797 ], [ -1.37337131815439, 50.856976542884503 ], [ -1.37678378257521, 50.853890672609097 ], [ -1.37236873614104, 50.855249049597901 ], [ -1.35270689897512, 50.848143250248903 ], [ -1.36051272275992, 50.842912351917903 ], [ -1.35169828700469, 50.846506408127802 ], [ -1.35407557728012, 50.841910953019301 ], [ -1.3505506411226, 50.846300341187003 ], [ -1.34214108608634, 50.844337646395999 ], [ -1.33456761751743, 50.837457489759402 ], [ -1.34033661393387, 50.834403218527299 ], [ -1.33924686541595, 50.826496225461099 ], [ -1.32605596145988, 50.827550006899799 ], [ -1.32838982133581, 50.8239124871359 ], [ -1.32346031211117, 50.827664426322499 ], [ -1.31930289699727, 50.824450457546803 ], [ -1.32038368009976, 50.821884895244601 ], [ -1.32751373597159, 50.823920911029496 ], [ -1.32099385013511, 50.821118696139003 ], [ -1.32603319309803, 50.816554612721802 ], [ -1.31736600027667, 50.817927873191401 ], [ -1.31818317440812, 50.818666143486901 ], [ -1.31551898729036, 50.821166756753001 ], [ -1.31023186390519, 50.8170530045942 ], [ -1.31398277932326, 50.815846683429797 ], [ -1.31150683479449, 50.813460726904303 ], [ -1.3071982719865, 50.819110536312202 ], [ -1.30858369298341, 50.814845467838801 ], [ -1.32779612288927, 50.802956314170402 ], [ -1.34201257536666, 50.785998529688001 ], [ -1.35254465899792, 50.784005216813902 ], [ -1.38834171852129, 50.785909907988199 ], [ -1.4035166649674, 50.783429379927 ], [ -1.40738695376147, 50.785292657134903 ], [ -1.40052052768325, 50.784336630126901 ], [ -1.40872171757671, 50.7866564238454 ], [ -1.4050585181123, 50.7913787243088 ], [ -1.4090043976988, 50.8006999770733 ], [ -1.41407717775816, 50.802656353409297 ], [ -1.41213932597076, 50.804869564486197 ], [ -1.42007071676618, 50.800299731280298 ], [ -1.41913978064879, 50.807064770269101 ], [ -1.42648516842019, 50.807571503922098 ], [ -1.42914271203759, 50.811125884774498 ], [ -1.43598402182996, 50.809941599011701 ], [ -1.43815496729156, 50.815439368960803 ], [ -1.44865489667803, 50.820137751007202 ], [ -1.45123020157255, 50.819157082991801 ], [ -1.44708843203064, 50.818626764442698 ], [ -1.44560904951305, 50.813601857528198 ], [ -1.43944344720225, 50.814043626818702 ], [ -1.43994200870571, 50.810335654944197 ], [ -1.42036434639748, 50.805703117489202 ], [ -1.42284487221729, 50.799956504624198 ], [ -1.41233384624114, 50.800102640243303 ], [ -1.40968829984566, 50.790441861020497 ], [ -1.41297158725193, 50.783950519635397 ], [ -1.39801800104047, 50.776281519186597 ], [ -1.39238464583862, 50.776929384068403 ], [ -1.41881596635582, 50.766623806455399 ], [ -1.46210060719231, 50.760815596643802 ], [ -1.46494423854685, 50.764843920426998 ], [ -1.46749085059454, 50.759799101851797 ], [ -1.51378626707686, 50.753230456841997 ], [ -1.53534576800788, 50.759460362630001 ], [ -1.53351362030499, 50.762492572784502 ], [ -1.53682655032701, 50.763091831269698 ], [ -1.53666492514991, 50.758961109440598 ], [ -1.52756969797322, 50.753207972841501 ], [ -1.53166011739315, 50.748731720899798 ], [ -1.52586660501304, 50.749472687288403 ], [ -1.52592502725889, 50.744521498888503 ], [ -1.53065136131695, 50.742440847634803 ], [ -1.53732713542051, 50.745125746344499 ], [ -1.53523684296084, 50.741804567277597 ], [ -1.54134591022032, 50.739904798530297 ], [ -1.53341830024103, 50.741400662101299 ], [ -1.53107393692561, 50.737018095313701 ], [ -1.54553614551933, 50.727010729000398 ], [ -1.55251560470508, 50.7277248173069 ], [ -1.55458712677326, 50.723379392366098 ], [ -1.56037866497127, 50.7210982695117 ], [ -1.56743309672146, 50.722479580915603 ], [ -1.56496841526405, 50.720968942228403 ], [ -1.57109798768622, 50.718185881761798 ], [ -1.57954323159501, 50.717722880043297 ], [ -1.55344754188993, 50.706603645784597 ], [ -1.55465092633221, 50.713229995658203 ], [ -1.54853954899523, 50.708114932357702 ], [ -1.55115673133856, 50.706099546228799 ], [ -1.55523330874679, 50.706127185670098 ], [ -1.58369825434768, 50.718968855475701 ], [ -1.59118259551668, 50.720689158398002 ], [ -1.65818794554133, 50.734333046843901 ], [ -1.69181006425308, 50.7372880970563 ], [ -1.68462727722026, 50.743823913360103 ], [ -1.68180634068559, 50.751820332132198 ], [ -1.713586270281, 50.752255697799399 ], [ -1.74416882791262, 50.747455424942402 ], [ -1.74336307693762, 50.7563347413776 ], [ -1.7390765666666, 50.763358900902098 ], [ -1.74905965606056, 50.779510126358097 ], [ -1.7701172011759, 50.772548804818904 ], [ -1.76895611693602, 50.769767198698901 ], [ -1.78366022381617, 50.764631211630203 ], [ -1.78874930327815, 50.767165360919201 ], [ -1.78786834825065, 50.778854664520203 ], [ -1.79747419726987, 50.783860155126497 ], [ -1.80096518282228, 50.791884690085602 ], [ -1.805937052926, 50.792074654675197 ], [ -1.80089131602358, 50.794242913154903 ], [ -1.80429215421003, 50.796027881028301 ], [ -1.8015308546261, 50.799772272481803 ], [ -1.809736345723, 50.804956965063901 ], [ -1.81201178363322, 50.808826013536198 ], [ -1.80295620873578, 50.813493119246303 ], [ -1.80735652089945, 50.816242322483298 ], [ -1.80182356954692, 50.820891904042497 ], [ -1.80441384346984, 50.822856431345798 ], [ -1.80324370628947, 50.8305071571016 ], [ -1.79632158915083, 50.8302241026975 ], [ -1.79071292407778, 50.836316081071899 ], [ -1.79989830184665, 50.839820174884998 ], [ -1.79805242668719, 50.8418573063813 ], [ -1.80336205812899, 50.844488119730499 ], [ -1.80003553305757, 50.848338700332697 ], [ -1.80553507058667, 50.8519280487209 ], [ -1.80556570009522, 50.8592184486671 ], [ -1.81137359396807, 50.864593858140097 ], [ -1.81483244831065, 50.858701178513002 ], [ -1.82951847108943, 50.855318593413202 ], [ -1.85094384298876, 50.858724947974601 ], [ -1.85259230593039, 50.862191210497102 ], [ -1.84404344449728, 50.886829390557899 ], [ -1.84855551506549, 50.889887374069502 ], [ -1.83986969084465, 50.8978900390494 ], [ -1.82495331453071, 50.895770617877602 ], [ -1.81654170377701, 50.903947722787002 ], [ -1.81884357840429, 50.916525570195198 ], [ -1.81137764700515, 50.927291807027501 ], [ -1.82090474130333, 50.926288834224401 ], [ -1.84029147589412, 50.931847835937297 ], [ -1.8510570320647, 50.928834652378598 ], [ -1.86260942250329, 50.919845691846398 ], [ -1.87370808825135, 50.917252938439603 ], [ -1.87880358477861, 50.924325660790402 ], [ -1.90918357212935, 50.945326592465499 ], [ -1.92098689781934, 50.961495338769602 ], [ -1.92988889011408, 50.967795834319404 ], [ -1.93922008694929, 50.969657058566398 ], [ -1.94482986161157, 50.975748432260097 ], [ -1.95546550523442, 50.978266317366298 ], [ -1.95682095768327, 50.989829918926198 ], [ -1.94993577339151, 50.9823106148921 ], [ -1.92787705336498, 50.997696411464403 ], [ -1.88674102554119, 50.999528220660302 ], [ -1.87448159369698, 51.006330587365099 ], [ -1.87398367901535, 50.984441062264402 ], [ -1.8523685373398, 51.005203550264497 ], [ -1.83581318807285, 51.0094221620556 ], [ -1.81542167169788, 50.985922672077898 ], [ -1.80758337692642, 50.992046068232902 ], [ -1.74284007220783, 50.9771042676606 ], [ -1.71961752400923, 50.9767790175122 ], [ -1.6976520082117, 50.9604324584541 ], [ -1.67688168350779, 50.949666739524197 ], [ -1.66166003301531, 50.945277916014497 ], [ -1.65400940221358, 50.946666606940497 ], [ -1.63496506045519, 50.959242172952102 ], [ -1.62340097704731, 50.954637315600998 ], [ -1.60292294631275, 50.978517131771198 ], [ -1.61441861779069, 50.979494778195502 ], [ -1.61964407398524, 50.982996545564703 ], [ -1.61895382888407, 50.987366044297097 ], [ -1.62519572025894, 50.990325655111199 ], [ -1.6288044777171, 50.999094554689897 ], [ -1.61723115200944, 51.004182078770597 ], [ -1.60772264778783, 51.001678317651802 ], [ -1.60913925637443, 51.005625578007802 ], [ -1.61490381871668, 51.006730045248197 ], [ -1.60908841515865, 51.0098131426995 ], [ -1.60501473250228, 51.007005620993901 ], [ -1.59752367874703, 51.008055430135101 ], [ -1.60536898579667, 51.017258399759399 ], [ -1.59939683295075, 51.0237293682532 ], [ -1.61945702081306, 51.0330594771847 ], [ -1.63237581135369, 51.032779697420899 ], [ -1.63496034844284, 51.0408866300955 ], [ -1.62772865716671, 51.0780113753286 ], [ -1.63630743182553, 51.092842082110799 ], [ -1.62695633969733, 51.1028642004975 ], [ -1.63093088275459, 51.111152958825897 ], [ -1.62625147307452, 51.117337763910797 ], [ -1.6405810971806, 51.125382205458301 ], [ -1.66297541753666, 51.127192023013201 ], [ -1.65398640054147, 51.155969463939101 ], [ -1.67236759276956, 51.1785439426774 ], [ -1.66945183174018, 51.184806792364299 ], [ -1.66883543863218, 51.190772299665497 ], [ -1.69279253459776, 51.2030497637042 ], [ -1.68978876381697, 51.214769007170602 ], [ -1.6534963005587, 51.220467612778599 ], [ -1.63360954004638, 51.217517919546601 ], [ -1.61933538267959, 51.241217885562897 ], [ -1.61039323117231, 51.242979689552101 ], [ -1.60742312898351, 51.252765389559002 ], [ -1.60072095185647, 51.250716399909599 ], [ -1.60018641720582, 51.253524347515999 ], [ -1.57763630798082, 51.255630154219197 ], [ -1.56351809446586, 51.252183925851803 ], [ -1.5451608713159, 51.245098669336898 ], [ -1.53595525884008, 51.248618750740597 ], [ -1.52982241058346, 51.260513920997099 ], [ -1.53056974476514, 51.262616723708398 ], [ -1.54051268456011, 51.260833539989903 ], [ -1.53591653962971, 51.277303978610298 ], [ -1.54258374863058, 51.281250684981003 ], [ -1.53451109245167, 51.287091419499902 ], [ -1.52280729598151, 51.287057970025401 ], [ -1.52414669520065, 51.293160959811502 ], [ -1.51951130706001, 51.295938563717201 ], [ -1.52802309727671, 51.299808349126401 ], [ -1.5252248964877, 51.307066910550397 ], [ -1.53356207955795, 51.316223543459202 ], [ -1.52750786273894, 51.338466065365502 ], [ -1.51628049186538, 51.339354725017202 ], [ -1.49829885036546, 51.329376076696398 ], [ -1.48572047480091, 51.347750319352599 ], [ -1.50060851045364, 51.356267943094799 ], [ -1.49544911761768, 51.369664485489203 ], [ -1.51340517948011, 51.372045013465502 ], [ -1.51543566459318, 51.377580733596403 ], [ -1.52786596041708, 51.378933465395797 ], [ -1.53833166632191, 51.385537366682001 ], [ -1.53771752370096, 51.388322408755002 ], [ -1.55560298084995, 51.395584139725997 ], [ -1.55301223225667, 51.410072994523503 ], [ -1.56227505452756, 51.408237357312899 ], [ -1.56349136993381, 51.413228878129402 ], [ -1.57116525563937, 51.416464567931499 ], [ -1.56511890657083, 51.422043526724799 ], [ -1.55311274984123, 51.421276198573899 ], [ -1.53962440579881, 51.426111886775203 ], [ -1.52528844920035, 51.425017900569202 ], [ -1.53206207415033, 51.429555808817 ], [ -1.52398550600009, 51.441338303139197 ], [ -1.52902858992877, 51.455511801226898 ], [ -1.54541874942805, 51.4588343208287 ], [ -1.55862382006866, 51.4687856450224 ], [ -1.57044967161135, 51.486273236658 ], [ -1.58244710130262, 51.4943123989204 ], [ -1.58701179196857, 51.507143133722998 ], [ -1.58470826231602, 51.5249119124244 ], [ -1.6028117485292, 51.518295360360099 ], [ -1.61374997554821, 51.536510268124303 ], [ -1.63407051832875, 51.5532565778595 ], [ -1.65137023132913, 51.5739053170254 ], [ -1.64644944889564, 51.576915977223202 ], [ -1.65021051300579, 51.580532787012999 ], [ -1.63789152491638, 51.583868804529303 ], [ -1.64096472781307, 51.5975744532142 ], [ -1.63749112374194, 51.5982866654684 ], [ -1.6311423728585, 51.593327849992598 ], [ -1.62248257674338, 51.596163674347899 ], [ -1.61993642929761, 51.593322727980002 ], [ -1.60542850073296, 51.598276143017898 ], [ -1.58533944332842, 51.612476740386903 ], [ -1.59426050522186, 51.624419711081998 ], [ -1.60877512825021, 51.629873071608699 ], [ -1.61392459013877, 51.628462974476697 ], [ -1.61884945469356, 51.632544985913299 ], [ -1.65261094339157, 51.629570183357103 ], [ -1.66012063479721, 51.634612563185399 ], [ -1.6631692814205, 51.639859873502502 ], [ -1.67562201219316, 51.641397835632397 ], [ -1.68622579154817, 51.652350843472803 ], [ -1.6919381204604, 51.652164629789503 ], [ -1.68849515087717, 51.656788080725001 ], [ -1.69062316261649, 51.663783634625297 ], [ -1.70018928288648, 51.670741813787799 ], [ -1.69651810540981, 51.6821165647467 ], [ -1.68268874667124, 51.6900524087552 ], [ -1.67601558390591, 51.688407058137599 ], [ -1.67520860544698, 51.682535079985101 ], [ -1.66844031785437, 51.680435412590803 ], [ -1.64825383282081, 51.684087102078898 ], [ -1.65743834798511, 51.696451319930702 ], [ -1.66545167613839, 51.697262957540197 ], [ -1.68209099853267, 51.709108129147701 ], [ -1.69581830265727, 51.723772934867903 ], [ -1.68550806371673, 51.730634128473199 ], [ -1.68702070531161, 51.739883984722603 ], [ -1.69486563814323, 51.748575057377401 ], [ -1.70070477656539, 51.770584716762698 ], [ -1.71948866637283, 51.783212061543097 ], [ -1.68375289050594, 51.801337574310701 ], [ -1.67685970352272, 51.817024688679503 ], [ -1.6811199406292, 51.816052620959702 ], [ -1.68646102459171, 51.834455822647499 ], [ -1.67638494449648, 51.850309589067002 ], [ -1.68686752299361, 51.865500010807203 ], [ -1.66711193343739, 51.877000083006003 ], [ -1.66895699435766, 51.881504512759598 ], [ -1.65758914767898, 51.897188235207501 ], [ -1.64488287940201, 51.894601711628702 ], [ -1.63325201147864, 51.899583260091198 ], [ -1.63485486223626, 51.9128905928374 ], [ -1.64489281403107, 51.913727019058697 ], [ -1.64118224581513, 51.921561885081701 ], [ -1.64552998318358, 51.922294059445498 ], [ -1.61518907827564, 51.937681879402597 ], [ -1.63249051480431, 51.955651485368598 ], [ -1.64892656760453, 51.958924863770399 ], [ -1.65536679373132, 51.957503529218002 ], [ -1.65237437932094, 51.961512156622597 ], [ -1.66252889649809, 51.964004947849801 ], [ -1.6689432228175, 51.9752727491434 ], [ -1.6657543945251, 51.987488862685503 ], [ -1.63596344698858, 51.973758327011502 ], [ -1.61360884814281, 51.955689124289798 ], [ -1.59163379239407, 51.9704496449449 ], [ -1.60030081528879, 51.9769414341147 ], [ -1.58057377578447, 51.972996064434597 ], [ -1.54967142826298, 51.980859612119801 ], [ -1.55722367314764, 51.991657599349899 ], [ -1.5417415500961, 51.996432298366798 ], [ -1.52792907021478, 51.991754300638299 ], [ -1.52282552377769, 51.9968432865899 ], [ -1.49735326195873, 52.058954558774701 ], [ -1.50185540381387, 52.071626636584 ], [ -1.49084153160608, 52.077544167077001 ], [ -1.49435486572225, 52.082227433529702 ], [ -1.48560764825305, 52.087733436727802 ], [ -1.48780422847159, 52.0939574365892 ], [ -1.48014862318322, 52.093477969523299 ], [ -1.4771043179276, 52.101366281020198 ], [ -1.46755949807215, 52.097056526914002 ], [ -1.44718802882177, 52.097624989719897 ], [ -1.45346394203495, 52.112999447157797 ], [ -1.44874123022937, 52.116066665659602 ], [ -1.42450552872203, 52.118251943409497 ], [ -1.40389411938837, 52.110089892774504 ], [ -1.385256175707, 52.094209747468803 ], [ -1.37442400849961, 52.099725911054001 ], [ -1.35776960206709, 52.101310468314601 ], [ -1.36211594448445, 52.107986411742601 ], [ -1.37036697390999, 52.112717890825998 ], [ -1.37194470595447, 52.1179490684382 ], [ -1.39218177729596, 52.117070864696103 ], [ -1.38546287231142, 52.128403222062502 ], [ -1.36404861379136, 52.136707638786 ], [ -1.34870936849789, 52.135137505436496 ], [ -1.34993672247422, 52.141591764687497 ], [ -1.34104059033704, 52.144856725712003 ], [ -1.34345845888397, 52.153235305989298 ], [ -1.33823664764656, 52.158843056427301 ], [ -1.33400454412251, 52.159083009180499 ], [ -1.33189692992491, 52.168485056819499 ] ] ] ] } },
{ "type": "Feature", "properties": { "region": "South West" }, "geometry": { "type": "MultiPolygon", "coordinates": [ [ [ [ -6.33433765537479, 49.898602640031498 ], [ -6.32816738515577, 49.893598917794201 ], [ -6.32910185636747, 49.889572168563298 ], [ -6.33442200294925, 49.893737649341602 ], [ -6.33833748048622, 49.893412859143503 ], [ -6.33582509600108, 49.886635810590199 ], [ -6.34126067461557, 49.882340514046497 ], [ -6.34611175982197, 49.890058166004899 ], [ -6.35287538460254, 49.888731407062899 ], [ -6.34956527436827, 49.894567145002704 ], [ -6.35642540265818, 49.897539987304803 ], [ -6.3503138983122, 49.895501840973303 ], [ -6.34913066922339, 49.898172467072101 ], [ -6.33698773489135, 49.894125705035002 ], [ -6.33846983214339, 49.897244176268799 ], [ -6.33433765537479, 49.898602640031498 ] ] ], [ [ [ -6.37494768656805, 49.899607047264503 ], [ -6.36692318237224, 49.892039765736499 ], [ -6.37086931121388, 49.895735474533403 ], [ -6.3779223375234, 49.895899563737501 ], [ -6.37494768656805, 49.899607047264503 ] ] ], [ [ [ -6.27593968083456, 49.920830427887303 ], [ -6.27917539616379, 49.915075419234498 ], [ -6.28645392278757, 49.916756096184301 ], [ -6.2842405376636, 49.913292906673 ], [ -6.28782901967606, 49.9100221547125 ], [ -6.30300385700417, 49.911533263432801 ], [ -6.30068886030638, 49.907095181854203 ], [ -6.30355871037229, 49.903303849913698 ], [ -6.31287819443449, 49.913239067761602 ], [ -6.31742344554242, 49.913251382646202 ], [ -6.31772144468412, 49.9086232813086 ], [ -6.32071612356844, 49.9080825286267 ], [ -6.32764388449862, 49.912574743209099 ], [ -6.31834926913126, 49.917576148058103 ], [ -6.31669960031791, 49.915254453467703 ], [ -6.30909422933638, 49.916618460308598 ], [ -6.30841736076335, 49.920072907582103 ], [ -6.31279680039245, 49.920905074299398 ], [ -6.30842328528119, 49.922699293372901 ], [ -6.31330610302823, 49.928187091465297 ], [ -6.30913396956193, 49.933098847879798 ], [ -6.29777467012225, 49.936794054523702 ], [ -6.29037434400005, 49.936244243684499 ], [ -6.28820252847201, 49.930884320329902 ], [ -6.27702498358996, 49.928793922788103 ], [ -6.28137154995494, 49.927769028807099 ], [ -6.27593968083456, 49.920830427887303 ] ] ], [ [ [ -6.35226022929904, 49.937634553266101 ], [ -6.35061279136246, 49.9281331066543 ], [ -6.35765502848755, 49.9303274716817 ], [ -6.35226022929904, 49.937634553266101 ] ] ], [ [ [ -6.34807363717607, 49.955652633159801 ], [ -6.35229984923624, 49.944547351050602 ], [ -6.36183152908846, 49.946298199697203 ], [ -6.35632374213882, 49.949081433138701 ], [ -6.36504375428884, 49.951607283895498 ], [ -6.36430092626815, 49.954231323749603 ], [ -6.35842316716996, 49.9536545769489 ], [ -6.36219755419507, 49.9580818202976 ], [ -6.35650596362801, 49.961359172454301 ], [ -6.36261311848629, 49.965174813587701 ], [ -6.35896675310717, 49.966924143394401 ], [ -6.35943826589675, 49.964014051595001 ], [ -6.34807363717607, 49.955652633159801 ] ] ], [ [ [ -6.34170081351282, 49.966238720658197 ], [ -6.3396363812914, 49.962678409687399 ], [ -6.3359194067456, 49.963701017309901 ], [ -6.33242088039238, 49.958911973652903 ], [ -6.32635306711346, 49.958589976138398 ], [ -6.32167680330005, 49.955159302945503 ], [ -6.32066559982229, 49.950649153178396 ], [ -6.32275967138037, 49.946877040104802 ], [ -6.31973872664684, 49.944722211267901 ], [ -6.32825696400721, 49.943509666241397 ], [ -6.3322947077107, 49.939174453051301 ], [ -6.33921912771072, 49.947025262893902 ], [ -6.33909608311325, 49.955855412191703 ], [ -6.35005629501827, 49.963651646027301 ], [ -6.34978028873265, 49.966686926748302 ], [ -6.34799166365016, 49.967909328748298 ], [ -6.34170081351282, 49.966238720658197 ] ] ], [ [ [ -6.30914385392836, 49.969593198670097 ], [ -6.30937400604397, 49.965038426264002 ], [ -6.31792138001211, 49.967781544977299 ], [ -6.31419164316188, 49.969923571582498 ], [ -6.30914385392836, 49.969593198670097 ] ] ], [ [ [ -6.32036687714105, 49.973236620422298 ], [ -6.32652828535418, 49.970378785510498 ], [ -6.32707139456611, 49.970450257397097 ], [ -6.3266414260489, 49.974782521637401 ], [ -6.32036687714105, 49.973236620422298 ] ] ], [ [ [ -6.29285538607438, 49.973266521514503 ], [ -6.28874852639423, 49.966172369576299 ], [ -6.27816922863996, 49.963850707025301 ], [ -6.27347769112861, 49.96623123837 ], [ -6.27065942257613, 49.963997390732999 ], [ -6.26594660674273, 49.967533205053201 ], [ -6.26157681308705, 49.962843691951598 ], [ -6.28394490496472, 49.956193348584399 ], [ -6.29015664955357, 49.961774960550997 ], [ -6.30274859881539, 49.963678673881397 ], [ -6.304100431531, 49.965118724794003 ], [ -6.30364035412536, 49.967793371395999 ], [ -6.29864124317027, 49.969418410373798 ], [ -6.29799595890305, 49.973492489603302 ], [ -6.2914607165658, 49.974761288021 ], [ -6.2943041391816, 49.979744809140001 ], [ -6.28936650388847, 49.9788427115706 ], [ -6.29037766963966, 49.975603061646403 ], [ -6.29285538607438, 49.973266521514503 ] ] ], [ [ [ -5.47837380324989, 50.1157101758698 ], [ -5.47823566327807, 50.118415961565297 ], [ -5.47613684862769, 50.117522664854398 ], [ -5.47673012455798, 50.116588542035402 ], [ -5.47837380324989, 50.1157101758698 ] ] ], [ [ [ -3.89690128430186, 50.278804752669103 ], [ -3.90105077819791, 50.278076875771703 ], [ -3.89953610068782, 50.280996884189697 ], [ -3.89690128430186, 50.278804752669103 ] ] ], [ [ [ -4.44592805435602, 50.336166288575399 ], [ -4.44915603285878, 50.335905193511302 ], [ -4.45169159292161, 50.336125712868103 ], [ -4.45024144025148, 50.338277123538802 ], [ -4.44592805435602, 50.336166288575399 ] ] ], [ [ [ -1.98710789633152, 50.679270442060002 ], [ -1.99062962587833, 50.677058501567799 ], [ -1.99670385300853, 50.679970740959597 ], [ -1.99385719258704, 50.682874437740502 ], [ -1.99534499823341, 50.680628076146498 ], [ -1.98710789633152, 50.679270442060002 ] ] ], [ [ [ -1.98004646465949, 50.683523014187998 ], [ -1.98898983403101, 50.681673503674503 ], [ -1.99114078983005, 50.684150354085503 ], [ -1.98615957148271, 50.684658886432501 ], [ -1.98004646465949, 50.683523014187998 ] ] ], [ [ [ -2.01223417679183, 50.687965639875898 ], [ -2.01738002416466, 50.684426274098101 ], [ -2.02200499976065, 50.693948846950001 ], [ -2.01867644562559, 50.694069136197101 ], [ -2.01460775667783, 50.6908943695936 ], [ -2.0178461803559, 50.689282371622198 ], [ -2.01223417679183, 50.687965639875898 ] ] ], [ [ [ -1.95676426465836, 50.688219432663097 ], [ -1.96664723483653, 50.685915420675499 ], [ -1.98354573892022, 50.687074919588198 ], [ -1.98808847416946, 50.692453281454199 ], [ -1.97416887426422, 50.697227722947297 ], [ -1.95815544518318, 50.6949304217082 ], [ -1.95676426465836, 50.688219432663097 ] ] ], [ [ [ -3.01577328883599, 51.228486245891901 ], [ -3.0148210695477, 51.223092004149102 ], [ -3.0186832058029, 51.228418761018702 ], [ -3.01577328883599, 51.228486245891901 ] ] ], [ [ [ -4.6640828632435, 51.161775711228103 ], [ -4.67092482315619, 51.158463554817899 ], [ -4.68057246853434, 51.172424830454602 ], [ -4.67309408026351, 51.180162746243198 ], [ -4.6775191182745, 51.185334001461598 ], [ -4.674084255895, 51.1855052040153 ], [ -4.67452422601396, 51.190286406415197 ], [ -4.67975699531534, 51.194155480423099 ], [ -4.67735459572981, 51.202440092811997 ], [ -4.67029226368996, 51.201012917573003 ], [ -4.66988025271708, 51.194926426073799 ], [ -4.66180645835853, 51.1863294718747 ], [ -4.66167263459142, 51.167092200590297 ], [ -4.65345609829841, 51.1623266987284 ], [ -4.6640828632435, 51.161775711228103 ] ] ], [ [ [ -3.1051506032112, 51.3401880401113 ], [ -3.11482833643079, 51.339662708490302 ], [ -3.10602207832632, 51.341426872904698 ], [ -3.1051506032112, 51.3401880401113 ] ] ], [ [ [ -1.76764876960817, 52.112592557437701 ], [ -1.75166923865047, 52.096682449660797 ], [ -1.73854128837124, 52.091407839153 ], [ -1.72856053560798, 52.100120272290198 ], [ -1.72878117848738, 52.071568672723501 ], [ -1.71253288997624, 52.066582973964699 ], [ -1.70988275710602, 52.073349177342699 ], [ -1.70173110533687, 52.072809417657297 ], [ -1.70514094575025, 52.059706653321498 ], [ -1.69956079664658, 52.054629790646203 ], [ -1.69017979042879, 52.054735975843599 ], [ -1.69398253489191, 52.039526445182602 ], [ -1.66887838227033, 52.036582052457803 ], [ -1.66106511192322, 52.0316138085376 ], [ -1.65354979777492, 52.035402580136797 ], [ -1.64537448788564, 52.034231759125198 ], [ -1.62441796195853, 52.038981557754198 ], [ -1.61771615940516, 52.031918991615299 ], [ -1.62014514157733, 52.027711930202301 ], [ -1.62840489933792, 52.0272069381694 ], [ -1.63838943399143, 52.020700076237198 ], [ -1.64283797136316, 52.009202533497501 ], [ -1.66988789102542, 51.993090056946201 ], [ -1.6657543945251, 51.987488862685503 ], [ -1.6689432228175, 51.9752727491434 ], [ -1.66252889649809, 51.964004947849801 ], [ -1.65237437932094, 51.961512156622597 ], [ -1.65536679373132, 51.957503529218002 ], [ -1.64892656760453, 51.958924863770399 ], [ -1.63249051480431, 51.955651485368598 ], [ -1.61518907827564, 51.937681879402597 ], [ -1.64552998318358, 51.922294059445498 ], [ -1.64118224581513, 51.921561885081701 ], [ -1.64489281403107, 51.913727019058697 ], [ -1.63485486223626, 51.9128905928374 ], [ -1.63325201147864, 51.899583260091198 ], [ -1.64488287940201, 51.894601711628702 ], [ -1.65758914767898, 51.897188235207501 ], [ -1.66895699435766, 51.881504512759598 ], [ -1.66711193343739, 51.877000083006003 ], [ -1.68686752299361, 51.865500010807203 ], [ -1.67638494449648, 51.850309589067002 ], [ -1.68646102459171, 51.834455822647499 ], [ -1.6811199406292, 51.816052620959702 ], [ -1.67685970352272, 51.817024688679503 ], [ -1.68375289050594, 51.801337574310701 ], [ -1.71948866637283, 51.783212061543097 ], [ -1.70070477656539, 51.770584716762698 ], [ -1.69486563814323, 51.748575057377401 ], [ -1.68702070531161, 51.739883984722603 ], [ -1.68550806371673, 51.730634128473199 ], [ -1.69581830265727, 51.723772934867903 ], [ -1.68209099853267, 51.709108129147701 ], [ -1.66545167613839, 51.697262957540197 ], [ -1.65743834798511, 51.696451319930702 ], [ -1.64825383282081, 51.684087102078898 ], [ -1.66844031785437, 51.680435412590803 ], [ -1.67520860544698, 51.682535079985101 ], [ -1.67601558390591, 51.688407058137599 ], [ -1.68268874667124, 51.6900524087552 ], [ -1.69651810540981, 51.6821165647467 ], [ -1.70018928288648, 51.670741813787799 ], [ -1.69062316261649, 51.663783634625297 ], [ -1.68849515087717, 51.656788080725001 ], [ -1.6919381204604, 51.652164629789503 ], [ -1.68622579154817, 51.652350843472803 ], [ -1.67562201219316, 51.641397835632397 ], [ -1.6631692814205, 51.639859873502502 ], [ -1.66012063479721, 51.634612563185399 ], [ -1.65261094339157, 51.629570183357103 ], [ -1.61884945469356, 51.632544985913299 ], [ -1.61392459013877, 51.628462974476697 ], [ -1.60877512825021, 51.629873071608699 ], [ -1.59426050522186, 51.624419711081998 ], [ -1.58533944332842, 51.612476740386903 ], [ -1.60542850073296, 51.598276143017898 ], [ -1.61993642929761, 51.593322727980002 ], [ -1.62248257674338, 51.596163674347899 ], [ -1.6311423728585, 51.593327849992598 ], [ -1.63749112374194, 51.5982866654684 ], [ -1.64096472781307, 51.5975744532142 ], [ -1.63789152491638, 51.583868804529303 ], [ -1.65021051300579, 51.580532787012999 ], [ -1.64644944889564, 51.576915977223202 ], [ -1.65137023132913, 51.5739053170254 ], [ -1.63407051832875, 51.5532565778595 ], [ -1.61374997554821, 51.536510268124303 ], [ -1.6028117485292, 51.518295360360099 ], [ -1.58470826231602, 51.5249119124244 ], [ -1.58701179196857, 51.507143133722998 ], [ -1.58244710130262, 51.4943123989204 ], [ -1.57044967161135, 51.486273236658 ], [ -1.55862382006866, 51.4687856450224 ], [ -1.54541874942805, 51.4588343208287 ], [ -1.52902858992877, 51.455511801226898 ], [ -1.52398550600009, 51.441338303139197 ], [ -1.53206207415033, 51.429555808817 ], [ -1.52528844920035, 51.425017900569202 ], [ -1.53962440579881, 51.426111886775203 ], [ -1.55311274984123, 51.421276198573899 ], [ -1.56511890657083, 51.422043526724799 ], [ -1.57116525563937, 51.416464567931499 ], [ -1.56349136993381, 51.413228878129402 ], [ -1.56227505452756, 51.408237357312899 ], [ -1.55301223225667, 51.410072994523503 ], [ -1.55560298084995, 51.395584139725997 ], [ -1.53771752370096, 51.388322408755002 ], [ -1.53833166632191, 51.385537366682001 ], [ -1.52786596041708, 51.378933465395797 ], [ -1.51543566459318, 51.377580733596403 ], [ -1.51340517948011, 51.372045013465502 ], [ -1.49544911761768, 51.369664485489203 ], [ -1.50060851045364, 51.356267943094799 ], [ -1.48572047480091, 51.347750319352599 ], [ -1.49829885036546, 51.329376076696398 ], [ -1.51628049186538, 51.339354725017202 ], [ -1.52750786273894, 51.338466065365502 ], [ -1.53356207955795, 51.316223543459202 ], [ -1.5252248964877, 51.307066910550397 ], [ -1.52802309727671, 51.299808349126401 ], [ -1.51951130706001, 51.295938563717201 ], [ -1.52414669520065, 51.293160959811502 ], [ -1.52280729598151, 51.287057970025401 ], [ -1.53451109245167, 51.287091419499902 ], [ -1.54258374863058, 51.281250684981003 ], [ -1.53591653962971, 51.277303978610298 ], [ -1.54051268456011, 51.260833539989903 ], [ -1.53056974476514, 51.262616723708398 ], [ -1.52982241058346, 51.260513920997099 ], [ -1.53595525884008, 51.248618750740597 ], [ -1.5451608713159, 51.245098669336898 ], [ -1.56351809446586, 51.252183925851803 ], [ -1.57763630798082, 51.255630154219197 ], [ -1.60018641720582, 51.253524347515999 ], [ -1.60072095185647, 51.250716399909599 ], [ -1.60742312898351, 51.252765389559002 ], [ -1.61039323117231, 51.242979689552101 ], [ -1.61933538267959, 51.241217885562897 ], [ -1.63360954004638, 51.217517919546601 ], [ -1.6534963005587, 51.220467612778599 ], [ -1.68978876381697, 51.214769007170602 ], [ -1.69279253459776, 51.2030497637042 ], [ -1.66883543863218, 51.190772299665497 ], [ -1.66945183174018, 51.184806792364299 ], [ -1.67236759276956, 51.1785439426774 ], [ -1.65398640054147, 51.155969463939101 ], [ -1.66297541753666, 51.127192023013201 ], [ -1.6405810971806, 51.125382205458301 ], [ -1.62625147307452, 51.117337763910797 ], [ -1.63093088275459, 51.111152958825897 ], [ -1.62695633969733, 51.1028642004975 ], [ -1.63630743182553, 51.092842082110799 ], [ -1.62772865716671, 51.0780113753286 ], [ -1.63496034844284, 51.0408866300955 ], [ -1.63237581135369, 51.032779697420899 ], [ -1.61945702081306, 51.0330594771847 ], [ -1.59939683295075, 51.0237293682532 ], [ -1.60536898579667, 51.017258399759399 ], [ -1.59752367874703, 51.008055430135101 ], [ -1.60501473250228, 51.007005620993901 ], [ -1.60908841515865, 51.0098131426995 ], [ -1.61490381871668, 51.006730045248197 ], [ -1.60913925637443, 51.005625578007802 ], [ -1.60772264778783, 51.001678317651802 ], [ -1.61723115200944, 51.004182078770597 ], [ -1.6288044777171, 50.999094554689897 ], [ -1.62519572025894, 50.990325655111199 ], [ -1.61895382888407, 50.987366044297097 ], [ -1.61964407398524, 50.982996545564703 ], [ -1.61441861779069, 50.979494778195502 ], [ -1.60292294631275, 50.978517131771198 ], [ -1.62340097704731, 50.954637315600998 ], [ -1.63496506045519, 50.959242172952102 ], [ -1.65400940221358, 50.946666606940497 ], [ -1.66166003301531, 50.945277916014497 ], [ -1.67688168350779, 50.949666739524197 ], [ -1.6976520082117, 50.9604324584541 ], [ -1.71961752400923, 50.9767790175122 ], [ -1.74284007220783, 50.9771042676606 ], [ -1.80758337692642, 50.992046068232902 ], [ -1.81542167169788, 50.985922672077898 ], [ -1.83581318807285, 51.0094221620556 ], [ -1.8523685373398, 51.005203550264497 ], [ -1.87398367901535, 50.984441062264402 ], [ -1.87448159369698, 51.006330587365099 ], [ -1.88674102554119, 50.999528220660302 ], [ -1.92787705336498, 50.997696411464403 ], [ -1.94993577339151, 50.9823106148921 ], [ -1.95682095768327, 50.989829918926198 ], [ -1.95546550523442, 50.978266317366298 ], [ -1.94482986161157, 50.975748432260097 ], [ -1.93922008694929, 50.969657058566398 ], [ -1.92988889011408, 50.967795834319404 ], [ -1.92098689781934, 50.961495338769602 ], [ -1.90918357212935, 50.945326592465499 ], [ -1.87880358477861, 50.924325660790402 ], [ -1.87370808825135, 50.917252938439603 ], [ -1.86260942250329, 50.919845691846398 ], [ -1.8510570320647, 50.928834652378598 ], [ -1.84029147589412, 50.931847835937297 ], [ -1.82090474130333, 50.926288834224401 ], [ -1.81137764700515, 50.927291807027501 ], [ -1.81884357840429, 50.916525570195198 ], [ -1.81654170377701, 50.903947722787002 ], [ -1.82495331453071, 50.895770617877602 ], [ -1.83986969084465, 50.8978900390494 ], [ -1.84855551506549, 50.889887374069502 ], [ -1.84404344449728, 50.886829390557899 ], [ -1.85259230593039, 50.862191210497102 ], [ -1.85094384298876, 50.858724947974601 ], [ -1.82951847108943, 50.855318593413202 ], [ -1.81483244831065, 50.858701178513002 ], [ -1.81137359396807, 50.864593858140097 ], [ -1.80556570009522, 50.8592184486671 ], [ -1.80553507058667, 50.8519280487209 ], [ -1.80003553305757, 50.848338700332697 ], [ -1.80336205812899, 50.844488119730499 ], [ -1.79805242668719, 50.8418573063813 ], [ -1.79989830184665, 50.839820174884998 ], [ -1.79071292407778, 50.836316081071899 ], [ -1.79632158915083, 50.8302241026975 ], [ -1.80324370628947, 50.8305071571016 ], [ -1.80441384346984, 50.822856431345798 ], [ -1.80182356954692, 50.820891904042497 ], [ -1.80735652089945, 50.816242322483298 ], [ -1.80295620873578, 50.813493119246303 ], [ -1.81201178363322, 50.808826013536198 ], [ -1.809736345723, 50.804956965063901 ], [ -1.8015308546261, 50.799772272481803 ], [ -1.80429215421003, 50.796027881028301 ], [ -1.80089131602358, 50.794242913154903 ], [ -1.805937052926, 50.792074654675197 ], [ -1.80096518282228, 50.791884690085602 ], [ -1.79747419726987, 50.783860155126497 ], [ -1.78786834825065, 50.778854664520203 ], [ -1.78874930327815, 50.767165360919201 ], [ -1.78366022381617, 50.764631211630203 ], [ -1.77615394977428, 50.766343958925098 ], [ -1.76895611693602, 50.769767198698901 ], [ -1.7701172011759, 50.772548804818904 ], [ -1.74905965606056, 50.779510126358097 ], [ -1.7390765666666, 50.763358900902098 ], [ -1.74336307693762, 50.7563347413776 ], [ -1.74416882791262, 50.747455424942402 ], [ -1.713586270281, 50.752255697799399 ], [ -1.68180634068559, 50.751820332132198 ], [ -1.68462727722026, 50.743823913360103 ], [ -1.69181006425308, 50.7372880970563 ], [ -1.72215192470966, 50.734661249056501 ], [ -1.73189283550769, 50.730495370458101 ], [ -1.7415042066345, 50.723899207634503 ], [ -1.74342764381778, 50.728260574580702 ], [ -1.75415617942588, 50.727411611839401 ], [ -1.75708723392253, 50.730179989712603 ], [ -1.7575237039338, 50.723567667149602 ], [ -1.76199597926117, 50.725288175522003 ], [ -1.76029137322098, 50.722834165327399 ], [ -1.76433348122147, 50.723328893263002 ], [ -1.76568025503735, 50.728892667523503 ], [ -1.77056819447297, 50.730298961294601 ], [ -1.76699749372796, 50.7217650247348 ], [ -1.76087326995483, 50.7201159542266 ], [ -1.76570925352408, 50.719862233641301 ], [ -1.76342930490591, 50.718605007895597 ], [ -1.747051486984, 50.718034715298998 ], [ -1.75011579864097, 50.7174324945357 ], [ -1.74602993583266, 50.715481312143602 ], [ -1.74110091120498, 50.723260892974103 ], [ -1.74884156008202, 50.7110424135805 ], [ -1.76682686149852, 50.716106886455499 ], [ -1.80918698243759, 50.720689222459299 ], [ -1.83787868115578, 50.7200973825489 ], [ -1.86518879585138, 50.717452834199598 ], [ -1.90089939925553, 50.709425432001801 ], [ -1.92054203681289, 50.700701273638998 ], [ -1.9478094101184, 50.682676880507699 ], [ -1.9512774575054, 50.686615508112403 ], [ -1.9400074216236, 50.689097336786503 ], [ -1.93212740370537, 50.696146744330797 ], [ -1.94736876466497, 50.7067061965733 ], [ -1.95146331653753, 50.704067915446899 ], [ -1.94813836540867, 50.7074250592621 ], [ -1.95231123573963, 50.704088880631197 ], [ -1.95319527899825, 50.707903098340999 ], [ -1.94965270213855, 50.707145181199103 ], [ -1.9487329120289, 50.710150436735098 ], [ -1.95024424407263, 50.711493452580498 ], [ -1.95381654479714, 50.708323294501803 ], [ -1.96038207758796, 50.711932025948897 ], [ -1.95759451413208, 50.715248333945198 ], [ -1.96308184204832, 50.715732199270597 ], [ -1.97268419341131, 50.710422399723797 ], [ -1.99190921550623, 50.712464912716101 ], [ -1.98958624706885, 50.718833742025097 ], [ -1.98455268530886, 50.720306088702998 ], [ -1.99225439454616, 50.7234067414431 ], [ -1.99232914755668, 50.729526420517701 ], [ -2.0050654877711, 50.729647804606699 ], [ -1.99195304237092, 50.729786981140101 ], [ -1.99596095998786, 50.737488488063299 ], [ -2.01033104432467, 50.733240905725403 ], [ -2.0118135138978, 50.728836181601402 ], [ -2.00552557647054, 50.729601075061197 ], [ -2.01140062300153, 50.726584452719699 ], [ -2.0072961515772, 50.7268509888263 ], [ -2.00316120592022, 50.717746173230097 ], [ -1.99378935857664, 50.717746882781299 ], [ -1.99456467876081, 50.7131714203245 ], [ -1.98684386519538, 50.709834000359301 ], [ -1.98650393151947, 50.708197660802803 ], [ -1.9965833991353, 50.707292939431902 ], [ -2.00024580232654, 50.710782237451802 ], [ -2.01056077280389, 50.710391325262798 ], [ -2.04022710741169, 50.719063309217503 ], [ -2.03504398861547, 50.722813232454897 ], [ -2.03676641316315, 50.726039334268002 ], [ -2.02686934975375, 50.729326302340802 ], [ -2.03518816931244, 50.727879681756903 ], [ -2.0347874318929, 50.730130765179702 ], [ -2.04257054885649, 50.731900559908297 ], [ -2.04999464817064, 50.726250822874299 ], [ -2.04679218689795, 50.723369627109399 ], [ -2.04593145931004, 50.7261276852904 ], [ -2.04214009681879, 50.724472715090002 ], [ -2.04414728140624, 50.719685041772799 ], [ -2.0407378382664, 50.7199974487528 ], [ -2.0469427551451, 50.717511225757299 ], [ -2.04162630761674, 50.714031303210596 ], [ -2.05560360229709, 50.717802310307498 ], [ -2.06290249092498, 50.716540462402101 ], [ -2.07085857509563, 50.709913567607899 ], [ -2.07134514224695, 50.707647078473101 ], [ -2.05763246363065, 50.705619713778901 ], [ -2.07216256498224, 50.705044061278002 ], [ -2.07105417883749, 50.697917902771501 ], [ -2.08321695539036, 50.693300907110299 ], [ -2.07938921330364, 50.694379195854502 ], [ -2.07841551537164, 50.688717060165501 ], [ -2.08422533976528, 50.690569300910298 ], [ -2.08119723467529, 50.686280753331701 ], [ -2.06572311975732, 50.686720467531501 ], [ -2.05452015138048, 50.699802833565997 ], [ -2.0430183313153, 50.703023626946901 ], [ -2.0398754054458, 50.7071578736399 ], [ -2.02624887114515, 50.707435338496097 ], [ -2.01808342163337, 50.701574645515002 ], [ -2.03320283190619, 50.702114172716499 ], [ -2.02917923490779, 50.701181895970798 ], [ -2.03028242951334, 50.697055705311499 ], [ -2.02605662255407, 50.698216871292999 ], [ -2.02399668090646, 50.690673264326001 ], [ -2.02786329779625, 50.688871977497399 ], [ -2.02445650976953, 50.687636242833101 ], [ -2.0368983521882, 50.680502381746003 ], [ -2.04638811694223, 50.681436800252698 ], [ -2.05267156124091, 50.677978982788296 ], [ -2.04646638667178, 50.678996098586197 ], [ -2.05111742503945, 50.677875362433298 ], [ -2.04731336228987, 50.6740487785234 ], [ -2.04651929459752, 50.678079721230901 ], [ -2.03510252849509, 50.679091986883499 ], [ -2.02472109046026, 50.684606544965803 ], [ -2.02980720060183, 50.680614224986002 ], [ -2.02690618820669, 50.6815052637102 ], [ -2.02659843758502, 50.678060044449701 ], [ -2.03269818322415, 50.673422430260899 ], [ -2.02881674209937, 50.674345524079499 ], [ -2.02487719419422, 50.672605390073798 ], [ -2.02725902776199, 50.667963650821299 ], [ -2.02279401118179, 50.672437710734201 ], [ -2.02600208799139, 50.674715823231899 ], [ -2.02320707157072, 50.677599565785101 ], [ -2.02102967907273, 50.6762312748262 ], [ -2.02206573400334, 50.682095391663204 ], [ -2.01144856812292, 50.6827705569047 ], [ -2.00399558679415, 50.677799794452902 ], [ -2.01296626572092, 50.674200146152003 ], [ -2.00941841700842, 50.674704070180901 ], [ -2.00957605365196, 50.670909125738497 ], [ -2.00716549497617, 50.675405698942797 ], [ -1.99857355043308, 50.676632590414201 ], [ -1.99578429352828, 50.673380683467101 ], [ -2.00189198901538, 50.6707377048835 ], [ -1.99573233029697, 50.667154850183998 ], [ -1.99191676934153, 50.672705118535902 ], [ -1.97836639693774, 50.676945290470897 ], [ -1.98524947183026, 50.669901375721899 ], [ -1.98077598558238, 50.663856564722103 ], [ -1.97470842811473, 50.665145853189202 ], [ -1.97820587676979, 50.659263363079802 ], [ -1.97276774428805, 50.664253281565102 ], [ -1.96811958846347, 50.6604966299168 ], [ -1.9711021926418, 50.669413010339298 ], [ -1.96348419121847, 50.670475534948103 ], [ -1.96134087344713, 50.674898353097497 ], [ -1.95805415916443, 50.672336007709099 ], [ -1.94982786014496, 50.680117540024803 ], [ -1.94201167685087, 50.673294469485903 ], [ -1.95229801001409, 50.656419025050099 ], [ -1.95184316555674, 50.650070729975702 ], [ -1.94939373939346, 50.645844818326701 ], [ -1.94082790755989, 50.640689588711098 ], [ -1.92375945775831, 50.642033989158399 ], [ -1.93316107638848, 50.630910490245803 ], [ -1.94379440448778, 50.629169613895897 ], [ -1.9569925773645, 50.6165608027923 ], [ -1.95556577276767, 50.608295874798301 ], [ -1.94409002078993, 50.607458145799598 ], [ -1.95089028735786, 50.603696119046397 ], [ -1.95259119415066, 50.601011271480097 ], [ -1.95135405320766, 50.594645624808997 ], [ -1.96052344937702, 50.591151137991702 ], [ -2.02634590356957, 50.589001780339402 ], [ -2.0396372380934, 50.580173951755697 ], [ -2.0553532610983, 50.576558407774399 ], [ -2.06188134853694, 50.581354609794303 ], [ -2.06435818690037, 50.593649170818601 ], [ -2.07290611017534, 50.592295478600199 ], [ -2.07703076504197, 50.595436738627399 ], [ -2.09838489581647, 50.598124583956398 ], [ -2.10303336813857, 50.597187588735203 ], [ -2.12685004918881, 50.604151301804997 ], [ -2.13441579481619, 50.612615363538403 ], [ -2.14603487208705, 50.608493335313199 ], [ -2.1473571487792, 50.610524127190402 ], [ -2.15777257274533, 50.615410006705801 ], [ -2.18744507083764, 50.614916350888301 ], [ -2.18482578439966, 50.618210407536303 ], [ -2.19308943398211, 50.621720918484399 ], [ -2.20720616949285, 50.622347481341301 ], [ -2.22040504508313, 50.620155060002702 ], [ -2.22421792189496, 50.616704311672599 ], [ -2.2459524867758, 50.616647917141101 ], [ -2.24604332648209, 50.619344812167903 ], [ -2.24953244497576, 50.617025050354698 ], [ -2.27307138505907, 50.622161584537501 ], [ -2.32422101812647, 50.625251082232502 ], [ -2.3387413069399, 50.631984761855001 ], [ -2.36564621584343, 50.630977088363203 ], [ -2.39361565997597, 50.636677366409103 ], [ -2.41116505616438, 50.634114145076197 ], [ -2.42071381622538, 50.636314208456199 ], [ -2.44093938297605, 50.626649861841102 ], [ -2.44742665222617, 50.620608081326097 ], [ -2.45257047745202, 50.612938234259097 ], [ -2.45046285487011, 50.608630653297297 ], [ -2.4437823959794, 50.609026551053098 ], [ -2.45074656273898, 50.604463007370803 ], [ -2.44943919736782, 50.6018506083632 ], [ -2.43364119778714, 50.596594941244902 ], [ -2.44986935612726, 50.601243252380399 ], [ -2.46479899393446, 50.593211334716898 ], [ -2.47240168316337, 50.584523900762903 ], [ -2.498853708766, 50.597422992920599 ], [ -2.49569810090449, 50.602855856527697 ], [ -2.50139023881387, 50.606857709722298 ], [ -2.5067918842434, 50.606116581618402 ], [ -2.5083818440201, 50.6112223147002 ], [ -2.51363667229913, 50.610197363542099 ], [ -2.51749165634176, 50.617857797201097 ], [ -2.53168607861517, 50.617465463939503 ], [ -2.5455685179787, 50.625894341886301 ], [ -2.54884797415127, 50.624885148257697 ], [ -2.55186643539135, 50.627429419763999 ], [ -2.54676526038894, 50.627668479426397 ], [ -2.5452841781843, 50.6308877321338 ], [ -2.55805549075413, 50.630834340712497 ], [ -2.56049586822828, 50.639146559795499 ], [ -2.57025846980974, 50.637562188903303 ], [ -2.59844616891511, 50.649123294787302 ], [ -2.59822095003597, 50.653998672226599 ], [ -2.61145256570102, 50.654046804187601 ], [ -2.5025812505955, 50.597580299271698 ], [ -2.4699438170759, 50.578132719325197 ], [ -2.46952607904143, 50.582427589545603 ], [ -2.46059593843725, 50.571061176879603 ], [ -2.44594463552729, 50.568297142662999 ], [ -2.43269420692928, 50.571192543332103 ], [ -2.43869958825597, 50.569370497942202 ], [ -2.43333926949784, 50.567655893048197 ], [ -2.42243385201977, 50.569218935541798 ], [ -2.42863588225113, 50.5670393032524 ], [ -2.41567856181178, 50.549190434062901 ], [ -2.4190459627631, 50.542235797929301 ], [ -2.43714167624136, 50.5301835586801 ], [ -2.44276915999556, 50.520458028684203 ], [ -2.45715544224948, 50.513437056866998 ], [ -2.45883478409799, 50.516866066388303 ], [ -2.45366447569657, 50.538862361484597 ], [ -2.45641134328987, 50.542457781837399 ], [ -2.44856514729884, 50.558888626481703 ], [ -2.45149861175842, 50.562272995377903 ], [ -2.50400114085703, 50.596552983618601 ], [ -2.59087244179783, 50.642872275130301 ], [ -2.65255110326318, 50.670025426041398 ], [ -2.76289078763048, 50.709695200009399 ], [ -2.76171464070388, 50.711266553413502 ], [ -2.7632813807675, 50.709818350574899 ], [ -2.79363775591863, 50.717964122789098 ], [ -2.80004729591288, 50.717779507354102 ], [ -2.89445578432034, 50.732753826518099 ], [ -2.92089930437522, 50.731823117936401 ], [ -2.93710253200577, 50.722586675184203 ], [ -2.93826289023484, 50.719258827729597 ], [ -2.93424955442062, 50.719110899053597 ], [ -2.94776118613026, 50.7182646696291 ], [ -2.98360945799245, 50.7046641340565 ], [ -2.99514738560341, 50.705465628403701 ], [ -3.01170567309655, 50.699783723969901 ], [ -3.02016493648763, 50.698726882856199 ], [ -3.05777848414489, 50.704055630233299 ], [ -3.05485361776791, 50.7025213706874 ], [ -3.07987491497486, 50.702273472277 ], [ -3.09235393295658, 50.695582303190399 ], [ -3.09612843313564, 50.6852228368071 ], [ -3.18475592546822, 50.684946899094498 ], [ -3.23404043670757, 50.678651648324298 ], [ -3.26183126617225, 50.671870116624298 ], [ -3.2846876570971, 50.653341324488601 ], [ -3.28883300115179, 50.640902560640498 ], [ -3.30609307434285, 50.629483005736503 ], [ -3.30979355425881, 50.6350404680704 ], [ -3.30820694727134, 50.631062830369899 ], [ -3.31198629427716, 50.630901625857199 ], [ -3.30698493649884, 50.629572832921497 ], [ -3.32240508584952, 50.628402394734699 ], [ -3.34921341952711, 50.620094241345903 ], [ -3.35922218228781, 50.614785307966201 ], [ -3.35985583624022, 50.607295609970002 ], [ -3.36597508969369, 50.609880421275697 ], [ -3.38468885331168, 50.606846677855998 ], [ -3.42553699255929, 50.618320987586898 ], [ -3.41661505707977, 50.621538533878301 ], [ -3.41552098849915, 50.629189745450397 ], [ -3.42311926586393, 50.638848375058998 ], [ -3.43279393149388, 50.646100714786499 ], [ -3.45150047954659, 50.679020302730898 ], [ -3.45164405197376, 50.682526768380498 ], [ -3.45632818381495, 50.674893254532101 ], [ -3.479888890768, 50.690777097613299 ], [ -3.48387999881274, 50.6905104837873 ], [ -3.48102961375026, 50.689549403940603 ], [ -3.47700749172681, 50.6841882859853 ], [ -3.4698515445237, 50.682232862063003 ], [ -3.46809483539148, 50.663951760969503 ], [ -3.45641499096321, 50.6561141143155 ], [ -3.44367293738485, 50.6015892897599 ], [ -3.42834033320315, 50.608610269359097 ], [ -3.42795930812505, 50.6115442908254 ], [ -3.42483329136444, 50.611121124583498 ], [ -3.4394037767651, 50.5993184457353 ], [ -3.44778340132339, 50.590282768520602 ], [ -3.45816660920688, 50.584882240677999 ], [ -3.46435949645609, 50.579440965620002 ], [ -3.4687141103481, 50.5739662306692 ], [ -3.46857549108614, 50.563062766876598 ], [ -3.47703050678037, 50.5602912326828 ], [ -3.49643993506539, 50.541692801013703 ], [ -3.50028082098597, 50.540869066086998 ], [ -3.50092906755731, 50.546395329516201 ], [ -3.55900731431162, 50.545518888067299 ], [ -3.56671437529873, 50.542926510823797 ], [ -3.5771105520933, 50.542174740331298 ], [ -3.58057837265816, 50.5393026892839 ], [ -3.59080033929384, 50.538847804369702 ], [ -3.57920206382664, 50.537382697237902 ], [ -3.55102231028188, 50.541114319275302 ], [ -3.54042068875447, 50.538131581609001 ], [ -3.53932985497901, 50.5404304395054 ], [ -3.50978323969302, 50.5428634192114 ], [ -3.49670310182705, 50.5380298190777 ], [ -3.50916742388242, 50.516607818557603 ], [ -3.51522401716698, 50.496119652151698 ], [ -3.51284314501218, 50.485985794198598 ], [ -3.51480198381588, 50.481690024343401 ], [ -3.49729526351796, 50.475837473539102 ], [ -3.50110563458394, 50.471860812994301 ], [ -3.49198651976071, 50.4704742553144 ], [ -3.48901218662456, 50.463803752523397 ], [ -3.480824533607, 50.464028712507798 ], [ -3.48343223797436, 50.460370068453599 ], [ -3.49126631689865, 50.458194182386897 ], [ -3.50414157625236, 50.459615111136998 ], [ -3.51597622984316, 50.4538008814759 ], [ -3.52325282076739, 50.457408218912001 ], [ -3.52888089820848, 50.457186554300897 ], [ -3.52355562757013, 50.461362981635801 ], [ -3.53039596536211, 50.461134694502697 ], [ -3.52913600759967, 50.457752750791698 ], [ -3.53104333582506, 50.458971321447002 ], [ -3.53062719066154, 50.461066309961097 ], [ -3.53402548813658, 50.463093486948203 ], [ -3.54014670200344, 50.460526293583499 ], [ -3.54451476089022, 50.453031767530298 ], [ -3.55316895765202, 50.449302877246097 ], [ -3.55780050993805, 50.4400272276199 ], [ -3.55908423051769, 50.4331155253617 ], [ -3.55559882815209, 50.432548820521397 ], [ -3.55526474613385, 50.428183496812402 ], [ -3.55908828021355, 50.427664230171501 ], [ -3.55512034340095, 50.4066767215322 ], [ -3.54692507577471, 50.404812793362701 ], [ -3.54470197690165, 50.402099148217197 ], [ -3.52808764085194, 50.404700229689901 ], [ -3.52283570291741, 50.402302490835503 ], [ -3.51954111839243, 50.403155462070998 ], [ -3.51067077571989, 50.397733400097799 ], [ -3.5051445671327, 50.399976128479103 ], [ -3.51175309018405, 50.4047911038029 ], [ -3.50447913393557, 50.399980267590401 ], [ -3.49323036089794, 50.401270099812002 ], [ -3.48370470891462, 50.400440445045497 ], [ -3.48243295049384, 50.398968005383601 ], [ -3.48801097817596, 50.397898772034502 ], [ -3.48948870183178, 50.396243751023903 ], [ -3.48858406928767, 50.3943594403368 ], [ -3.49232561673907, 50.393702604757699 ], [ -3.49281418782548, 50.391901467879798 ], [ -3.50136391710843, 50.389700024872297 ], [ -3.50320916729598, 50.384702578910897 ], [ -3.49831755790045, 50.384004654564201 ], [ -3.49613395405618, 50.381528440720302 ], [ -3.5076303087972, 50.379155594766502 ], [ -3.51544784207585, 50.372626962206603 ], [ -3.51609282761012, 50.370677698851303 ], [ -3.51285022044553, 50.368729685843903 ], [ -3.52106461901206, 50.358765108201403 ], [ -3.51477236315841, 50.353368146025801 ], [ -3.51792808597184, 50.346505247624002 ], [ -3.53109317322232, 50.344342813107602 ], [ -3.5343135314148, 50.337154611505298 ], [ -3.54413308291276, 50.335447702434799 ], [ -3.55647557118788, 50.3431193094344 ], [ -3.55968942802481, 50.341928544199497 ], [ -3.5736274409333, 50.347960132287902 ], [ -3.56410362640629, 50.352769206415203 ], [ -3.57030857244567, 50.351496685346497 ], [ -3.57629016582025, 50.363096329797401 ], [ -3.57658824396939, 50.367262382386599 ], [ -3.57036728946413, 50.368529751350998 ], [ -3.57543329350228, 50.3682489983766 ], [ -3.57983299109723, 50.377477456048098 ], [ -3.59165278310164, 50.382339412245202 ], [ -3.57518675433579, 50.3931944165343 ], [ -3.60283330512455, 50.395322425047603 ], [ -3.6096831212868, 50.392305673378701 ], [ -3.62304010432989, 50.4008899587323 ], [ -3.62365277032046, 50.397943965904403 ], [ -3.63244385663471, 50.399973120480901 ], [ -3.63019180896617, 50.403358598867896 ], [ -3.63424494604583, 50.4088051245472 ], [ -3.64767125236599, 50.406238643683899 ], [ -3.64785516632675, 50.404645016012402 ], [ -3.63395379667505, 50.404966082561501 ], [ -3.6439701249301, 50.396891335763698 ], [ -3.66678781380359, 50.394547386225803 ], [ -3.67236104481876, 50.396951576252 ], [ -3.66321114893822, 50.392414849098202 ], [ -3.63536759653825, 50.398002852763298 ], [ -3.62603781335215, 50.391950413735401 ], [ -3.60758333327355, 50.388754241643703 ], [ -3.61433916854718, 50.383755396435703 ], [ -3.60609947881458, 50.385270713069602 ], [ -3.60023710398793, 50.391348677359098 ], [ -3.59407145683346, 50.389737096200399 ], [ -3.59744872415508, 50.384659547812397 ], [ -3.59458886943006, 50.3805930529468 ], [ -3.58058815507125, 50.372060011766301 ], [ -3.58609950966034, 50.362613130229398 ], [ -3.58943212008756, 50.363843916126001 ], [ -3.60133143152292, 50.356314486210003 ], [ -3.58209034168449, 50.3599085933051 ], [ -3.57914775765894, 50.359148035200299 ], [ -3.57636130239074, 50.345497364781401 ], [ -3.57342000918679, 50.342490914792499 ], [ -3.56565097132372, 50.341842522549499 ], [ -3.56353939705906, 50.3354118829388 ], [ -3.57240679702674, 50.330186210073897 ], [ -3.57027985166474, 50.327165606472498 ], [ -3.5890187979524, 50.325631380107403 ], [ -3.59660146712273, 50.3198420358964 ], [ -3.61038144806727, 50.319242055514202 ], [ -3.63377687358432, 50.300854276889901 ], [ -3.64617126319854, 50.2830201377432 ], [ -3.659183848086, 50.2378902291317 ], [ -3.65428578804862, 50.227609394892497 ], [ -3.64109777689934, 50.221786139896402 ], [ -3.64979112656959, 50.2218064576291 ], [ -3.6564500878611, 50.217798164836701 ], [ -3.65940816551594, 50.2204344059516 ], [ -3.68130677565896, 50.222397759827899 ], [ -3.70340860000784, 50.211241533913601 ], [ -3.7082206496384, 50.2054046315072 ], [ -3.71693246191254, 50.205617171528203 ], [ -3.72118747748353, 50.202874943992299 ], [ -3.72607935125928, 50.208176462987403 ], [ -3.7316855146005, 50.207182550783699 ], [ -3.73739423347548, 50.214791449696797 ], [ -3.77267463812416, 50.223896220690101 ], [ -3.76161033027237, 50.236200526005 ], [ -3.74094626095545, 50.239647352633703 ], [ -3.72609027411823, 50.236852126765903 ], [ -3.73913425209881, 50.241071300159902 ], [ -3.7351053240972, 50.242581027723901 ], [ -3.75239574491788, 50.2397613371731 ], [ -3.75646873892211, 50.243096535324803 ], [ -3.75257679981409, 50.245347699273204 ], [ -3.75538241734432, 50.251813408158199 ], [ -3.74719352717312, 50.251597984602903 ], [ -3.74755425178189, 50.2564738022227 ], [ -3.73692977599647, 50.257668303631398 ], [ -3.74505929453167, 50.260145001038502 ], [ -3.72957906915343, 50.263348103667397 ], [ -3.72864735993916, 50.2668355674747 ], [ -3.71997728731297, 50.270550139934898 ], [ -3.728789173136, 50.268893117528499 ], [ -3.7323237099468, 50.264433295204498 ], [ -3.74523466998312, 50.262064419597699 ], [ -3.75689197772265, 50.254864177777002 ], [ -3.75445824432452, 50.260525141168102 ], [ -3.76200031010762, 50.261530802358003 ], [ -3.75803226126553, 50.283629694293701 ], [ -3.76518516434843, 50.271736842258001 ], [ -3.77257494893447, 50.2752013568238 ], [ -3.77591532642585, 50.282558943625403 ], [ -3.77803109626507, 50.279216718255498 ], [ -3.77399061549833, 50.277945503054099 ], [ -3.77513992060397, 50.270128971386796 ], [ -3.76996486312662, 50.269648477427303 ], [ -3.76746990921529, 50.262867860144702 ], [ -3.77181016736895, 50.2600800184074 ], [ -3.78581741772685, 50.265725370803302 ], [ -3.78485724406011, 50.262262024413502 ], [ -3.77680823507233, 50.2608455831407 ], [ -3.7741006698787, 50.257040996476803 ], [ -3.78793557780747, 50.254991355247498 ], [ -3.76489035280528, 50.253967643620697 ], [ -3.75883068588003, 50.240613891823699 ], [ -3.76250463630041, 50.239687548197502 ], [ -3.76807067599769, 50.244342065538497 ], [ -3.77525010176725, 50.243728905845998 ], [ -3.76814031678222, 50.242586254729702 ], [ -3.76616572782652, 50.236258939675501 ], [ -3.77757046628381, 50.229404723811903 ], [ -3.7819010787845, 50.229598699148397 ], [ -3.78079846156203, 50.2157374762551 ], [ -3.78669603542611, 50.215126155487603 ], [ -3.78466764166177, 50.210889171317397 ], [ -3.78990200222948, 50.209943259654601 ], [ -3.79935334295551, 50.214742753437399 ], [ -3.81936324161562, 50.216762087125197 ], [ -3.82524651246365, 50.220558959822498 ], [ -3.82718012568892, 50.223573387150701 ], [ -3.86914334147142, 50.240087301331698 ], [ -3.86984457819142, 50.241199941762297 ], [ -3.85902740345629, 50.242640980115397 ], [ -3.8608499532928, 50.249153492965903 ], [ -3.85808770705541, 50.260779691761897 ], [ -3.86222057634005, 50.264290613801798 ], [ -3.86805022794765, 50.263597178137502 ], [ -3.86907555244151, 50.267423137868299 ], [ -3.88077101899564, 50.2730436304779 ], [ -3.8813641261081, 50.274959436355303 ], [ -3.87996379560704, 50.2817906502979 ], [ -3.86810416175888, 50.279319388318498 ], [ -3.86416662878968, 50.2872121879847 ], [ -3.85232918994261, 50.291036009636002 ], [ -3.85838603575967, 50.2915464714943 ], [ -3.85824744451618, 50.298619152542798 ], [ -3.84213742623019, 50.308978017486297 ], [ -3.83846077599895, 50.307273279717101 ], [ -3.8258280012143, 50.310649205917301 ], [ -3.83888066991521, 50.308510556722503 ], [ -3.83416584618991, 50.310955933961402 ], [ -3.83806580478392, 50.310216182854099 ], [ -3.8372609143393, 50.3124001654067 ], [ -3.83966793101807, 50.309840967465803 ], [ -3.83998946761509, 50.3126052722643 ], [ -3.84924853494983, 50.306558914629903 ], [ -3.85472005646313, 50.309216083171002 ], [ -3.85104807466668, 50.305052479715997 ], [ -3.86291678329396, 50.298307877786897 ], [ -3.86051577959433, 50.291472834359702 ], [ -3.8709958498769, 50.281258866340799 ], [ -3.87980843864313, 50.284616486316096 ], [ -3.89518338183747, 50.281775740024798 ], [ -3.89826143837354, 50.288189778712301 ], [ -3.91029643281483, 50.294069386498201 ], [ -3.92245853527117, 50.296999967624203 ], [ -3.94371408638679, 50.295923621406402 ], [ -3.94673526104673, 50.306922264039002 ], [ -3.93485770023661, 50.323173933863004 ], [ -3.92796658378943, 50.324423405535399 ], [ -3.91997530535248, 50.331677198944199 ], [ -3.92850536132937, 50.325759989006599 ], [ -3.93606521640478, 50.324955380113302 ], [ -3.92685884455364, 50.336705411381402 ], [ -3.9263713601454, 50.3397670526127 ], [ -3.92895817062179, 50.334583031746803 ], [ -3.93449616568174, 50.333160863503998 ], [ -3.9395755366504, 50.327007898159899 ], [ -3.94015039442985, 50.316179070840803 ], [ -3.9609143082929, 50.304525598335502 ], [ -3.99188256253344, 50.307493241763403 ], [ -4.00127401482416, 50.3028142896299 ], [ -4.01400287182827, 50.302641215761497 ], [ -4.02019024798243, 50.294872922762899 ], [ -4.02504782058791, 50.296555434559799 ], [ -4.03867012135073, 50.292925663298597 ], [ -4.04134247281117, 50.294248651059803 ], [ -4.05069598149136, 50.294335958927398 ], [ -4.05257619192189, 50.297927565790403 ], [ -4.05651832420481, 50.296899068118002 ], [ -4.06016058031583, 50.300535813138602 ], [ -4.07541487772385, 50.304046568784102 ], [ -4.07113264996282, 50.309268615339398 ], [ -4.06213183213271, 50.311315533733101 ], [ -4.05334455239888, 50.309575260246802 ], [ -4.04867484259562, 50.312916211124701 ], [ -4.04043071406724, 50.310348497712603 ], [ -4.03192787108066, 50.314276789523397 ], [ -4.04459550940595, 50.312450125333903 ], [ -4.05320990376473, 50.315056877725198 ], [ -4.04304282179024, 50.323971142648801 ], [ -4.04634141470951, 50.324815244745402 ], [ -4.04230728798921, 50.330391057275101 ], [ -4.01573074793729, 50.341043018303502 ], [ -4.03642229936793, 50.339167446004197 ], [ -4.04548780285369, 50.3307528960772 ], [ -4.05105483266591, 50.334891892657701 ], [ -4.05144430061952, 50.338648160958897 ], [ -4.05828199678584, 50.338076627106297 ], [ -4.05259280513146, 50.336732810777001 ], [ -4.04712175515696, 50.327902663984901 ], [ -4.05647938449737, 50.311396011651198 ], [ -4.06935384670481, 50.312206397857501 ], [ -4.08510602139707, 50.3178144345272 ], [ -4.10742747280064, 50.315069634546099 ], [ -4.11293145601687, 50.319324804559798 ], [ -4.11899825525202, 50.319341166639099 ], [ -4.12219543096347, 50.3255213863238 ], [ -4.12142506628383, 50.328472908950303 ], [ -4.1195179958976, 50.329484439594999 ], [ -4.11953405358888, 50.335716552679102 ], [ -4.12873571440284, 50.3373751115628 ], [ -4.12859492570828, 50.3428400419279 ], [ -4.1230254992973, 50.346731326583402 ], [ -4.12325789237522, 50.351117078512999 ], [ -4.1258705200411, 50.356989251869201 ], [ -4.13530368082873, 50.359421286030397 ], [ -4.12827575541082, 50.360722872347502 ], [ -4.12045984002592, 50.357855153786304 ], [ -4.11614757486108, 50.360377357158697 ], [ -4.11352920054849, 50.354201024266601 ], [ -4.10533168090595, 50.356531956059001 ], [ -4.11244555794992, 50.3594301082911 ], [ -4.10883372242589, 50.366570527911101 ], [ -4.09804046572165, 50.366847618853498 ], [ -4.10815423313619, 50.3678960100466 ], [ -4.09930929764047, 50.379735490608702 ], [ -4.0839811291844, 50.386732765988803 ], [ -4.08871025100849, 50.388192259618002 ], [ -4.10433848480243, 50.379852967418898 ], [ -4.11394702689305, 50.362525643810898 ], [ -4.12127481832648, 50.361437965436799 ], [ -4.13317010270242, 50.366395800072098 ], [ -4.13347905385787, 50.363284448173196 ], [ -4.14563496582127, 50.364253553820603 ], [ -4.15280127516363, 50.362308761085401 ], [ -4.15321278582862, 50.366027528213301 ], [ -4.16473861415878, 50.360042104668501 ], [ -4.16519994020603, 50.361643245029398 ], [ -4.16259789319489, 50.363584951744102 ], [ -4.16618591244375, 50.366662892913503 ], [ -4.16845545393978, 50.364131085130097 ], [ -4.18279893639698, 50.366723669385003 ], [ -4.18358694669313, 50.371813372537602 ], [ -4.18148154490139, 50.377155720521202 ], [ -4.18596736902117, 50.382337027566898 ], [ -4.18428358601909, 50.384328872616599 ], [ -4.18731729996325, 50.383914928689997 ], [ -4.19267718179342, 50.3901785598025 ], [ -4.17970267338224, 50.396691584296804 ], [ -4.19454319582552, 50.392086008711999 ], [ -4.20280744967974, 50.396364213665997 ], [ -4.20450512659773, 50.398380311049202 ], [ -4.20393930701037, 50.400358700299797 ], [ -4.19958869018324, 50.402899245960299 ], [ -4.20055354334596, 50.407950233224902 ], [ -4.19234041838316, 50.424682565343403 ], [ -4.17586853058981, 50.421976029067999 ], [ -4.16947293726425, 50.422369500421802 ], [ -4.17660675530472, 50.422569310943402 ], [ -4.18101203441385, 50.425410138960103 ], [ -4.18658921916665, 50.424506599055199 ], [ -4.1898603488086, 50.428453066212001 ], [ -4.17557401868624, 50.433800427175299 ], [ -4.16272974547275, 50.449380184629298 ], [ -4.15648898434074, 50.446493678821298 ], [ -4.16210147762183, 50.450431616720202 ], [ -4.15459339044715, 50.456549571119503 ], [ -4.15693407360384, 50.461886677563697 ], [ -4.15828444448082, 50.456635847984998 ], [ -4.16411222371059, 50.456462820613403 ], [ -4.16959383246094, 50.451956092547903 ], [ -4.18509978859368, 50.434270350079501 ], [ -4.19075896891368, 50.435324209554501 ], [ -4.19132220860737, 50.440843473818099 ], [ -4.19897052201529, 50.445593065784699 ], [ -4.20046151860447, 50.453532216591199 ], [ -4.19586365921527, 50.453757633146303 ], [ -4.19492685684647, 50.4501981889128 ], [ -4.19373829824105, 50.455018296821798 ], [ -4.20146515534417, 50.454424361160598 ], [ -4.21570385781984, 50.468275371958697 ], [ -4.22461117634354, 50.467090809309603 ], [ -4.22950864814129, 50.457122841625001 ], [ -4.23641170400937, 50.4594062607853 ], [ -4.23931112495463, 50.4651809637271 ], [ -4.2429609815601, 50.465991776647201 ], [ -4.23754932795149, 50.457447857236602 ], [ -4.22971598659029, 50.455030349551897 ], [ -4.21765124326894, 50.464447982053301 ], [ -4.21159882448348, 50.456200141969198 ], [ -4.21131859196411, 50.445660274957298 ], [ -4.20306007980928, 50.442538521540598 ], [ -4.20585635101586, 50.440668586436402 ], [ -4.19938034762615, 50.436415356175402 ], [ -4.20375037622745, 50.4299851300973 ], [ -4.21716307127644, 50.429719416922801 ], [ -4.22122499126539, 50.426016433066501 ], [ -4.22635483634145, 50.435593610753202 ], [ -4.23676175065945, 50.4387227945316 ], [ -4.22690314506645, 50.435125253981298 ], [ -4.22825192186622, 50.429627118275498 ], [ -4.22384555327337, 50.425411087052197 ], [ -4.22961838753884, 50.425232221729999 ], [ -4.22275064185691, 50.424249288843399 ], [ -4.22249695426138, 50.4253271637673 ], [ -4.20979817033719, 50.425354174290597 ], [ -4.21163700103723, 50.416630439924198 ], [ -4.20699712870004, 50.409887230783802 ], [ -4.20773643571721, 50.4069721592344 ], [ -4.21346128498476, 50.404786576475999 ], [ -4.21008941180151, 50.403913482591399 ], [ -4.21198219948314, 50.399317487671397 ], [ -4.22980754191154, 50.393846073371698 ], [ -4.22876862044014, 50.397217577991697 ], [ -4.23562318840052, 50.401528383508001 ], [ -4.23281054589767, 50.3936384679076 ], [ -4.24374263676354, 50.389186187783999 ], [ -4.24932939674463, 50.391679466713803 ], [ -4.24719253792639, 50.393886633832999 ], [ -4.25243875435797, 50.393473044091898 ], [ -4.24776249807469, 50.390589948853503 ], [ -4.25272726729467, 50.388297393297798 ], [ -4.24521639841766, 50.387058422483001 ], [ -4.25400441083305, 50.383398460310602 ], [ -4.27108030348117, 50.387181212163 ], [ -4.27063224349918, 50.379513093687997 ], [ -4.27632284428323, 50.377003816902402 ], [ -4.28416333699664, 50.3840628185268 ], [ -4.28005231689794, 50.387981511488697 ], [ -4.284787301149, 50.384458913944798 ], [ -4.28874361215899, 50.387592178629099 ], [ -4.28192443588426, 50.391280844896997 ], [ -4.28718441158587, 50.388899196786603 ], [ -4.28789869528653, 50.391752548925702 ], [ -4.28911964517786, 50.387979627696602 ], [ -4.29031958306572, 50.3904861945229 ], [ -4.28064768479905, 50.398593400202301 ], [ -4.29159473853036, 50.394111109540397 ], [ -4.29351747430045, 50.389026301040097 ], [ -4.30172315818906, 50.392694961161702 ], [ -4.30326399942619, 50.388142835192902 ], [ -4.30864933793293, 50.390424120807403 ], [ -4.30872014009699, 50.387771102150602 ], [ -4.29558831973091, 50.387364619731798 ], [ -4.29608845750421, 50.3859141859079 ], [ -4.29521229027275, 50.3868035655439 ], [ -4.27726635707144, 50.374442621092797 ], [ -4.26815564890936, 50.375249454719103 ], [ -4.2817927685269, 50.371665395107399 ], [ -4.28003428140529, 50.369689606101502 ], [ -4.2701888720007, 50.372880179880397 ], [ -4.26665176101383, 50.369517790934196 ], [ -4.2662191762709, 50.374724160587903 ], [ -4.26054321922208, 50.376630880072298 ], [ -4.24920110958285, 50.374466433580402 ], [ -4.24932488855627, 50.377291019332397 ], [ -4.23341518799429, 50.384110656549403 ], [ -4.23543610372465, 50.387420478151299 ], [ -4.23078276540647, 50.390428578550399 ], [ -4.21176376478014, 50.392637586083403 ], [ -4.20167673679332, 50.3876121883672 ], [ -4.20858666012097, 50.385525788929598 ], [ -4.19877897804403, 50.383135670773903 ], [ -4.20256046333753, 50.379102030318897 ], [ -4.1938771077363, 50.376139353956802 ], [ -4.19476740639604, 50.3718694483427 ], [ -4.20133668059135, 50.370228796259198 ], [ -4.21116494968503, 50.373449426505303 ], [ -4.20768597171329, 50.3696757492324 ], [ -4.21932927122788, 50.366817805097298 ], [ -4.22206492986378, 50.368792125152297 ], [ -4.22535071176782, 50.366875348634402 ], [ -4.23677865798334, 50.3658825491691 ], [ -4.23930486592727, 50.361674793943003 ], [ -4.23518010315648, 50.363815712580099 ], [ -4.21740255885113, 50.362196296574801 ], [ -4.22389446529418, 50.358675061244703 ], [ -4.20935093487686, 50.359346341028598 ], [ -4.20595770208588, 50.361874545520998 ], [ -4.19679559013309, 50.359448500932103 ], [ -4.19624114856046, 50.354038754258198 ], [ -4.20393671047971, 50.348787949968902 ], [ -4.2095249409989, 50.350828851241999 ], [ -4.2085291776033, 50.347030516373302 ], [ -4.19238797790949, 50.350571391946097 ], [ -4.19347174324767, 50.353620773563698 ], [ -4.17633442616615, 50.360270433163002 ], [ -4.16709195529336, 50.350316686544602 ], [ -4.17036304361646, 50.342966360807999 ], [ -4.18810735707537, 50.3408732661239 ], [ -4.20122722558893, 50.332930754007499 ], [ -4.20087546619061, 50.329543746057297 ], [ -4.18964092365579, 50.323721533949502 ], [ -4.18837136254808, 50.317671345134201 ], [ -4.21059473445096, 50.318325555854003 ], [ -4.22131285573098, 50.314632163476098 ], [ -4.22308676680219, 50.311940199609403 ], [ -4.22506736108035, 50.3152908655793 ], [ -4.22377831509669, 50.3167017828615 ], [ -4.22728978114199, 50.319050121250797 ], [ -4.21971423633901, 50.322447544831803 ], [ -4.22034844245105, 50.326050373571398 ], [ -4.24486659533777, 50.342131225693699 ], [ -4.28270553294373, 50.356835219028902 ], [ -4.31613701194404, 50.361488574054697 ], [ -4.3649120648485, 50.360045191798598 ], [ -4.38697130300878, 50.365693590496001 ], [ -4.43650531635264, 50.361048947682697 ], [ -4.45113027819672, 50.350898216438701 ], [ -4.45941058514264, 50.369627185948801 ], [ -4.45938800650217, 50.359126892617503 ], [ -4.46427169657184, 50.358943437595499 ], [ -4.46903499120745, 50.363566506028803 ], [ -4.48365215356014, 50.364124829956502 ], [ -4.4694089336944, 50.362643794730502 ], [ -4.46393781250247, 50.357790213154402 ], [ -4.45724233399195, 50.358282746704198 ], [ -4.45142852025735, 50.350560135881899 ], [ -4.45244037278932, 50.344899839984301 ], [ -4.47306821008231, 50.338559303552302 ], [ -4.47351157414871, 50.333153450700898 ], [ -4.49762796958191, 50.337362105636899 ], [ -4.50174409720679, 50.330663175388402 ], [ -4.51830880405492, 50.331347854900798 ], [ -4.51686511235127, 50.330710604460997 ], [ -4.52704300914322, 50.326728330941698 ], [ -4.54925196974252, 50.3242131486655 ], [ -4.57844374657863, 50.332539919028399 ], [ -4.58746066603321, 50.332079399274903 ], [ -4.59842465393818, 50.323887696761098 ], [ -4.60664714759507, 50.328948573512399 ], [ -4.61842562041777, 50.3238748348409 ], [ -4.63433783217539, 50.324849552715698 ], [ -4.63672411744061, 50.3257304904553 ], [ -4.63789588277919, 50.328425276640402 ], [ -4.60883219412556, 50.338284138120301 ], [ -4.62970619065718, 50.334516971040799 ], [ -4.63144793794222, 50.341365148816699 ], [ -4.62742110585657, 50.3479111847928 ], [ -4.63608837067161, 50.347340755556402 ], [ -4.63595289006247, 50.358116579387001 ], [ -4.60766274126578, 50.359396052880903 ], [ -4.63595842766601, 50.360069277143097 ], [ -4.63363975915907, 50.3792456854666 ], [ -4.61984413307074, 50.3820274330239 ], [ -4.615847557023, 50.3855310326622 ], [ -4.63588694816803, 50.379892756498499 ], [ -4.63796658525472, 50.373106338489798 ], [ -4.66237590051775, 50.389754086060201 ], [ -4.64968334426941, 50.377051928322103 ], [ -4.63873865333631, 50.370392084460903 ], [ -4.63887217683818, 50.354167954423097 ], [ -4.64176509405121, 50.354588880603401 ], [ -4.63734934532585, 50.352135400929299 ], [ -4.63762733161144, 50.346650094590402 ], [ -4.63123763301372, 50.3446549314923 ], [ -4.63355852973844, 50.337204397917603 ], [ -4.64210210958857, 50.330954392074801 ], [ -4.64785203388093, 50.327184883523898 ], [ -4.65179279504502, 50.3264646617598 ], [ -4.65165598551377, 50.324854690183003 ], [ -4.65449085408433, 50.3232151468046 ], [ -4.66759605694247, 50.323073454596503 ], [ -4.67296376008599, 50.314033620941998 ], [ -4.68473333879131, 50.320108007044702 ], [ -4.68144332331004, 50.337807217647601 ], [ -4.68864650875664, 50.341043686918297 ], [ -4.69156562205375, 50.346830273009601 ], [ -4.7022027632811, 50.346955352408699 ], [ -4.70023526436016, 50.344509852768802 ], [ -4.70567888320231, 50.345465356802102 ], [ -4.70445847098091, 50.342294141365599 ], [ -4.7016381964188, 50.3431413678219 ], [ -4.70596218579193, 50.340236141386697 ], [ -4.75683595681938, 50.331033844568601 ], [ -4.76683495655261, 50.322067282532998 ], [ -4.76510304862942, 50.312999929066102 ], [ -4.75433818444089, 50.306153699878401 ], [ -4.75259254473066, 50.298846878030602 ], [ -4.76269443436222, 50.300725613707698 ], [ -4.78119012187568, 50.290155704817501 ], [ -4.78437121382384, 50.284591514633902 ], [ -4.77781095760279, 50.279052657143303 ], [ -4.78398055765154, 50.2750613076146 ], [ -4.7825890154552, 50.269517610926698 ], [ -4.787007181703, 50.269469223449903 ], [ -4.78186269564934, 50.269164288925097 ], [ -4.78569676333519, 50.261807861206599 ], [ -4.76705792509417, 50.256734751063703 ], [ -4.77087192138271, 50.2558701967452 ], [ -4.76868528549397, 50.254360756910799 ], [ -4.7854368884441, 50.245618875580398 ], [ -4.78824418147908, 50.241251739037999 ], [ -4.78096616157119, 50.237489896593203 ], [ -4.798232366153, 50.230164860993597 ], [ -4.79883372687678, 50.219440537107097 ], [ -4.8053363933615, 50.2188868523452 ], [ -4.81318324544029, 50.229817217793801 ], [ -4.83066724743399, 50.230264034229499 ], [ -4.83212844816664, 50.233362430553797 ], [ -4.83843212114717, 50.232012131112498 ], [ -4.84147586069216, 50.2368789353661 ], [ -4.84683625343811, 50.235218579457502 ], [ -4.8629347859456, 50.235966077735597 ], [ -4.87368987409113, 50.231197280986997 ], [ -4.8760020455253, 50.224831474073703 ], [ -4.88299365250362, 50.224070649968397 ], [ -4.89588035292933, 50.213070173891701 ], [ -4.90086736984199, 50.213843639549602 ], [ -4.90286077416417, 50.212229295375003 ], [ -4.9037906938058, 50.2062644514887 ], [ -4.91070295837648, 50.2052809874153 ], [ -4.91093366791517, 50.2002538022452 ], [ -4.91877566639282, 50.196223871043998 ], [ -4.92179831845663, 50.195649444796501 ], [ -4.9229039374455, 50.201885347684801 ], [ -4.93362681155178, 50.207089699632903 ], [ -4.9475593343997, 50.205290292592402 ], [ -4.95759464655832, 50.2022266351116 ], [ -4.96865178947815, 50.192118340953002 ], [ -4.96757198058602, 50.185871389176697 ], [ -4.97362479580827, 50.185649955428403 ], [ -4.97251183771098, 50.164660768588199 ], [ -4.98386126803224, 50.157808064547801 ], [ -4.98193813693263, 50.151812401989702 ], [ -4.99598917399758, 50.148565538662901 ], [ -5.00936177850886, 50.139531176355902 ], [ -5.01497772335758, 50.140498345351297 ], [ -5.01745081607699, 50.149323438961197 ], [ -5.00943632111266, 50.154058495411597 ], [ -5.0039557722408, 50.150716096407599 ], [ -4.99882175929851, 50.161683664436403 ], [ -4.99471994075461, 50.162120786250902 ], [ -4.99714313274254, 50.163055762917999 ], [ -4.99384699366339, 50.1680362703352 ], [ -5.0015442977516, 50.167566708964102 ], [ -4.98857996181963, 50.178497404798399 ], [ -4.99648183630084, 50.175248572833901 ], [ -4.99664346642556, 50.1736242681934 ], [ -5.00594093982212, 50.1708065805243 ], [ -5.0006159938141, 50.165268006010699 ], [ -5.00601870135922, 50.1614921212417 ], [ -5.00495558791503, 50.157169021792001 ], [ -5.01378200313181, 50.159129078688103 ], [ -5.02380085537048, 50.154755586875403 ], [ -5.02747857333407, 50.157890752817202 ], [ -5.01833168650578, 50.182100210606201 ], [ -5.0139734921241, 50.183637826611999 ], [ -5.01438308433253, 50.190449587056399 ], [ -5.0166402452646, 50.185606915823101 ], [ -5.02569409864205, 50.182194005955303 ], [ -5.03490774760695, 50.203361885560298 ], [ -5.03181798182595, 50.205451396749197 ], [ -5.02674190195686, 50.204000535051897 ], [ -5.02954272158132, 50.206043326216097 ], [ -5.02306108348173, 50.211600808110298 ], [ -5.02423417165477, 50.2207793606091 ], [ -5.00896820570437, 50.2266769591021 ], [ -5.00619631290569, 50.222130211338303 ], [ -4.99449526736913, 50.224743604057302 ], [ -4.99218874317727, 50.221544770298301 ], [ -4.99278880714861, 50.224632855002 ], [ -4.98208500873079, 50.2266885089022 ], [ -4.97977778327153, 50.221328711239899 ], [ -4.97916937138163, 50.227087196360998 ], [ -4.97191010799976, 50.225852783184102 ], [ -4.9708742771401, 50.228226287904 ], [ -4.98179108842871, 50.229504533680398 ], [ -4.98271341276639, 50.232327105241502 ], [ -4.96569644223519, 50.232306914568298 ], [ -4.96709579092363, 50.234740453352302 ], [ -4.96485405817109, 50.238007388261202 ], [ -4.96731840791916, 50.240286931972598 ], [ -4.97229210121365, 50.235822879863299 ], [ -4.97870545743738, 50.237974057041001 ], [ -4.97490848300543, 50.234392144206197 ], [ -4.98417207345986, 50.232868055297601 ], [ -4.98481918207991, 50.2286809856611 ], [ -4.99182174405464, 50.226364278392701 ], [ -5.00153952053676, 50.224915242451402 ], [ -5.00724628096519, 50.228563811217299 ], [ -5.01469302620462, 50.227872302262 ], [ -5.01632374656295, 50.234340264034898 ], [ -5.01211179494231, 50.240828479648599 ], [ -5.02171914902664, 50.245163990589297 ], [ -5.01025764143237, 50.249018684188002 ], [ -5.00581143181277, 50.266367849614603 ], [ -4.99155528801595, 50.2798875204235 ], [ -5.00293624017498, 50.273488519655501 ], [ -5.00945212847462, 50.2648351733799 ], [ -5.01543686077143, 50.255696816153801 ], [ -5.01151287122432, 50.251391609489701 ], [ -5.02104312088665, 50.2493916763787 ], [ -5.02801536698976, 50.242949905586499 ], [ -5.03445017462349, 50.249643085028403 ], [ -5.0409872953178, 50.252188206361403 ], [ -5.04699674029208, 50.263024029271897 ], [ -5.05015966142303, 50.264101782687 ], [ -5.03922971349415, 50.249152934211899 ], [ -5.05048396797409, 50.248251646202803 ], [ -5.03544731190383, 50.246062813177197 ], [ -5.02989966929026, 50.241696262604002 ], [ -5.03130641213965, 50.238180896350997 ], [ -5.02259608009196, 50.243009273088198 ], [ -5.01601145291828, 50.240631947169497 ], [ -5.02421128865191, 50.235069770145998 ], [ -5.01841867319248, 50.225883504259897 ], [ -5.02935409338063, 50.223457034740598 ], [ -5.03282292789325, 50.227915681809698 ], [ -5.03904176410815, 50.229540612464199 ], [ -5.04433107053775, 50.2275327663219 ], [ -5.03956211815815, 50.228373714694399 ], [ -5.03114494378335, 50.224300888258099 ], [ -5.04165223212393, 50.2210062665118 ], [ -5.02899077313181, 50.221088657953402 ], [ -5.02840973986212, 50.209951913979197 ], [ -5.03890700970998, 50.212652589336599 ], [ -5.0360352893046, 50.209640320258799 ], [ -5.04225747255676, 50.204853208709203 ], [ -5.04806795313626, 50.209021943352397 ], [ -5.04387189790318, 50.203333258137299 ], [ -5.05023742975155, 50.202315199205103 ], [ -5.05899797566668, 50.193370489437498 ], [ -5.05784929326849, 50.198305280286696 ], [ -5.06493600740441, 50.202672240315401 ], [ -5.06661584036735, 50.210462465421102 ], [ -5.07013428745912, 50.205660078311602 ], [ -5.08297032912966, 50.209761180715702 ], [ -5.09669942774452, 50.211171279456401 ], [ -5.08745447792194, 50.207414571132098 ], [ -5.07631097554648, 50.205586565684797 ], [ -5.07380033876363, 50.199849736837898 ], [ -5.05943277349517, 50.191820169559897 ], [ -5.05621531725981, 50.189240125385197 ], [ -5.05495293856039, 50.184786882438999 ], [ -5.05652007843521, 50.1805765992993 ], [ -5.06080325380981, 50.178461516237597 ], [ -5.07733845433828, 50.184245055283299 ], [ -5.06505863990306, 50.177733037596397 ], [ -5.05720414572505, 50.178219126565097 ], [ -5.04485764171437, 50.174985272262099 ], [ -5.04575398893489, 50.1713641011305 ], [ -5.0554495178506, 50.161868927046598 ], [ -5.06476185376037, 50.161582552104903 ], [ -5.06833106639089, 50.161700598154297 ], [ -5.07474316710084, 50.167469630334402 ], [ -5.08475546980516, 50.166944752690497 ], [ -5.09148311470645, 50.170579156472201 ], [ -5.09379849794282, 50.1675469315947 ], [ -5.10221132350524, 50.169789011932899 ], [ -5.09724500593252, 50.167455873725601 ], [ -5.10088218492277, 50.166352073435398 ], [ -5.08331619798975, 50.162971734275501 ], [ -5.08084705403599, 50.1650587115791 ], [ -5.06531019077397, 50.152553326664801 ], [ -5.05905874642057, 50.1514943838542 ], [ -5.05657474083527, 50.153827259496502 ], [ -5.05891660557067, 50.156653428561299 ], [ -5.05447785510587, 50.156928625071103 ], [ -5.05592693592507, 50.153636964728904 ], [ -5.05223515179903, 50.153154438509802 ], [ -5.04926506560811, 50.155778902484101 ], [ -5.0421041128109, 50.144379621141198 ], [ -5.05505946767663, 50.148321651345299 ], [ -5.07677195370431, 50.139293640879799 ], [ -5.07294570825274, 50.1343240211812 ], [ -5.09339101856256, 50.126170072188401 ], [ -5.09136160967852, 50.124564324139698 ], [ -5.09128366969396, 50.114379705484097 ], [ -5.08150146685756, 50.109886549842301 ], [ -5.09757543589506, 50.1007399153874 ], [ -5.10027107481091, 50.099967088008299 ], [ -5.11130787404353, 50.104002832813798 ], [ -5.12409226633985, 50.099119815193902 ], [ -5.14037732400965, 50.100162592418599 ], [ -5.13943297192447, 50.1059460205758 ], [ -5.13020354482069, 50.110251591403198 ], [ -5.13782807556591, 50.111715332800102 ], [ -5.14101550404584, 50.106256887886403 ], [ -5.144977018407, 50.107219044399201 ], [ -5.1421085030379, 50.1040266731965 ], [ -5.14533347886248, 50.098688068044403 ], [ -5.16315174339144, 50.096752011337699 ], [ -5.15927632440074, 50.108097317669099 ], [ -5.1636519700597, 50.112766706056803 ], [ -5.16288218697655, 50.103995841837502 ], [ -5.1658504791569, 50.102429622313402 ], [ -5.17016312256538, 50.105783463535197 ], [ -5.16500768086752, 50.101463045415997 ], [ -5.16928107642852, 50.099776561663496 ], [ -5.16552028651985, 50.096287455573801 ], [ -5.15942921599738, 50.093972365075999 ], [ -5.1910125367629, 50.089676625659799 ], [ -5.1859841237632, 50.088157346953402 ], [ -5.19450994958511, 50.082743775687199 ], [ -5.19212540713733, 50.080039483341402 ], [ -5.19290511806983, 50.083188302281499 ], [ -5.18480853318962, 50.087930635111498 ], [ -5.17874627111327, 50.089672165675502 ], [ -5.17887619071339, 50.085909985344799 ], [ -5.17739344518, 50.089344850363702 ], [ -5.15471157803898, 50.093194489361501 ], [ -5.14752206106823, 50.085339112366 ], [ -5.15093522944504, 50.094101351633498 ], [ -5.14132999690033, 50.096418301570203 ], [ -5.13380006258027, 50.095404744098801 ], [ -5.13560451653462, 50.091085595963399 ], [ -5.12502801841788, 50.096271905870502 ], [ -5.10931346067238, 50.094893026840801 ], [ -5.10223137349104, 50.0930786311961 ], [ -5.09299234196458, 50.088142469982103 ], [ -5.10178838373434, 50.089155344447903 ], [ -5.11789110908286, 50.082308728172499 ], [ -5.101071637335, 50.087258357379703 ], [ -5.09866353635808, 50.085595371432802 ], [ -5.08102640120414, 50.083064307009799 ], [ -5.07607700305361, 50.085467748098502 ], [ -5.07955440273554, 50.068761972845699 ], [ -5.06770120074566, 50.067630392465801 ], [ -5.06161879776332, 50.061235863474103 ], [ -5.06419888963829, 50.055578311404197 ], [ -5.05782603466165, 50.052791295003502 ], [ -5.06623827745589, 50.048229510520997 ], [ -5.06893706736083, 50.035043606564798 ], [ -5.08922730394991, 50.031286956404202 ], [ -5.09698131732878, 50.026058478470098 ], [ -5.09114707430276, 50.015710260488198 ], [ -5.09575853123154, 50.015623205974101 ], [ -5.10137981771245, 50.004207054898501 ], [ -5.10616957488085, 50.0048246136475 ], [ -5.1126160867176, 50.002867801626003 ], [ -5.12239418031518, 50.009251250945603 ], [ -5.13318817804916, 50.0079704629117 ], [ -5.13252554419611, 50.005230123251003 ], [ -5.13791565254656, 50.008197961241102 ], [ -5.15672955654332, 50.007635941299903 ], [ -5.16663255993957, 50.003734981063097 ], [ -5.17181848306692, 49.997659255228101 ], [ -5.17036473607677, 49.990986891669301 ], [ -5.17986144126886, 49.986831314080298 ], [ -5.18232158836238, 49.982155809312999 ], [ -5.18615802352798, 49.979352512286098 ], [ -5.18881775525135, 49.973646783499298 ], [ -5.1832753686362, 49.967113936160104 ], [ -5.18561735834665, 49.963105564159001 ], [ -5.19696383967157, 49.963942946180701 ], [ -5.19877944918994, 49.958961859930099 ], [ -5.21571890931189, 49.9595251537922 ], [ -5.21888056186158, 49.970979658913201 ], [ -5.23709469738624, 49.976610719259597 ], [ -5.246345205592, 49.976429594955398 ], [ -5.24739709124708, 49.977727117414297 ], [ -5.24611170049509, 49.982017685821198 ], [ -5.24386510204387, 49.983955026061302 ], [ -5.2550537524244, 49.988234952883701 ], [ -5.25135122542063, 49.991390405186401 ], [ -5.25454106140103, 49.996573731176198 ], [ -5.26691348797681, 50.000643849038497 ], [ -5.26819486466197, 50.005901252096102 ], [ -5.25847392177923, 50.013018488508003 ], [ -5.26133558324166, 50.016697552802903 ], [ -5.25592344864229, 50.021629523652003 ], [ -5.26623673572968, 50.0293399814841 ], [ -5.26151614805417, 50.033606724040602 ], [ -5.27158829192566, 50.041093130910298 ], [ -5.28022693985411, 50.043065818906598 ], [ -5.27563721757306, 50.050272122749199 ], [ -5.29698836245581, 50.070338005158398 ], [ -5.31834808722661, 50.081628721886403 ], [ -5.31628439037373, 50.085195274098403 ], [ -5.32167800661445, 50.082333345662597 ], [ -5.33489382887877, 50.091407241569499 ], [ -5.34626018841627, 50.092534618536597 ], [ -5.3632231657209, 50.089071767491802 ], [ -5.36626590784312, 50.093669554954303 ], [ -5.37036524497226, 50.093446831400598 ], [ -5.37495158836067, 50.097645517888203 ], [ -5.39171279099839, 50.1034928870424 ], [ -5.39754254705351, 50.100762748865002 ], [ -5.40893046307697, 50.104522062685398 ], [ -5.41557254097399, 50.102035201437502 ], [ -5.41522482491708, 50.099900683564599 ], [ -5.41872250943559, 50.101152536874601 ], [ -5.42923552502698, 50.096991999835602 ], [ -5.42910125460172, 50.105404714838897 ], [ -5.44195150786648, 50.1121800865822 ], [ -5.45047205233629, 50.112336288187102 ], [ -5.45464200696695, 50.115938928554698 ], [ -5.45486314771576, 50.117814998058599 ], [ -5.46291117960882, 50.123080971130598 ], [ -5.47121863280965, 50.121895211027898 ], [ -5.47982283770988, 50.126036688224097 ], [ -5.49617718550506, 50.128691863690698 ], [ -5.52796933243259, 50.125084914996997 ], [ -5.53126557442322, 50.122509692071297 ], [ -5.53072969509722, 50.121148765721799 ], [ -5.53360954152895, 50.117498205638398 ], [ -5.53017099896146, 50.1176149747686 ], [ -5.53113930540264, 50.114145725479801 ], [ -5.5374162441716, 50.113915216442699 ], [ -5.54858839151167, 50.106632743955501 ], [ -5.54650520027076, 50.104587832953797 ], [ -5.54890722363536, 50.105851671638597 ], [ -5.5489132387064, 50.103449527857997 ], [ -5.54568399720987, 50.101337348588999 ], [ -5.5427391598642, 50.103026056728602 ], [ -5.53321941665169, 50.088515513202204 ], [ -5.5391754423148, 50.083076206173999 ], [ -5.53987473284392, 50.077436836409497 ], [ -5.55049311202937, 50.062183420310397 ], [ -5.55476441989879, 50.059860150877903 ], [ -5.5632815916018, 50.062491139961601 ], [ -5.56372702559451, 50.058225554561702 ], [ -5.57701566844517, 50.051821458708297 ], [ -5.58442675765923, 50.053318540929503 ], [ -5.58995450244113, 50.050246910393597 ], [ -5.59617652194776, 50.052638926481499 ], [ -5.6076786285341, 50.048270167146399 ], [ -5.61916690748157, 50.051228998259802 ], [ -5.62930168630434, 50.047475402213998 ], [ -5.62805817368625, 50.044564053229401 ], [ -5.63432487251738, 50.044042256656603 ], [ -5.63641069469374, 50.040046625797899 ], [ -5.64270946451246, 50.044604145424699 ], [ -5.6503680094828, 50.042887762512002 ], [ -5.65336539935155, 50.0378662667217 ], [ -5.65827753520469, 50.039428318376103 ], [ -5.67938467841193, 50.035083391338901 ], [ -5.69176788131622, 50.045026282625599 ], [ -5.68838432193935, 50.048562746473003 ], [ -5.69586000107618, 50.0498234023256 ], [ -5.69262061863037, 50.054053744300802 ], [ -5.71076300047584, 50.057999108015899 ], [ -5.71697949558696, 50.0686729814241 ], [ -5.70947867320735, 50.071269513890996 ], [ -5.70790976960028, 50.077911375637797 ], [ -5.69481284522162, 50.080478425868897 ], [ -5.68903190325079, 50.088515796788499 ], [ -5.69095801999609, 50.093159273772997 ], [ -5.69751726843294, 50.098918055943898 ], [ -5.70048043756093, 50.119440280147401 ], [ -5.70961815359358, 50.127274362688397 ], [ -5.70227327869907, 50.130155239505299 ], [ -5.70481556459894, 50.134874042133902 ], [ -5.69355894736034, 50.137942882857203 ], [ -5.69313394466404, 50.148939065211103 ], [ -5.67171101224638, 50.161991681250903 ], [ -5.67305599707322, 50.166306340912101 ], [ -5.65688647856707, 50.164286295591701 ], [ -5.64678347765911, 50.1686043642841 ], [ -5.62910762009336, 50.167729831414199 ], [ -5.62590994938207, 50.169195887270199 ], [ -5.61490285551176, 50.181820560627401 ], [ -5.60702770297913, 50.180989613875497 ], [ -5.60891414856701, 50.185065889868397 ], [ -5.59857964944181, 50.190439418414798 ], [ -5.60066634916886, 50.1932509493815 ], [ -5.59557749406316, 50.188662965703898 ], [ -5.59085260555622, 50.188722907811602 ], [ -5.58930528093414, 50.191968218585103 ], [ -5.58469426835871, 50.191401810112502 ], [ -5.58495458944226, 50.1955246878765 ], [ -5.57742066835348, 50.195010865577999 ], [ -5.57568430411999, 50.200972508861902 ], [ -5.57165391452876, 50.1983004700649 ], [ -5.56545201704053, 50.1996166206889 ], [ -5.55517185796955, 50.204225233600198 ], [ -5.55496370179456, 50.2093237293006 ], [ -5.54327059185299, 50.211613766751597 ], [ -5.53868843800676, 50.216206923318602 ], [ -5.5269073141642, 50.213670383235097 ], [ -5.50160706397338, 50.218767557119897 ], [ -5.49614384504124, 50.218866098755399 ], [ -5.48447209345249, 50.214932279569297 ], [ -5.47567517224025, 50.2188765334243 ], [ -5.4796805861541, 50.212977124808504 ], [ -5.47391654949015, 50.208808216628398 ], [ -5.46917489415706, 50.200178230900399 ], [ -5.43675893868638, 50.193391938594303 ], [ -5.43075998911467, 50.186755521058103 ], [ -5.4357012168676, 50.185299452527197 ], [ -5.4413632773128, 50.176239540371498 ], [ -5.43674717490199, 50.175964352357703 ], [ -5.43112797687059, 50.178795378653099 ], [ -5.43325119620741, 50.183453034334299 ], [ -5.42892838960157, 50.186439041767997 ], [ -5.43375647510082, 50.190582857252402 ], [ -5.42167831160669, 50.184592936785499 ], [ -5.42234409340588, 50.188319253017298 ], [ -5.40700864077531, 50.1928019700267 ], [ -5.4137328595817, 50.193161216494303 ], [ -5.42251632120005, 50.188453740608203 ], [ -5.43363286935838, 50.1936716044546 ], [ -5.4084191535223, 50.210412439416899 ], [ -5.39165282028383, 50.228711029246 ], [ -5.39569837903282, 50.240404139606099 ], [ -5.38471246462019, 50.239759647711999 ], [ -5.37801701863543, 50.244037013658399 ], [ -5.37323119419373, 50.237127570621098 ], [ -5.36199027876929, 50.237121732015197 ], [ -5.35594171129361, 50.240454032556499 ], [ -5.34081757973173, 50.238251047249001 ], [ -5.33064930909894, 50.242134869173 ], [ -5.32215111167014, 50.2468008181391 ], [ -5.30201891479023, 50.262065762833302 ], [ -5.29514151305722, 50.261008739862 ], [ -5.29272636949934, 50.263694257728801 ], [ -5.28936676479433, 50.2611310700117 ], [ -5.29189523427673, 50.263978386086997 ], [ -5.28525645568801, 50.265006044103103 ], [ -5.28789537990456, 50.267627299154398 ], [ -5.27898276988809, 50.2733973694694 ], [ -5.26350613898473, 50.2748835453555 ], [ -5.26172759361152, 50.279740909788998 ], [ -5.25072818664762, 50.281830670605203 ], [ -5.24262899493606, 50.287160557150301 ], [ -5.23392916599194, 50.304878867530398 ], [ -5.23404434044549, 50.318739456520902 ], [ -5.22104429617551, 50.322425014975998 ], [ -5.20064806249388, 50.3205810093162 ], [ -5.19392465993462, 50.325865702403 ], [ -5.19144447824005, 50.325984367875698 ], [ -5.1898047759576, 50.331984735492902 ], [ -5.18101762653556, 50.334395946887 ], [ -5.18133070702981, 50.340406035297498 ], [ -5.16988063090609, 50.341339687455701 ], [ -5.15741528933425, 50.347761134482603 ], [ -5.15386655699988, 50.3461438450055 ], [ -5.14662456388908, 50.375312932422901 ], [ -5.15587446307057, 50.379384181627302 ], [ -5.14955764256286, 50.381639376905902 ], [ -5.15760863146944, 50.389462360229402 ], [ -5.14360957743645, 50.388914310305204 ], [ -5.1469297537842, 50.390243974096201 ], [ -5.14281080401266, 50.395535226554003 ], [ -5.14957598203465, 50.401694183787001 ], [ -5.14510345321753, 50.404695431574403 ], [ -5.13567527426513, 50.401217137434003 ], [ -5.13841009863089, 50.403923047923797 ], [ -5.13540706358094, 50.4086139462962 ], [ -5.12603863992044, 50.403935220271897 ], [ -5.10899608018686, 50.408854118512899 ], [ -5.10139233959402, 50.4077627237615 ], [ -5.09953850340819, 50.404658274356898 ], [ -5.09818781264155, 50.406542895890702 ], [ -5.08751966941862, 50.403643165933197 ], [ -5.08317636834076, 50.404080477298599 ], [ -5.09394202432125, 50.407853297954098 ], [ -5.12179491493805, 50.4099072829693 ], [ -5.12379749625692, 50.412898194072802 ], [ -5.10137953280293, 50.413578827357497 ], [ -5.09780103921239, 50.418865634448601 ], [ -5.09957213413374, 50.425107747429401 ], [ -5.09403752751623, 50.420809075102497 ], [ -5.0868506592399, 50.418369141631601 ], [ -5.08526431829244, 50.415094253035797 ], [ -5.07468977721508, 50.416936967965498 ], [ -5.06489876030812, 50.421879541300697 ], [ -5.06594928039048, 50.423849400297101 ], [ -5.0648960638848, 50.424610708416701 ], [ -5.06025221235309, 50.4241501054886 ], [ -5.05469330823253, 50.425905616770599 ], [ -5.0634089547125, 50.426918231592303 ], [ -5.05519103643993, 50.427993011931697 ], [ -5.04246183545353, 50.444149178652502 ], [ -5.03944063863132, 50.453057350595799 ], [ -5.0427765993808, 50.457999161541899 ], [ -5.03812456295651, 50.460265720316301 ], [ -5.0410159624671, 50.464398268325397 ], [ -5.03264105285814, 50.465918619879901 ], [ -5.03869096273881, 50.472846107049001 ], [ -5.03612946851591, 50.479910509254097 ], [ -5.03517047058715, 50.494243489758702 ], [ -5.04679059455401, 50.4977942993347 ], [ -5.0413425558978, 50.498912882907 ], [ -5.04197161837455, 50.500966737838702 ], [ -5.03440193458442, 50.503922032618597 ], [ -5.03152419914399, 50.509492481973702 ], [ -5.02125551363502, 50.509233300416398 ], [ -5.02812833680154, 50.511021945872798 ], [ -5.02946038868259, 50.514149106312999 ], [ -5.02609667610715, 50.520234921130999 ], [ -5.02911870820259, 50.520208072972203 ], [ -5.02628370098962, 50.523509807562903 ], [ -5.02844558700418, 50.524348653961603 ], [ -5.02263249605587, 50.526521957906297 ], [ -5.02648749483123, 50.529450586531198 ], [ -5.02267150012636, 50.532649567684103 ], [ -5.02422225891532, 50.5386668093496 ], [ -5.0351999744426, 50.545527895367499 ], [ -5.03969390034343, 50.545072386731 ], [ -5.03659236790489, 50.549436897423497 ], [ -5.02432064806687, 50.551583530117298 ], [ -5.01923817393275, 50.545250511994197 ], [ -5.00358490801866, 50.546514621842398 ], [ -5.00475258376783, 50.543142700369302 ], [ -4.9982892437323, 50.540259983585301 ], [ -4.99376186617135, 50.542751784788202 ], [ -4.98380350460812, 50.542222730499297 ], [ -4.97764037479962, 50.545359015964699 ], [ -4.98079708049445, 50.547686435542303 ], [ -4.97653793357771, 50.549417122827997 ], [ -4.97213552064503, 50.557759546608501 ], [ -4.96227280271605, 50.559364517572803 ], [ -4.95457016104937, 50.562943763896698 ], [ -4.95600100914065, 50.5655728034532 ], [ -4.95218441576462, 50.569169658470301 ], [ -4.94527907070599, 50.568628303499899 ], [ -4.94986140641218, 50.556200658729999 ], [ -4.93984026085775, 50.5539778252232 ], [ -4.93516392705429, 50.548315695925403 ], [ -4.93434165942817, 50.546364347392299 ], [ -4.93810253112328, 50.541294242598198 ], [ -4.93084761550816, 50.529967939529897 ], [ -4.9386856724409, 50.527357409263601 ], [ -4.9357161770613, 50.5271238219335 ], [ -4.94209306964869, 50.520386221183202 ], [ -4.93625927286234, 50.511576042670598 ], [ -4.93775471990604, 50.524661652079701 ], [ -4.92904539438229, 50.524478199593702 ], [ -4.92949469877939, 50.5296347335576 ], [ -4.91973741193288, 50.531464053717499 ], [ -4.89946492116391, 50.526165612917097 ], [ -4.88528123650348, 50.530174544441103 ], [ -4.85525399409013, 50.5288589081959 ], [ -4.8527578102716, 50.531622296857797 ], [ -4.86018865903473, 50.537181515998597 ], [ -4.86656983948479, 50.5338069255276 ], [ -4.8676358541252, 50.5372114462212 ], [ -4.87017126261526, 50.533663288197701 ], [ -4.89019877005248, 50.536211566931797 ], [ -4.89196200381022, 50.532319555877997 ], [ -4.90000327708293, 50.5309329271292 ], [ -4.91546307019593, 50.538037937581002 ], [ -4.91415010028503, 50.542931881992899 ], [ -4.92611977241642, 50.544853362306696 ], [ -4.92934423278299, 50.5532350358923 ], [ -4.92652389045982, 50.561427839974499 ], [ -4.93114306929258, 50.5644977274819 ], [ -4.92348108520485, 50.573090280717103 ], [ -4.91557325299498, 50.575987174675099 ], [ -4.91759775807733, 50.580332432477803 ], [ -4.92890758166653, 50.584078436745997 ], [ -4.93401035725464, 50.587740699453597 ], [ -4.9220052278547, 50.591734033580302 ], [ -4.92313848652264, 50.592697933036803 ], [ -4.91859041043265, 50.594506570541597 ], [ -4.91671356304975, 50.588814637955103 ], [ -4.90836339388369, 50.584539427543397 ], [ -4.89649809692686, 50.585851735634698 ], [ -4.88519880226634, 50.582287810044399 ], [ -4.87456594721121, 50.587656535709598 ], [ -4.87364790122832, 50.5907557525423 ], [ -4.86753772184173, 50.589033451448103 ], [ -4.8702877859602, 50.590177272299897 ], [ -4.87000148531598, 50.5953898876379 ], [ -4.8608340007023, 50.593033921184997 ], [ -4.8497631815531, 50.598552961781202 ], [ -4.84184751731166, 50.5931067961696 ], [ -4.83954136554852, 50.594621651240899 ], [ -4.83532808451979, 50.5944434804099 ], [ -4.83243941218299, 50.592147810492598 ], [ -4.83226024310699, 50.5943136508387 ], [ -4.82359517986517, 50.593001313976501 ], [ -4.82428650035709, 50.594116831617498 ], [ -4.80003004826747, 50.597163130506999 ], [ -4.79145620399914, 50.6022417849059 ], [ -4.77043196086056, 50.622379958959101 ], [ -4.77256645232391, 50.627249268005897 ], [ -4.77094350337902, 50.6316723617078 ], [ -4.76489937057347, 50.6433158457383 ], [ -4.76133240498237, 50.644615964038202 ], [ -4.75871722890044, 50.652835589608699 ], [ -4.76668420732365, 50.654853169301198 ], [ -4.75893150363693, 50.667353834457302 ], [ -4.76375477330835, 50.6696393662234 ], [ -4.75926909632738, 50.668042041379998 ], [ -4.75705161075224, 50.672008240297501 ], [ -4.74647708172365, 50.6710707950566 ], [ -4.74367526169204, 50.673243366363401 ], [ -4.7467078893665, 50.6750230410128 ], [ -4.74216973426347, 50.676724769895301 ], [ -4.73832240990642, 50.671381501780601 ], [ -4.72982566836745, 50.673605877533198 ], [ -4.7272789623946, 50.680645443597498 ], [ -4.72410215117014, 50.684239151441503 ], [ -4.71589441914377, 50.683834451786097 ], [ -4.70543318493583, 50.685777280685301 ], [ -4.70249389380546, 50.687625581297503 ], [ -4.705271893004, 50.690581719588899 ], [ -4.69525250351545, 50.690448923832299 ], [ -4.70143151385457, 50.691794710375099 ], [ -4.69848303347768, 50.694391799053598 ], [ -4.68028504482393, 50.696018133594897 ], [ -4.68534803790356, 50.699569555280299 ], [ -4.68107935988473, 50.704430634358701 ], [ -4.66815995328885, 50.706697094020797 ], [ -4.66118472856488, 50.713227880170599 ], [ -4.6551983517671, 50.715380790467599 ], [ -4.65438535716024, 50.724731192278902 ], [ -4.64934740103604, 50.728894404433802 ], [ -4.65389502889642, 50.739845394764302 ], [ -4.64154263233842, 50.738127404205798 ], [ -4.63457347500163, 50.740961954253997 ], [ -4.6397600393678, 50.745720618281098 ], [ -4.634251054889, 50.746479381276899 ], [ -4.63316487263329, 50.7499353864143 ], [ -4.61993507173028, 50.751325492476198 ], [ -4.61798764618914, 50.757329051324199 ], [ -4.61046225020328, 50.762196692797303 ], [ -4.59025653544693, 50.7662550956871 ], [ -4.58688262227817, 50.7692252844341 ], [ -4.57646186375825, 50.771869371331903 ], [ -4.56697865408785, 50.777962802786099 ], [ -4.5584999365786, 50.788258067620497 ], [ -4.55694157834616, 50.798620590516499 ], [ -4.56077639440106, 50.800434278859903 ], [ -4.5568539887278, 50.808578427510298 ], [ -4.55866554961215, 50.828724201214399 ], [ -4.55662094687897, 50.831434088380902 ], [ -4.5528221774987, 50.8308490409607 ], [ -4.55440010151109, 50.833001009621299 ], [ -4.55804475447929, 50.875123375192899 ], [ -4.56811243857461, 50.885544541359103 ], [ -4.56133654087377, 50.891909526369297 ], [ -4.56557567342607, 50.894908712612597 ], [ -4.56413421108086, 50.901027804520702 ], [ -4.56984576322975, 50.903702149282402 ], [ -4.56351432443412, 50.908747858787699 ], [ -4.56445640012644, 50.9149890490893 ], [ -4.55195770823854, 50.924204324866103 ], [ -4.55508490427358, 50.925930278066303 ], [ -4.54595691118618, 50.928354055950798 ], [ -4.5450072931772, 50.933040089179002 ], [ -4.55098139828808, 50.939324397510902 ], [ -4.54273022221444, 50.944341641078097 ], [ -4.54437649575559, 50.952926666922203 ], [ -4.53303122815012, 50.965376756939698 ], [ -4.53565303973062, 50.979202395433802 ], [ -4.52927285976728, 50.9868224555225 ], [ -4.53479011156143, 50.993919153803098 ], [ -4.53032419460022, 50.996461854587601 ], [ -4.533065034065, 51.000649540983602 ], [ -4.53007443820934, 51.0051771645618 ], [ -4.5348554724506, 51.008531825472801 ], [ -4.52686805499189, 51.011910415863397 ], [ -4.52604956486267, 51.022188577529 ], [ -4.51344688017754, 51.022467579681098 ], [ -4.50100635036426, 51.018581980332101 ], [ -4.49815842446708, 51.021412211012702 ], [ -4.46953976467023, 51.021577213043102 ], [ -4.44863458924474, 51.014361598442299 ], [ -4.42771993299643, 51.013333026686603 ], [ -4.40653282247569, 51.005375711890103 ], [ -4.3906906540321, 50.994584405013804 ], [ -4.37495421036809, 50.9901035458481 ], [ -4.34527313220164, 50.9888630076941 ], [ -4.30358542731271, 50.997345354389402 ], [ -4.25670096630533, 51.038402418967998 ], [ -4.23882255322765, 51.041155709520801 ], [ -4.23542491099937, 51.044483679966902 ], [ -4.22520927411768, 51.063032222885901 ], [ -4.21692946830752, 51.065053999645599 ], [ -4.20841258423127, 51.061664522992601 ], [ -4.21448069455759, 51.057263280485401 ], [ -4.21035810392336, 51.051936072160203 ], [ -4.19763200439738, 51.057939409193402 ], [ -4.19054765515255, 51.054822130922197 ], [ -4.19489242425275, 51.040799737173401 ], [ -4.20341361589876, 51.031597425944902 ], [ -4.20281246736752, 51.028217585422503 ], [ -4.20618859659379, 51.010749117425497 ], [ -4.20324450634273, 51.005691926931497 ], [ -4.19812341632349, 51.021224910302699 ], [ -4.19830289535715, 51.03300503813 ], [ -4.18743226076375, 51.038864420514599 ], [ -4.1796968396605, 51.048536151935998 ], [ -4.18089737732268, 51.066306047972397 ], [ -4.17158039558229, 51.069680165599998 ], [ -4.16465658724894, 51.074553210736397 ], [ -4.15852662273152, 51.0733598315745 ], [ -4.16091248819274, 51.071285844207203 ], [ -4.15161516565146, 51.073530531219497 ], [ -4.15542588637109, 51.076275280861203 ], [ -4.15309472392381, 51.080183760832803 ], [ -4.12328900041635, 51.079131119225899 ], [ -4.12286107168256, 51.077100524039103 ], [ -4.1146516522746, 51.073565699842 ], [ -4.12230930793485, 51.078907882922003 ], [ -4.11808054861955, 51.081567590932899 ], [ -4.11796490645174, 51.089816833367003 ], [ -4.07568267687878, 51.076773200491701 ], [ -4.06501376566887, 51.078950687115999 ], [ -4.05553983314216, 51.072937381459198 ], [ -4.05524280742578, 51.0750606004082 ], [ -4.0668065919615, 51.081152077352201 ], [ -4.06192946225592, 51.0826655492274 ], [ -4.06100833393953, 51.085230548444102 ], [ -4.06181454248024, 51.083664376543801 ], [ -4.07579948883164, 51.0798918491721 ], [ -4.10806864854879, 51.093717238535199 ], [ -4.11869052025032, 51.094537852736401 ], [ -4.12880129732911, 51.093335084485403 ], [ -4.13397078379253, 51.085787831017001 ], [ -4.16375973043911, 51.083905210384501 ], [ -4.16887730353271, 51.087504043965801 ], [ -4.16761395389375, 51.093337524271298 ], [ -4.17084474974595, 51.087223764803397 ], [ -4.16695114685324, 51.080578686647399 ], [ -4.18187079899404, 51.0772260144726 ], [ -4.19199286479, 51.069400867142797 ], [ -4.19054714501017, 51.064875311714601 ], [ -4.2158378861734, 51.075722378587201 ], [ -4.22286221471268, 51.089512192035599 ], [ -4.22255989135025, 51.117796015871697 ], [ -4.23991527306207, 51.1209550752071 ], [ -4.24256155513884, 51.123590752100398 ], [ -4.23923588337496, 51.1333362473748 ], [ -4.26155061273906, 51.143005665334201 ], [ -4.25569321672234, 51.146923731016102 ], [ -4.22484443448553, 51.144217322849698 ], [ -4.21996352926971, 51.146697940286799 ], [ -4.20973463078902, 51.172528878051097 ], [ -4.2145544134086, 51.176438015788499 ], [ -4.21148668512727, 51.178168857716798 ], [ -4.21429276339195, 51.182384092467601 ], [ -4.2305319688265, 51.187879777924998 ], [ -4.21155811319808, 51.190151427720103 ], [ -4.20156204720996, 51.200361895340002 ], [ -4.19311570526633, 51.198861836310797 ], [ -4.18370178755133, 51.199877157488501 ], [ -4.17721317277521, 51.197450654441198 ], [ -4.16682823945752, 51.202733512043402 ], [ -4.14609473473036, 51.204057517568103 ], [ -4.13957086477793, 51.2077468042256 ], [ -4.1217006065391, 51.2104221599905 ], [ -4.12167747096155, 51.212045512572701 ], [ -4.11154460134533, 51.209479998182999 ], [ -4.10315016287168, 51.213408483033298 ], [ -4.09700779557702, 51.2108981426491 ], [ -4.08811792350737, 51.217454167517502 ], [ -4.06927158244498, 51.214561486308298 ], [ -4.07207098147813, 51.217247971927499 ], [ -4.05080058517891, 51.2074557291144 ], [ -4.0386720186143, 51.206695637371503 ], [ -4.04072965526003, 51.209186586886098 ], [ -4.03189015601996, 51.210532401128901 ], [ -4.02761499461287, 51.216428182498902 ], [ -3.96674667408607, 51.219938351762401 ], [ -3.95823254769538, 51.219215456568897 ], [ -3.92565921457186, 51.231966791402002 ], [ -3.90365754027049, 51.229687337277802 ], [ -3.89197907284282, 51.223810089187701 ], [ -3.87754609317279, 51.228648201861397 ], [ -3.87205311217013, 51.227439952600797 ], [ -3.87181761796522, 51.230068378694703 ], [ -3.86150411553578, 51.230732413860402 ], [ -3.84600885033262, 51.235185522526798 ], [ -3.83007555180771, 51.230387300421 ], [ -3.8275777149849, 51.232704209905101 ], [ -3.80855444773817, 51.231812621485702 ], [ -3.78542444693296, 51.246393582516298 ], [ -3.7697535302731, 51.237666563027503 ], [ -3.6398368417433, 51.223369253676502 ], [ -3.63330986353202, 51.223871077248297 ], [ -3.62171408877056, 51.216774360944697 ], [ -3.59217538021585, 51.222700502773598 ], [ -3.57879645701062, 51.2321433048904 ], [ -3.55451084867313, 51.233087775285199 ], [ -3.50297850217554, 51.223008116853102 ], [ -3.49689826504952, 51.223986270008702 ], [ -3.47241775286111, 51.213647121026099 ], [ -3.46903363319122, 51.207905620600599 ], [ -3.45523473921521, 51.209552729388001 ], [ -3.44201506199485, 51.206506293137203 ], [ -3.42427807514544, 51.1908125568388 ], [ -3.41164398996629, 51.183863190380002 ], [ -3.39312065037907, 51.182503377952699 ], [ -3.37362417136395, 51.184663676575603 ], [ -3.35024044899596, 51.181515972320298 ], [ -3.32885747139513, 51.184048548914099 ], [ -3.3281420717091, 51.181860686532602 ], [ -3.31321663206093, 51.179559794886799 ], [ -3.29395512524132, 51.182682596958102 ], [ -3.27584819130941, 51.179775501357597 ], [ -3.25690424501575, 51.187722317261297 ], [ -3.21627119457835, 51.194309947197198 ], [ -3.2021829622056, 51.201460756765201 ], [ -3.19012321302831, 51.202665836130798 ], [ -3.18042991607843, 51.199761483296598 ], [ -3.16428724679581, 51.202645231307102 ], [ -3.15482147932731, 51.2086011474968 ], [ -3.13144137756214, 51.210838169723999 ], [ -3.11444756817476, 51.206974242196203 ], [ -3.10074613972497, 51.208402254642301 ], [ -3.07637887941965, 51.2013744816403 ], [ -3.05455598463182, 51.205668975030903 ], [ -3.03082764166879, 51.218082857705397 ], [ -3.01915209610144, 51.218257913140398 ], [ -3.0242480641587, 51.212902600794301 ], [ -3.02637076888121, 51.214944133695703 ], [ -3.03029522339059, 51.208208607043701 ], [ -3.02447859121935, 51.212193785286203 ], [ -3.03270944014092, 51.194425468971303 ], [ -3.04518951540499, 51.194651955278303 ], [ -3.05641989480066, 51.186535568234 ], [ -3.06138214651075, 51.173576989190401 ], [ -3.05618149248754, 51.1733561094807 ], [ -3.05555092629347, 51.181631888549198 ], [ -3.0510400433665, 51.187115420502302 ], [ -3.03462949984068, 51.1889205507116 ], [ -3.02708386922012, 51.192693571056999 ], [ -3.01801496996201, 51.207203695828703 ], [ -3.01621010759202, 51.2029237813111 ], [ -3.01569410843895, 51.210045616599601 ], [ -3.00233165891691, 51.226010614158298 ], [ -3.00419286036122, 51.2255270621216 ], [ -2.99935376212906, 51.236944677468699 ], [ -3.00182311790027, 51.244877080126798 ], [ -3.01561233695365, 51.257629811204502 ], [ -3.02189668640386, 51.2690266966599 ], [ -3.01123616570036, 51.320291948939897 ], [ -3.0137972037091, 51.323536427310401 ], [ -3.02814036534534, 51.324177013802299 ], [ -3.03592989396078, 51.328545172150598 ], [ -3.00297143260305, 51.325152191970901 ], [ -2.99415152747541, 51.320937732275198 ], [ -2.99755944336203, 51.319137633763297 ], [ -2.98637790596471, 51.312526037955799 ], [ -2.99521572870653, 51.307575640597697 ], [ -2.99339438112927, 51.301822083799102 ], [ -2.99433116564154, 51.306206476597403 ], [ -2.98593582034049, 51.307680141436997 ], [ -2.98910764290492, 51.308337680507101 ], [ -2.98436408284803, 51.311871135729497 ], [ -2.98517948193462, 51.3214112248981 ], [ -2.98651751072144, 51.315143225532701 ], [ -2.99243712369398, 51.320499355553999 ], [ -2.98604477474392, 51.334533409321999 ], [ -2.98340427433843, 51.350676645376801 ], [ -2.99001796391158, 51.351052612841798 ], [ -2.99413206269543, 51.3571531748279 ], [ -2.96832568337954, 51.363313959388798 ], [ -2.96329882936568, 51.369838801953897 ], [ -2.96250100498869, 51.382347161814501 ], [ -2.97287445845538, 51.388168450860697 ], [ -2.98079855960708, 51.388416246391301 ], [ -2.95682844100287, 51.392091624226197 ], [ -2.93936085462771, 51.3977474992409 ], [ -2.93672412486611, 51.396471367551797 ], [ -2.93939258130784, 51.391098814936797 ], [ -2.93604340409084, 51.393333155440502 ], [ -2.93073334302344, 51.389760643643001 ], [ -2.93578508635205, 51.3949726708043 ], [ -2.91734184009278, 51.395887321016303 ], [ -2.89797252369921, 51.390335084870699 ], [ -2.89930959171906, 51.3922936850445 ], [ -2.89583000050384, 51.392664726613098 ], [ -2.90377016736864, 51.392254803260698 ], [ -2.91301401390536, 51.395987132259599 ], [ -2.888928172489, 51.413274751426997 ], [ -2.88291110151294, 51.425548387415198 ], [ -2.87440648376768, 51.428699013745799 ], [ -2.87912944633119, 51.431900861389998 ], [ -2.86360708528987, 51.439933688598103 ], [ -2.8458511477872, 51.456856055100097 ], [ -2.79942435637146, 51.485385801251901 ], [ -2.78315673963079, 51.487684565530998 ], [ -2.77409613350154, 51.491467723128899 ], [ -2.77355028903305, 51.494616817219701 ], [ -2.75870780836468, 51.495136014741497 ], [ -2.7569037132947, 51.492603958766097 ], [ -2.73122128294978, 51.492879059911999 ], [ -2.73541700960435, 51.494298921606003 ], [ -2.72750276433977, 51.498149737059002 ], [ -2.72885726540913, 51.502679391938699 ], [ -2.7274384001267, 51.499677177258199 ], [ -2.71648224169541, 51.500608323513397 ], [ -2.68992471356756, 51.485518624231503 ], [ -2.68480727663257, 51.480550902355503 ], [ -2.67624485628395, 51.4796772286672 ], [ -2.66812456908108, 51.481438495212899 ], [ -2.66362354946931, 51.4866090242311 ], [ -2.65887026682336, 51.4840687024953 ], [ -2.65113378290566, 51.473658248609098 ], [ -2.65727132831608, 51.485085406998699 ], [ -2.66372965791279, 51.487862687703398 ], [ -2.67887013515046, 51.480982148492998 ], [ -2.70872559766001, 51.497731485061102 ], [ -2.71831717905998, 51.506159350669698 ], [ -2.71370006564539, 51.505927669057499 ], [ -2.71821750267118, 51.508239764794702 ], [ -2.71458114227796, 51.5079022222953 ], [ -2.68705446267965, 51.5294001188104 ], [ -2.68258670683408, 51.535185278242501 ], [ -2.68054054658647, 51.535075556412799 ], [ -2.68103778648291, 51.5367440803848 ], [ -2.67384511037698, 51.544398840368899 ], [ -2.66389522945569, 51.573152540286699 ], [ -2.65725002548308, 51.574604264888002 ], [ -2.63750378983305, 51.592289361337201 ], [ -2.62780480333706, 51.605635040857798 ], [ -2.59902282310735, 51.617781331786802 ], [ -2.59621434664256, 51.616527806656798 ], [ -2.59778415648155, 51.618599626962997 ], [ -2.5852071698116, 51.626011892672601 ], [ -2.58075112302739, 51.633097919714501 ], [ -2.56670696090924, 51.629062842974498 ], [ -2.58018884226677, 51.634211134404403 ], [ -2.5740271448253, 51.648711666267502 ], [ -2.55827028671273, 51.666420192078903 ], [ -2.53474246620219, 51.677245771341099 ], [ -2.5086489798893, 51.686264988911397 ], [ -2.48900335829745, 51.699664495442903 ], [ -2.48185529471287, 51.725650813089104 ], [ -2.47230184330503, 51.725988098131197 ], [ -2.44945513642474, 51.739821090556497 ], [ -2.43262239925047, 51.736224696386103 ], [ -2.3820371608502, 51.759172362178603 ], [ -2.37932797095086, 51.766278045464396 ], [ -2.38371957489988, 51.775755947202498 ], [ -2.41303948189091, 51.786058583847897 ], [ -2.4407729970534, 51.788301788573598 ], [ -2.44702445454518, 51.792684842078998 ], [ -2.44411876083952, 51.799761258468699 ], [ -2.43486468614545, 51.8099542656918 ], [ -2.42459797804573, 51.815049375600502 ], [ -2.41260928765107, 51.805317700569297 ], [ -2.37488320331898, 51.792801462323503 ], [ -2.35420449596408, 51.794039125643103 ], [ -2.34714669742062, 51.797689833533902 ], [ -2.34580516426246, 51.803916538639299 ], [ -2.35934797130809, 51.811176839955102 ], [ -2.36167603297644, 51.822215432137298 ], [ -2.35976388430485, 51.826606309263397 ], [ -2.35038703160491, 51.829760878820103 ], [ -2.3608019169857, 51.827216340171297 ], [ -2.36323062215408, 51.821578557673199 ], [ -2.36037974099849, 51.806865978220799 ], [ -2.34800999185562, 51.802833821917503 ], [ -2.35072124174485, 51.797884159306903 ], [ -2.36925480353324, 51.794443108731201 ], [ -2.40175439316455, 51.804280811813598 ], [ -2.41455368422914, 51.817115425388799 ], [ -2.42393581265048, 51.819305487045497 ], [ -2.44059836040735, 51.812602576592198 ], [ -2.45179433484176, 51.798874213858497 ], [ -2.44843206935402, 51.784919908674603 ], [ -2.44139763769684, 51.781455229104701 ], [ -2.41134856038994, 51.7797877197793 ], [ -2.40569117406359, 51.777870663293697 ], [ -2.40463997921253, 51.772812195552099 ], [ -2.43782146600749, 51.759333760850801 ], [ -2.47757496260631, 51.740045078728102 ], [ -2.47883547944317, 51.734989050197299 ], [ -2.49623967530871, 51.726205552267103 ], [ -2.50533337796562, 51.710383642601599 ], [ -2.5713388993883, 51.6888277820551 ], [ -2.57481554942366, 51.685441060737404 ], [ -2.60999005665618, 51.672409159730201 ], [ -2.62594940603421, 51.660615364500202 ], [ -2.62363357035498, 51.653982917472398 ], [ -2.64875772467274, 51.631383731989402 ], [ -2.64769714521889, 51.613289421349897 ], [ -2.65124432969432, 51.6097539861576 ], [ -2.65613479309018, 51.610210493510799 ], [ -2.65934191558259, 51.616567611303502 ], [ -2.65518589314373, 51.622747513744201 ], [ -2.66736570792562, 51.633645914660498 ], [ -2.66673945075675, 51.638298921587797 ], [ -2.66904204061663, 51.645802468115598 ], [ -2.67914799371115, 51.645507812108299 ], [ -2.67919098689815, 51.649346487222303 ], [ -2.66918929664009, 51.657820427748597 ], [ -2.66689583003644, 51.665034904041903 ], [ -2.67826600123942, 51.659752465927703 ], [ -2.68638839735778, 51.662811936615 ], [ -2.68342952971238, 51.668688360243799 ], [ -2.66844461809383, 51.669269833795397 ], [ -2.65698646272899, 51.6735857741579 ], [ -2.67283584403485, 51.6816637648108 ], [ -2.66887791179933, 51.691092692650201 ], [ -2.67390551305518, 51.697508001832702 ], [ -2.68394165565588, 51.700979212212197 ], [ -2.68179771011002, 51.703325103138503 ], [ -2.67556724084206, 51.700215684252399 ], [ -2.6691128407545, 51.702103906504597 ], [ -2.66907291908786, 51.707064968963003 ], [ -2.67938304337307, 51.713984904910802 ], [ -2.68284994895347, 51.7262036863482 ], [ -2.68742096765089, 51.730953120269902 ], [ -2.67222520896466, 51.736362991931898 ], [ -2.66269209753922, 51.753894726388097 ], [ -2.68045201596847, 51.7689296132584 ], [ -2.67506927635604, 51.777046343351998 ], [ -2.67584416670176, 51.788069013045401 ], [ -2.66955743758087, 51.794377187786502 ], [ -2.67830779154691, 51.8032536861786 ], [ -2.67257848161277, 51.8088802410889 ], [ -2.65953871587161, 51.810682395884399 ], [ -2.66087161838738, 51.8227540343524 ], [ -2.65009748834131, 51.824125063059597 ], [ -2.65022843881566, 51.826146155955797 ], [ -2.63597000330365, 51.839911926240397 ], [ -2.63671026194235, 51.843095739375201 ], [ -2.62881622868327, 51.839144120633897 ], [ -2.60949582311555, 51.8467588015153 ], [ -2.60640097211477, 51.852025450093002 ], [ -2.59953954128732, 51.8565314594643 ], [ -2.58619786351976, 51.8497851634691 ], [ -2.57882157140168, 51.851849419755503 ], [ -2.58521880361221, 51.859930457392203 ], [ -2.58064072583247, 51.861671201353197 ], [ -2.56165761884046, 51.864292280109701 ], [ -2.53408356501218, 51.8603882330343 ], [ -2.527316161171, 51.862896142197698 ], [ -2.51987203168699, 51.868839645894901 ], [ -2.50862424428812, 51.8851690656995 ], [ -2.50194740557843, 51.886253295614097 ], [ -2.50025361991941, 51.881738019678401 ], [ -2.49465598737098, 51.884239741189504 ], [ -2.49386158780973, 51.8800029798278 ], [ -2.48779472373013, 51.880417588920302 ], [ -2.48672864998722, 51.8847155384844 ], [ -2.47340814580388, 51.885553584891198 ], [ -2.46521320050221, 51.892990979459398 ], [ -2.44600952139731, 51.893994573933398 ], [ -2.43931485852765, 51.899513986404301 ], [ -2.44538861052582, 51.900555864964602 ], [ -2.44015444473154, 51.902442336686498 ], [ -2.44644026751902, 51.915083186821597 ], [ -2.46391608810486, 51.926631290783902 ], [ -2.46787865097271, 51.937379808650498 ], [ -2.46338439419198, 51.939269442211497 ], [ -2.46548752905281, 51.951696362948297 ], [ -2.47372869537076, 51.956538720477099 ], [ -2.48610715013568, 51.957420423753 ], [ -2.49018755727369, 51.954979597582302 ], [ -2.50085281798896, 51.960533696645001 ], [ -2.49903008620462, 51.9637180500266 ], [ -2.49224441516231, 51.964128486900002 ], [ -2.49491252837916, 51.981075454863799 ], [ -2.48863764953457, 51.987408021943097 ], [ -2.47098001747695, 51.9947775099075 ], [ -2.47766416127044, 52.000150606226399 ], [ -2.4854969344298, 52.000332550048 ], [ -2.49125350222052, 52.010490141980597 ], [ -2.48036547554436, 52.016060734667803 ], [ -2.47893223643684, 52.022530376221603 ], [ -2.46620463381931, 52.023723427321201 ], [ -2.46255388410448, 52.021909954803903 ], [ -2.46354215313182, 52.014410820871298 ], [ -2.43611503923667, 52.014574328016401 ], [ -2.43363713447862, 52.007879376974799 ], [ -2.4372938464723, 51.997166993504599 ], [ -2.42101278178376, 51.994241478515399 ], [ -2.39901832359183, 51.996145917858399 ], [ -2.39289182133114, 52.012958828039103 ], [ -2.38698279241982, 52.012166512362398 ], [ -2.35137856599261, 52.021359006416603 ], [ -2.3525426159631, 52.0135353248114 ], [ -2.34087757284429, 52.006887679320897 ], [ -2.32942320625051, 52.006828565337301 ], [ -2.32470985397713, 52.003567211297501 ], [ -2.32065676667531, 51.992128386729298 ], [ -2.32656519339306, 51.975810694240003 ], [ -2.31261947041921, 51.976504939208503 ], [ -2.30946535553941, 51.970646683415403 ], [ -2.30043284665435, 51.966775203905598 ], [ -2.2882903450246, 51.970667924056798 ], [ -2.25135998194161, 51.966565059172702 ], [ -2.22061339773497, 51.995496608579302 ], [ -2.20288612310318, 51.996363023490197 ], [ -2.18508421119727, 51.990560761881802 ], [ -2.17942578969576, 51.994847525294801 ], [ -2.18110665105021, 51.9994836587409 ], [ -2.17487475739268, 51.996119568898102 ], [ -2.16427092819684, 51.996483123162299 ], [ -2.16472345495905, 52.004195373611601 ], [ -2.18406573564104, 52.013901148690699 ], [ -2.18768308541375, 52.019080042021898 ], [ -2.17690603441244, 52.022559178797998 ], [ -2.18067919804571, 52.0417281034238 ], [ -2.17138100096912, 52.047573594522703 ], [ -2.15813370857915, 52.050205878414197 ], [ -2.11838379426561, 52.042108599563498 ], [ -2.1162310497, 52.035104280086202 ], [ -2.12558883082627, 52.030599663169397 ], [ -2.13973918462389, 52.0276126610256 ], [ -2.1507330804629, 52.006613493511203 ], [ -2.13906374353089, 52.003949849027798 ], [ -2.14182300313815, 51.999802505978899 ], [ -2.13521742217972, 51.999702999522299 ], [ -2.13152349727382, 52.005906894491901 ], [ -2.11805204577171, 52.014383670501402 ], [ -2.09767409154901, 52.013063466470598 ], [ -2.08487314705116, 52.010478372458202 ], [ -2.06077204059991, 52.014678729574001 ], [ -2.05971096496874, 52.009976857732397 ], [ -2.05155639387901, 52.008752899622003 ], [ -2.04951400994408, 52.003796227625699 ], [ -2.03835601892543, 52.004600573221801 ], [ -2.03825230956767, 52.0095628141951 ], [ -2.02913413977691, 52.010039685989803 ], [ -2.02366740738544, 52.016947977666099 ], [ -1.99856528245932, 52.029667597664002 ], [ -1.99518948775446, 52.026563029348203 ], [ -1.984135769507, 52.035879329255998 ], [ -1.95138754318718, 52.037725239324303 ], [ -1.94752094126906, 52.031894925718603 ], [ -1.9317299436615, 52.0299593839514 ], [ -1.92704460425499, 52.0366609144967 ], [ -1.92215729354365, 52.0356150171948 ], [ -1.91344602062788, 52.044461279260503 ], [ -1.86226894927234, 52.017485284569503 ], [ -1.86154348957884, 52.012627678572599 ], [ -1.8390506007515, 52.006783315883098 ], [ -1.83530890463337, 52.009162412747202 ], [ -1.83565941991244, 52.022502377239903 ], [ -1.82502292661639, 52.030933473845998 ], [ -1.83056057331987, 52.032139013691797 ], [ -1.82975123790382, 52.039071601400401 ], [ -1.83458886355862, 52.043733041946098 ], [ -1.847218751676, 52.046365624867001 ], [ -1.86344926481007, 52.053417615254197 ], [ -1.8628776725942, 52.063431897335597 ], [ -1.86498831485027, 52.066278214979199 ], [ -1.871682381879, 52.065426170658398 ], [ -1.87200494727776, 52.071916898300003 ], [ -1.86904495991723, 52.073856514278901 ], [ -1.85560664517519, 52.074440805840403 ], [ -1.85338883134201, 52.072367256100499 ], [ -1.84661963548072, 52.079421118162301 ], [ -1.83175290920489, 52.0727695280614 ], [ -1.81894337218524, 52.085404404547297 ], [ -1.81274704374559, 52.078800017067003 ], [ -1.80326626843423, 52.096065545686301 ], [ -1.79553405519363, 52.100771229677598 ], [ -1.79085406962958, 52.100101805516601 ], [ -1.78941726028147, 52.106374874170797 ], [ -1.76764876960817, 52.112592557437701 ] ] ] ] } },
{ "type": "Feature", "properties": { "region": "Midlands" }, "geometry": { "type": "Polygon", "coordinates": [ [ [ -0.300930325449262, 53.616387998610797 ], [ -0.298237150924658, 53.612561644837498 ], [ -0.292115057436606, 53.613267410416903 ], [ -0.290418314948171, 53.6106319808123 ], [ -0.286961413924872, 53.611831710176197 ], [ -0.283002815041786, 53.604498248211101 ], [ -0.269704867214933, 53.598509523083798 ], [ -0.259349143254916, 53.596964781935803 ], [ -0.254493569791271, 53.5924395891724 ], [ -0.248494047971351, 53.593633441843103 ], [ -0.252079897204199, 53.585006683769699 ], [ -0.238530526915298, 53.587883268659802 ], [ -0.222650549905049, 53.568034774369401 ], [ -0.195185087631342, 53.571619046723598 ], [ -0.187493474285753, 53.5635743468915 ], [ -0.219819248115007, 53.532615580469198 ], [ -0.210589655813459, 53.5317066872881 ], [ -0.213624074858215, 53.526358841793403 ], [ -0.204027711476382, 53.5086218967365 ], [ -0.210604930029191, 53.486288388147003 ], [ -0.188565408374543, 53.4845380989616 ], [ -0.181801854863512, 53.468711466553003 ], [ -0.153709166521889, 53.465733987303501 ], [ -0.158545644357638, 53.461618488085598 ], [ -0.149285426537789, 53.446863298968999 ], [ -0.144445671961529, 53.4409501594236 ], [ -0.134248064838093, 53.440738239787599 ], [ -0.13180745819181, 53.435937467136398 ], [ -0.122634899110579, 53.437255344490097 ], [ -0.120339336102072, 53.433599678803198 ], [ -0.08220896902532, 53.451150928425001 ], [ -0.107864224019586, 53.469894029750002 ], [ -0.089803686838801, 53.4776824585702 ], [ -0.095488518352305, 53.485988957183899 ], [ -0.075261828266963, 53.489335722713903 ], [ -0.067095799689376, 53.5168382305027 ], [ -0.06179061957642, 53.519492736265697 ], [ -0.046613277720016, 53.520098651401298 ], [ -0.039689768075196, 53.513102767018097 ], [ -0.028639098361812, 53.517337682440598 ], [ -0.0195484588939, 53.517975296817198 ], [ -0.01742634835685, 53.515086412872201 ], [ 0.005533577770072, 53.519759016137897 ], [ 0.016423489270359, 53.526320204632803 ], [ 0.021979692320174, 53.519903592707898 ], [ 0.032391075234767, 53.517944342504002 ], [ 0.039386068030926, 53.511585522034302 ], [ 0.038273129952435, 53.513839993657797 ], [ 0.04954070890491, 53.511823195174799 ], [ 0.052377833873212, 53.5139186141501 ], [ 0.061246511594742, 53.514323320785003 ], [ 0.051403564910336, 53.514357860915503 ], [ 0.057491713852242, 53.517734097505503 ], [ 0.047383350405236, 53.514659665698296 ], [ 0.050889290148134, 53.519421730849899 ], [ 0.037764221072505, 53.526719589689201 ], [ 0.056345995723368, 53.519151797069 ], [ 0.056576922143064, 53.521272127027402 ], [ 0.06992504066386, 53.517567022366698 ], [ 0.070570483898375, 53.513788128431003 ], [ 0.077805459543145, 53.511253241587198 ], [ 0.082490924619517, 53.512689201652798 ], [ 0.079458965069143, 53.516657115181701 ], [ 0.084999673602806, 53.516357391685098 ], [ 0.089674848779942, 53.510605679971697 ], [ 0.083762789584316, 53.511775174034298 ], [ 0.078280716789168, 53.507310005268003 ], [ 0.084995870486466, 53.496967055065397 ], [ 0.093128825779778, 53.494016124238598 ], [ 0.090004253575385, 53.492643379601603 ], [ 0.095758321690217, 53.494724288127998 ], [ 0.096544594077181, 53.491316730442897 ], [ 0.101770960701664, 53.492778380045799 ], [ 0.092570112565631, 53.489186574527899 ], [ 0.097246620627131, 53.488280179661999 ], [ 0.101886490556781, 53.492218069263899 ], [ 0.099306606676371, 53.489703069588799 ], [ 0.102838149295508, 53.491555835197801 ], [ 0.107587440476716, 53.4854847607414 ], [ 0.108467723375028, 53.487473516606698 ], [ 0.118779556910812, 53.483831219224903 ], [ 0.104190003288958, 53.491761277857599 ], [ 0.12153020351242, 53.483890284620699 ], [ 0.110035650252343, 53.489442101465201 ], [ 0.115847129063787, 53.489751958811297 ], [ 0.11237910146627, 53.491160083776798 ], [ 0.117913519959526, 53.494558331496002 ], [ 0.10878651191317, 53.504285227883599 ], [ 0.121349290726328, 53.500778761850803 ], [ 0.121800008110846, 53.498149219684798 ], [ 0.125807525632776, 53.499625178310502 ], [ 0.136308052010239, 53.495698856231101 ], [ 0.132042478097478, 53.496472708734601 ], [ 0.127572034083174, 53.490503811334001 ], [ 0.130089614628599, 53.484036425127002 ], [ 0.143472570355748, 53.481825500053297 ], [ 0.148133891617855, 53.487785824124501 ], [ 0.144179748345709, 53.492743012854298 ], [ 0.147537042817011, 53.494114825886399 ], [ 0.153988692114059, 53.490405267546599 ], [ 0.168164852774028, 53.4767973544079 ], [ 0.158196263251029, 53.481320230519401 ], [ 0.157359154015883, 53.478930481830297 ], [ 0.166755264255973, 53.471048532482499 ], [ 0.172089203724995, 53.471930689487998 ], [ 0.178618518718068, 53.464840706769799 ], [ 0.172913893255748, 53.4670411484365 ], [ 0.185024491088223, 53.457034310730201 ], [ 0.179528725718248, 53.458432016976197 ], [ 0.182053750963095, 53.4525036351666 ], [ 0.191098184991299, 53.449897147693399 ], [ 0.183793440587882, 53.447954170791597 ], [ 0.185045514342218, 53.4435044581504 ], [ 0.193845247579647, 53.442853180444899 ], [ 0.200407582640514, 53.436848225631202 ], [ 0.190172460422987, 53.440274711494197 ], [ 0.187804612702328, 53.437708251098499 ], [ 0.194774514410723, 53.429998824733801 ], [ 0.20436375147295, 53.429970469716601 ], [ 0.212471923780209, 53.421393836369703 ], [ 0.204811531203375, 53.4182594722622 ], [ 0.210590504431269, 53.417329066317897 ], [ 0.189536114641344, 53.417319763107002 ], [ 0.210577797718783, 53.416968810579696 ], [ 0.201369387365113, 53.415164699046798 ], [ 0.208506792611846, 53.415597488563002 ], [ 0.20380598903533, 53.411967729630597 ], [ 0.207627918083997, 53.413302288295199 ], [ 0.206451293512394, 53.409989547491698 ], [ 0.212043633014834, 53.415983280356798 ], [ 0.208109331161369, 53.410510863052103 ], [ 0.21458770574022, 53.409655439891303 ], [ 0.217664700271258, 53.413415619263503 ], [ 0.22853968605841, 53.4025594451535 ], [ 0.23285478022409, 53.397424407296498 ], [ 0.228665828837893, 53.401489949372298 ], [ 0.227040522221066, 53.396667253028497 ], [ 0.231274589437193, 53.390623026871701 ], [ 0.234613116265788, 53.392224708578397 ], [ 0.243668256790191, 53.372217381750801 ], [ 0.281294844942021, 53.319320412603297 ], [ 0.322179964590588, 53.266471058880398 ], [ 0.337184186535268, 53.240351476486701 ], [ 0.347399414366985, 53.208358731881503 ], [ 0.355627376907466, 53.192058427571901 ], [ 0.349538305649106, 53.144559044538802 ], [ 0.348210789726189, 53.109184337087299 ], [ 0.338917695390133, 53.101789275230303 ], [ 0.337434160673566, 53.094477253970702 ], [ 0.332372870503056, 53.086697549565201 ], [ 0.330159815418528, 53.090461478028601 ], [ 0.323682968874766, 53.091191447535898 ], [ 0.326291631890571, 53.092511637168997 ], [ 0.318570590231509, 53.092135412760001 ], [ 0.319268976243647, 53.091402534693003 ], [ 0.311295104862479, 53.094860203387498 ], [ 0.31567149310597, 53.088711368193202 ], [ 0.294455213908171, 53.080408256644901 ], [ 0.266347472165446, 53.061326613055599 ], [ 0.239196633060485, 53.045946416507597 ], [ 0.199579794020054, 53.032649103586401 ], [ 0.151425050200805, 53.008107120261997 ], [ 0.106720637223563, 52.966413322499697 ], [ 0.093437171123673, 52.959444252186202 ], [ 0.078993245907492, 52.942027416237799 ], [ 0.07902888425842, 52.933983384561799 ], [ 0.056464282943832, 52.930125052241301 ], [ 0.076505135565817, 52.931450968499597 ], [ 0.051675068705923, 52.9171952455835 ], [ 0.042643370065057, 52.927822596943301 ], [ 0.049430372301006, 52.916493993912098 ], [ 0.053171754519712, 52.915879179256599 ], [ 0.038379435795133, 52.905868902576302 ], [ 0.035834851286658, 52.913352629623503 ], [ 0.036066791811337, 52.904083769907999 ], [ 0.020841767853439, 52.904064747369702 ], [ 0.034652181924986, 52.903391281958697 ], [ 0.009285122029677, 52.8942683512646 ], [ 0.032522400245401, 52.900192580186001 ], [ 0.068550856517683, 52.918734918675298 ], [ 0.065459314338301, 52.9120965960104 ], [ 0.069157797580135, 52.908215532905899 ], [ 0.056376260184746, 52.903392626096696 ], [ 0.07337774271858, 52.906084841048902 ], [ 0.071940383799853, 52.903198542498103 ], [ 0.082558272842741, 52.899956848948797 ], [ 0.076990520452337, 52.898074434521 ], [ 0.085911831084672, 52.8998467687776 ], [ 0.088382080544697, 52.895125272012002 ], [ 0.116162412281421, 52.893677814430703 ], [ 0.145014386349435, 52.885092472606203 ], [ 0.146809608141591, 52.8819868005967 ], [ 0.135877444122425, 52.874624464426802 ], [ 0.150286836905936, 52.882393298652097 ], [ 0.151318472156955, 52.879873238387098 ], [ 0.159371809046963, 52.880313363512499 ], [ 0.176331510149807, 52.874116223326602 ], [ 0.185246737591413, 52.855701865020897 ], [ 0.192806516584825, 52.852327312469299 ], [ 0.201273942588601, 52.838343611569201 ], [ 0.215079923686475, 52.828480392061799 ], [ 0.209444563137556, 52.819518256199402 ], [ 0.214905639995518, 52.822629197344398 ], [ 0.216813149561601, 52.820883399800799 ], [ 0.234338101479471, 52.823331495134902 ], [ 0.245249322896739, 52.822180601771898 ], [ 0.260734529109711, 52.815283217286897 ], [ 0.268806579186403, 52.815836550028202 ], [ 0.262704527296333, 52.803607630551703 ], [ 0.25317824975492, 52.7973551876985 ], [ 0.260904100378552, 52.796056266310501 ], [ 0.251998114709261, 52.792563319325502 ], [ 0.245084707530042, 52.784523821006502 ], [ 0.272208293724604, 52.772806424959697 ], [ 0.217554625650041, 52.753253381448403 ], [ 0.1863236169879, 52.735348754870799 ], [ 0.171625855520674, 52.738031709959202 ], [ 0.17018129728673, 52.739894249124902 ], [ 0.132974708353751, 52.739304151750197 ], [ 0.113685077955847, 52.729990118182101 ], [ 0.098789034801055, 52.730340448268898 ], [ 0.088985202233401, 52.723676009121 ], [ 0.063903868989791, 52.727436102614803 ], [ 0.048018832747551, 52.718785204160604 ], [ 0.044149743348386, 52.714382145405899 ], [ 0.048013184206776, 52.681049650771001 ], [ 0.021500590197519, 52.664887152226903 ], [ -0.031270445687903, 52.661532995377698 ], [ -0.032103079420009, 52.665360663454798 ], [ -0.063785585740741, 52.675224406728603 ], [ -0.065444093298907, 52.671996380890199 ], [ -0.07461119207653, 52.672074076928403 ], [ -0.08783685563431, 52.666780333006699 ], [ -0.102197366679552, 52.672206868885603 ], [ -0.139501386349199, 52.654861826339598 ], [ -0.141062126465474, 52.651507422342597 ], [ -0.180020171311607, 52.660561020196901 ], [ -0.192867710609506, 52.6524385786959 ], [ -0.206038111408424, 52.668073082577699 ], [ -0.224498250769723, 52.665463635140803 ], [ -0.258664772932137, 52.651645292029897 ], [ -0.289095269608797, 52.670211879362498 ], [ -0.294434925231894, 52.669327452880403 ], [ -0.317928224228985, 52.674784402666297 ], [ -0.335762574949045, 52.674647847209101 ], [ -0.339951463681343, 52.666066511435403 ], [ -0.359424464925906, 52.660029760102901 ], [ -0.396239238249718, 52.652500501130604 ], [ -0.405573760458863, 52.648072590444798 ], [ -0.41914276513081, 52.646793354257298 ], [ -0.450478259156795, 52.6541245487428 ], [ -0.453036127864321, 52.649245384987204 ], [ -0.475831395099793, 52.6487147525376 ], [ -0.475244872949533, 52.645057829838102 ], [ -0.484320231790382, 52.646128957806503 ], [ -0.494773484778003, 52.640314048806502 ], [ -0.488823874144101, 52.632831012734201 ], [ -0.486108245244326, 52.634421464920599 ], [ -0.473503685413688, 52.628234578232401 ], [ -0.470961260233, 52.617953366010198 ], [ -0.47372926052315, 52.614433235770697 ], [ -0.479636889756453, 52.614449843987899 ], [ -0.481024038587736, 52.602786851369601 ], [ -0.485439962506192, 52.602180065760898 ], [ -0.490706912984055, 52.5905342818889 ], [ -0.497651588028113, 52.586850987507297 ], [ -0.491725041828868, 52.581289381657001 ], [ -0.478834380908799, 52.577438647152498 ], [ -0.478815109339656, 52.573645300295098 ], [ -0.425027465035172, 52.582412809958498 ], [ -0.415381167531017, 52.578742775046202 ], [ -0.415694997392596, 52.570104642824496 ], [ -0.407290873526472, 52.5640555581301 ], [ -0.419593342375138, 52.5589619796637 ], [ -0.415338835933264, 52.551553447040597 ], [ -0.402060599035728, 52.548321530372597 ], [ -0.402642698501198, 52.534911644312203 ], [ -0.413345450969268, 52.528430375172697 ], [ -0.413076715732982, 52.525194748512298 ], [ -0.3907492178116, 52.519439914048803 ], [ -0.377926746618127, 52.510657833719698 ], [ -0.354345126604481, 52.506495190821703 ], [ -0.352175193975141, 52.503325229993997 ], [ -0.359194265295882, 52.497341537590998 ], [ -0.359451683214595, 52.490075741151102 ], [ -0.3478001023356, 52.477241933036098 ], [ -0.349717694840613, 52.4728883752231 ], [ -0.341590531472535, 52.466942607205603 ], [ -0.353510624657671, 52.460275031124503 ], [ -0.371864649444986, 52.437059534533802 ], [ -0.362408145959059, 52.433531223724401 ], [ -0.410834002430877, 52.412793837570803 ], [ -0.417072799337838, 52.411599081728099 ], [ -0.419611984965654, 52.407324630697701 ], [ -0.416157179786181, 52.403589267862102 ], [ -0.432919652229761, 52.396329496384801 ], [ -0.443761406036242, 52.383857662292101 ], [ -0.454937125843458, 52.385701929355399 ], [ -0.456832328444829, 52.382329661067097 ], [ -0.468290416773876, 52.382893621822902 ], [ -0.469888597492008, 52.3798967093811 ], [ -0.48476071763279, 52.381631301250302 ], [ -0.486737623227331, 52.379031246387797 ], [ -0.495946305900596, 52.379515446235999 ], [ -0.488518732726267, 52.374023566034502 ], [ -0.49948691377122, 52.366992841750402 ], [ -0.498699843277914, 52.360096164353003 ], [ -0.477338839821976, 52.348409541518997 ], [ -0.483269279900034, 52.340953067844097 ], [ -0.466656529654259, 52.338927604257798 ], [ -0.465365654032205, 52.322953274497102 ], [ -0.476261607696473, 52.318063579331898 ], [ -0.487476966896368, 52.3210742268746 ], [ -0.520028421665638, 52.316799824548603 ], [ -0.51405100138019, 52.314697053031303 ], [ -0.541969092558056, 52.289942375492302 ], [ -0.534003318232647, 52.281191844361999 ], [ -0.531190075726973, 52.270402363362798 ], [ -0.539324995846566, 52.266094683434197 ], [ -0.539899332337935, 52.257306144993301 ], [ -0.554738544937602, 52.258179684916499 ], [ -0.565693322815629, 52.253468329484498 ], [ -0.588110869130691, 52.270778469635196 ], [ -0.586328305862752, 52.272913908752002 ], [ -0.600301105928573, 52.277888562159298 ], [ -0.610617104875506, 52.279497999281297 ], [ -0.622981632089228, 52.276131960723703 ], [ -0.63141243557643, 52.270047755971198 ], [ -0.640917267617139, 52.272258000362697 ], [ -0.653655575629202, 52.268288996364603 ], [ -0.642749084980964, 52.2334399995691 ], [ -0.637331792921409, 52.227317629188398 ], [ -0.661460463513019, 52.208125900221297 ], [ -0.668135903447934, 52.195034029345003 ], [ -0.684654011478228, 52.196336025517098 ], [ -0.70545508852767, 52.1915708877507 ], [ -0.738892807727919, 52.171281327049002 ], [ -0.749734760960737, 52.166876783631601 ], [ -0.75719096511671, 52.167328969229096 ], [ -0.762046887163014, 52.1634464911658 ], [ -0.765331496480897, 52.1710992278948 ], [ -0.783194467255627, 52.165925086250503 ], [ -0.780312463189216, 52.163356660181996 ], [ -0.792091128859791, 52.151329455387597 ], [ -0.801956644733455, 52.158678728291498 ], [ -0.807588082971615, 52.1569790119012 ], [ -0.809279142420256, 52.150012736846499 ], [ -0.814041358595816, 52.142472320672198 ], [ -0.831966594474488, 52.1436834490151 ], [ -0.828204869960686, 52.132610564631399 ], [ -0.832054852859118, 52.131258799642403 ], [ -0.868253204910791, 52.130106714566899 ], [ -0.879942558176414, 52.126635433625403 ], [ -0.880682843377542, 52.120190630932797 ], [ -0.887302768398201, 52.114530311717303 ], [ -0.87145032924143, 52.111753442306203 ], [ -0.865282187699908, 52.102997175350502 ], [ -0.867845227349554, 52.099437049522301 ], [ -0.857943173505202, 52.097518472012602 ], [ -0.855977399730796, 52.093048464420797 ], [ -0.846607590323358, 52.090647510020297 ], [ -0.831418075711131, 52.071947031729103 ], [ -0.838768085254653, 52.064123524994798 ], [ -0.853076408348248, 52.064347353833199 ], [ -0.861708466037362, 52.061617613637601 ], [ -0.860627821094579, 52.054800148090798 ], [ -0.855789146546399, 52.0531919481407 ], [ -0.853085431276456, 52.049802437656801 ], [ -0.85942282439064, 52.044602189240202 ], [ -0.866115368062688, 52.0466899079751 ], [ -0.870606635684049, 52.043803432815402 ], [ -0.877468788069621, 52.029971536298198 ], [ -0.883018583685248, 52.028241378078498 ], [ -0.890118295552869, 52.0315606099443 ], [ -0.906029926373322, 52.021221234002603 ], [ -0.926732854227777, 52.038674438446101 ], [ -0.937879993954931, 52.061201914892997 ], [ -0.933744684542828, 52.062636232110997 ], [ -0.939404882467418, 52.062225044095598 ], [ -0.939279218658135, 52.067353617414497 ], [ -0.944395430478462, 52.070072531900102 ], [ -0.940056164622551, 52.075842074709499 ], [ -0.951873212759687, 52.0815336238269 ], [ -0.960762816403469, 52.078644339076298 ], [ -0.967805270174199, 52.070910920685598 ], [ -1.00754073746376, 52.072095470081003 ], [ -1.0263175911861, 52.075682031287599 ], [ -1.04232695553518, 52.073710029488701 ], [ -1.02955134095556, 52.070106577383797 ], [ -1.02640527916953, 52.064417125980398 ], [ -1.03094653798531, 52.062897248723097 ], [ -1.04004887115636, 52.065924175528501 ], [ -1.05295916652417, 52.0596605080747 ], [ -1.06206508671032, 52.062735434551101 ], [ -1.07165664645898, 52.058135055192402 ], [ -1.07665204686676, 52.0588512572631 ], [ -1.08327502215697, 52.052361524249903 ], [ -1.11722424237731, 52.047345047007802 ], [ -1.13125757456069, 52.032869262508797 ], [ -1.1361583849776, 52.020033899189798 ], [ -1.11808633809214, 52.0154261437537 ], [ -1.13125278793631, 52.004884627512901 ], [ -1.13432888783756, 51.997296379368002 ], [ -1.14390653606326, 51.997019113073598 ], [ -1.15148017005305, 51.993110077831403 ], [ -1.16382376796738, 51.993412106463303 ], [ -1.1760546074237, 51.982045280068903 ], [ -1.19075606241344, 51.9815108636733 ], [ -1.19625996309684, 51.977431431156297 ], [ -1.22970010088509, 51.981367319771898 ], [ -1.24161224731688, 51.986293390882302 ], [ -1.26091580688804, 51.980925928743801 ], [ -1.28086525348053, 51.982364159221802 ], [ -1.28272665416038, 51.979227741003498 ], [ -1.28885877741594, 51.989725576751397 ], [ -1.28299651744811, 51.991503016464698 ], [ -1.28338997352682, 51.999423930441303 ], [ -1.27878197639502, 52.004377575381 ], [ -1.27847443419335, 52.0082162637012 ], [ -1.28454916930448, 52.010613764902502 ], [ -1.27856664779458, 52.011403559225997 ], [ -1.27814679189148, 52.014238187017902 ], [ -1.28532325699221, 52.026473605820499 ], [ -1.29431221628867, 52.028035225194799 ], [ -1.29495246548058, 52.039811256123798 ], [ -1.31287462199781, 52.0511899698216 ], [ -1.30643162463782, 52.064464774871901 ], [ -1.30125347039044, 52.066103795333298 ], [ -1.30006688752778, 52.069363313394199 ], [ -1.3069030200852, 52.070313586878001 ], [ -1.29849413427745, 52.0757013820471 ], [ -1.29936050069294, 52.080101530104599 ], [ -1.31608502046362, 52.079519919425401 ], [ -1.32054081028787, 52.082195577338702 ], [ -1.32082442840265, 52.087628624204498 ], [ -1.30796302794478, 52.092272942732102 ], [ -1.28712533375338, 52.092638862918598 ], [ -1.2715758994825, 52.097927521826001 ], [ -1.24795969099431, 52.0957729573988 ], [ -1.25292770471157, 52.103874428435503 ], [ -1.2852337408834, 52.124889419863102 ], [ -1.33189692992491, 52.168485056819499 ], [ -1.33400454412251, 52.159083009180499 ], [ -1.33823664764656, 52.158843056427301 ], [ -1.34345845888397, 52.153235305989298 ], [ -1.34104059033704, 52.144856725712003 ], [ -1.34993672247422, 52.141591764687497 ], [ -1.34870936849789, 52.135137505436496 ], [ -1.36404861379136, 52.136707638786 ], [ -1.38546287231142, 52.128403222062502 ], [ -1.39218177729596, 52.117070864696103 ], [ -1.37194470595447, 52.1179490684382 ], [ -1.37036697390999, 52.112717890825998 ], [ -1.36211594448445, 52.107986411742601 ], [ -1.35776960206709, 52.101310468314601 ], [ -1.37442400849961, 52.099725911054001 ], [ -1.385256175707, 52.094209747468803 ], [ -1.40389411938837, 52.110089892774504 ], [ -1.42450552872203, 52.118251943409497 ], [ -1.44874123022937, 52.116066665659602 ], [ -1.45346394203495, 52.112999447157797 ], [ -1.44718802882177, 52.097624989719897 ], [ -1.46755949807215, 52.097056526914002 ], [ -1.4771043179276, 52.101366281020198 ], [ -1.48014862318322, 52.093477969523299 ], [ -1.48780422847159, 52.0939574365892 ], [ -1.48560764825305, 52.087733436727802 ], [ -1.49435486572225, 52.082227433529702 ], [ -1.49084153160608, 52.077544167077001 ], [ -1.50185540381387, 52.071626636584 ], [ -1.49735326195873, 52.058954558774701 ], [ -1.52282552377769, 51.9968432865899 ], [ -1.52792907021478, 51.991754300638299 ], [ -1.5417415500961, 51.996432298366798 ], [ -1.55722367314764, 51.991657599349899 ], [ -1.54967142826298, 51.980859612119801 ], [ -1.56353893815238, 51.977040329491899 ], [ -1.58057377578447, 51.972996064434597 ], [ -1.60030081528879, 51.9769414341147 ], [ -1.59163379239407, 51.9704496449449 ], [ -1.61360884814281, 51.955689124289798 ], [ -1.63596344698858, 51.973758327011502 ], [ -1.6657543945251, 51.987488862685503 ], [ -1.66988789102542, 51.993090056946201 ], [ -1.64283797136316, 52.009202533497501 ], [ -1.63838943399143, 52.020700076237198 ], [ -1.62840489933792, 52.0272069381694 ], [ -1.62014514157733, 52.027711930202301 ], [ -1.61771615940516, 52.031918991615299 ], [ -1.62441796195853, 52.038981557754198 ], [ -1.64537448788564, 52.034231759125198 ], [ -1.65354979777492, 52.035402580136797 ], [ -1.66106511192322, 52.0316138085376 ], [ -1.66887838227033, 52.036582052457803 ], [ -1.69398253489191, 52.039526445182602 ], [ -1.69017979042879, 52.054735975843599 ], [ -1.69956079664658, 52.054629790646203 ], [ -1.70514094575025, 52.059706653321498 ], [ -1.70173110533687, 52.072809417657297 ], [ -1.70988275710602, 52.073349177342699 ], [ -1.71253288997624, 52.066582973964699 ], [ -1.72878117848738, 52.071568672723501 ], [ -1.72856053560798, 52.100120272290198 ], [ -1.73854128837124, 52.091407839153 ], [ -1.75166923865047, 52.096682449660797 ], [ -1.76764876960817, 52.112592557437701 ], [ -1.78941726028147, 52.106374874170797 ], [ -1.79085406962958, 52.100101805516601 ], [ -1.79553405519363, 52.100771229677598 ], [ -1.80326626843423, 52.096065545686301 ], [ -1.81274704374559, 52.078800017067003 ], [ -1.81894337218524, 52.085404404547297 ], [ -1.83175290920489, 52.0727695280614 ], [ -1.84661963548072, 52.079421118162301 ], [ -1.85338883134201, 52.072367256100499 ], [ -1.85560664517519, 52.074440805840403 ], [ -1.86904495991723, 52.073856514278901 ], [ -1.87200494727776, 52.071916898300003 ], [ -1.871682381879, 52.065426170658398 ], [ -1.86498831485027, 52.066278214979199 ], [ -1.8628776725942, 52.063431897335597 ], [ -1.86344926481007, 52.053417615254197 ], [ -1.847218751676, 52.046365624867001 ], [ -1.83458886355862, 52.043733041946098 ], [ -1.82975123790382, 52.039071601400401 ], [ -1.83056057331987, 52.032139013691797 ], [ -1.82502292661639, 52.030933473845998 ], [ -1.83565941991244, 52.022502377239903 ], [ -1.83530890463337, 52.009162412747202 ], [ -1.8390506007515, 52.006783315883098 ], [ -1.86154348957884, 52.012627678572599 ], [ -1.86226894927234, 52.017485284569503 ], [ -1.91344602062788, 52.044461279260503 ], [ -1.92215729354365, 52.0356150171948 ], [ -1.92704460425499, 52.0366609144967 ], [ -1.9317299436615, 52.0299593839514 ], [ -1.94752094126906, 52.031894925718603 ], [ -1.95138754318718, 52.037725239324303 ], [ -1.984135769507, 52.035879329255998 ], [ -1.99518948775446, 52.026563029348203 ], [ -1.99856528245932, 52.029667597664002 ], [ -2.02366740738544, 52.016947977666099 ], [ -2.02913413977691, 52.010039685989803 ], [ -2.03825230956767, 52.0095628141951 ], [ -2.03835601892543, 52.004600573221801 ], [ -2.04951400994408, 52.003796227625699 ], [ -2.05155639387901, 52.008752899622003 ], [ -2.05971096496874, 52.009976857732397 ], [ -2.06077204059991, 52.014678729574001 ], [ -2.08487314705116, 52.010478372458202 ], [ -2.09767409154901, 52.013063466470598 ], [ -2.11805204577171, 52.014383670501402 ], [ -2.13152349727382, 52.005906894491901 ], [ -2.13521742217972, 51.999702999522299 ], [ -2.14182300313815, 51.999802505978899 ], [ -2.13906374353089, 52.003949849027798 ], [ -2.1507330804629, 52.006613493511203 ], [ -2.13973918462389, 52.0276126610256 ], [ -2.12558883082627, 52.030599663169397 ], [ -2.1162310497, 52.035104280086202 ], [ -2.11838379426561, 52.042108599563498 ], [ -2.15813370857915, 52.050205878414197 ], [ -2.17138100096912, 52.047573594522703 ], [ -2.18067919804571, 52.0417281034238 ], [ -2.17690603441244, 52.022559178797998 ], [ -2.18768308541375, 52.019080042021898 ], [ -2.18406573564104, 52.013901148690699 ], [ -2.16472345495905, 52.004195373611601 ], [ -2.16427092819684, 51.996483123162299 ], [ -2.17487475739268, 51.996119568898102 ], [ -2.18110665105021, 51.9994836587409 ], [ -2.17942578969576, 51.994847525294801 ], [ -2.18508421119727, 51.990560761881802 ], [ -2.20288612310318, 51.996363023490197 ], [ -2.22061339773497, 51.995496608579302 ], [ -2.25135998194161, 51.966565059172702 ], [ -2.2882903450246, 51.970667924056798 ], [ -2.30043284665435, 51.966775203905598 ], [ -2.30946535553941, 51.970646683415403 ], [ -2.31261947041921, 51.976504939208503 ], [ -2.32656519339306, 51.975810694240003 ], [ -2.32065676667531, 51.992128386729298 ], [ -2.32470985397713, 52.003567211297501 ], [ -2.32942320625051, 52.006828565337301 ], [ -2.34087757284429, 52.006887679320897 ], [ -2.3525426159631, 52.0135353248114 ], [ -2.35137856599261, 52.021359006416603 ], [ -2.38698279241982, 52.012166512362398 ], [ -2.39289182133114, 52.012958828039103 ], [ -2.39901832359183, 51.996145917858399 ], [ -2.42101278178376, 51.994241478515399 ], [ -2.4372938464723, 51.997166993504599 ], [ -2.43363713447862, 52.007879376974799 ], [ -2.43611503923667, 52.014574328016401 ], [ -2.46354215313182, 52.014410820871298 ], [ -2.46255388410448, 52.021909954803903 ], [ -2.46620463381931, 52.023723427321201 ], [ -2.47893223643684, 52.022530376221603 ], [ -2.48036547554436, 52.016060734667803 ], [ -2.49125350222052, 52.010490141980597 ], [ -2.4854969344298, 52.000332550048 ], [ -2.47766416127044, 52.000150606226399 ], [ -2.47098001747695, 51.9947775099075 ], [ -2.48863764953457, 51.987408021943097 ], [ -2.49491252837916, 51.981075454863799 ], [ -2.49224441516231, 51.964128486900002 ], [ -2.49903008620462, 51.9637180500266 ], [ -2.50085281798896, 51.960533696645001 ], [ -2.49018755727369, 51.954979597582302 ], [ -2.48610715013568, 51.957420423753 ], [ -2.47372869537076, 51.956538720477099 ], [ -2.46548752905281, 51.951696362948297 ], [ -2.46338439419198, 51.939269442211497 ], [ -2.46787865097271, 51.937379808650498 ], [ -2.46391608810486, 51.926631290783902 ], [ -2.44644026751902, 51.915083186821597 ], [ -2.44015444473154, 51.902442336686498 ], [ -2.44538861052582, 51.900555864964602 ], [ -2.43931485852765, 51.899513986404301 ], [ -2.44600952139731, 51.893994573933398 ], [ -2.46521320050221, 51.892990979459398 ], [ -2.47340814580388, 51.885553584891198 ], [ -2.48672864998722, 51.8847155384844 ], [ -2.48779472373013, 51.880417588920302 ], [ -2.49386158780973, 51.8800029798278 ], [ -2.49465598737098, 51.884239741189504 ], [ -2.50025361991941, 51.881738019678401 ], [ -2.50194740557843, 51.886253295614097 ], [ -2.50862424428812, 51.8851690656995 ], [ -2.51987203168699, 51.868839645894901 ], [ -2.527316161171, 51.862896142197698 ], [ -2.53408356501218, 51.8603882330343 ], [ -2.56165761884046, 51.864292280109701 ], [ -2.58064072583247, 51.861671201353197 ], [ -2.58521880361221, 51.859930457392203 ], [ -2.57882157140168, 51.851849419755503 ], [ -2.58619786351976, 51.8497851634691 ], [ -2.59953954128732, 51.8565314594643 ], [ -2.60640097211477, 51.852025450093002 ], [ -2.60949582311555, 51.8467588015153 ], [ -2.62881622868327, 51.839144120633897 ], [ -2.63671026194235, 51.843095739375201 ], [ -2.63597000330365, 51.839911926240397 ], [ -2.65022843881566, 51.826146155955797 ], [ -2.65685679224595, 51.826880950112198 ], [ -2.65819464220369, 51.832710492243201 ], [ -2.66615723406653, 51.835649695010098 ], [ -2.68285645021157, 51.838456232125999 ], [ -2.68700246111911, 51.833056247182299 ], [ -2.69336558528671, 51.833873136955503 ], [ -2.69732484441212, 51.844768467133498 ], [ -2.70514812928918, 51.845658697396402 ], [ -2.70667790345292, 51.839789227659303 ], [ -2.71605647093588, 51.840748138435799 ], [ -2.71971058813683, 51.848796276445697 ], [ -2.72757535179508, 51.840092880831598 ], [ -2.73153745850976, 51.841409655962799 ], [ -2.73886726177589, 51.836664964938699 ], [ -2.74130267391361, 51.842573485986698 ], [ -2.75682143852299, 51.846016824200298 ], [ -2.76961170588144, 51.862371896400099 ], [ -2.77884118861004, 51.865959590881701 ], [ -2.77277371720077, 51.876817072233798 ], [ -2.76833151221111, 51.880505526671598 ], [ -2.79705947182221, 51.888481113411899 ], [ -2.82377202482678, 51.905219553266299 ], [ -2.83615132881352, 51.906032817983402 ], [ -2.84201803779375, 51.917759723485098 ], [ -2.84515052134741, 51.915221649750102 ], [ -2.85372668627651, 51.91574243769 ], [ -2.8541222775889, 51.913317946904897 ], [ -2.86210645333986, 51.9141130009628 ], [ -2.86331813618835, 51.917187303216103 ], [ -2.84494866834356, 51.922133748012499 ], [ -2.85900766989499, 51.9277333261807 ], [ -2.87014463264459, 51.926957307825496 ], [ -2.87542311476456, 51.933088751624098 ], [ -2.88852041833636, 51.933572125455598 ], [ -2.88702775624421, 51.928204032779398 ], [ -2.89227376231186, 51.925428185159603 ], [ -2.90413548526784, 51.925182186331298 ], [ -2.91611472601978, 51.9176600781012 ], [ -2.93719800598688, 51.912287703450403 ], [ -2.95309071173159, 51.906095337245503 ], [ -2.97184637196995, 51.904981576980198 ], [ -2.97666543112588, 51.927490228936698 ], [ -2.99924251364546, 51.923457785901903 ], [ -3.00812329558841, 51.927130559416803 ], [ -3.00852297987173, 51.938081200284202 ], [ -3.02594444682362, 51.957282424347397 ], [ -3.03533533698398, 51.959740867577899 ], [ -3.03960859377534, 51.966480807882498 ], [ -3.06736808480994, 51.983142752431803 ], [ -3.08408788194307, 52.0041082347404 ], [ -3.08689717300397, 52.013911416093201 ], [ -3.09919908155555, 52.022685856374899 ], [ -3.08649205445122, 52.041142762848303 ], [ -3.09281228940061, 52.047478972054499 ], [ -3.09078075900341, 52.050825519459302 ], [ -3.11646181132408, 52.065855855266101 ], [ -3.11841409322018, 52.070132496605197 ], [ -3.12597732925477, 52.0783302383525 ], [ -3.11885988512858, 52.088727708833503 ], [ -3.12271473301428, 52.103158092374201 ], [ -3.10546548989801, 52.105386332942601 ], [ -3.10498504153052, 52.116727594575003 ], [ -3.12806135165853, 52.124570437441101 ], [ -3.13681471768563, 52.123320191036399 ], [ -3.14122897828434, 52.129922162489002 ], [ -3.1341353308919, 52.133588323123199 ], [ -3.13587353559957, 52.1379085500581 ], [ -3.09368985575672, 52.144305771878301 ], [ -3.07263474662729, 52.155643693347102 ], [ -3.07157158793465, 52.158189653759401 ], [ -3.08254324988496, 52.163047108089799 ], [ -3.09887736448918, 52.154706218555901 ], [ -3.1224304805439, 52.163419640538301 ], [ -3.12199467560211, 52.166916790500501 ], [ -3.11245897316116, 52.1702310889548 ], [ -3.11248951960937, 52.173623351922899 ], [ -3.10140999925018, 52.1772661236432 ], [ -3.09467683818843, 52.183838260231603 ], [ -3.1018199738759, 52.202611429923898 ], [ -3.07222185806021, 52.212957790082299 ], [ -3.07800910565713, 52.216044804042902 ], [ -3.07037320005056, 52.229237759988003 ], [ -3.07370802683974, 52.235004809941898 ], [ -3.04416426259323, 52.237945017981097 ], [ -3.04370626126037, 52.245522150244099 ], [ -3.04994833246591, 52.245013470065899 ], [ -3.04527356403724, 52.246818524552999 ], [ -3.04553280152151, 52.2531364753807 ], [ -3.00131600310888, 52.263968732223198 ], [ -2.9897779814795, 52.260497176711503 ], [ -2.97858445316663, 52.262385901960002 ], [ -2.97750326839358, 52.2597732444966 ], [ -2.96499104114506, 52.2623361067971 ], [ -2.96506478262022, 52.268122969548998 ], [ -2.9559542310323, 52.270920472823001 ], [ -2.94962111282942, 52.269525861550001 ], [ -2.96503604927479, 52.274311660083598 ], [ -2.99267445000644, 52.272854307118699 ], [ -2.99602299048291, 52.275786598497199 ], [ -3.01249120271059, 52.278670112291699 ], [ -3.0119840677468, 52.287886516301597 ], [ -3.00552431322792, 52.290682454901599 ], [ -3.00133149484677, 52.299956408807098 ], [ -3.00156473357101, 52.320342324814803 ], [ -2.99714729775387, 52.324527814611898 ], [ -2.98602667157114, 52.323468882746198 ], [ -2.96684046170455, 52.329501708090199 ], [ -2.95472681200755, 52.349249411541699 ], [ -2.97523735580602, 52.354427914569001 ], [ -2.986069387911, 52.350895063475598 ], [ -2.99832442622651, 52.351893738637401 ], [ -3.04002591372992, 52.344375350441403 ], [ -3.06329645280892, 52.349211421909899 ], [ -3.06530043003087, 52.353343999900403 ], [ -3.10098697756524, 52.367926246383497 ], [ -3.11060401464136, 52.377159871857899 ], [ -3.12024009353865, 52.377443695137302 ], [ -3.12959289623969, 52.3844795212962 ], [ -3.15461588703619, 52.3877900904969 ], [ -3.16154833652886, 52.392142772504997 ], [ -3.16065507660786, 52.399932148810599 ], [ -3.17907086587064, 52.409478639023497 ], [ -3.21974427468244, 52.421321998997001 ], [ -3.2223272292401, 52.426739326432603 ], [ -3.23068655353999, 52.430483454372002 ], [ -3.22837627837687, 52.439538897966798 ], [ -3.2355619366937, 52.442525892950698 ], [ -3.23091234121753, 52.453246301913303 ], [ -3.19730869106395, 52.476017577777299 ], [ -3.18056588003163, 52.473869994321603 ], [ -3.14489682024566, 52.488842097807897 ], [ -3.10792495789962, 52.499340497005797 ], [ -3.02920219754284, 52.501268109517298 ], [ -3.03642919820595, 52.511505910682601 ], [ -3.03241514416061, 52.523706766323798 ], [ -3.00634023360414, 52.519687195314802 ], [ -3.00090057076986, 52.523941756701802 ], [ -3.00509986606261, 52.5294513184854 ], [ -2.99417808838258, 52.5529467263542 ], [ -2.99971993985837, 52.554669468931003 ], [ -2.99764625199765, 52.563833342983799 ], [ -3.00626445019761, 52.5736881405888 ], [ -3.01451843966394, 52.575499664453901 ], [ -3.03645138457499, 52.571804052317603 ], [ -3.05981648407336, 52.555560593656999 ], [ -3.06499595370844, 52.556808975213102 ], [ -3.08728183589836, 52.551287372001397 ], [ -3.08615531715754, 52.548648519792501 ], [ -3.09394358585867, 52.544902294621302 ], [ -3.0808056140912, 52.539142525552997 ], [ -3.08537807094877, 52.534535583931401 ], [ -3.10874428078428, 52.529210780314401 ], [ -3.13306444619219, 52.527470580547302 ], [ -3.13709821354917, 52.533379024435099 ], [ -3.11182894247128, 52.541112091632101 ], [ -3.12742738327881, 52.566024255527203 ], [ -3.13777287105884, 52.573852167774398 ], [ -3.13857013481031, 52.582855296027603 ], [ -3.13494170986168, 52.583626760957401 ], [ -3.13927891420984, 52.585994450479902 ], [ -3.12217370985501, 52.5876412455208 ], [ -3.11744656103854, 52.585760918609999 ], [ -3.10033143348855, 52.597585193765099 ], [ -3.08935805821757, 52.599586959774904 ], [ -3.09364234393057, 52.609305727867699 ], [ -3.08270057972579, 52.615533027549198 ], [ -3.07310137230752, 52.628959180379098 ], [ -3.05978800777865, 52.630691666735103 ], [ -3.06939880098539, 52.637408240546698 ], [ -3.08352182172639, 52.641286634690204 ], [ -3.05108760611334, 52.647320826428199 ], [ -3.05085675425232, 52.653323713127101 ], [ -3.04490538991839, 52.655943028179799 ], [ -3.04907314571116, 52.662258939133302 ], [ -3.04464981695301, 52.665550273286499 ], [ -3.03851292257822, 52.675331498687399 ], [ -3.0456384595924, 52.675442153455101 ], [ -3.04208183336431, 52.681496821920398 ], [ -3.04695811734988, 52.691228118534603 ], [ -3.03422415633727, 52.693440625243298 ], [ -3.03203494242901, 52.699935309153403 ], [ -3.0225184027955, 52.706656886826302 ], [ -3.02543415144517, 52.716179040631403 ], [ -3.02152669429004, 52.724202255808102 ], [ -3.019045330563, 52.725309765321903 ], [ -3.01836318357833, 52.721241204109099 ], [ -3.0005462886369, 52.720230419978002 ], [ -2.97751940528109, 52.726467123026403 ], [ -2.97811945339805, 52.715303432381802 ], [ -2.96658813802198, 52.7142714816137 ], [ -2.96119003241365, 52.716897583983503 ], [ -2.96183690676934, 52.725694745852003 ], [ -2.96665349964023, 52.725635033646299 ], [ -2.96503836156393, 52.732227794224499 ], [ -2.97357591667595, 52.735685573314498 ], [ -2.99091709042036, 52.733630705381103 ], [ -2.99728993878924, 52.738369169183798 ], [ -2.99250377256331, 52.738545580566203 ], [ -2.99225143559807, 52.743859039026802 ], [ -3.00975473362995, 52.750312668230102 ], [ -3.01656981531315, 52.748534555433601 ], [ -3.02189135036683, 52.752378639806302 ], [ -3.01433405140169, 52.752976452647999 ], [ -3.01059102562052, 52.761615668851398 ], [ -3.0170436751963, 52.767660700064702 ], [ -3.0226731571826, 52.764185744424601 ], [ -3.0263507923659, 52.767053491399501 ], [ -3.03508303168868, 52.764032289250999 ], [ -3.03261060916765, 52.767154508583197 ], [ -3.03898395155838, 52.7703728130762 ], [ -3.04653379788223, 52.767031355852303 ], [ -3.05254759844623, 52.768586207198297 ], [ -3.04753567146997, 52.772201813709501 ], [ -3.05264166519408, 52.773170533663098 ], [ -3.0585398328363, 52.773528727961001 ], [ -3.06210438603875, 52.7691317066433 ], [ -3.0685857326874, 52.774194924572903 ], [ -3.07219314522976, 52.769751683638503 ], [ -3.07952317400753, 52.771564139424399 ], [ -3.08072402338146, 52.7774472308719 ], [ -3.08885844991752, 52.7775567799832 ], [ -3.09170725795772, 52.786645563601198 ], [ -3.08555547388297, 52.793102808372602 ], [ -3.09099776242909, 52.795973784618901 ], [ -3.09771338065363, 52.7913828638384 ], [ -3.10617294442754, 52.792920534295597 ], [ -3.10989757080571, 52.786600066226697 ], [ -3.11906415585842, 52.784774370014702 ], [ -3.11889743809682, 52.7871967867639 ], [ -3.1424935029764, 52.790354730445301 ], [ -3.14465630988636, 52.7885144554864 ], [ -3.14798093202742, 52.792054999505098 ], [ -3.15847134056457, 52.793494069400403 ], [ -3.16181494924857, 52.799360095129103 ], [ -3.1540579456164, 52.802508810732803 ], [ -3.15419329845028, 52.807439501636402 ], [ -3.16141079960687, 52.803615755249602 ], [ -3.16817789405703, 52.807313315173701 ], [ -3.16784461728933, 52.819275241623103 ], [ -3.15514154982519, 52.8307710663398 ], [ -3.15659687653466, 52.837042575984398 ], [ -3.15132489091825, 52.842581087251602 ], [ -3.16307087531104, 52.847486677915498 ], [ -3.12772118861665, 52.867253877025298 ], [ -3.1517558068064, 52.878155335306502 ], [ -3.14700649282955, 52.884690471181003 ], [ -3.1355854259293, 52.885137345699299 ], [ -3.14749573066483, 52.890141502683001 ], [ -3.13760505912304, 52.8949022403838 ], [ -3.11412675187469, 52.893980425695702 ], [ -3.1168635058491, 52.899947262025101 ], [ -3.11271119005431, 52.906848219046601 ], [ -3.10884754186604, 52.919753591101802 ], [ -3.09597997244849, 52.930331704247202 ], [ -3.07650141646614, 52.925490326292703 ], [ -3.03475744553424, 52.929512344734299 ], [ -3.02825473635337, 52.936856745661302 ], [ -3.02394858794282, 52.936463017658497 ], [ -3.02001137653503, 52.945940604294698 ], [ -3.01036217556249, 52.954261420612802 ], [ -3.00354374513443, 52.957952234182699 ], [ -2.98203671068422, 52.959193806417296 ], [ -2.97717512169909, 52.9674510265273 ], [ -2.97467536355485, 52.968917434340497 ], [ -2.9684870517546, 52.964175437371097 ], [ -2.97277433204892, 52.960396474830603 ], [ -2.96184176577419, 52.9556552419482 ], [ -2.95981230482659, 52.951188613076901 ], [ -2.92888087147563, 52.938668502679803 ], [ -2.92040645659222, 52.943414338609202 ], [ -2.90831718233939, 52.9420856508724 ], [ -2.89833490013201, 52.950255098874003 ], [ -2.88746952216135, 52.952516187656499 ], [ -2.8837851875838, 52.946727365640101 ], [ -2.84105085328366, 52.942561479515199 ], [ -2.83976219202124, 52.933724487654402 ], [ -2.81274263531483, 52.914641611067701 ], [ -2.81270867014179, 52.909264148560503 ], [ -2.80053701231197, 52.895463266976599 ], [ -2.75532648997337, 52.924628017274898 ], [ -2.728531450291, 52.925176436480697 ], [ -2.72810783333814, 52.947026370178399 ], [ -2.72414410202126, 52.956898997932697 ], [ -2.733358360032, 52.9715743627549 ], [ -2.72684107881614, 52.983272597311199 ], [ -2.71514325848466, 52.985046512590799 ], [ -2.69929233587934, 52.9954388055504 ], [ -2.68707854552586, 52.986830436022302 ], [ -2.67466213565411, 52.985662945171804 ], [ -2.65235719667926, 52.994994389844798 ], [ -2.64269923007778, 52.993519059459601 ], [ -2.63507445082117, 52.996734226756097 ], [ -2.62802832591766, 52.995169134806503 ], [ -2.62213625611077, 52.986842511072602 ], [ -2.6077341196745, 52.988362023773902 ], [ -2.60568278142618, 52.979398269445603 ], [ -2.59488879079982, 52.979607144392197 ], [ -2.59962985210765, 52.975432809545602 ], [ -2.59275666179148, 52.974169765679797 ], [ -2.59844666441039, 52.9717178114078 ], [ -2.59769339677329, 52.963006091912398 ], [ -2.58911311402656, 52.958647612988997 ], [ -2.58620328888437, 52.955314303974603 ], [ -2.5781438397395, 52.955729138046898 ], [ -2.57029262627181, 52.959742969333199 ], [ -2.57349222875482, 52.962716519429897 ], [ -2.56126302488722, 52.964952055891203 ], [ -2.55369739710635, 52.957466296437403 ], [ -2.54635535266724, 52.956837621587198 ], [ -2.52951579903988, 52.947165062779703 ], [ -2.52328045077375, 52.954355383650402 ], [ -2.52219727470364, 52.973741889688803 ], [ -2.51431606693825, 52.971923909464401 ], [ -2.50688293599181, 52.964918585776502 ], [ -2.49902337054417, 52.968434464981598 ], [ -2.49170076590096, 52.9676843474276 ], [ -2.48115325715676, 52.958817683139301 ], [ -2.47508393455264, 52.962489238638497 ], [ -2.45025737118626, 52.966051411161203 ], [ -2.44295776416871, 52.970739050428598 ], [ -2.43461389792172, 52.969521475511002 ], [ -2.43816892905583, 52.985567437753701 ], [ -2.4108667713721, 52.9879242801752 ], [ -2.40447492356403, 52.991653609080899 ], [ -2.40698664778687, 52.995916881739603 ], [ -2.38973474860372, 52.995392266145501 ], [ -2.38079398366022, 52.998411099024104 ], [ -2.38304501146748, 53.0077869471043 ], [ -2.3704676479142, 53.0145759333275 ], [ -2.38422743656796, 53.026167662507397 ], [ -2.37978543479535, 53.027591536955299 ], [ -2.38617091880049, 53.033564210798801 ], [ -2.38102134787621, 53.052663534556103 ], [ -2.35757913094281, 53.0547189156173 ], [ -2.35668003217577, 53.058215207839297 ], [ -2.34860879086377, 53.0558267606337 ], [ -2.33051501889263, 53.070860573969199 ], [ -2.32900923930644, 53.076579883352103 ], [ -2.31672794782508, 53.081115000175799 ], [ -2.30339656449269, 53.082961356657599 ], [ -2.29481057807971, 53.078327305099599 ], [ -2.28169019486302, 53.080316156750698 ], [ -2.27449768518295, 53.083853988593503 ], [ -2.27710576364536, 53.085905558465697 ], [ -2.2571257487357, 53.090016408821803 ], [ -2.25324856182196, 53.093977115622799 ], [ -2.24656344657817, 53.090185000475202 ], [ -2.23795123250351, 53.101046733332602 ], [ -2.22745930661312, 53.104065947307099 ], [ -2.22295423965356, 53.103881822444698 ], [ -2.21142381823954, 53.1157629517731 ], [ -2.17355816435214, 53.147335053703301 ], [ -2.15960430662882, 53.152860371612498 ], [ -2.1556450020776, 53.159618935619498 ], [ -2.14141178460025, 53.1566524494107 ], [ -2.14486590886018, 53.173767781992503 ], [ -2.14073088075519, 53.183578861918001 ], [ -2.13346395994689, 53.182814974518898 ], [ -2.12787033146782, 53.174628659136502 ], [ -2.1144134516765, 53.172540966802401 ], [ -2.11536419895038, 53.1695166630034 ], [ -2.10038026943961, 53.169567072163701 ], [ -2.09069986716718, 53.172290306483802 ], [ -2.08723640402899, 53.169853897158902 ], [ -2.07805008615424, 53.170442911272303 ], [ -2.05824224519023, 53.176321387222799 ], [ -2.05921495129989, 53.1809007754525 ], [ -2.05228929487348, 53.1839591796044 ], [ -2.05498935255334, 53.186482833655603 ], [ -2.04641816255238, 53.192681931735102 ], [ -2.02855545294237, 53.193353441900904 ], [ -2.01817950845957, 53.1890529792948 ], [ -2.0016660403248, 53.193055060461703 ], [ -1.98740744875066, 53.213585659916298 ], [ -1.99026464806774, 53.222998867647703 ], [ -1.97606499877977, 53.227529794557 ], [ -1.97485867625588, 53.231061155914603 ], [ -1.98188312564029, 53.238579326450001 ], [ -1.99973132997327, 53.245048772642299 ], [ -2.00033273338687, 53.2554387434527 ], [ -2.00896789168189, 53.261784989968703 ], [ -2.00519743782864, 53.269040049252197 ], [ -2.00932920208428, 53.302314086373599 ], [ -2.0015511310486, 53.3189212437427 ], [ -2.01155371327959, 53.325953936669102 ], [ -2.00928879183657, 53.331380186641702 ], [ -2.01364972658359, 53.332420130618601 ], [ -2.01431907788046, 53.340058597155199 ], [ -2.00465986487233, 53.346009767195099 ], [ -2.00899814323881, 53.362010702984698 ], [ -2.0160229284556, 53.363115593751701 ], [ -2.02181672004445, 53.3667569881096 ], [ -2.02625420685497, 53.363653342828599 ], [ -2.0317290115949, 53.365729595446503 ], [ -2.0310588041656, 53.370262048044097 ], [ -2.0337752252591, 53.375541628259803 ], [ -2.02147202314721, 53.375059187710498 ], [ -2.01708389822909, 53.377832615247499 ], [ -2.01971455611163, 53.380595431411699 ], [ -2.00464286274966, 53.386327473449299 ], [ -2.00505438602376, 53.3906075380511 ], [ -1.99232955030394, 53.415193106971898 ], [ -2.00997059230223, 53.416637486994702 ], [ -2.02370976196732, 53.420551747626398 ], [ -2.01972440977663, 53.425118672162398 ], [ -2.02622369290305, 53.429802144225498 ], [ -2.02725560115413, 53.432359263829298 ], [ -2.013112244327, 53.439944454469298 ], [ -2.00415928476826, 53.435922544832401 ], [ -2.00827921273696, 53.441418004288302 ], [ -1.99821408825519, 53.445798250895898 ], [ -1.99503131299472, 53.4503206141748 ], [ -1.9868694810486, 53.454304631880902 ], [ -1.98643825306516, 53.461044283094203 ], [ -1.98153221125413, 53.464504612203399 ], [ -1.98838409487078, 53.470293947146402 ], [ -1.98696811020903, 53.4815734654184 ], [ -1.97463080957208, 53.487935060809498 ], [ -1.97271949190576, 53.502486158208299 ], [ -1.96338649315472, 53.509826936337703 ], [ -1.95133340013987, 53.504198657617302 ], [ -1.92197283458608, 53.509955031835801 ], [ -1.91676710720162, 53.514495728124999 ], [ -1.92678028855831, 53.520949070343001 ], [ -1.92244490315785, 53.530815197030101 ], [ -1.90962093258169, 53.538391206828997 ], [ -1.89932224667775, 53.538112397456203 ], [ -1.89410947540448, 53.533611848491297 ], [ -1.87349280319238, 53.540429331928998 ], [ -1.84182099603353, 53.519908674426802 ], [ -1.82715166390587, 53.523507872511203 ], [ -1.8222288058304, 53.521091143843002 ], [ -1.81952371416962, 53.513428224860597 ], [ -1.8007795172247, 53.5113788497572 ], [ -1.81028733037923, 53.506341827957598 ], [ -1.79620994678666, 53.503120829630198 ], [ -1.7950078059013, 53.495893120317298 ], [ -1.80030939336785, 53.493389546264801 ], [ -1.80147073060994, 53.480991713271898 ], [ -1.79114041050359, 53.475833074581601 ], [ -1.7802977246171, 53.474838990695602 ], [ -1.76835025787178, 53.464723664161603 ], [ -1.75241526386735, 53.464957855488201 ], [ -1.74533067397688, 53.462183761822502 ], [ -1.74808252968205, 53.457433867424001 ], [ -1.74368098216497, 53.444955217575099 ], [ -1.74972800032761, 53.4391192890564 ], [ -1.74427283535743, 53.431296700711997 ], [ -1.74673708669559, 53.426193624118604 ], [ -1.72995147436309, 53.415985568249802 ], [ -1.71820802783255, 53.419480378194798 ], [ -1.70877449437586, 53.417439913867597 ], [ -1.70323429253063, 53.4137223357043 ], [ -1.70496490793419, 53.4050558722668 ], [ -1.69452139614519, 53.401161258639 ], [ -1.68182849210783, 53.401780749719499 ], [ -1.66808997850041, 53.393070881027597 ], [ -1.65388266744063, 53.391907361744401 ], [ -1.65351658449657, 53.385114559899101 ], [ -1.66329218017304, 53.374247706188498 ], [ -1.66395819746608, 53.366890241436899 ], [ -1.63059259338227, 53.3561609874046 ], [ -1.6256037980064, 53.352061793322797 ], [ -1.59058650600881, 53.3459588645118 ], [ -1.60157538801788, 53.342608919478799 ], [ -1.61219014224638, 53.343232784467702 ], [ -1.63277198080172, 53.320827641496699 ], [ -1.62828483444071, 53.3163696702739 ], [ -1.60883558440411, 53.322554088929898 ], [ -1.60152487589439, 53.318205470280802 ], [ -1.5990781056935, 53.311378264517998 ], [ -1.58503152012505, 53.3215892656197 ], [ -1.57899566977687, 53.316692306232 ], [ -1.58307782331321, 53.3156978344404 ], [ -1.58053384307492, 53.311737656681601 ], [ -1.56131631267646, 53.315874018127303 ], [ -1.55582227933638, 53.311706533499702 ], [ -1.56186191879312, 53.306652460815698 ], [ -1.5581386317776, 53.305402611253697 ], [ -1.54909255058511, 53.306982352449097 ], [ -1.53699550276147, 53.304721673793203 ], [ -1.53127715297132, 53.310633368602304 ], [ -1.52616731082164, 53.310413219339502 ], [ -1.5047252144919, 53.3170352007484 ], [ -1.47898048728473, 53.319327140256597 ], [ -1.46791401177364, 53.317144273142397 ], [ -1.45524210932807, 53.321844116464398 ], [ -1.46121147984983, 53.327823039303397 ], [ -1.45673132098441, 53.3293360841135 ], [ -1.45993051847559, 53.330630304591203 ], [ -1.45109088978986, 53.331426970289499 ], [ -1.44221645891086, 53.337293908586702 ], [ -1.42086736705163, 53.334568066326902 ], [ -1.4138557790186, 53.337888097272199 ], [ -1.41189850302011, 53.341373657370397 ], [ -1.38896302430412, 53.3364425152213 ], [ -1.39203778364057, 53.322589092832501 ], [ -1.38511898187372, 53.3177560100278 ], [ -1.3626431426759, 53.3151144203255 ], [ -1.36133947535253, 53.318359999353902 ], [ -1.35163550902263, 53.3190255539917 ], [ -1.34032375138442, 53.3155665723203 ], [ -1.32472658908614, 53.328832699525499 ], [ -1.3217240556823, 53.325610361167001 ], [ -1.31456672049575, 53.326750237235998 ], [ -1.30878920647592, 53.332170639251501 ], [ -1.31233367960612, 53.334168659790798 ], [ -1.29897698484067, 53.332477960473803 ], [ -1.28858456017186, 53.326235976905402 ], [ -1.29432947828039, 53.322551020522603 ], [ -1.29571108659911, 53.315058736033201 ], [ -1.28200352507145, 53.309479698607099 ], [ -1.27404764723066, 53.310535352349 ], [ -1.25425511033634, 53.301755524984699 ], [ -1.24345372931273, 53.301598580798199 ], [ -1.23059636796603, 53.308641913344999 ], [ -1.21953090467292, 53.3040005236087 ], [ -1.20317508851904, 53.304191269540702 ], [ -1.19973836233179, 53.3114383962792 ], [ -1.19029577507979, 53.319885149206897 ], [ -1.17203691218152, 53.322763513796303 ], [ -1.17511091832347, 53.3256772429961 ], [ -1.14862770113438, 53.338524695695 ], [ -1.13868641369035, 53.341395142714099 ], [ -1.14032868392642, 53.346579205517102 ], [ -1.15685090262121, 53.344965988493001 ], [ -1.16230474223118, 53.353104144379003 ], [ -1.16194950156241, 53.357908953614299 ], [ -1.14910138830979, 53.354351704932803 ], [ -1.13861090554156, 53.357211536501801 ], [ -1.14047316154618, 53.363979934550002 ], [ -1.14650576810568, 53.365761734254903 ], [ -1.14505910945583, 53.371288545690703 ], [ -1.13054888406965, 53.375643251721698 ], [ -1.13351916767817, 53.391523138117797 ], [ -1.12289119838994, 53.398292241113303 ], [ -1.11560759276275, 53.3971687585476 ], [ -1.11598081249377, 53.407408492901801 ], [ -1.10819671874314, 53.405884376759197 ], [ -1.09873826661378, 53.418734956338398 ], [ -1.08703750392664, 53.425528717661798 ], [ -1.07916001169055, 53.422773385129602 ], [ -1.08036408435065, 53.426883490859197 ], [ -1.05725518185128, 53.425365165588801 ], [ -1.03095124774397, 53.431013810655401 ], [ -1.03046151528002, 53.425181415304202 ], [ -1.02309566684279, 53.424495044468202 ], [ -1.02246305369234, 53.426052282147403 ], [ -1.01428361140132, 53.426277330086698 ], [ -1.01237665486662, 53.432804272529701 ], [ -0.995906460459213, 53.436851951005103 ], [ -0.997340573889043, 53.444258197728097 ], [ -0.983448729023247, 53.467620280543599 ], [ -0.986019321383427, 53.471641356883097 ], [ -0.953328228781869, 53.484412982774899 ], [ -0.935581687798874, 53.502498700844697 ], [ -0.900533859308088, 53.475155581491599 ], [ -0.920247180166508, 53.465506984376397 ], [ -0.916265386988433, 53.460303143394903 ], [ -0.873732279315474, 53.461525682027499 ], [ -0.869995901419283, 53.466102154747503 ], [ -0.797483545959022, 53.455064316745798 ], [ -0.784385469049118, 53.463346867887303 ], [ -0.78503373125186, 53.475821794446603 ], [ -0.771322971320138, 53.479611827187803 ], [ -0.77562389218036, 53.489025020216502 ], [ -0.76810981612354, 53.4989259026447 ], [ -0.751726827728847, 53.500879089678101 ], [ -0.739591688256343, 53.519936012042002 ], [ -0.701630119881934, 53.5141696364974 ], [ -0.687434963114313, 53.516434678651898 ], [ -0.6757584016179, 53.512509829449002 ], [ -0.624481055436275, 53.512821160723099 ], [ -0.628811849980295, 53.488845882922 ], [ -0.633950443787792, 53.4854337138419 ], [ -0.634806711144714, 53.469551733867597 ], [ -0.628248942193903, 53.464074222978397 ], [ -0.629752726719693, 53.458219021816497 ], [ -0.599479840769331, 53.456402128741097 ], [ -0.551792404778349, 53.459587478001701 ], [ -0.471749707110458, 53.474872837439598 ], [ -0.48773812418979, 53.482868040655298 ], [ -0.481540922936563, 53.495288980612699 ], [ -0.488388118009028, 53.504827205136898 ], [ -0.475871932745384, 53.508934349743399 ], [ -0.444028028197144, 53.509371685301502 ], [ -0.405055030472117, 53.517705047008903 ], [ -0.408257241058437, 53.5323450649771 ], [ -0.414581618984531, 53.5358789645625 ], [ -0.421870776255254, 53.534433711287498 ], [ -0.430699990578816, 53.546324108967703 ], [ -0.501229084101009, 53.537461231335001 ], [ -0.49090605215506, 53.545859313158701 ], [ -0.476413167014597, 53.545985093982303 ], [ -0.467018074459382, 53.548960973533099 ], [ -0.465628242794162, 53.556021084870203 ], [ -0.456852513962907, 53.559300806192702 ], [ -0.450706667317645, 53.557998520687399 ], [ -0.439407601711962, 53.570293169734001 ], [ -0.428774207807638, 53.5744157283779 ], [ -0.419387569646404, 53.563702348266297 ], [ -0.349325077868051, 53.555849869008398 ], [ -0.345855378627872, 53.557958404000999 ], [ -0.348658910314698, 53.5595128871336 ], [ -0.335828222631353, 53.558685387703797 ], [ -0.308533285288739, 53.590195367510198 ], [ -0.303517541684407, 53.5908309176328 ], [ -0.30073609564698, 53.595421062617199 ], [ -0.308555221907783, 53.614328660421101 ], [ -0.300930325449262, 53.616387998610797 ] ] ] } },
{ "type": "Feature", "properties": { "region": "North East and Yorkshire" }, "geometry": { "type": "MultiPolygon", "coordinates": [ [ [ [ -0.546408375512733, 53.689933845548801 ], [ -0.525097417240688, 53.685282651007803 ], [ -0.520604423154002, 53.685677020168299 ], [ -0.52520945449142, 53.683193159356499 ], [ -0.535830514281413, 53.681271820773297 ], [ -0.534320305553291, 53.683383698203201 ], [ -0.54357294197637, 53.6828773037196 ], [ -0.558599802283928, 53.689487063390203 ], [ -0.546408375512733, 53.689933845548801 ] ] ], [ [ [ -1.65567461406693, 55.617332254535697 ], [ -1.65513035846439, 55.616653811457297 ], [ -1.65834778644732, 55.616915471610902 ], [ -1.65567461406693, 55.617332254535697 ] ] ], [ [ [ -1.8012101911041, 55.689311583055499 ], [ -1.7973861714577, 55.687223509337599 ], [ -1.79246987708205, 55.688750884737502 ], [ -1.78937072533162, 55.685036525597098 ], [ -1.77921132996832, 55.685626106736599 ], [ -1.78102769742407, 55.676774269472602 ], [ -1.77887451590651, 55.667730665877102 ], [ -1.79323177239199, 55.670602164534301 ], [ -1.79492523330286, 55.668108932907103 ], [ -1.80243892207114, 55.668283829730598 ], [ -1.80607507016145, 55.6781813733908 ], [ -1.8155911616325, 55.6824100040443 ], [ -1.83101448696504, 55.683430395462203 ], [ -1.84239488379665, 55.678714846546299 ], [ -1.85207016154948, 55.681487124206001 ], [ -1.85495547464104, 55.6856300102869 ], [ -1.85182544060926, 55.688160979840298 ], [ -1.82659250451186, 55.684672327289697 ], [ -1.81334263543194, 55.685062667089198 ], [ -1.8012101911041, 55.689311583055499 ] ] ], [ [ [ -2.03117086683748, 55.804230056813999 ], [ -2.01207902189245, 55.7930280772974 ], [ -2.01218341370733, 55.7917138194857 ], [ -1.9999867028264, 55.785928140261703 ], [ -1.99201935598906, 55.767329842438699 ], [ -1.98599788608878, 55.765133745676799 ], [ -1.99159962805213, 55.766349568905802 ], [ -2.00420610049215, 55.765483601258502 ], [ -2.01656895791342, 55.774649908107698 ], [ -2.03886781450395, 55.769105582456397 ], [ -2.04049112438117, 55.760639404349497 ], [ -2.04603502788312, 55.757986906029402 ], [ -2.03813865390427, 55.760122638290397 ], [ -2.03165299642724, 55.7697554827039 ], [ -2.02518764431678, 55.771288035950803 ], [ -2.02940813023036, 55.768838660940098 ], [ -2.01342114865745, 55.771258468696303 ], [ -2.00374198440676, 55.761768349998 ], [ -1.99256972269135, 55.761372845602097 ], [ -1.98327133773075, 55.750968210999403 ], [ -1.96322144862546, 55.738279750650598 ], [ -1.96077232432745, 55.733266247536001 ], [ -1.9192154318836, 55.711982915758 ], [ -1.91200895048265, 55.704958847034099 ], [ -1.88409332954301, 55.694459123883902 ], [ -1.88021111607875, 55.6853013596549 ], [ -1.88562738130181, 55.683952483283797 ], [ -1.87324686228725, 55.682783967412902 ], [ -1.87407636341213, 55.6755616601178 ], [ -1.86618443370883, 55.665925826817201 ], [ -1.87002498158312, 55.665913811956301 ], [ -1.84709163218285, 55.652275020788501 ], [ -1.84104956115715, 55.645658840212903 ], [ -1.84671116664888, 55.646703765024803 ], [ -1.83901677850136, 55.642346144341403 ], [ -1.813186225269, 55.633704636359298 ], [ -1.80217017470921, 55.636114289533701 ], [ -1.79010629952514, 55.646786494927603 ], [ -1.79181932470192, 55.653352921343 ], [ -1.79528260101794, 55.657793778620402 ], [ -1.79171607356388, 55.658120233389397 ], [ -1.78719912513306, 55.655508659398002 ], [ -1.78396271545148, 55.644103700041597 ], [ -1.7647767256772, 55.625909641584997 ], [ -1.77182776717116, 55.617349413388403 ], [ -1.78633189999702, 55.616004377776001 ], [ -1.77836998984013, 55.614616502565703 ], [ -1.76908790141066, 55.602968171683003 ], [ -1.7423378637719, 55.618562213477098 ], [ -1.72701452409368, 55.6171782664536 ], [ -1.72153438324308, 55.615935872641103 ], [ -1.71649804650053, 55.612291748197997 ], [ -1.69201921769641, 55.606158438238403 ], [ -1.66483165772922, 55.586109483639 ], [ -1.64904425146254, 55.583827845387503 ], [ -1.65286686232257, 55.582899848916199 ], [ -1.63942865021283, 55.578230622148503 ], [ -1.65216369148104, 55.571255878683097 ], [ -1.645663885044, 55.574176497944798 ], [ -1.63327238003529, 55.559665453155297 ], [ -1.626519839178, 55.557675600366501 ], [ -1.62813946716428, 55.554372164378897 ], [ -1.61894770179467, 55.552183585212603 ], [ -1.63238167130301, 55.5502615929949 ], [ -1.63811327634802, 55.540907004647899 ], [ -1.6262079400566, 55.527819479759401 ], [ -1.61848967442918, 55.526385926434003 ], [ -1.61903344253339, 55.522559921658598 ], [ -1.61059329382314, 55.5217182712206 ], [ -1.61870251278091, 55.514503541266002 ], [ -1.61361694757434, 55.509391102261503 ], [ -1.61427439421224, 55.498154319108799 ], [ -1.59548925868755, 55.491271832434599 ], [ -1.59114224073804, 55.492330566042 ], [ -1.59336136983387, 55.473097169280301 ], [ -1.59064361134161, 55.466735950764601 ], [ -1.59062611074811, 55.459721195077201 ], [ -1.59304491423065, 55.4570285756012 ], [ -1.58633026733719, 55.446645848635399 ], [ -1.59334536153846, 55.440234954599099 ], [ -1.58731606064409, 55.434257400133802 ], [ -1.57535748675576, 55.430880128353898 ], [ -1.58182860303318, 55.4181251427935 ], [ -1.57884615580075, 55.408897609415803 ], [ -1.59259864215853, 55.402769440666503 ], [ -1.5966817597506, 55.3947185156199 ], [ -1.61142133180323, 55.385168005934602 ], [ -1.62127361287514, 55.388306118384698 ], [ -1.61736398159784, 55.389256305278003 ], [ -1.6178287390497, 55.390499560526401 ], [ -1.62359074771146, 55.391814044440302 ], [ -1.62347066395297, 55.389491805787699 ], [ -1.61464468376904, 55.379928842406997 ], [ -1.6137888227813, 55.384363215910199 ], [ -1.60848651940798, 55.3839464939471 ], [ -1.60605951485748, 55.373873987952798 ], [ -1.58857121018738, 55.345231244563898 ], [ -1.58184041139057, 55.339479378457597 ], [ -1.57109294418055, 55.3396521771895 ], [ -1.58200522710671, 55.3375992381903 ], [ -1.59441296132786, 55.3432452287459 ], [ -1.59243817480818, 55.339622052480898 ], [ -1.58395716008295, 55.335610148470202 ], [ -1.57368950448152, 55.3362532060343 ], [ -1.57075781199199, 55.338990733563797 ], [ -1.57021497815202, 55.335382028898302 ], [ -1.54939419416243, 55.321723442515299 ], [ -1.54977934428435, 55.311363481930499 ], [ -1.55786123115581, 55.307262309089197 ], [ -1.56995760796806, 55.2918348537995 ], [ -1.57313557886025, 55.2753482547148 ], [ -1.57091013191127, 55.275451193411797 ], [ -1.55436756973493, 55.247300682690998 ], [ -1.52545077234589, 55.227207474291198 ], [ -1.52886468665355, 55.221278380620603 ], [ -1.52592166644184, 55.2172949662693 ], [ -1.52692426035734, 55.216080996120198 ], [ -1.51052182180648, 55.199126269154497 ], [ -1.50286499084349, 55.196694060496199 ], [ -1.50511039175201, 55.192596907476002 ], [ -1.49902381488852, 55.185438209511901 ], [ -1.51171479561292, 55.183653848344299 ], [ -1.51439718390517, 55.178799066219703 ], [ -1.51272273185521, 55.177754677596099 ], [ -1.51322303489825, 55.174825890940497 ], [ -1.52000502262644, 55.170554670259897 ], [ -1.52069823561865, 55.167137761917502 ], [ -1.52507761098866, 55.162632044406401 ], [ -1.54007499767794, 55.161557216978601 ], [ -1.52493482293934, 55.160514404384102 ], [ -1.51616610230403, 55.143494819347701 ], [ -1.4986686100033, 55.129595743705103 ], [ -1.49097954606709, 55.1207567802998 ], [ -1.49864059710304, 55.128450819203998 ], [ -1.50413175061294, 55.130553510803502 ], [ -1.52194010728981, 55.1435750633959 ], [ -1.52003452468043, 55.138813151874203 ], [ -1.52252812776008, 55.141718232879001 ], [ -1.5332368336357, 55.139057595358203 ], [ -1.55814388154088, 55.146923090018198 ], [ -1.53398133516483, 55.137628067636697 ], [ -1.56513821073327, 55.1338171479129 ], [ -1.54249821983897, 55.133994084995599 ], [ -1.54383834091777, 55.132283647812599 ], [ -1.52764470512425, 55.137175088671498 ], [ -1.50030938028039, 55.1279364942109 ], [ -1.49729088854969, 55.125160904660802 ], [ -1.49774133397215, 55.117759470698999 ], [ -1.49543992772456, 55.122091734183599 ], [ -1.49083713521458, 55.117769809169197 ], [ -1.49467927791243, 55.118374698637901 ], [ -1.49848843883248, 55.112643285800701 ], [ -1.49457030005263, 55.102399858352904 ], [ -1.47373682480152, 55.084674349403102 ], [ -1.47120079124032, 55.085441243264903 ], [ -1.46837575820361, 55.0802918050465 ], [ -1.46177203661591, 55.074321019869402 ], [ -1.45591672367542, 55.0708337066906 ], [ -1.45138733347301, 55.070060264549603 ], [ -1.45509757044996, 55.064139843334601 ], [ -1.45043742059614, 55.053653753616501 ], [ -1.44583446703078, 55.048310658094501 ], [ -1.43065036362879, 55.037161437864498 ], [ -1.42988930943636, 55.030501571522699 ], [ -1.41971687433161, 55.018832009702599 ], [ -1.40468992971699, 55.014830702320403 ], [ -1.41726451801609, 55.016677099947501 ], [ -1.41690452560967, 55.014391904536403 ], [ -1.42984008205754, 55.013228499145498 ], [ -1.43252791855014, 55.008921467607401 ], [ -1.44105356407592, 55.006856856268897 ], [ -1.45103317019466, 54.996310361769297 ], [ -1.44871573894722, 54.993069339355699 ], [ -1.45650552441973, 54.988566197135903 ], [ -1.47181447709831, 54.989161958221899 ], [ -1.47027380449726, 54.991040599235603 ], [ -1.48197690420807, 54.988224292974103 ], [ -1.50298523827274, 54.989196578523099 ], [ -1.51951300024009, 54.987777221105297 ], [ -1.53084429541888, 54.984015278056198 ], [ -1.53503200713547, 54.977518958162598 ], [ -1.54075192424966, 54.963002689616999 ], [ -1.55403083493326, 54.960005632518602 ], [ -1.56556205862622, 54.964585626200702 ], [ -1.58065986428684, 54.966077750098798 ], [ -1.59283220205431, 54.9762942334199 ], [ -1.58843441681729, 54.970583822258902 ], [ -1.60017663998369, 54.970170345348897 ], [ -1.62046767866643, 54.962435384394801 ], [ -1.63945377452031, 54.960350220338803 ], [ -1.68395918651185, 54.965929471513903 ], [ -1.71200226132739, 54.974312483143102 ], [ -1.70257597413209, 54.971264065052701 ], [ -1.71100757733467, 54.967626098298197 ], [ -1.72023658178279, 54.968202180343702 ], [ -1.72611012196467, 54.975349750389398 ], [ -1.7524561857683, 54.983442580600503 ], [ -1.76981412976066, 54.981388687449098 ], [ -1.78497172937048, 54.984524164727603 ], [ -1.77254135757673, 54.980522681018499 ], [ -1.7467428594702, 54.981053995652601 ], [ -1.72849338880392, 54.974985802092 ], [ -1.72687471888799, 54.969659596545597 ], [ -1.71884191921553, 54.966787592616001 ], [ -1.70976346619787, 54.966197903976401 ], [ -1.70147085221844, 54.970290826431302 ], [ -1.67852139792136, 54.963232573124003 ], [ -1.63772489009242, 54.957040054850097 ], [ -1.61520305200431, 54.962266653150301 ], [ -1.59408947941313, 54.969927975752199 ], [ -1.57893544759099, 54.963775360010501 ], [ -1.56825529266484, 54.963874179926499 ], [ -1.55243325650544, 54.9580372018928 ], [ -1.53822688956179, 54.960655823787 ], [ -1.53417275688498, 54.965098521861201 ], [ -1.52838827497977, 54.982112407067298 ], [ -1.5064120021155, 54.986103400212301 ], [ -1.47230464877068, 54.986222863522599 ], [ -1.47101247550781, 54.983774948622099 ], [ -1.47181975719903, 54.986138989580503 ], [ -1.46431405589544, 54.984040275026203 ], [ -1.44909469503205, 54.9853769405482 ], [ -1.44356911999851, 54.993164557812001 ], [ -1.43980418693047, 55.003917421223399 ], [ -1.42383599316737, 55.008157290851599 ], [ -1.41865785674011, 55.003262962278498 ], [ -1.41415671034667, 55.005275013893304 ], [ -1.41089417559432, 54.998883506532003 ], [ -1.39342119653654, 54.988177759124902 ], [ -1.38113262776522, 54.985773592030398 ], [ -1.38091236246012, 54.980276058270597 ], [ -1.36074054011455, 54.9713319655107 ], [ -1.35367572775507, 54.958604030897 ], [ -1.36397535116228, 54.944067922958602 ], [ -1.36539357911494, 54.931093545163797 ], [ -1.3632954924509, 54.922956403403802 ], [ -1.3613089042359, 54.922469945326498 ], [ -1.36341118979104, 54.922743115820801 ], [ -1.36057706358814, 54.918618166416998 ], [ -1.36589103414449, 54.917344312283802 ], [ -1.36749868177496, 54.919781726369301 ], [ -1.3709930539526, 54.911698383694898 ], [ -1.38283280071156, 54.909501263653702 ], [ -1.37207200115382, 54.909622643100498 ], [ -1.36118519610345, 54.917297322113498 ], [ -1.35771244599221, 54.9138704742549 ], [ -1.35397344908108, 54.915924418783497 ], [ -1.35280300002134, 54.919098087576401 ], [ -1.35391324928101, 54.915813165262101 ], [ -1.35871893371751, 54.9129654255443 ], [ -1.35067694975135, 54.9059579008713 ], [ -1.35485026363921, 54.907610591151098 ], [ -1.35199009772879, 54.9056612890233 ], [ -1.35425345916031, 54.905261630799203 ], [ -1.35607489627891, 54.902138173738997 ], [ -1.36164017162446, 54.898297513371503 ], [ -1.3580022657345, 54.885723093510897 ], [ -1.34743323987486, 54.860608445066099 ], [ -1.33593835822925, 54.844161479723901 ], [ -1.3298236838879, 54.838937153750202 ], [ -1.32089098427849, 54.837563450381502 ], [ -1.32934628775083, 54.837961298456399 ], [ -1.3246087849872, 54.834859869660299 ], [ -1.32155330945532, 54.836767849625801 ], [ -1.3258845585346, 54.832294029543498 ], [ -1.31200384294098, 54.8074759405375 ], [ -1.30867557384164, 54.780998732789698 ], [ -1.292346203123, 54.760996388558802 ], [ -1.24193513701543, 54.722723704183899 ], [ -1.24592128460714, 54.723440528122097 ], [ -1.17618298873663, 54.696919240449297 ], [ -1.17402616261033, 54.691993194510601 ], [ -1.17701764299862, 54.694647487824099 ], [ -1.18489073828338, 54.693291583995098 ], [ -1.19276830691326, 54.700497561780097 ], [ -1.19632938053034, 54.698564966734097 ], [ -1.18750965082326, 54.693909453182499 ], [ -1.1959399031887, 54.692361412533302 ], [ -1.1945192059421, 54.689715762152602 ], [ -1.19788237012063, 54.691805379362499 ], [ -1.19867872582023, 54.686257516822401 ], [ -1.19680601621656, 54.687049105251297 ], [ -1.19885420435152, 54.685383329390298 ], [ -1.19849239250194, 54.679583529973897 ], [ -1.17610694079305, 54.653628599193702 ], [ -1.16476091636409, 54.647605288791397 ], [ -1.15798025196481, 54.648313452044 ], [ -1.16879885892195, 54.644289050757799 ], [ -1.1617987909207, 54.635423037740999 ], [ -1.1663887690271, 54.6372637384789 ], [ -1.16592472164367, 54.6338941077572 ], [ -1.16042471112156, 54.635192445756701 ], [ -1.16559110623118, 54.631876083833198 ], [ -1.18876265284135, 54.6326511062476 ], [ -1.20074362667607, 54.6230256866669 ], [ -1.21276582137568, 54.621498623942401 ], [ -1.17347969079375, 54.621536656679901 ], [ -1.16781991844001, 54.629310393716402 ], [ -1.16484632932882, 54.628227721565601 ], [ -1.17204808009584, 54.621786897133902 ], [ -1.16724017559485, 54.619771481412798 ], [ -1.16204482781001, 54.622618613055103 ], [ -1.16058479247303, 54.610326280162496 ], [ -1.16574787623154, 54.610121982555498 ], [ -1.16743285551662, 54.604785559222599 ], [ -1.20445531433197, 54.582632923481398 ], [ -1.23050402399249, 54.585652658659399 ], [ -1.24538882798209, 54.593825471492501 ], [ -1.24501002900417, 54.591629414157701 ], [ -1.25251885086485, 54.5923975965216 ], [ -1.25858143284081, 54.588866157667198 ], [ -1.26020702726351, 54.572966800066901 ], [ -1.25715974098474, 54.5871382286903 ], [ -1.25170846105873, 54.590676951800098 ], [ -1.21570933882705, 54.581067093006901 ], [ -1.21978316515439, 54.578881702852101 ], [ -1.20481475828751, 54.579988622020203 ], [ -1.20697417243001, 54.576743621420803 ], [ -1.2037727320396, 54.576932538994299 ], [ -1.20247338032616, 54.580410001045898 ], [ -1.19706602833984, 54.581794278955201 ], [ -1.16380013008804, 54.602111250339298 ], [ -1.15139431318611, 54.596163740464497 ], [ -1.16349063398613, 54.6021046071507 ], [ -1.16025318686916, 54.604540122118003 ], [ -1.14677026000937, 54.599095150169298 ], [ -1.15759190778504, 54.6054499334996 ], [ -1.14912904305, 54.614331744753301 ], [ -1.15462417114531, 54.627503497804398 ], [ -1.15273983034454, 54.631345650068198 ], [ -1.146099674266, 54.627729233298197 ], [ -1.13545847033428, 54.629617634943401 ], [ -1.14190907266081, 54.638169462845298 ], [ -1.13747557906455, 54.647583146651897 ], [ -1.13874620757824, 54.6406929661972 ], [ -1.11881251872714, 54.628861441647103 ], [ -1.08463724675729, 54.620401696129498 ], [ -1.07317157676239, 54.621336817079197 ], [ -1.05959649237511, 54.618056418776803 ], [ -1.03638453097012, 54.606065465766903 ], [ -1.01639413304144, 54.598248384467503 ], [ -0.984431769768939, 54.589312115794598 ], [ -0.960287944667573, 54.585030685846498 ], [ -0.938340629592815, 54.5887578019004 ], [ -0.919982195473937, 54.5846698190308 ], [ -0.904024163613736, 54.574585680374703 ], [ -0.898712915267301, 54.574052305639903 ], [ -0.898180943856563, 54.571956861544898 ], [ -0.871975861885777, 54.569682595136499 ], [ -0.853009737827309, 54.571743996563598 ], [ -0.808810703025369, 54.558574002955901 ], [ -0.789867576401786, 54.560638573740299 ], [ -0.794251723600609, 54.558352461788402 ], [ -0.774535975882038, 54.557399463019202 ], [ -0.774184063692499, 54.553252722115701 ], [ -0.765172364272082, 54.5486842506605 ], [ -0.767257297448893, 54.546423835482798 ], [ -0.750948043643314, 54.541905718279303 ], [ -0.747332196023069, 54.534224495589001 ], [ -0.748208979346436, 54.532342966206599 ], [ -0.744657289649001, 54.528540163338697 ], [ -0.731290023249869, 54.527915371048302 ], [ -0.712981157287476, 54.5336420016407 ], [ -0.693713316663246, 54.520390181371397 ], [ -0.682377849149916, 54.519673138789599 ], [ -0.677522516057554, 54.516096497566302 ], [ -0.677144645688413, 54.513976945647997 ], [ -0.672669483955874, 54.512520740119797 ], [ -0.675089283346688, 54.506046600614603 ], [ -0.670278678886381, 54.500754916985699 ], [ -0.61423697920528, 54.4909744367976 ], [ -0.613169461071599, 54.493959467363901 ], [ -0.613411306290521, 54.486902550211298 ], [ -0.612267776257314, 54.494043369818399 ], [ -0.609346431860803, 54.490507583640401 ], [ -0.593332412332016, 54.487837224996298 ], [ -0.588164026431606, 54.488639744720999 ], [ -0.585220563172056, 54.4838832174324 ], [ -0.56890838191931, 54.479747425595498 ], [ -0.556948758655429, 54.465120591082403 ], [ -0.521476959252688, 54.446967811800299 ], [ -0.52254870631944, 54.440887145179701 ], [ -0.531667453804413, 54.4362922478795 ], [ -0.531109728814527, 54.425508928848799 ], [ -0.522785329106211, 54.416274728173903 ], [ -0.502789279559828, 54.407371245429701 ], [ -0.491471132845961, 54.407911661230102 ], [ -0.471722570407676, 54.397017932632501 ], [ -0.449827050936879, 54.372501050215 ], [ -0.446985139391397, 54.359360075063996 ], [ -0.433084499224217, 54.350311974616602 ], [ -0.432634531991137, 54.340143490020303 ], [ -0.423318253567165, 54.339028865906997 ], [ -0.417052817354389, 54.3314652372285 ], [ -0.421601051529921, 54.3259981331231 ], [ -0.418870688230642, 54.319887413741696 ], [ -0.417605864530287, 54.3105044580712 ], [ -0.407656148310063, 54.305234968525298 ], [ -0.409490738151108, 54.302540344560398 ], [ -0.405890573536069, 54.292102590046802 ], [ -0.396806649205536, 54.288030939948001 ], [ -0.386333258019094, 54.289771357178502 ], [ -0.384908465669703, 54.285558841160103 ], [ -0.397198626833328, 54.279432622112303 ], [ -0.396598182541091, 54.274401084246698 ], [ -0.369071421338447, 54.255205776521201 ], [ -0.367202718649176, 54.252328593145499 ], [ -0.369505123760274, 54.2493254792115 ], [ -0.363890554746246, 54.245095073465102 ], [ -0.350390387984304, 54.240879899803097 ], [ -0.338683928216684, 54.242613898698899 ], [ -0.334891879665977, 54.238381149322997 ], [ -0.31397035179106, 54.232015917458099 ], [ -0.312710986534603, 54.2286240688261 ], [ -0.259259432499059, 54.215878444501797 ], [ -0.275394771128287, 54.217669125622002 ], [ -0.280133637094091, 54.214913673137197 ], [ -0.285226577271916, 54.2031881117274 ], [ -0.282750812700331, 54.195077529623802 ], [ -0.264452670666596, 54.176510139055097 ], [ -0.232852441201026, 54.1618271566389 ], [ -0.170541827208613, 54.150711542485297 ], [ -0.113646167363796, 54.131104266202001 ], [ -0.110957672641625, 54.131835424011904 ], [ -0.106652845732454, 54.129627252828101 ], [ -0.10439388334791, 54.1305842668502 ], [ -0.095078738898567, 54.128807920629697 ], [ -0.078037167434759, 54.116083675803402 ], [ -0.077102858148283, 54.114269211209802 ], [ -0.105149133914301, 54.104010352959101 ], [ -0.140362192246847, 54.104383297143102 ], [ -0.164806205165983, 54.099579919118497 ], [ -0.184728007200933, 54.084600996069199 ], [ -0.186508640078423, 54.079961720251298 ], [ -0.19118582166173, 54.081200114374703 ], [ -0.187653719297268, 54.079976158078701 ], [ -0.198424021765174, 54.077918637461998 ], [ -0.208530564194227, 54.063816712163401 ], [ -0.215782592214267, 54.038298199850701 ], [ -0.215056738521342, 54.015834895839497 ], [ -0.189265247000427, 53.960058137187403 ], [ -0.153965034285028, 53.899320690295902 ], [ -0.101530908865809, 53.8465478186301 ], [ -0.044271497492228, 53.795383211359102 ], [ 0.116999388408663, 53.662259124002901 ], [ 0.141776539465768, 53.621985628491601 ], [ 0.145671153540994, 53.608443224450603 ], [ 0.146626040286442, 53.599625995377401 ], [ 0.108346644001934, 53.571471945209097 ], [ 0.107731131211551, 53.57513186109 ], [ 0.142047140119261, 53.596260877450803 ], [ 0.145277307007693, 53.605846868919201 ], [ 0.144688573137885, 53.608561794695603 ], [ 0.124564050067233, 53.623415420059999 ], [ 0.08923920314588, 53.6379127529813 ], [ 0.034483545938766, 53.649211994317803 ], [ 0.019476619775574, 53.645250688512697 ], [ 0.000576480566652, 53.654860684426197 ], [ 0.017327388695301, 53.6449156440165 ], [ -0.049680952419312, 53.632100688788597 ], [ -0.053801483879682, 53.629214605258397 ], [ -0.103546755829809, 53.6353418756986 ], [ -0.124927139497302, 53.645812435786397 ], [ -0.130790357765193, 53.652123642916202 ], [ -0.13337579682376, 53.650780712144901 ], [ -0.139367540614961, 53.654492285499003 ], [ -0.16943088526352, 53.673927772665799 ], [ -0.173697985169477, 53.680316964754901 ], [ -0.210113909377048, 53.702030996903197 ], [ -0.227254981760063, 53.708493818836097 ], [ -0.236940426960676, 53.7267051994924 ], [ -0.235336509128956, 53.728377035974098 ], [ -0.243194652524143, 53.729576472024803 ], [ -0.243048048285932, 53.738927971789998 ], [ -0.250251370385765, 53.733317177743899 ], [ -0.273243784773328, 53.740910708022298 ], [ -0.307204937877199, 53.741957716608397 ], [ -0.331186162894152, 53.738339431413102 ], [ -0.32695976581487, 53.7446315518945 ], [ -0.330231957518233, 53.747771195049197 ], [ -0.332635073170785, 53.738290502206802 ], [ -0.384620196542874, 53.724347588753901 ], [ -0.431982494037863, 53.716824738585501 ], [ -0.434122193474567, 53.718988454038403 ], [ -0.434176024387595, 53.716194450204704 ], [ -0.447459519589752, 53.713863993005603 ], [ -0.463263622905399, 53.716749347600498 ], [ -0.486747220804939, 53.716478588096599 ], [ -0.54255251540347, 53.7084426891874 ], [ -0.559201862143668, 53.7116514641721 ], [ -0.585354396382515, 53.727176168845197 ], [ -0.620730516014218, 53.730228586477402 ], [ -0.672996309752412, 53.721340341783701 ], [ -0.687279326995338, 53.707881382173603 ], [ -0.700123518700436, 53.703759798397698 ], [ -0.742598638987552, 53.706981482120298 ], [ -0.779052120573226, 53.697466290648599 ], [ -0.794093339293045, 53.705223909662301 ], [ -0.811885120280041, 53.704345448447597 ], [ -0.775042839074174, 53.6947026934224 ], [ -0.746257025151885, 53.703322734090897 ], [ -0.730587335042768, 53.704328169667299 ], [ -0.699975897211583, 53.698866479525201 ], [ -0.698493610813827, 53.684611250145501 ], [ -0.691396226568171, 53.696776704170098 ], [ -0.611423103252438, 53.714602898269902 ], [ -0.584326412874844, 53.6961816010528 ], [ -0.586254450924243, 53.6933387508275 ], [ -0.583502854508105, 53.695402401961601 ], [ -0.548710346068903, 53.679624634173003 ], [ -0.525538761492673, 53.677980507840701 ], [ -0.503401763243773, 53.680856395578203 ], [ -0.488635403495871, 53.689967190923099 ], [ -0.470491491336252, 53.698218673961897 ], [ -0.443008085268306, 53.6954645098768 ], [ -0.442545946999724, 53.697395587912602 ], [ -0.395161311122574, 53.700074221286698 ], [ -0.393535097452903, 53.696874862430498 ], [ -0.393341927914811, 53.700357339032202 ], [ -0.387650816742898, 53.702180471625198 ], [ -0.361556952959579, 53.703892359209703 ], [ -0.334085225786363, 53.710920477008202 ], [ -0.289364002000774, 53.713198820161402 ], [ -0.26641783041436, 53.695389573026198 ], [ -0.263924166660674, 53.691498836261502 ], [ -0.268172702696113, 53.690052803857 ], [ -0.262768615416126, 53.690210106182597 ], [ -0.237855982165026, 53.663571152326703 ], [ -0.233942912772443, 53.663924616148996 ], [ -0.204422800569946, 53.6379000446098 ], [ -0.152837942198458, 53.615497526769502 ], [ -0.111532261620356, 53.590045255310102 ], [ -0.093214518627536, 53.581072229943601 ], [ -0.079457731145148, 53.576930191081999 ], [ -0.069804001479409, 53.583181385076401 ], [ -0.060228502828082, 53.581578069489602 ], [ -0.028140100325213, 53.561760944189302 ], [ 0.008852753497668, 53.5348612140603 ], [ 0.016423489270359, 53.526320204632803 ], [ 0.005533577770072, 53.519759016137897 ], [ -0.01742634835685, 53.515086412872201 ], [ -0.0195484588939, 53.517975296817198 ], [ -0.028639098361812, 53.517337682440598 ], [ -0.039689768075196, 53.513102767018097 ], [ -0.046613277720016, 53.520098651401298 ], [ -0.06179061957642, 53.519492736265697 ], [ -0.067095799689376, 53.5168382305027 ], [ -0.075261828266963, 53.489335722713903 ], [ -0.095488518352305, 53.485988957183899 ], [ -0.089803686838801, 53.4776824585702 ], [ -0.107864224019586, 53.469894029750002 ], [ -0.08220896902532, 53.451150928425001 ], [ -0.120339336102072, 53.433599678803198 ], [ -0.122634899110579, 53.437255344490097 ], [ -0.13180745819181, 53.435937467136398 ], [ -0.134248064838093, 53.440738239787599 ], [ -0.144445671961529, 53.4409501594236 ], [ -0.149285426537789, 53.446863298968999 ], [ -0.158545644357638, 53.461618488085598 ], [ -0.153709166521889, 53.465733987303501 ], [ -0.181801854863512, 53.468711466553003 ], [ -0.188565408374543, 53.4845380989616 ], [ -0.210604930029191, 53.486288388147003 ], [ -0.204027711476382, 53.5086218967365 ], [ -0.213624074858215, 53.526358841793403 ], [ -0.210589655813459, 53.5317066872881 ], [ -0.219819248115007, 53.532615580469198 ], [ -0.187493474285753, 53.5635743468915 ], [ -0.195185087631342, 53.571619046723598 ], [ -0.222650549905049, 53.568034774369401 ], [ -0.238530526915298, 53.587883268659802 ], [ -0.252079897204199, 53.585006683769699 ], [ -0.248494047971351, 53.593633441843103 ], [ -0.254493569791271, 53.5924395891724 ], [ -0.259349143254916, 53.596964781935803 ], [ -0.269704867214933, 53.598509523083798 ], [ -0.283002815041786, 53.604498248211101 ], [ -0.286961413924872, 53.611831710176197 ], [ -0.290418314948171, 53.6106319808123 ], [ -0.292115057436606, 53.613267410416903 ], [ -0.298237150924658, 53.612561644837498 ], [ -0.300930325449262, 53.616387998610797 ], [ -0.308555221907783, 53.614328660421101 ], [ -0.30073609564698, 53.595421062617199 ], [ -0.303517541684407, 53.5908309176328 ], [ -0.308533285288739, 53.590195367510198 ], [ -0.335828222631353, 53.558685387703797 ], [ -0.348658910314698, 53.5595128871336 ], [ -0.345855378627872, 53.557958404000999 ], [ -0.349325077868051, 53.555849869008398 ], [ -0.419387569646404, 53.563702348266297 ], [ -0.428774207807638, 53.5744157283779 ], [ -0.439407601711962, 53.570293169734001 ], [ -0.450706667317645, 53.557998520687399 ], [ -0.456852513962907, 53.559300806192702 ], [ -0.465628242794162, 53.556021084870203 ], [ -0.467018074459382, 53.548960973533099 ], [ -0.476413167014597, 53.545985093982303 ], [ -0.49090605215506, 53.545859313158701 ], [ -0.501229084101009, 53.537461231335001 ], [ -0.430699990578816, 53.546324108967703 ], [ -0.421870776255254, 53.534433711287498 ], [ -0.414581618984531, 53.5358789645625 ], [ -0.408257241058437, 53.5323450649771 ], [ -0.405055030472117, 53.517705047008903 ], [ -0.444028028197144, 53.509371685301502 ], [ -0.475871932745384, 53.508934349743399 ], [ -0.488388118009028, 53.504827205136898 ], [ -0.481540922936563, 53.495288980612699 ], [ -0.48773812418979, 53.482868040655298 ], [ -0.471749707110458, 53.474872837439598 ], [ -0.551792404778349, 53.459587478001701 ], [ -0.599479840769331, 53.456402128741097 ], [ -0.629752726719693, 53.458219021816497 ], [ -0.628248942193903, 53.464074222978397 ], [ -0.634806711144714, 53.469551733867597 ], [ -0.633950443787792, 53.4854337138419 ], [ -0.628811849980295, 53.488845882922 ], [ -0.624481055436275, 53.512821160723099 ], [ -0.6757584016179, 53.512509829449002 ], [ -0.687434963114313, 53.516434678651898 ], [ -0.701630119881934, 53.5141696364974 ], [ -0.739591688256343, 53.519936012042002 ], [ -0.751726827728847, 53.500879089678101 ], [ -0.76810981612354, 53.4989259026447 ], [ -0.77562389218036, 53.489025020216502 ], [ -0.771322971320138, 53.479611827187803 ], [ -0.78503373125186, 53.475821794446603 ], [ -0.784385469049118, 53.463346867887303 ], [ -0.797483545959022, 53.455064316745798 ], [ -0.869995901419283, 53.466102154747503 ], [ -0.873732279315474, 53.461525682027499 ], [ -0.916265386988433, 53.460303143394903 ], [ -0.920247180166508, 53.465506984376397 ], [ -0.900533859308088, 53.475155581491599 ], [ -0.935581687798874, 53.502498700844697 ], [ -0.953328228781869, 53.484412982774899 ], [ -0.986019321383427, 53.471641356883097 ], [ -0.983448729023247, 53.467620280543599 ], [ -0.997340573889043, 53.444258197728097 ], [ -0.995906460459213, 53.436851951005103 ], [ -1.01237665486662, 53.432804272529701 ], [ -1.01428361140132, 53.426277330086698 ], [ -1.02246305369234, 53.426052282147403 ], [ -1.02309566684279, 53.424495044468202 ], [ -1.03046151528002, 53.425181415304202 ], [ -1.03095124774397, 53.431013810655401 ], [ -1.05725518185128, 53.425365165588801 ], [ -1.08036408435065, 53.426883490859197 ], [ -1.07916001169055, 53.422773385129602 ], [ -1.08703750392664, 53.425528717661798 ], [ -1.09873826661378, 53.418734956338398 ], [ -1.10819671874314, 53.405884376759197 ], [ -1.11598081249377, 53.407408492901801 ], [ -1.11560759276275, 53.3971687585476 ], [ -1.12289119838994, 53.398292241113303 ], [ -1.13351916767817, 53.391523138117797 ], [ -1.13054888406965, 53.375643251721698 ], [ -1.14505910945583, 53.371288545690703 ], [ -1.14650576810568, 53.365761734254903 ], [ -1.14047316154618, 53.363979934550002 ], [ -1.13861090554156, 53.357211536501801 ], [ -1.14910138830979, 53.354351704932803 ], [ -1.16194950156241, 53.357908953614299 ], [ -1.16230474223118, 53.353104144379003 ], [ -1.15685090262121, 53.344965988493001 ], [ -1.14032868392642, 53.346579205517102 ], [ -1.13868641369035, 53.341395142714099 ], [ -1.14862770113438, 53.338524695695 ], [ -1.17511091832347, 53.3256772429961 ], [ -1.17203691218152, 53.322763513796303 ], [ -1.19029577507979, 53.319885149206897 ], [ -1.19973836233179, 53.3114383962792 ], [ -1.20317508851904, 53.304191269540702 ], [ -1.21953090467292, 53.3040005236087 ], [ -1.23059636796603, 53.308641913344999 ], [ -1.24345372931273, 53.301598580798199 ], [ -1.25425511033634, 53.301755524984699 ], [ -1.27404764723066, 53.310535352349 ], [ -1.28200352507145, 53.309479698607099 ], [ -1.29571108659911, 53.315058736033201 ], [ -1.29432947828039, 53.322551020522603 ], [ -1.28858456017186, 53.326235976905402 ], [ -1.29897698484067, 53.332477960473803 ], [ -1.31233367960612, 53.334168659790798 ], [ -1.30878920647592, 53.332170639251501 ], [ -1.31456672049575, 53.326750237235998 ], [ -1.3217240556823, 53.325610361167001 ], [ -1.32472658908614, 53.328832699525499 ], [ -1.34032375138442, 53.3155665723203 ], [ -1.35163550902263, 53.3190255539917 ], [ -1.36133947535253, 53.318359999353902 ], [ -1.3626431426759, 53.3151144203255 ], [ -1.38511898187372, 53.3177560100278 ], [ -1.39203778364057, 53.322589092832501 ], [ -1.38896302430412, 53.3364425152213 ], [ -1.41189850302011, 53.341373657370397 ], [ -1.4138557790186, 53.337888097272199 ], [ -1.42086736705163, 53.334568066326902 ], [ -1.44221645891086, 53.337293908586702 ], [ -1.45109088978986, 53.331426970289499 ], [ -1.45993051847559, 53.330630304591203 ], [ -1.45673132098441, 53.3293360841135 ], [ -1.46121147984983, 53.327823039303397 ], [ -1.45524210932807, 53.321844116464398 ], [ -1.46791401177364, 53.317144273142397 ], [ -1.47898048728473, 53.319327140256597 ], [ -1.5047252144919, 53.3170352007484 ], [ -1.52616731082164, 53.310413219339502 ], [ -1.53127715297132, 53.310633368602304 ], [ -1.53699550276147, 53.304721673793203 ], [ -1.54909255058511, 53.306982352449097 ], [ -1.5581386317776, 53.305402611253697 ], [ -1.56186191879312, 53.306652460815698 ], [ -1.55582227933638, 53.311706533499702 ], [ -1.56131631267646, 53.315874018127303 ], [ -1.58053384307492, 53.311737656681601 ], [ -1.58307782331321, 53.3156978344404 ], [ -1.57899566977687, 53.316692306232 ], [ -1.58503152012505, 53.3215892656197 ], [ -1.5990781056935, 53.311378264517998 ], [ -1.60152487589439, 53.318205470280802 ], [ -1.60883558440411, 53.322554088929898 ], [ -1.62828483444071, 53.3163696702739 ], [ -1.63277198080172, 53.320827641496699 ], [ -1.61219014224638, 53.343232784467702 ], [ -1.60157538801788, 53.342608919478799 ], [ -1.59058650600881, 53.3459588645118 ], [ -1.6256037980064, 53.352061793322797 ], [ -1.63059259338227, 53.3561609874046 ], [ -1.66395819746608, 53.366890241436899 ], [ -1.66329218017304, 53.374247706188498 ], [ -1.65351658449657, 53.385114559899101 ], [ -1.65388266744063, 53.391907361744401 ], [ -1.66808997850041, 53.393070881027597 ], [ -1.68182849210783, 53.401780749719499 ], [ -1.69452139614519, 53.401161258639 ], [ -1.70496490793419, 53.4050558722668 ], [ -1.70323429253063, 53.4137223357043 ], [ -1.70877449437586, 53.417439913867597 ], [ -1.71820802783255, 53.419480378194798 ], [ -1.72995147436309, 53.415985568249802 ], [ -1.74673708669559, 53.426193624118604 ], [ -1.74427283535743, 53.431296700711997 ], [ -1.74972800032761, 53.4391192890564 ], [ -1.74368098216497, 53.444955217575099 ], [ -1.74808252968205, 53.457433867424001 ], [ -1.74533067397688, 53.462183761822502 ], [ -1.75241526386735, 53.464957855488201 ], [ -1.76835025787178, 53.464723664161603 ], [ -1.7802977246171, 53.474838990695602 ], [ -1.79114041050359, 53.475833074581601 ], [ -1.80147073060994, 53.480991713271898 ], [ -1.80030939336785, 53.493389546264801 ], [ -1.7950078059013, 53.495893120317298 ], [ -1.79620994678666, 53.503120829630198 ], [ -1.81028733037923, 53.506341827957598 ], [ -1.8007795172247, 53.5113788497572 ], [ -1.81952371416962, 53.513428224860597 ], [ -1.8222288058304, 53.521091143843002 ], [ -1.82715166390587, 53.523507872511203 ], [ -1.84182099603353, 53.519908674426802 ], [ -1.87349280319238, 53.540429331928998 ], [ -1.89410947540448, 53.533611848491297 ], [ -1.89932224667775, 53.538112397456203 ], [ -1.90962093258169, 53.538391206828997 ], [ -1.91288469250638, 53.5516436644238 ], [ -1.925621761623, 53.553152166373998 ], [ -1.9427259404415, 53.561641215957202 ], [ -1.94810954151209, 53.572848122595097 ], [ -1.98255829909109, 53.590075999652797 ], [ -2.00947066466641, 53.616779420366903 ], [ -2.02303593033934, 53.615839333104198 ], [ -2.03088655600184, 53.629240090960899 ], [ -2.02999663907877, 53.636169377234701 ], [ -2.04158011667723, 53.642487320234899 ], [ -2.03709529737352, 53.662342778916901 ], [ -2.0545478614147, 53.673562420497703 ], [ -2.05073419359839, 53.679515980149503 ], [ -2.05124223509991, 53.6836916255956 ], [ -2.06180588485278, 53.682846902744302 ], [ -2.07339867508194, 53.677510093916503 ], [ -2.08405794186493, 53.677664767851603 ], [ -2.08712141023811, 53.670810073411999 ], [ -2.1141066843043, 53.671135962492301 ], [ -2.12538660592221, 53.674838436470303 ], [ -2.13412748550132, 53.685733923676302 ], [ -2.14225759353945, 53.678005822394802 ], [ -2.14632812119913, 53.682231495238398 ], [ -2.14654768919822, 53.6930446400943 ], [ -2.16258276466774, 53.699221523290099 ], [ -2.16591022844151, 53.710831000020903 ], [ -2.17329267251612, 53.723012698172703 ], [ -2.15671302683229, 53.734747370113901 ], [ -2.14758873415392, 53.735508492260202 ], [ -2.1416460769555, 53.745740597915102 ], [ -2.13343561110377, 53.749674945296903 ], [ -2.13046415087918, 53.772389425054897 ], [ -2.13636254217235, 53.780104377071297 ], [ -2.12481534222015, 53.788055169194102 ], [ -2.12952007896843, 53.792272616754801 ], [ -2.12833491719609, 53.799046395817498 ], [ -2.06125054275331, 53.825635427153102 ], [ -2.04692486500578, 53.829510318711598 ], [ -2.04507541035663, 53.838896010269401 ], [ -2.04613123426088, 53.850141706283402 ], [ -2.07484954547751, 53.862367179521897 ], [ -2.08119133162645, 53.869971452649303 ], [ -2.08991503020994, 53.868182085264003 ], [ -2.08245736160556, 53.877554759104797 ], [ -2.10341711425709, 53.891892904463397 ], [ -2.11317600325158, 53.904611465455197 ], [ -2.10746731360746, 53.908042485685201 ], [ -2.12461839206385, 53.921907187669703 ], [ -2.13778879385778, 53.928043174738399 ], [ -2.14179851624694, 53.9256745879524 ], [ -2.14943301938037, 53.926028161543499 ], [ -2.15171623590603, 53.9294841190776 ], [ -2.16287669194198, 53.927269962502599 ], [ -2.16207611917893, 53.932623776076397 ], [ -2.16978774494691, 53.937010343627897 ], [ -2.17594508457988, 53.934260189850299 ], [ -2.18228144974479, 53.935390213433998 ], [ -2.18548815355187, 53.941886834617698 ], [ -2.17946868970694, 53.945985404550598 ], [ -2.19601957652622, 53.969576208435903 ], [ -2.2006353321291, 53.9701264062411 ], [ -2.20963910817202, 53.9628990023404 ], [ -2.21442000906803, 53.965099075900497 ], [ -2.22573632770186, 53.961099492278599 ], [ -2.22594790757528, 53.967253634543702 ], [ -2.23201537597896, 53.971230017457003 ], [ -2.22106299281463, 53.977927754057902 ], [ -2.2345782577686, 53.981783807355697 ], [ -2.28450476781821, 53.973810375653898 ], [ -2.29540729959405, 53.974567573243 ], [ -2.29673343528743, 53.980554281356497 ], [ -2.31915113219434, 53.993841928613897 ], [ -2.3399233069841, 53.989427787819899 ], [ -2.35235740584863, 53.9946738270487 ], [ -2.35231049001432, 54.010539065350898 ], [ -2.35028883288908, 54.012200393982503 ], [ -2.34076003204109, 54.007462442302902 ], [ -2.33956024400996, 54.009433294544401 ], [ -2.34354061851956, 54.017327609001299 ], [ -2.35732326856055, 54.019116955549897 ], [ -2.36199942120066, 54.040669722200803 ], [ -2.37407229749618, 54.049088382326197 ], [ -2.42582629111081, 54.0380950377223 ], [ -2.432733828863, 54.041593212753398 ], [ -2.4587750750016, 54.040495594167098 ], [ -2.469549664594, 54.046212511643702 ], [ -2.46399041359776, 54.061084165839901 ], [ -2.46688636443776, 54.075738740653698 ], [ -2.4550261622466, 54.0919814924085 ], [ -2.44671018008446, 54.096660645541903 ], [ -2.4549004328669, 54.100911946936797 ], [ -2.45063859102194, 54.103277406257902 ], [ -2.4570170817669, 54.107998993543397 ], [ -2.44884164299105, 54.1246196913944 ], [ -2.44420088434704, 54.129187333315997 ], [ -2.43573529228668, 54.128003344439001 ], [ -2.43333899700219, 54.131517968702902 ], [ -2.42767992914416, 54.131408751973296 ], [ -2.42832129298962, 54.1371988994905 ], [ -2.41404435215606, 54.148514691015599 ], [ -2.3951372568623, 54.156879029249303 ], [ -2.39648612985918, 54.166018457561002 ], [ -2.37534944298684, 54.172777339602199 ], [ -2.37114764823224, 54.184271764851196 ], [ -2.34242881491812, 54.202595673351702 ], [ -2.33113317751971, 54.196723878783502 ], [ -2.33589772234968, 54.204285317281403 ], [ -2.34657672200947, 54.207810346263201 ], [ -2.3265634459272, 54.219409832253199 ], [ -2.32234419001187, 54.227659814933197 ], [ -2.29527019091764, 54.230602173717102 ], [ -2.28640616125701, 54.2404966195706 ], [ -2.29276012706268, 54.2526222593875 ], [ -2.30510677363297, 54.249343468143501 ], [ -2.31909627956128, 54.257155826696497 ], [ -2.31551401145553, 54.270285030477602 ], [ -2.3258909011985, 54.279695938043403 ], [ -2.31719192956779, 54.287165595339999 ], [ -2.32417185473555, 54.293604846891498 ], [ -2.320390118545, 54.299044535749204 ], [ -2.32452243316689, 54.303183569152097 ], [ -2.3204012466492, 54.306770613807402 ], [ -2.32303232473189, 54.311082728811201 ], [ -2.31497741966766, 54.313586187427802 ], [ -2.30984163577242, 54.3243149220921 ], [ -2.32020217490267, 54.331750727576797 ], [ -2.33474908216317, 54.334944281449701 ], [ -2.33576758330697, 54.340434508191798 ], [ -2.36771195389404, 54.3560698639035 ], [ -2.38213874391229, 54.371277680714499 ], [ -2.40628703672407, 54.370253048914797 ], [ -2.42087580738805, 54.3658451905332 ], [ -2.44406530857979, 54.3760712331935 ], [ -2.46267816073801, 54.368385485820703 ], [ -2.47500367600913, 54.375705032619003 ], [ -2.49198347016148, 54.376225650991302 ], [ -2.49919286963367, 54.372693802242303 ], [ -2.50736156602803, 54.372916513574403 ], [ -2.51368954328577, 54.367934185553402 ], [ -2.52115788303279, 54.369930841907397 ], [ -2.52346174416548, 54.375357250968499 ], [ -2.53399063880051, 54.381084221235099 ], [ -2.53108875983982, 54.384566927391397 ], [ -2.5382240607997, 54.394225416015601 ], [ -2.55233703829864, 54.386969945065097 ], [ -2.57527292958005, 54.391983773636397 ], [ -2.58347048863596, 54.387650491623297 ], [ -2.60173892583046, 54.398956636961003 ], [ -2.60397545321846, 54.406928444336998 ], [ -2.61486290108884, 54.409388142150803 ], [ -2.64027657903008, 54.404346167640803 ], [ -2.64465817447863, 54.4102526540631 ], [ -2.66043001419696, 54.4142357518 ], [ -2.66630702862827, 54.421563895488198 ], [ -2.68680361181093, 54.426665210798298 ], [ -2.69095587004555, 54.429142897983901 ], [ -2.68793294117318, 54.4434627508113 ], [ -2.69455293662606, 54.446914543754403 ], [ -2.6991646382752, 54.442461073631002 ], [ -2.6950175233663, 54.4356780809931 ], [ -2.70352280331175, 54.4320780676629 ], [ -2.73707499872465, 54.446830908560699 ], [ -2.74761514872576, 54.447079644974202 ], [ -2.77162346687687, 54.463228684975199 ], [ -2.77699178982784, 54.4598724429692 ], [ -2.78917657295764, 54.464981857266402 ], [ -2.79624136982453, 54.469928704652098 ], [ -2.79542067135335, 54.475267998621902 ], [ -2.80687704612988, 54.482060128069499 ], [ -2.81553309170986, 54.474723273115501 ], [ -2.82761335342664, 54.479930889311603 ], [ -2.83519126582843, 54.476355782947401 ], [ -2.85301167121097, 54.478538431687802 ], [ -2.85448135461203, 54.483352222939502 ], [ -2.86546087565305, 54.490023855479997 ], [ -2.87753286747181, 54.481154698906003 ], [ -2.88366566912674, 54.484956771797002 ], [ -2.9062783510028, 54.481347907257501 ], [ -2.91981877991537, 54.464779144881803 ], [ -2.93145529627129, 54.4698727528435 ], [ -2.93755280635445, 54.4686707445032 ], [ -2.95534732898323, 54.484532331507602 ], [ -2.96636045859741, 54.482232159447101 ], [ -2.9804768929168, 54.495954366157299 ], [ -2.99601264131143, 54.497550031464499 ], [ -3.01375319013741, 54.4947107826479 ], [ -3.01483523819347, 54.499843301857801 ], [ -3.04830383046215, 54.496278175959297 ], [ -3.05080159424539, 54.491265212046102 ], [ -3.07338093319013, 54.490283051072502 ], [ -3.08826521055195, 54.483964157244401 ], [ -3.0977536796442, 54.471903532403203 ], [ -3.10947917773279, 54.474003700320701 ], [ -3.11570468824721, 54.466582860200297 ], [ -3.11257327406185, 54.461490826662597 ], [ -3.11942541773659, 54.460237572055199 ], [ -3.13221304705135, 54.464543967560701 ], [ -3.13644405915719, 54.470746091905703 ], [ -3.14555817255421, 54.468443813750604 ], [ -3.15382538088866, 54.460153974321699 ], [ -3.16713924464684, 54.454110373232503 ], [ -3.16627892555218, 54.447766467874999 ], [ -3.16111642424337, 54.447037069356 ], [ -3.15859173713219, 54.442177408604302 ], [ -3.15794477426625, 54.431306003682003 ], [ -3.18223375889412, 54.425466043888598 ], [ -3.1811705501588, 54.413252413800997 ], [ -3.18896740438757, 54.405958815340099 ], [ -3.18592466973138, 54.403077521031697 ], [ -3.2017743479118, 54.390359614384103 ], [ -3.23256169921102, 54.376031942209103 ], [ -3.24337930706851, 54.363086356516199 ], [ -3.271599712186, 54.358165336353203 ], [ -3.29271719484221, 54.361031240450302 ], [ -3.29857790717098, 54.359230500453201 ], [ -3.30140525748605, 54.352247384888202 ], [ -3.30825904169585, 54.349223556613303 ], [ -3.29880997033957, 54.347535015564397 ], [ -3.29509612114998, 54.342745003659502 ], [ -3.30282829917439, 54.331351242589697 ], [ -3.29486304854072, 54.325468965434602 ], [ -3.30816076234729, 54.3222034945384 ], [ -3.30410522562253, 54.2997899145319 ], [ -3.31368150684467, 54.2918216223906 ], [ -3.30102555918425, 54.279462140663902 ], [ -3.30416408151602, 54.275936581595197 ], [ -3.32041186959551, 54.271629104802102 ], [ -3.32277800691851, 54.275559445961001 ], [ -3.34729733937232, 54.283979171800603 ], [ -3.34707249082417, 54.279636996676501 ], [ -3.36882646580315, 54.276120447550902 ], [ -3.37019047816296, 54.271359448907802 ], [ -3.37954283625291, 54.272614405502203 ], [ -3.3864877597815, 54.268317795919302 ], [ -3.3926231140088, 54.270165937985297 ], [ -3.3971462638966, 54.267747054525003 ], [ -3.4175801415736, 54.281799433669903 ], [ -3.4227306105891, 54.292855755986402 ], [ -3.41574227257272, 54.303587737414702 ], [ -3.42488454598496, 54.328706969870801 ], [ -3.42253394583975, 54.339773915220398 ], [ -3.4100391249173, 54.350354025237202 ], [ -3.41185021054861, 54.338039776773499 ], [ -3.40439167465633, 54.337938070426503 ], [ -3.41150175278282, 54.357282950416497 ], [ -3.40422688112153, 54.361980573588703 ], [ -3.41544268239883, 54.363452088234801 ], [ -3.4120323924588, 54.357724310057499 ], [ -3.42264656367273, 54.359665099325298 ], [ -3.42986170317469, 54.3557526530304 ], [ -3.41750896872622, 54.3532639645152 ], [ -3.41737471340534, 54.348923408443298 ], [ -3.42681029502069, 54.343065147381502 ], [ -3.43528528972723, 54.343382611322198 ], [ -3.47337461443074, 54.375492020130203 ], [ -3.47650486491259, 54.386408054005102 ], [ -3.49947374289459, 54.405653881120202 ], [ -3.57785014360119, 54.464795972972702 ], [ -3.5929852117602, 54.482117099719098 ], [ -3.60800385729473, 54.490956672952201 ], [ -3.61957206738104, 54.490906503072502 ], [ -3.62698745090914, 54.501981795598198 ], [ -3.63595636559237, 54.5071844273509 ], [ -3.63889337595168, 54.517382593926001 ], [ -3.61360572102789, 54.525034513894397 ], [ -3.60625655270729, 54.532767889814302 ], [ -3.5992432507152, 54.5513426271472 ], [ -3.59756742635225, 54.551775575030803 ], [ -3.59348706874838, 54.548202872513798 ], [ -3.58984966414056, 54.551910484593698 ], [ -3.59439513155283, 54.552516491369701 ], [ -3.59159259148016, 54.5521967517181 ], [ -3.58039127077633, 54.571903363221701 ], [ -3.58281083170314, 54.590865363630499 ], [ -3.57259412443441, 54.600697683441602 ], [ -3.57133116900707, 54.612646462532403 ], [ -3.56589360056457, 54.612226199403402 ], [ -3.56906026213043, 54.616127306349497 ], [ -3.57807649539379, 54.651705557684501 ], [ -3.56251613770338, 54.646399013607002 ], [ -3.55721494120297, 54.646254238809 ], [ -3.57174335475492, 54.650846322526803 ], [ -3.55078534672408, 54.6695842271548 ], [ -3.51898114017688, 54.692975494555199 ], [ -3.51195888315024, 54.706314543937502 ], [ -3.5098813555954, 54.717623402384802 ], [ -3.50106511896349, 54.715325991565798 ], [ -3.50712873863076, 54.7176216610018 ], [ -3.50113262670355, 54.717152347169304 ], [ -3.49357184296155, 54.7258026798484 ], [ -3.47898868771457, 54.732393950172998 ], [ -3.44541183797266, 54.752168495114702 ], [ -3.43331644392299, 54.766226467011499 ], [ -3.4315427375615, 54.781103682036701 ], [ -3.4378546668328, 54.801627262115602 ], [ -3.41031150970627, 54.839735035054801 ], [ -3.3988795280902, 54.868481727312499 ], [ -3.39425824679204, 54.868027745324902 ], [ -3.39709391625793, 54.8695948672366 ], [ -3.38658187522835, 54.875578020255901 ], [ -3.36698781532365, 54.891469870948498 ], [ -3.3388444593, 54.9002339958123 ], [ -3.33513221177873, 54.898658958974202 ], [ -3.35760798578794, 54.8918501002141 ], [ -3.35252955249482, 54.886863182424399 ], [ -3.35309024804887, 54.889817295346297 ], [ -3.34827440041409, 54.887953022418202 ], [ -3.35477129687373, 54.8909866666569 ], [ -3.34977373169208, 54.893580272258603 ], [ -3.34870663008551, 54.889039249564803 ], [ -3.34171019398684, 54.886970655076901 ], [ -3.34171822603374, 54.889016916072897 ], [ -3.34866475721358, 54.889512437246502 ], [ -3.34570628396691, 54.891354362494802 ], [ -3.34480176737261, 54.894484743871097 ], [ -3.3397576350783, 54.896269579705098 ], [ -3.33342456737581, 54.889361714049599 ], [ -3.3308418876216, 54.890611384536903 ], [ -3.33261854123552, 54.888701951529001 ], [ -3.32835731188112, 54.887219046514502 ], [ -3.32964972018149, 54.891574397579703 ], [ -3.32246838629944, 54.889627996275102 ], [ -3.3265003023212, 54.886548240064997 ], [ -3.32098248094675, 54.889670259442198 ], [ -3.31951981095126, 54.886801307628602 ], [ -3.31152010911656, 54.888266640002698 ], [ -3.30916322585398, 54.8851052352952 ], [ -3.30878055328947, 54.887439709074101 ], [ -3.30772789444065, 54.883529987084003 ], [ -3.30220359786019, 54.885130643417902 ], [ -3.28857241018942, 54.872326633752699 ], [ -3.29447764439874, 54.878757881038197 ], [ -3.28581143400931, 54.875327066315002 ], [ -3.28960036277855, 54.880213530881903 ], [ -3.28193064196865, 54.875668234353299 ], [ -3.28708659596689, 54.867320420698597 ], [ -3.28193492989162, 54.861516240440899 ], [ -3.28457764787393, 54.867212229690203 ], [ -3.27935946833655, 54.869975977962 ], [ -3.28356101026101, 54.869350150526103 ], [ -3.27779606202373, 54.877791422990498 ], [ -3.2836348139766, 54.880346818130398 ], [ -3.28114739671554, 54.883204937333801 ], [ -3.28661982480119, 54.888418848690101 ], [ -3.27997601247431, 54.884017143666298 ], [ -3.28804736111497, 54.8926061034282 ], [ -3.27513345765543, 54.891740314330796 ], [ -3.27769746474912, 54.8910712536453 ], [ -3.27794422489005, 54.8863131513775 ], [ -3.27533864145033, 54.8905869440527 ], [ -3.27716984497175, 54.885587076756103 ], [ -3.27245751372725, 54.8910826739329 ], [ -3.27337696805864, 54.887265234044499 ], [ -3.26641037750992, 54.891699497908903 ], [ -3.26801126001016, 54.888165287704702 ], [ -3.26299626989803, 54.888474570247098 ], [ -3.2661650640217, 54.885669982806903 ], [ -3.25997499142893, 54.890524437116703 ], [ -3.26641660911663, 54.890060201252602 ], [ -3.2590696854827, 54.892240456436099 ], [ -3.26454479728613, 54.892020900719601 ], [ -3.26086830667046, 54.895463400059803 ], [ -3.25775141763004, 54.894416389976001 ], [ -3.25737115058053, 54.897724839013499 ], [ -3.2534051716131, 54.895448162411299 ], [ -3.25543336484124, 54.901098865645601 ], [ -3.25162743600904, 54.902933710759598 ], [ -3.25260711088384, 54.897517942251199 ], [ -3.24857148356286, 54.902095185219501 ], [ -3.25480800565608, 54.905309397373998 ], [ -3.25537508579399, 54.910099877942301 ], [ -3.25065252667829, 54.911780628614203 ], [ -3.24120813798221, 54.906689345225999 ], [ -3.24474391445526, 54.910375566204003 ], [ -3.23269973046229, 54.909082039305297 ], [ -3.22157929063997, 54.901801787093099 ], [ -3.20971340199137, 54.903898531218701 ], [ -3.21451816165581, 54.9054385813455 ], [ -3.22123354326476, 54.902382203092102 ], [ -3.23367235663409, 54.911369853563698 ], [ -3.24763251184629, 54.9138966634819 ], [ -3.27457834413011, 54.903091333563701 ], [ -3.30314004688142, 54.909159126384502 ], [ -3.31369507323501, 54.9148950220752 ], [ -3.31347584927487, 54.918893057860402 ], [ -3.28330649706739, 54.942123320434199 ], [ -3.26533730559232, 54.943034328698701 ], [ -3.26893828529529, 54.937073520849999 ], [ -3.26492857880515, 54.943141952899502 ], [ -3.2478672573942, 54.944410258868203 ], [ -3.23220190321563, 54.953220014660403 ], [ -3.20439217458803, 54.953875312754299 ], [ -3.18600124446938, 54.949933965861597 ], [ -3.17665321996487, 54.9418154616584 ], [ -3.15704078594456, 54.937825846795597 ], [ -3.15515603326401, 54.932358247066901 ], [ -3.13796409463066, 54.927462731519498 ], [ -3.12171884311388, 54.928457615652803 ], [ -3.1188703594269, 54.925349302034 ], [ -3.1181023129491, 54.9277557863022 ], [ -3.10020154855272, 54.928378417325199 ], [ -3.1042968378528, 54.928510194510501 ], [ -3.09720610169279, 54.931963318794402 ], [ -3.07288851056845, 54.937151871648197 ], [ -3.06290248660038, 54.945274602104 ], [ -3.05019304371727, 54.945998854423003 ], [ -3.05217339318812, 54.942920898655601 ], [ -3.04696150649681, 54.945644793557697 ], [ -3.00960779179728, 54.946180053466797 ], [ -3.00260778755777, 54.937792358278202 ], [ -3.00638744634778, 54.930886330741501 ], [ -2.99586234280445, 54.935922893709602 ], [ -3.00080114293566, 54.937573573461002 ], [ -3.00803378880629, 54.947041453054801 ], [ -3.04003029496358, 54.946088887376497 ], [ -3.04251707725256, 54.949396280172003 ], [ -3.0442255606408, 54.947483635208599 ], [ -3.05578353330732, 54.950398831594697 ], [ -3.05004083228414, 54.952437315384699 ], [ -3.0565158749232, 54.950938829957998 ], [ -3.05498775059172, 54.953637346256897 ], [ -3.06650780892487, 54.948654339152696 ], [ -3.07694900024309, 54.952126436277503 ], [ -3.06857099393636, 54.948917520322397 ], [ -3.07466149110533, 54.948678750603897 ], [ -3.07169589860938, 54.946422247923202 ], [ -3.08284312531344, 54.939975278785496 ], [ -3.10063080821579, 54.939301428512202 ], [ -3.09473689106742, 54.937932107020302 ], [ -3.11012101650945, 54.933391758891503 ], [ -3.12978499956331, 54.934404901707801 ], [ -3.11563762181978, 54.937599171813297 ], [ -3.12411912072778, 54.936633133897999 ], [ -3.1206267908758, 54.940537771551497 ], [ -3.12864891248227, 54.938032634088003 ], [ -3.12600592465561, 54.940142073133401 ], [ -3.13111868505206, 54.947610221651203 ], [ -3.12094057614418, 54.951926469751697 ], [ -3.11505832537117, 54.947067554675499 ], [ -3.11596563103182, 54.952370391843303 ], [ -3.10873070167649, 54.949115064001802 ], [ -3.11372187111771, 54.953333674759797 ], [ -3.10332248589226, 54.954596732361701 ], [ -3.11596225272951, 54.956926646042703 ], [ -3.11626886091227, 54.960662299315302 ], [ -3.10867205724958, 54.965927058100803 ], [ -3.09499221603312, 54.966218143132402 ], [ -3.10850604657933, 54.967670144913399 ], [ -3.1040230149421, 54.9713739055153 ], [ -3.07568371668852, 54.967597411044999 ], [ -3.06954623407527, 54.971353155255798 ], [ -3.07233510669036, 54.974881910372403 ], [ -3.06408073805378, 54.980297877622597 ], [ -3.06270649709881, 54.977548290144199 ], [ -3.05841740623839, 54.983065780293501 ], [ -3.06093903884012, 54.977297729053298 ], [ -3.0565984490646, 54.982826359632199 ], [ -3.04920262587064, 54.977200073070897 ], [ -3.0537388087515, 54.976023121942397 ], [ -3.04237204776661, 54.9746778780219 ], [ -3.04028151484511, 54.970031891122701 ], [ -3.03787220547378, 54.9740576074594 ], [ -3.05103789079355, 54.984949496987298 ], [ -3.04175348151554, 54.9796284469464 ], [ -3.04688999810345, 54.984694152126501 ], [ -3.05637174194796, 54.9865667690542 ], [ -3.05755587138843, 54.991721052727897 ], [ -3.05345175563596, 54.9928045370416 ], [ -3.05824618501599, 54.991681254795601 ], [ -3.04404687956201, 54.998723098997097 ], [ -3.0450733607528, 55.007838307002402 ], [ -3.04858344105585, 55.006721572944002 ], [ -3.04947556638757, 55.009543246320298 ], [ -3.03935012587484, 55.016414701966099 ], [ -3.04006455468522, 55.022724277921697 ], [ -3.0302044154642, 55.024621206142001 ], [ -3.03431395753841, 55.029908880741502 ], [ -3.02587850360331, 55.036493270799703 ], [ -3.04022840163699, 55.041176155213797 ], [ -3.04350974227562, 55.047411874245498 ], [ -3.05364749658622, 55.0474004150661 ], [ -3.05105198324018, 55.052735996353903 ], [ -3.04317126623909, 55.055660631779602 ], [ -3.02802367192262, 55.055304044930601 ], [ -2.95869632520486, 55.049274012796197 ], [ -2.9554152481323, 55.054744268033303 ], [ -2.93651869384476, 55.0595571885897 ], [ -2.94320870503736, 55.064760953128101 ], [ -2.93969965417761, 55.069629662269698 ], [ -2.92618216796704, 55.070565535026802 ], [ -2.91519804537473, 55.078926066005799 ], [ -2.91065801765666, 55.077113190073099 ], [ -2.89712980819113, 55.077844416791002 ], [ -2.89345226266737, 55.087767465201701 ], [ -2.88425568523259, 55.087191253281603 ], [ -2.88225978763998, 55.092766283002398 ], [ -2.88640555312172, 55.094745932390303 ], [ -2.8767611074436, 55.095256428439797 ], [ -2.87078844792947, 55.106387145677303 ], [ -2.84475715846863, 55.1116849052015 ], [ -2.84535464735792, 55.115621576003598 ], [ -2.83796700395577, 55.117292717689502 ], [ -2.84136540975896, 55.122482816019399 ], [ -2.83255687198123, 55.121513573049697 ], [ -2.82747711546942, 55.124989175985903 ], [ -2.83297698598223, 55.132734560018797 ], [ -2.82550256980369, 55.138314113680401 ], [ -2.81289119986711, 55.136185209824099 ], [ -2.78491885198305, 55.141775574508102 ], [ -2.77510830876287, 55.149206684094104 ], [ -2.746255922121, 55.158223870752302 ], [ -2.73256130307403, 55.167287385968002 ], [ -2.70350765187326, 55.173167589019201 ], [ -2.68979029151321, 55.188984227658899 ], [ -2.66680481363034, 55.221590145780901 ], [ -2.64807007832041, 55.219867022530003 ], [ -2.63184918323873, 55.223605311205297 ], [ -2.63580574912157, 55.2297660384789 ], [ -2.63024023810228, 55.244856552424899 ], [ -2.6114511103051, 55.247134660799503 ], [ -2.62708529552795, 55.250356104206404 ], [ -2.64698395647102, 55.259916991457601 ], [ -2.62671655777974, 55.262223150143299 ], [ -2.628190573412, 55.267932734398897 ], [ -2.60923724470791, 55.283263822518499 ], [ -2.57335831503397, 55.296927856172097 ], [ -2.57370415749245, 55.300785997104697 ], [ -2.55722592417925, 55.311491492135502 ], [ -2.55899096223546, 55.317902709733303 ], [ -2.55042857501629, 55.315817809270399 ], [ -2.53076849391751, 55.322708913055301 ], [ -2.52026948603462, 55.323047277938798 ], [ -2.50198821256458, 55.337199683789301 ], [ -2.49498403881655, 55.3475210079405 ], [ -2.48113283351365, 55.353720160416898 ], [ -2.46121392874654, 55.353240112788001 ], [ -2.44454062756885, 55.359209743048197 ], [ -2.42926076814506, 55.356442066835697 ], [ -2.41499641163228, 55.358921748344699 ], [ -2.40085626943531, 55.3534871606387 ], [ -2.39968593857515, 55.348300123398701 ], [ -2.39298656590753, 55.3474476804153 ], [ -2.37891967708761, 55.349237266669199 ], [ -2.37289444263291, 55.3550526297701 ], [ -2.33753942126331, 55.367285004986002 ], [ -2.34623293912609, 55.373060913083897 ], [ -2.33006947973166, 55.381172337212199 ], [ -2.33474276206094, 55.383048806275902 ], [ -2.33563303566391, 55.392657406335402 ], [ -2.34494681145577, 55.399313534369099 ], [ -2.33347590014315, 55.402485231518597 ], [ -2.33562914456026, 55.408208045487299 ], [ -2.33236631272885, 55.409910956645398 ], [ -2.31326690292313, 55.406827306880601 ], [ -2.31255948730289, 55.409854661078803 ], [ -2.29608048922051, 55.414822929779298 ], [ -2.29451342575086, 55.420465138737498 ], [ -2.27389431476966, 55.426002898326502 ], [ -2.2706678291009, 55.429591722168901 ], [ -2.2623048979358, 55.428560281775802 ], [ -2.2606249284883, 55.433006876837901 ], [ -2.24254369932121, 55.432146215199801 ], [ -2.23128254212577, 55.428429695154101 ], [ -2.19490265984646, 55.444556196428501 ], [ -2.18807798845797, 55.462115339127202 ], [ -2.16553267086482, 55.4683717012689 ], [ -2.17377044029099, 55.472261391824901 ], [ -2.20133569621735, 55.475267339448301 ], [ -2.20634601611386, 55.48132156258 ], [ -2.20264932826513, 55.489541168098299 ], [ -2.21941973331957, 55.505700675165599 ], [ -2.22898792714454, 55.509798974368401 ], [ -2.22430765703325, 55.522755313177697 ], [ -2.22758949641988, 55.528386118558402 ], [ -2.23323518170841, 55.529618843766201 ], [ -2.23232769542295, 55.544944434656401 ], [ -2.24030221352876, 55.555615532838097 ], [ -2.24781501225876, 55.5566924840982 ], [ -2.28944913167926, 55.580985543034302 ], [ -2.29235951159166, 55.585948488661003 ], [ -2.28604682780781, 55.596524326906199 ], [ -2.28924514304842, 55.603761648825298 ], [ -2.29521729606442, 55.608632916930098 ], [ -2.30728620278007, 55.611104141902203 ], [ -2.31609408702165, 55.620458450211203 ], [ -2.30900448049497, 55.622459691405197 ], [ -2.30862358571941, 55.628781001417401 ], [ -2.32431047260695, 55.626166073396803 ], [ -2.33609764799472, 55.632167670626401 ], [ -2.32643016192353, 55.636833112938803 ], [ -2.32488481176053, 55.643130398795101 ], [ -2.30564058213617, 55.647066793958501 ], [ -2.279283639234, 55.642786113164902 ], [ -2.25571228205345, 55.644519712579502 ], [ -2.24560941605121, 55.6395836321338 ], [ -2.2346431474586, 55.6409738613659 ], [ -2.23363100871359, 55.645761584137801 ], [ -2.2482935791157, 55.652342425606903 ], [ -2.23081233896497, 55.662108650147999 ], [ -2.21844338256446, 55.664268467676003 ], [ -2.21865936983431, 55.675906999420803 ], [ -2.19780859071724, 55.688399392348899 ], [ -2.18375610895962, 55.7018086076828 ], [ -2.16723081028607, 55.706034985456697 ], [ -2.1762932461796, 55.7190571010537 ], [ -2.16769442277077, 55.722445518720001 ], [ -2.15069298592526, 55.723083544157902 ], [ -2.14981133070346, 55.735219924331702 ], [ -2.14502730118768, 55.739040064804399 ], [ -2.11884007921685, 55.7381840889731 ], [ -2.11568312221929, 55.747612517820997 ], [ -2.10644436036875, 55.748563585209098 ], [ -2.10763583953138, 55.759907687283203 ], [ -2.08565595857035, 55.762082221930598 ], [ -2.08612304172593, 55.793045309283599 ], [ -2.07696336364591, 55.794125264598598 ], [ -2.06258252361422, 55.802660436274699 ], [ -2.0526247944098, 55.802572773097197 ], [ -2.03443249427305, 55.811088016114397 ], [ -2.03117086683748, 55.804230056813999 ] ] ] ] } },
{ "type": "Feature", "properties": { "region": "East of England" }, "geometry": { "type": "MultiPolygon", "coordinates": [ [ [ [ 0.63987627016617, 51.533456774748103 ], [ 0.626737319981734, 51.5321763116754 ], [ 0.609036015779947, 51.534832487064698 ], [ 0.646533496643483, 51.537650077963598 ], [ 0.63987627016617, 51.533456774748103 ] ] ], [ [ [ 0.556324023995537, 51.544291179782697 ], [ 0.553120425433146, 51.541889944744597 ], [ 0.558490622065176, 51.543990566840499 ], [ 0.573265325521995, 51.539107609946498 ], [ 0.58526860647012, 51.537367074561203 ], [ 0.577974215541357, 51.5358862991067 ], [ 0.593021425881002, 51.535248669553397 ], [ 0.587276765380473, 51.537099741447499 ], [ 0.600671529909729, 51.535507541765 ], [ 0.599115251394903, 51.534989885720599 ], [ 0.601639623482367, 51.534882580296198 ], [ 0.605839167213014, 51.530697240660601 ], [ 0.596634915862288, 51.532388033746301 ], [ 0.596103301830521, 51.5304958754962 ], [ 0.62799011078588, 51.527389763937499 ], [ 0.632045109717325, 51.524600783074099 ], [ 0.623764575690877, 51.521281494083901 ], [ 0.636857597087395, 51.521953692384102 ], [ 0.627831203866247, 51.520425976321597 ], [ 0.62505626103033, 51.516369052772397 ], [ 0.589426847631154, 51.510848345339902 ], [ 0.58565993495466, 51.513150170609102 ], [ 0.581479914394004, 51.5096923872226 ], [ 0.573330417577274, 51.507828992482601 ], [ 0.553567185866318, 51.509935531091998 ], [ 0.541338070919878, 51.520125650039802 ], [ 0.526703657041381, 51.5192141552496 ], [ 0.517995305886731, 51.529870848927203 ], [ 0.523838490825564, 51.532460918322599 ], [ 0.534497707998393, 51.530425675225601 ], [ 0.543109534151013, 51.534506808121797 ], [ 0.545930697431751, 51.547392041963299 ], [ 0.556324023995537, 51.544291179782697 ] ] ], [ [ [ 0.840283360455631, 51.560870445480298 ], [ 0.831408381104311, 51.560229700002999 ], [ 0.825779682464893, 51.564466680724401 ], [ 0.828924482692235, 51.572257910535498 ], [ 0.832185192446322, 51.574282055122602 ], [ 0.840283360455631, 51.560870445480298 ] ] ], [ [ [ 0.837491462473458, 51.5851768186781 ], [ 0.822949654645002, 51.5648819668179 ], [ 0.815574616202367, 51.576937535550996 ], [ 0.809380944227351, 51.5791159481779 ], [ 0.80806608456375, 51.585626672980702 ], [ 0.8183396016295, 51.594114380732996 ], [ 0.830143841661014, 51.595966277765399 ], [ 0.836353466972412, 51.594903442341298 ], [ 0.837491462473458, 51.5851768186781 ] ] ], [ [ [ 0.955316883466157, 51.613164777517497 ], [ 0.929866927769687, 51.592446367078999 ], [ 0.886572783590085, 51.569589078468297 ], [ 0.879213773421223, 51.568881300687103 ], [ 0.866370064397508, 51.558940840889498 ], [ 0.853616667684284, 51.556940338735203 ], [ 0.840146357854457, 51.561636491660799 ], [ 0.832725148717867, 51.575769145691403 ], [ 0.838649729441004, 51.581478361925797 ], [ 0.845546390805885, 51.582111746411996 ], [ 0.847854082061865, 51.5776235017874 ], [ 0.857277057794513, 51.576472498331697 ], [ 0.863400351585854, 51.571862158462103 ], [ 0.857914964913004, 51.577252932033502 ], [ 0.848433493239577, 51.578301976547102 ], [ 0.846476496224448, 51.582671966655802 ], [ 0.840078209534723, 51.582023008052303 ], [ 0.83799748353139, 51.593618963761102 ], [ 0.858656809814308, 51.592495042658904 ], [ 0.866825807789835, 51.595186361666897 ], [ 0.874374641083865, 51.614150860558098 ], [ 0.88324248536108, 51.616165640961299 ], [ 0.900768658958486, 51.6137496204272 ], [ 0.957516615699434, 51.620532307503098 ], [ 0.955316883466157, 51.613164777517497 ] ] ], [ [ [ 0.745635548207842, 51.638711979249898 ], [ 0.746482465922937, 51.635147768702701 ], [ 0.738735053103655, 51.637417141650303 ], [ 0.745635548207842, 51.638711979249898 ] ] ], [ [ [ 0.759458460870587, 51.641487434043697 ], [ 0.76276940611183, 51.640302672935398 ], [ 0.749688342023746, 51.6363209725289 ], [ 0.758569294061839, 51.641017322840298 ], [ 0.752419041121401, 51.641411235519598 ], [ 0.748608040156205, 51.637529911658 ], [ 0.751874392047457, 51.642156102054699 ], [ 0.759458460870587, 51.641487434043697 ] ] ], [ [ [ 0.749935972803208, 51.642491152520797 ], [ 0.745387090073376, 51.639901367961002 ], [ 0.732587258232312, 51.639569665997897 ], [ 0.737657242598137, 51.634263366025699 ], [ 0.725534497506703, 51.638453840902002 ], [ 0.711461766978794, 51.637407289156002 ], [ 0.718120005637639, 51.641795022828703 ], [ 0.741468159997879, 51.640173954781098 ], [ 0.749935972803208, 51.642491152520797 ] ] ], [ [ [ 0.787745310700603, 51.722340055059199 ], [ 0.772328635276649, 51.718661280297297 ], [ 0.754509028415827, 51.7245450556116 ], [ 0.756268932894527, 51.726742321628201 ], [ 0.777960799080903, 51.726567782977703 ], [ 0.787745310700603, 51.722340055059199 ] ] ], [ [ [ 0.721897837323274, 51.730525098151404 ], [ 0.724400175239905, 51.724933246458498 ], [ 0.724927510965315, 51.727080403270499 ], [ 0.72860783564891, 51.725790721769002 ], [ 0.724184717062193, 51.722072861219601 ], [ 0.72833829268897, 51.722925306840203 ], [ 0.729067482659209, 51.718347619792397 ], [ 0.7104618525979, 51.718564364991799 ], [ 0.721897837323274, 51.730525098151404 ] ] ], [ [ [ 0.965127442611807, 51.808828596481597 ], [ 0.974779534993853, 51.804389004199898 ], [ 0.993336163218833, 51.803531145109901 ], [ 1.00584611507955, 51.799456882614301 ], [ 0.996613666695185, 51.791245491458902 ], [ 0.945791283086092, 51.7747258178021 ], [ 0.902246805353056, 51.774372202099997 ], [ 0.89809896079341, 51.779731512649498 ], [ 0.901872450179929, 51.786156281777501 ], [ 0.919537136948157, 51.794060641020899 ], [ 0.926477960719761, 51.801568815527602 ], [ 0.94361197928901, 51.806935738984102 ], [ 0.944593727541082, 51.805764373881097 ], [ 0.965127442611807, 51.808828596481597 ] ] ], [ [ [ 1.2635281268139, 51.864003760700498 ], [ 1.25879892530005, 51.868718356836503 ], [ 1.25185794447706, 51.869476330179602 ], [ 1.25446885503035, 51.873618873849303 ], [ 1.26461065764565, 51.872249359913901 ], [ 1.26814820614087, 51.864891523909797 ], [ 1.2635281268139, 51.864003760700498 ] ] ], [ [ [ 1.26221459640115, 51.880694209186103 ], [ 1.26353533668466, 51.872989744225201 ], [ 1.25464536768155, 51.875620623074603 ], [ 1.25964254037514, 51.875599143965502 ], [ 1.26221459640115, 51.880694209186103 ] ] ], [ [ [ 1.25703538940432, 51.883732241011501 ], [ 1.25901466930897, 51.8763199029463 ], [ 1.25408816692709, 51.876737008741102 ], [ 1.24833127300618, 51.874234269429898 ], [ 1.25026137585999, 51.876969702826599 ], [ 1.24607141548123, 51.8745634215039 ], [ 1.24455757595359, 51.868837988353903 ], [ 1.22591119740826, 51.8750671342519 ], [ 1.22942460325023, 51.881427793683102 ], [ 1.2364433474708, 51.8819444070092 ], [ 1.23862684020185, 51.8789017170173 ], [ 1.23825105990805, 51.881214665605199 ], [ 1.25703538940432, 51.883732241011501 ] ] ], [ [ [ 1.22716478087014, 51.888201451782798 ], [ 1.22975855142634, 51.884929119021002 ], [ 1.21200031524243, 51.880969735181402 ], [ 1.22954470503402, 51.885123932273103 ], [ 1.2261528202344, 51.888213658943499 ], [ 1.2209084375239, 51.888276780351298 ], [ 1.22567091605508, 51.888652591752901 ], [ 1.22716478087014, 51.888201451782798 ] ] ], [ [ [ 1.22353488649699, 51.898221855078198 ], [ 1.22889669762993, 51.895629160796403 ], [ 1.218650420511, 51.8974958114743 ], [ 1.22353488649699, 51.898221855078198 ] ] ], [ [ [ 1.23183115658758, 51.901752906866001 ], [ 1.23818194634668, 51.896519668977803 ], [ 1.23474180021249, 51.896674663379301 ], [ 1.24461803955968, 51.895513855794398 ], [ 1.24464201801994, 51.888062183489701 ], [ 1.23499523540231, 51.891138783477203 ], [ 1.24248822551348, 51.886492715590101 ], [ 1.23086545379862, 51.888262606755099 ], [ 1.23424588875067, 51.892969991188998 ], [ 1.22866773830392, 51.898456092675197 ], [ 1.23183115658758, 51.901752906866001 ] ] ], [ [ [ 1.53628004806312, 52.076139124496798 ], [ 1.51463058450886, 52.067656971269997 ], [ 1.50011205757934, 52.065520133797897 ], [ 1.50296997260471, 52.069489069508897 ], [ 1.5138178565098, 52.069089465810599 ], [ 1.52521697137083, 52.080236116805402 ], [ 1.53827551223699, 52.078996286735702 ], [ 1.53628004806312, 52.076139124496798 ] ] ], [ [ [ 0.868943498908628, 52.957686258960798 ], [ 0.857302486862634, 52.957653867080701 ], [ 0.865817759041917, 52.960477430357798 ], [ 0.871251786991492, 52.9602122583889 ], [ 0.868943498908628, 52.957686258960798 ] ] ], [ [ [ 0.978698758428329, 52.979749283836703 ], [ 1.11506521568663, 52.952842720301 ], [ 1.24198733946878, 52.942429868940501 ], [ 1.3065143145153, 52.930995692291503 ], [ 1.33521187925769, 52.922207830072999 ], [ 1.41389396511274, 52.890703933838097 ], [ 1.54446202824951, 52.819971387034499 ], [ 1.58671256096868, 52.8016594816986 ], [ 1.59206866793547, 52.796427735213797 ], [ 1.60513443422504, 52.789385390360799 ], [ 1.67515067627028, 52.7426471872459 ], [ 1.69756952021577, 52.723539190152501 ], [ 1.70757577496574, 52.699046303869601 ], [ 1.7290470365194, 52.663609622014199 ], [ 1.74186399122104, 52.633987212174802 ], [ 1.74306126339618, 52.620504192150001 ], [ 1.73797796951314, 52.5824583364519 ], [ 1.74291284802832, 52.580129435444903 ], [ 1.73882524594671, 52.579975930443503 ], [ 1.73912909110943, 52.574789717839899 ], [ 1.74328980750554, 52.575088673326199 ], [ 1.73982283053948, 52.5730371952193 ], [ 1.73367921458052, 52.574158618612103 ], [ 1.72570138257248, 52.604060099602101 ], [ 1.72000127111928, 52.610742785802401 ], [ 1.7207766172552, 52.612219220462002 ], [ 1.71531003786899, 52.613045268033602 ], [ 1.7160642925463, 52.616818465119103 ], [ 1.71070075960162, 52.619028642834401 ], [ 1.69492804192765, 52.6179858359599 ], [ 1.68175874321099, 52.608305832372601 ], [ 1.65792264925865, 52.603883138944298 ], [ 1.64546774311259, 52.589382052164801 ], [ 1.64860364249786, 52.576781112410202 ], [ 1.65055699941858, 52.576213564485201 ], [ 1.65022259879135, 52.594012461684599 ], [ 1.68362190178899, 52.600708177889999 ], [ 1.69756723119775, 52.606998646761397 ], [ 1.71344184969813, 52.611540581924103 ], [ 1.71883913400027, 52.6096359720094 ], [ 1.72497060629979, 52.603339039376799 ], [ 1.72663723531095, 52.590576749954501 ], [ 1.73248275481938, 52.5724495992839 ], [ 1.73865486185142, 52.571976742544003 ], [ 1.7325702807896, 52.569345456245202 ], [ 1.73284914882822, 52.556867747250102 ], [ 1.74037084898745, 52.532100494073298 ], [ 1.76357118981522, 52.481635065975198 ], [ 1.7601654189459, 52.473768483284402 ], [ 1.75578438206808, 52.472711494431302 ], [ 1.76052084339441, 52.475862017238299 ], [ 1.75764488705135, 52.476927692241603 ], [ 1.75426346740373, 52.472771529309398 ], [ 1.7395900994576, 52.473836861721097 ], [ 1.72165773511989, 52.477625081052601 ], [ 1.73911828476667, 52.470915848904603 ], [ 1.75614763122219, 52.471545041224402 ], [ 1.74982217632228, 52.469895635548198 ], [ 1.73322374075225, 52.4448595195813 ], [ 1.72794896623355, 52.4001104913471 ], [ 1.6968973634663, 52.355931743835299 ], [ 1.67552678155121, 52.313418751853497 ], [ 1.67290171990865, 52.313921469522803 ], [ 1.66718952941651, 52.3116669582421 ], [ 1.64437649139285, 52.295196555093298 ], [ 1.63571713179229, 52.281420366378399 ], [ 1.63038742895536, 52.2684621099352 ], [ 1.62931866362687, 52.246050244303603 ], [ 1.62282671090914, 52.204041518217899 ], [ 1.62231787310477, 52.186894884343097 ], [ 1.60821141857764, 52.164962205498 ], [ 1.58303625975457, 52.0919905628866 ], [ 1.57894539303224, 52.086147854881901 ], [ 1.48628265344393, 52.056226686458601 ], [ 1.46736753931101, 52.047586491800601 ], [ 1.4880285515304, 52.0592872010631 ], [ 1.5174513418016, 52.067021044722999 ], [ 1.53755554546657, 52.074862236657097 ], [ 1.56253156503549, 52.085884482021598 ], [ 1.56774778548116, 52.091086644103498 ], [ 1.58098152964909, 52.0915392294119 ], [ 1.56773191365245, 52.091417236492902 ], [ 1.56184737338771, 52.086166930699797 ], [ 1.5421215291904, 52.079190046306202 ], [ 1.53950578362068, 52.088042368526999 ], [ 1.55483702908854, 52.089851727398703 ], [ 1.56880166187716, 52.0981176016302 ], [ 1.5687472917467, 52.109809232001801 ], [ 1.58687497284645, 52.1197638987421 ], [ 1.5991487177255, 52.143611496786598 ], [ 1.59319002327965, 52.145558264450401 ], [ 1.58328198521688, 52.142235022466899 ], [ 1.57513611565036, 52.144335552175697 ], [ 1.57126798788566, 52.148156145998001 ], [ 1.57992105781474, 52.1548555543257 ], [ 1.57164765160159, 52.159791176588499 ], [ 1.55557945831957, 52.158701276458999 ], [ 1.55348438410623, 52.161094126365498 ], [ 1.55742279275085, 52.1626105262214 ], [ 1.55172603072302, 52.166576364362797 ], [ 1.53106895908944, 52.163069511581597 ], [ 1.52898155465751, 52.165079398985903 ], [ 1.52779167563148, 52.161135736666601 ], [ 1.52357892919804, 52.161850002596601 ], [ 1.51125554986757, 52.155106592479498 ], [ 1.50914974906994, 52.164216986906801 ], [ 1.49474840566431, 52.165223109440099 ], [ 1.50497879707095, 52.1635357406171 ], [ 1.50714836877532, 52.162835620913597 ], [ 1.50926817915271, 52.157641863719803 ], [ 1.50530562482423, 52.163190520633897 ], [ 1.49923389315422, 52.163873968057601 ], [ 1.50240902813107, 52.162196616673903 ], [ 1.49923664412435, 52.159458360116297 ], [ 1.50345424445241, 52.160962057121402 ], [ 1.50388741937419, 52.153710160891201 ], [ 1.50892747771175, 52.152256028262798 ], [ 1.50822810983308, 52.157173649556199 ], [ 1.51078532310138, 52.151058374447402 ], [ 1.52340820943186, 52.151218766719801 ], [ 1.52506009846358, 52.157203983822697 ], [ 1.53987314058142, 52.157387823921397 ], [ 1.55326772393184, 52.150216107142199 ], [ 1.56755565622874, 52.156104048973098 ], [ 1.57293793203404, 52.152790954040903 ], [ 1.56929123432457, 52.151662906938597 ], [ 1.56853391821374, 52.153856305323401 ], [ 1.56822468691201, 52.1485326073308 ], [ 1.57341605818983, 52.142739879067101 ], [ 1.58295615385794, 52.139745216468903 ], [ 1.59549768922396, 52.141684717933899 ], [ 1.58173568789036, 52.119689092263897 ], [ 1.56627182572346, 52.111866720776199 ], [ 1.56552087315067, 52.100159954660398 ], [ 1.55265777294006, 52.092066375117199 ], [ 1.53748202137285, 52.090348264172 ], [ 1.53790207815764, 52.081028622700799 ], [ 1.52498719976478, 52.082005987783297 ], [ 1.51051560612363, 52.069562124412997 ], [ 1.49063102748719, 52.073451528087901 ], [ 1.49612474900291, 52.0864434877614 ], [ 1.48960082112439, 52.079608385561002 ], [ 1.48988376093401, 52.072909724530902 ], [ 1.5013214765527, 52.070747897044903 ], [ 1.49538159961889, 52.064387807684199 ], [ 1.47847779982907, 52.058531711441397 ], [ 1.45951843776957, 52.044635830484097 ], [ 1.46227769652655, 52.044817212455897 ], [ 1.44372678282789, 52.025507195836397 ], [ 1.43307692613476, 52.007293809126402 ], [ 1.41319927563843, 51.994355444838099 ], [ 1.39412270325351, 51.987261412752403 ], [ 1.39558929003492, 51.998529964286902 ], [ 1.39202405196552, 51.996274361152103 ], [ 1.3885363821993, 51.999397905754897 ], [ 1.39552125631541, 51.999056329778199 ], [ 1.36699692715685, 52.007369026405797 ], [ 1.36301924890043, 52.022475621597202 ], [ 1.34471012635948, 52.031243291915601 ], [ 1.35266192015945, 52.038175891255001 ], [ 1.35164480283712, 52.045610016705702 ], [ 1.34103864808985, 52.053135713362401 ], [ 1.34370342422662, 52.064135867679497 ], [ 1.32938896545762, 52.068802013189597 ], [ 1.31902362867578, 52.080635338030604 ], [ 1.3193740812755, 52.086984481122599 ], [ 1.32724261157643, 52.090166007687003 ], [ 1.33196926453029, 52.094103291820502 ], [ 1.33165094909279, 52.098430477770499 ], [ 1.34752823976118, 52.103540699763201 ], [ 1.33723699331583, 52.103766187972802 ], [ 1.32576314877213, 52.095591812489999 ], [ 1.32479053523659, 52.090052236949703 ], [ 1.3173465494727, 52.089036544122997 ], [ 1.31375654075152, 52.077681422349002 ], [ 1.3041163751281, 52.078115036033303 ], [ 1.30756368243068, 52.079448390717502 ], [ 1.295456869615, 52.077300063606003 ], [ 1.31742391761407, 52.076095014523098 ], [ 1.32431873812146, 52.063245469053399 ], [ 1.33380358094709, 52.058616871612301 ], [ 1.33508024052138, 52.048750726122599 ], [ 1.34738956335914, 52.042272649563301 ], [ 1.34780674589205, 52.039620043950599 ], [ 1.33903671494396, 52.033129422521199 ], [ 1.34332159388256, 52.0272163306593 ], [ 1.33738549902578, 52.0243580775197 ], [ 1.34443320880683, 52.0264615970937 ], [ 1.35637604405293, 52.022155230621301 ], [ 1.35936732726714, 52.0180815340347 ], [ 1.35936059634047, 52.014710821798502 ], [ 1.35611476721885, 52.012538548926997 ], [ 1.35887197596574, 52.015855917360803 ], [ 1.35577492177165, 52.016116365697798 ], [ 1.35426487980157, 52.013703924317603 ], [ 1.36400391584303, 52.0044846001922 ], [ 1.3803778825143, 51.998476704838801 ], [ 1.37971830606671, 51.995989760889898 ], [ 1.3828747168923, 51.996631220361898 ], [ 1.3879948226377, 51.990225436707398 ], [ 1.3838129430497, 51.989543417793698 ], [ 1.39146705805036, 51.989324947518902 ], [ 1.38939059742231, 51.981389465122902 ], [ 1.38151882430208, 51.9746747364944 ], [ 1.36280407325483, 51.962543016842403 ], [ 1.344921726115, 51.956923055797603 ], [ 1.32021345294513, 51.933494262883301 ], [ 1.31870942365517, 51.945511365366301 ], [ 1.31743757368271, 51.944898994767101 ], [ 1.31430369783888, 51.948359307012701 ], [ 1.31567357181875, 51.951410316537903 ], [ 1.28257035577333, 51.966061835465602 ], [ 1.28031563207736, 51.993115200231401 ], [ 1.26415632817304, 51.995812913518698 ], [ 1.25836937031241, 52.002976260704401 ], [ 1.25688958587456, 51.996547537644702 ], [ 1.22935362415475, 52.006473532310302 ], [ 1.21545024918048, 52.006514279807099 ], [ 1.21032432166295, 52.0114949583377 ], [ 1.19761976384056, 52.015386369557298 ], [ 1.18833162306344, 52.014998878675499 ], [ 1.1784121951194, 52.021715176228298 ], [ 1.16972014752522, 52.030343785515399 ], [ 1.16064145745757, 52.031619605111501 ], [ 1.16099187373895, 52.041850896734204 ], [ 1.16305912743788, 52.046048720531701 ], [ 1.15992291042884, 52.047959514014998 ], [ 1.15549784383876, 52.0365343722437 ], [ 1.15003489113037, 52.034004890136003 ], [ 1.16188953216225, 52.026804768594701 ], [ 1.16688136049961, 52.018261019312199 ], [ 1.18518795171649, 52.007416450636804 ], [ 1.2034944574637, 52.004787873091999 ], [ 1.21153239785712, 51.996621409792503 ], [ 1.23123290401446, 51.995848199909098 ], [ 1.24291709476998, 51.992754548411398 ], [ 1.24304676503521, 51.990048328606903 ], [ 1.246944262423, 51.989974258627498 ], [ 1.24439923854362, 51.991889058995902 ], [ 1.26730316429769, 51.987868196766698 ], [ 1.27022807901817, 51.984186529492902 ], [ 1.27110865364112, 51.975823656280298 ], [ 1.26756865407466, 51.976410342475198 ], [ 1.2790881432162, 51.960388259764997 ], [ 1.27373809501707, 51.955666544978001 ], [ 1.26938621628984, 51.954493477863899 ], [ 1.24297691326091, 51.9614135993152 ], [ 1.21972192999347, 51.952872026827301 ], [ 1.21017962852213, 51.955999218802603 ], [ 1.18733528346985, 51.955757834955399 ], [ 1.17787143998466, 51.964825329412101 ], [ 1.16304862837031, 51.9672951599049 ], [ 1.16354272628026, 51.970525152676103 ], [ 1.15992780027042, 51.965241068114601 ], [ 1.15324884862241, 51.964803222502503 ], [ 1.1322436269397, 51.957566353268298 ], [ 1.13031366250315, 51.953540693462401 ], [ 1.11854116529181, 51.9562330932362 ], [ 1.09980149862677, 51.953717061947899 ], [ 1.08613212131242, 51.958933124496397 ], [ 1.06944934793724, 51.955256560750897 ], [ 1.07292969351032, 51.954147622087802 ], [ 1.06898213330465, 51.954554623565002 ], [ 1.06605086534423, 51.948995449746803 ], [ 1.05881360719528, 51.955931045060503 ], [ 1.06363880770177, 51.9484565943335 ], [ 1.05391970029527, 51.952999395292302 ], [ 1.06187679906279, 51.945945513350402 ], [ 1.07557746485267, 51.947027164047803 ], [ 1.08053954657169, 51.944964123166898 ], [ 1.08630808699979, 51.945473216349299 ], [ 1.11943852814645, 51.9400398116356 ], [ 1.1363099969753, 51.940478143777398 ], [ 1.15036717995018, 51.945894780098001 ], [ 1.17062471897496, 51.947998554124403 ], [ 1.18103036720358, 51.9417581717899 ], [ 1.20587645608039, 51.942783714965202 ], [ 1.21407832709636, 51.940320408410599 ], [ 1.21914123829902, 51.944912887973203 ], [ 1.21728642902023, 51.939822553634897 ], [ 1.22741295225821, 51.939474087568499 ], [ 1.23288459757089, 51.940633805956601 ], [ 1.2320112700536, 51.944792945367098 ], [ 1.23516443824467, 51.9435100504693 ], [ 1.24192165115859, 51.9468145079666 ], [ 1.25419546444163, 51.947173177076401 ], [ 1.26291341969618, 51.945929772742403 ], [ 1.27460801716414, 51.939407727355999 ], [ 1.280563367352, 51.940413792294599 ], [ 1.27686640373224, 51.9447127034773 ], [ 1.28483050515505, 51.9450545847398 ], [ 1.28440457767951, 51.946502885321003 ], [ 1.29030775587315, 51.948757986120697 ], [ 1.29127476438916, 51.9463142610931 ], [ 1.2901315059968, 51.938166904597601 ], [ 1.29655838963736, 51.935605463144398 ], [ 1.2853253368632, 51.9369178237407 ], [ 1.26182633389352, 51.9179124603289 ], [ 1.25900323007883, 51.916348370778699 ], [ 1.25403512083466, 51.918121161664097 ], [ 1.25891137764335, 51.915281507381799 ], [ 1.25413075391168, 51.9041078085043 ], [ 1.24672983700422, 51.896111244334897 ], [ 1.24347388272551, 51.900192839858299 ], [ 1.24438354654052, 51.896980071083398 ], [ 1.23998454893314, 51.8965788541162 ], [ 1.23166101667148, 51.902461812595803 ], [ 1.24007421264424, 51.902630521722301 ], [ 1.22975647342711, 51.9045504590852 ], [ 1.21216811525606, 51.896928298913203 ], [ 1.23012328339655, 51.894124869263699 ], [ 1.22830911843283, 51.890538260821401 ], [ 1.2125165477982, 51.890384413139401 ], [ 1.21225960587511, 51.886376345846799 ], [ 1.19901633333596, 51.884787486149698 ], [ 1.20254883607792, 51.878156887220499 ], [ 1.21050951500313, 51.879531826797603 ], [ 1.20628923445666, 51.881810087865396 ], [ 1.21120682569375, 51.880561455007303 ], [ 1.21086404320923, 51.8791578005928 ], [ 1.19711176971226, 51.877329000994798 ], [ 1.19969209259311, 51.875685677357701 ], [ 1.19234003227232, 51.871758052925102 ], [ 1.17821443386404, 51.871431145865799 ], [ 1.20778053502139, 51.870877199018999 ], [ 1.2244241881101, 51.880581074526802 ], [ 1.22177261886509, 51.872077542054399 ], [ 1.21275752363623, 51.869948909734703 ], [ 1.22849430213928, 51.872608247156698 ], [ 1.23014939005789, 51.867989071578798 ], [ 1.22528272170436, 51.864950380095202 ], [ 1.23227651557844, 51.862968375644897 ], [ 1.22812475093648, 51.858903327803397 ], [ 1.2324077673325, 51.855074066817302 ], [ 1.23562120821829, 51.861499326654197 ], [ 1.24313871020205, 51.859218029644502 ], [ 1.2492937204337, 51.8623067593537 ], [ 1.25238528625632, 51.858948141561903 ], [ 1.24937000016796, 51.8565526812869 ], [ 1.25379105722713, 51.858058328269998 ], [ 1.2525311376854, 51.863747133559798 ], [ 1.27145860623909, 51.862303501170899 ], [ 1.26623624267874, 51.8619432643167 ], [ 1.27142481577368, 51.860597289801703 ], [ 1.26545190905584, 51.8558901783816 ], [ 1.26906622648226, 51.851752077044701 ], [ 1.26975168476138, 51.856056656171397 ], [ 1.27493221978392, 51.854871722901201 ], [ 1.27016073967464, 51.856969910196497 ], [ 1.27348284329379, 51.862112218902602 ], [ 1.26778863269749, 51.877098987554703 ], [ 1.27033407463681, 51.877038994048398 ], [ 1.26649278010671, 51.881291376136502 ], [ 1.27163603468133, 51.882090947946899 ], [ 1.26355903098977, 51.882761606379802 ], [ 1.26369001181489, 51.886212759407201 ], [ 1.28344387341178, 51.876729130310302 ], [ 1.28626448992612, 51.876662266158 ], [ 1.2922493572689, 51.870390141309699 ], [ 1.28722667880968, 51.859263217869 ], [ 1.23876185276414, 51.821246252982199 ], [ 1.19603715873188, 51.8011596131877 ], [ 1.12441184278131, 51.775447711824597 ], [ 1.09453775951536, 51.771938873872998 ], [ 1.04268242610963, 51.769909602689403 ], [ 1.03300528671158, 51.778309382163101 ], [ 1.02924384001904, 51.7886911100181 ], [ 1.03220713373939, 51.786210582661901 ], [ 1.03558979032212, 51.7874741660574 ], [ 1.03628619829406, 51.784837414741098 ], [ 1.04118065282149, 51.783876814501099 ], [ 1.0370940856413, 51.785494386021597 ], [ 1.0371519929749, 51.790606926900203 ], [ 1.01761138042625, 51.800661930123297 ], [ 1.02078223242157, 51.803151858059898 ], [ 1.02976994835261, 51.800386915175501 ], [ 1.04653396370251, 51.802457591720099 ], [ 1.04443247163713, 51.803128144454298 ], [ 1.06218273317232, 51.810382252897099 ], [ 1.06779725573519, 51.821088220667903 ], [ 1.06328870592436, 51.820586964838697 ], [ 1.05955593023872, 51.824184658354902 ], [ 1.06362611582679, 51.818544568016002 ], [ 1.06023126455515, 51.811604122885903 ], [ 1.0396735422232, 51.805600512015197 ], [ 1.01060215931811, 51.8056300588906 ], [ 0.993651915824556, 51.816415057813103 ], [ 0.98268967275106, 51.831192082102604 ], [ 0.989362382430021, 51.837604376584103 ], [ 0.985494380295129, 51.838740577602898 ], [ 0.980418556453222, 51.8471546575988 ], [ 0.955468599013042, 51.854122585265102 ], [ 0.976016068634127, 51.846390188224802 ], [ 0.978421110744497, 51.838150155776901 ], [ 0.97442280434507, 51.828816705085103 ], [ 0.982322645310723, 51.8173587210199 ], [ 0.966372556553522, 51.822280921489799 ], [ 0.964056412032822, 51.8290021229312 ], [ 0.952554470344666, 51.833285794340398 ], [ 0.962939883940556, 51.8282684785529 ], [ 0.964166441964546, 51.821993030542103 ], [ 0.94923919813316, 51.8246530236963 ], [ 0.943539748645469, 51.822164266849498 ], [ 0.951213891332441, 51.823376713719298 ], [ 0.966618462767479, 51.819442542698503 ], [ 0.991238982819986, 51.807199199429299 ], [ 0.969588925811234, 51.812732656615097 ], [ 0.927476617217011, 51.807554553696903 ], [ 0.91989286791833, 51.807910530524801 ], [ 0.92325920399176, 51.806167499424099 ], [ 0.937152457903174, 51.805859773516801 ], [ 0.925405185078919, 51.802699980782698 ], [ 0.899600731313459, 51.788787274044203 ], [ 0.90132167691746, 51.792326224586802 ], [ 0.897248327082882, 51.789035104371301 ], [ 0.894753394092583, 51.791020367316101 ], [ 0.893427669898868, 51.774438562509602 ], [ 0.87852787192688, 51.785747392040399 ], [ 0.871228309094193, 51.784272012242198 ], [ 0.872213411176291, 51.783206439712103 ], [ 0.8561967911631, 51.787416508669203 ], [ 0.859595177172243, 51.7857518643482 ], [ 0.851548773574725, 51.786287337578798 ], [ 0.841604084309049, 51.782304683220701 ], [ 0.837467699678749, 51.7842070106866 ], [ 0.843306602649899, 51.780764303490699 ], [ 0.857931471969376, 51.784049302543302 ], [ 0.877233282761881, 51.779353903614997 ], [ 0.890701397237792, 51.7697119340787 ], [ 0.886632433495922, 51.770804001919203 ], [ 0.884959684454068, 51.768261134253002 ], [ 0.894608810887656, 51.766302423497599 ], [ 0.883101725269874, 51.763857460708998 ], [ 0.860360001426338, 51.7688526631486 ], [ 0.857433304377419, 51.775000992556997 ], [ 0.851253417279161, 51.774089867202797 ], [ 0.851368495955383, 51.770512918506597 ], [ 0.839890263571399, 51.7736801561364 ], [ 0.836724761248785, 51.7738721895278 ], [ 0.834583084848583, 51.770443264916302 ], [ 0.839650939460707, 51.773208488773001 ], [ 0.838918595122999, 51.7710374025351 ], [ 0.842481103029129, 51.772248200892498 ], [ 0.856202335021915, 51.767724346776802 ], [ 0.840964668953761, 51.770216305325498 ], [ 0.845340379057936, 51.767510300461801 ], [ 0.842271535735097, 51.764833381236897 ], [ 0.860734007202027, 51.764292624290398 ], [ 0.850356658179789, 51.757128542840697 ], [ 0.861833214515808, 51.763110193427899 ], [ 0.882710544872676, 51.757652253913903 ], [ 0.856248301249789, 51.743801340166101 ], [ 0.847436044557382, 51.747405050302397 ], [ 0.852430417976529, 51.741612352691803 ], [ 0.834850853751833, 51.738738986501197 ], [ 0.825064835297226, 51.7383954725371 ], [ 0.822613270731443, 51.740827005093202 ], [ 0.811215423097858, 51.738850954855998 ], [ 0.792287589833152, 51.745163588984497 ], [ 0.789234988120904, 51.737659707073 ], [ 0.786361771008446, 51.737285802760098 ], [ 0.778374217787205, 51.739824481506602 ], [ 0.776822070080225, 51.743958383463301 ], [ 0.768271207728971, 51.738806873533797 ], [ 0.760438963920265, 51.742484164944301 ], [ 0.762712098483697, 51.738513735545403 ], [ 0.755162564830781, 51.7353086628951 ], [ 0.744999185327617, 51.736445073720397 ], [ 0.745016259662819, 51.733449332690299 ], [ 0.748010977322168, 51.734138390036797 ], [ 0.747382609638001, 51.732039089617203 ], [ 0.751575794442274, 51.732638317302197 ], [ 0.744678599022915, 51.7309132422929 ], [ 0.73747316561229, 51.732735409323602 ], [ 0.739400854711086, 51.729813367275099 ], [ 0.735516568997566, 51.729478447138902 ], [ 0.712890147206159, 51.737500226590797 ], [ 0.714605389908931, 51.734120325755804 ], [ 0.705375743022771, 51.723856559408702 ], [ 0.702176227158754, 51.727922487974702 ], [ 0.690056870515077, 51.732371853200398 ], [ 0.689558903027648, 51.730424454675301 ], [ 0.686471863557025, 51.733219258297503 ], [ 0.688670673820361, 51.728570380221299 ], [ 0.699318643809774, 51.726167857760203 ], [ 0.69734446423786, 51.722830709537703 ], [ 0.712062931861356, 51.715752884016503 ], [ 0.710183794382378, 51.713915683607397 ], [ 0.716199828007682, 51.7136120891657 ], [ 0.717799339788858, 51.716183391991997 ], [ 0.74699677630932, 51.7114558925159 ], [ 0.743812718351344, 51.7065904171154 ], [ 0.748005842794479, 51.710251781162 ], [ 0.751112274428076, 51.707875279024698 ], [ 0.746059142936938, 51.704851179707603 ], [ 0.754667200326733, 51.709998477281502 ], [ 0.769176551374942, 51.708355522287 ], [ 0.749792688203606, 51.700300396696697 ], [ 0.754238394335417, 51.695359467193299 ], [ 0.746941509100834, 51.694614782832303 ], [ 0.748272040109333, 51.690960219459299 ], [ 0.738627670637343, 51.6936391296178 ], [ 0.739125230586704, 51.6915100032437 ], [ 0.739845333210348, 51.6927823989054 ], [ 0.742066464472572, 51.691435251402901 ], [ 0.737630048031425, 51.689324879688101 ], [ 0.737843925060505, 51.687196633987 ], [ 0.741476134222039, 51.687813317753601 ], [ 0.739338554322614, 51.689467188636897 ], [ 0.740563901058462, 51.689641779096803 ], [ 0.751229517613637, 51.688503913957803 ], [ 0.75648319046042, 51.692068194074601 ], [ 0.759214159382006, 51.699862801875497 ], [ 0.772164152129706, 51.701743885977699 ], [ 0.77220748890082, 51.694049915924303 ], [ 0.776454372416055, 51.690871901698301 ], [ 0.773476314906392, 51.688887643220497 ], [ 0.776917888160834, 51.688798719063499 ], [ 0.773403224068847, 51.687535364295599 ], [ 0.777818023405739, 51.685072979269997 ], [ 0.776280677256466, 51.687770126904297 ], [ 0.777360124184055, 51.689003151181801 ], [ 0.777027264625061, 51.691248711510099 ], [ 0.775908549507167, 51.691553031176902 ], [ 0.77978257077557, 51.692786259658 ], [ 0.773993365997311, 51.693506122127403 ], [ 0.775438332084299, 51.701585045451203 ], [ 0.771581982679827, 51.704061295342697 ], [ 0.785355109067918, 51.708145166610898 ], [ 0.790217172681366, 51.706304802099098 ], [ 0.7908210048596, 51.709056874574102 ], [ 0.797560483871276, 51.7079450291101 ], [ 0.790809229500925, 51.710301042933303 ], [ 0.794286173449401, 51.717195936524199 ], [ 0.805882113064029, 51.717798946259599 ], [ 0.819726082887312, 51.7210811516916 ], [ 0.834167539152291, 51.714994606774702 ], [ 0.848171327157163, 51.715704875307502 ], [ 0.875264297019819, 51.725152601643899 ], [ 0.886290622938406, 51.733010006056197 ], [ 0.890704052787805, 51.741336033593797 ], [ 0.899523834523474, 51.744885333915498 ], [ 0.927747806836817, 51.748115671684097 ], [ 0.942750277395386, 51.739803642659901 ], [ 0.950572298872485, 51.730831962543803 ], [ 0.950691527860078, 51.722880039308798 ], [ 0.939517468836879, 51.698617212398702 ], [ 0.950057791342381, 51.683496408970697 ], [ 0.943015915240158, 51.672280305732301 ], [ 0.942227563918651, 51.660587930110196 ], [ 0.93565532757396, 51.661088829177302 ], [ 0.941849763567525, 51.660291607850503 ], [ 0.936526329276151, 51.660021925853997 ], [ 0.939961908842364, 51.659188526693598 ], [ 0.934762371180455, 51.655082419017603 ], [ 0.939221522222564, 51.656396408098999 ], [ 0.939629868392666, 51.654483920211099 ], [ 0.934239117539083, 51.653831833986096 ], [ 0.939444365936141, 51.6543437819399 ], [ 0.937443449534581, 51.651882432412002 ], [ 0.937128798444721, 51.636223702194002 ], [ 0.926546958770398, 51.628948235541998 ], [ 0.901920982885591, 51.622734825393202 ], [ 0.891996726871842, 51.624019660622302 ], [ 0.8595815514143, 51.621228087773403 ], [ 0.838383621713552, 51.624041322499998 ], [ 0.82287928136844, 51.623113154194598 ], [ 0.804378848529106, 51.626116333429202 ], [ 0.802984052267524, 51.6293676984386 ], [ 0.802908944951455, 51.625876268573101 ], [ 0.79520005426094, 51.625519594544102 ], [ 0.761917861023703, 51.644152309106502 ], [ 0.74546875005021, 51.643296358718203 ], [ 0.746239791392601, 51.645649024991698 ], [ 0.742009810525441, 51.641241233065202 ], [ 0.71693327822913, 51.6430042314582 ], [ 0.711060789993781, 51.639916697735998 ], [ 0.709037187478184, 51.636692520293302 ], [ 0.695916356792009, 51.639248314210001 ], [ 0.691988101311184, 51.637010950214702 ], [ 0.662107857639027, 51.636996203951298 ], [ 0.659917680554172, 51.643058924912303 ], [ 0.66483480745062, 51.640881588973102 ], [ 0.666650104765101, 51.642577002283197 ], [ 0.650380626224716, 51.648441280802203 ], [ 0.650470936002069, 51.6457286375487 ], [ 0.658457744065231, 51.643454390873501 ], [ 0.657874564453792, 51.637861099297403 ], [ 0.629578830245553, 51.639598488245198 ], [ 0.630386840776339, 51.637485559911902 ], [ 0.646699816654623, 51.636632336961299 ], [ 0.642610432952507, 51.6326468640016 ], [ 0.626910264991903, 51.633450730019199 ], [ 0.605364252317239, 51.629014407696403 ], [ 0.637196895887258, 51.631677714434502 ], [ 0.64749727479055, 51.629916350823599 ], [ 0.646900263950788, 51.6334010102184 ], [ 0.6515932186746, 51.6359085579207 ], [ 0.65712819357855, 51.633060042580396 ], [ 0.65678974800589, 51.635207350256302 ], [ 0.711376031938563, 51.633718385655001 ], [ 0.72197606593446, 51.635778092860903 ], [ 0.733916931392536, 51.6309651640805 ], [ 0.749473867721246, 51.631175279726897 ], [ 0.764094701830483, 51.636878166509298 ], [ 0.784418833216513, 51.624296374044498 ], [ 0.779443551661996, 51.6188309544874 ], [ 0.785083938735781, 51.6236195451581 ], [ 0.865747078722512, 51.615569766687003 ], [ 0.86613818278338, 51.599217239015204 ], [ 0.862526473082407, 51.596052225504103 ], [ 0.821170513173093, 51.598738456382002 ], [ 0.81628759112688, 51.602247567268698 ], [ 0.819110570716506, 51.597609767056099 ], [ 0.80424520359453, 51.589339873525098 ], [ 0.764643235664927, 51.583224259549397 ], [ 0.754261683730945, 51.588113037654701 ], [ 0.751110388228407, 51.586401755579203 ], [ 0.759762853938451, 51.584735092375702 ], [ 0.758454066102858, 51.580528000251803 ], [ 0.721834535675819, 51.579839606073399 ], [ 0.72558933386051, 51.577136896918198 ], [ 0.713659116084998, 51.572654918972198 ], [ 0.747727124842997, 51.579431782477201 ], [ 0.759738748545888, 51.578906761012 ], [ 0.761042448581241, 51.576362283746803 ], [ 0.764633986224561, 51.580551503122599 ], [ 0.805932493174082, 51.586122007542301 ], [ 0.8067791261124, 51.579715172483901 ], [ 0.793474656566124, 51.5763344063093 ], [ 0.799139202825337, 51.5709152679228 ], [ 0.801883309577967, 51.572076724460899 ], [ 0.807021941379669, 51.569649631062703 ], [ 0.80377403805699, 51.567223389033302 ], [ 0.808220661599484, 51.567135912814798 ], [ 0.809913915940411, 51.569809741406999 ], [ 0.795668823002866, 51.574598505791002 ], [ 0.808062448680497, 51.578732007432301 ], [ 0.814382238487829, 51.576445398343999 ], [ 0.821011954719238, 51.564374555175498 ], [ 0.817822952378417, 51.561996743508402 ], [ 0.824597755975317, 51.563580443433104 ], [ 0.829607311249999, 51.5585517189391 ], [ 0.840125156459378, 51.560161999742597 ], [ 0.850500488433668, 51.556622189149302 ], [ 0.848619668975376, 51.551392007141999 ], [ 0.821187634051043, 51.540624573105902 ], [ 0.787770680963095, 51.521831259283204 ], [ 0.720517128929144, 51.532567365124102 ], [ 0.670720380193808, 51.538147751823402 ], [ 0.640203611913495, 51.540162660156902 ], [ 0.608470309209766, 51.534951199642997 ], [ 0.565387923360839, 51.541938891260699 ], [ 0.54758298196772, 51.547688949431297 ], [ 0.545033824433572, 51.547630069681702 ], [ 0.542868599766776, 51.534970704124298 ], [ 0.535216728093917, 51.531170102326698 ], [ 0.522551321959993, 51.532814661427999 ], [ 0.516760299863652, 51.529985549386701 ], [ 0.51322046597515, 51.531869995460603 ], [ 0.506868774999988, 51.531263959516998 ], [ 0.517681557101836, 51.527109408255697 ], [ 0.522193879480497, 51.5159664811951 ], [ 0.54127138652028, 51.512560746434197 ], [ 0.531314444162764, 51.508496842604103 ], [ 0.52269123183289, 51.507884025980502 ], [ 0.518719884620895, 51.5104255131344 ], [ 0.508165354966102, 51.505197050949 ], [ 0.49424254853679, 51.507132545580497 ], [ 0.467285294890274, 51.503748249878797 ], [ 0.460895596713762, 51.5069771563643 ], [ 0.455889568439559, 51.506850969646997 ], [ 0.457587539368674, 51.505249610342901 ], [ 0.447625001861972, 51.500158038208802 ], [ 0.444288451797498, 51.500151257244703 ], [ 0.445602656282082, 51.498179389210797 ], [ 0.440256658801377, 51.491536656775402 ], [ 0.433979747212772, 51.461498615445798 ], [ 0.398401563913328, 51.453661611702501 ], [ 0.381659714804317, 51.452612856429703 ], [ 0.378331526275371, 51.456617850236 ], [ 0.378759071347683, 51.452135835459401 ], [ 0.340845314505118, 51.452327736663896 ], [ 0.32817281032982, 51.469299586093499 ], [ 0.318735408175832, 51.474115466805998 ], [ 0.305164075622992, 51.473686104642901 ], [ 0.291448103696448, 51.469500643181703 ], [ 0.281402125989587, 51.461398458857097 ], [ 0.247042158331995, 51.472735519401098 ], [ 0.228521388488694, 51.4863622654305 ], [ 0.211869837997983, 51.489959009606601 ], [ 0.214157135002959, 51.4960398748891 ], [ 0.229498122303594, 51.500030159537403 ], [ 0.226627034084745, 51.5065823308815 ], [ 0.242019310398899, 51.507966471226503 ], [ 0.237309423436491, 51.519126352433503 ], [ 0.244939439258309, 51.518791123409599 ], [ 0.240724675044004, 51.521207997351297 ], [ 0.24285597973455, 51.524391903314097 ], [ 0.24583718786081, 51.523516327723598 ], [ 0.250851968158123, 51.528818434335498 ], [ 0.253834580997659, 51.517886435801103 ], [ 0.262005078389703, 51.517930188437099 ], [ 0.266637707331386, 51.522956183122098 ], [ 0.265347144528309, 51.532150136223699 ], [ 0.297755493610936, 51.535318612764897 ], [ 0.300722808176699, 51.538756000419497 ], [ 0.33143000369654, 51.540045663112203 ], [ 0.333901444303204, 51.542493387078501 ], [ 0.327815464907394, 51.550993916786901 ], [ 0.31529572386121, 51.557835681020698 ], [ 0.31303521811723, 51.565818153442301 ], [ 0.290195838470097, 51.564510946450397 ], [ 0.286656747302043, 51.573576459894902 ], [ 0.270925435481497, 51.590293883756701 ], [ 0.269877967165849, 51.599573895535798 ], [ 0.25391674050211, 51.601920081456903 ], [ 0.263257386999627, 51.609191959096897 ], [ 0.252761673111312, 51.617446401030598 ], [ 0.224087163329378, 51.631737424162097 ], [ 0.20031117156704, 51.624935830763597 ], [ 0.16498486382817, 51.622496877061501 ], [ 0.138183742095582, 51.623544981474097 ], [ 0.129187545121655, 51.621443481673502 ], [ 0.118669295448494, 51.615366949417499 ], [ 0.114472738414615, 51.6159798824307 ], [ 0.100168344033782, 51.6127249882637 ], [ 0.098064923380341, 51.615427667634698 ], [ 0.092811715096858, 51.613709314818202 ], [ 0.094667456200076, 51.610742698506897 ], [ 0.091954507748836, 51.607119030260499 ], [ 0.085889002482053, 51.605341358633503 ], [ 0.083190886802319, 51.606478870439197 ], [ 0.072832266946566, 51.604687445983302 ], [ 0.062998545978232, 51.606911597598 ], [ 0.048313199670714, 51.614606586817601 ], [ 0.053710342451167, 51.618280300384399 ], [ 0.040796650578134, 51.615741188934798 ], [ 0.021819184175369, 51.628832786246697 ], [ 0.025224382019553, 51.635249569271103 ], [ 0.022719672481909, 51.641115443871598 ], [ 0.004398495255942, 51.641524723361599 ], [ -0.01225918532281, 51.6462299224983 ], [ -0.00983139409202, 51.661770418075399 ], [ -0.011417512434563, 51.671108464905501 ], [ -0.010261157419795, 51.676486456361999 ], [ -0.0119185003083, 51.680877862051297 ], [ -0.048929288644567, 51.684048955203501 ], [ -0.062017830278149, 51.6830078331081 ], [ -0.077843103485424, 51.688428928836601 ], [ -0.105779206881498, 51.691875701934499 ], [ -0.149370295870573, 51.685518080997298 ], [ -0.163493489063572, 51.688115112718101 ], [ -0.16536188005257, 51.680654730903399 ], [ -0.191007567933747, 51.663948420591701 ], [ -0.199871813419522, 51.670169867516201 ], [ -0.211134254773123, 51.666954727097902 ], [ -0.20792210414155, 51.662844852673999 ], [ -0.221537138017898, 51.659793238581898 ], [ -0.226462545388931, 51.657161866266897 ], [ -0.228919129551485, 51.659975021611103 ], [ -0.251238465927702, 51.655492477616399 ], [ -0.251557273247991, 51.647952251624403 ], [ -0.255487375633474, 51.6432451216738 ], [ -0.263076158363543, 51.644772291547802 ], [ -0.273071233390609, 51.641235537393698 ], [ -0.273713725268865, 51.638673970191697 ], [ -0.296242658645021, 51.635477580961997 ], [ -0.304458329769862, 51.636350684381298 ], [ -0.316672785047011, 51.640535539326599 ], [ -0.343464715726915, 51.629060302204998 ], [ -0.38498623486784, 51.616048609960302 ], [ -0.404050085203542, 51.613183949171002 ], [ -0.419760374751309, 51.616839089493602 ], [ -0.44249050617496, 51.619605794399398 ], [ -0.457130588449111, 51.612293916548602 ], [ -0.497226042903049, 51.631657067500903 ], [ -0.500308113825146, 51.628805438840203 ], [ -0.50015467696603, 51.622067683515297 ], [ -0.495388799480836, 51.618793035481197 ], [ -0.496651069372336, 51.601469595427197 ], [ -0.500596102913018, 51.599690217928902 ], [ -0.517836190257953, 51.600249758384599 ], [ -0.522501726240912, 51.605061519862403 ], [ -0.526239225843446, 51.613652454650797 ], [ -0.529224149908984, 51.615959308770599 ], [ -0.534610131060559, 51.630479253093299 ], [ -0.534130536897773, 51.637150471183901 ], [ -0.539260767431974, 51.638039726048099 ], [ -0.53739199183209, 51.642906798813499 ], [ -0.530929014903641, 51.649134167141398 ], [ -0.534494501585494, 51.652882828428403 ], [ -0.536946275713375, 51.660414703338503 ], [ -0.532625936724092, 51.6630071578806 ], [ -0.522770403350839, 51.658412861583898 ], [ -0.520994516882158, 51.668045283490102 ], [ -0.514718255426491, 51.665453099474703 ], [ -0.505107985721629, 51.6730768718067 ], [ -0.510897254283725, 51.679817277368599 ], [ -0.524934015112044, 51.678721430611503 ], [ -0.524272916022594, 51.682112642029097 ], [ -0.538889223223373, 51.679834204290501 ], [ -0.548696017954095, 51.682671266303103 ], [ -0.544017566731267, 51.696816870935201 ], [ -0.547668104078469, 51.703181412630002 ], [ -0.563209731690169, 51.711879589944999 ], [ -0.561521698213343, 51.718094565475397 ], [ -0.550414226441576, 51.723042752176099 ], [ -0.553596196229272, 51.728410479273101 ], [ -0.550082997443884, 51.730575019825501 ], [ -0.553720127610012, 51.7340647674772 ], [ -0.560649617356951, 51.734085073118401 ], [ -0.559236898537534, 51.737324708464101 ], [ -0.565387067413177, 51.736421569103697 ], [ -0.563699941849631, 51.739617316465797 ], [ -0.572762841599782, 51.735864188758498 ], [ -0.582498581256387, 51.745326134505397 ], [ -0.586375339731652, 51.752108685152798 ], [ -0.61293597337121, 51.747427220834801 ], [ -0.613766702047047, 51.750913556621697 ], [ -0.628487497792295, 51.754600238913802 ], [ -0.643665944486722, 51.754087340486301 ], [ -0.673469505132256, 51.768471620746602 ], [ -0.676185949158567, 51.778464471638699 ], [ -0.681499830141153, 51.788059088428703 ], [ -0.69018617285944, 51.792330008796498 ], [ -0.682190360154599, 51.794584064692003 ], [ -0.687221074466566, 51.801403143494703 ], [ -0.709282722985696, 51.820533709214402 ], [ -0.721457420542654, 51.816683728929803 ], [ -0.737851943914604, 51.830947709795304 ], [ -0.739111201050167, 51.8347531155746 ], [ -0.745677647606176, 51.842093583723802 ], [ -0.736409432641763, 51.842377257288099 ], [ -0.731187792531136, 51.8489704870764 ], [ -0.724749698718437, 51.849867722301603 ], [ -0.717446949641787, 51.857111726487197 ], [ -0.71045661294834, 51.857797508782099 ], [ -0.707090755658577, 51.8544165967011 ], [ -0.696373683836903, 51.858135729511901 ], [ -0.686767725948736, 51.849240265644497 ], [ -0.695444873966585, 51.841103718184598 ], [ -0.690277962417131, 51.841249195882803 ], [ -0.672452591317452, 51.819668675122202 ], [ -0.667200507879945, 51.815807031503198 ], [ -0.647784119457413, 51.813607848276803 ], [ -0.633043050100358, 51.8199788715444 ], [ -0.611869371568614, 51.812044784173402 ], [ -0.594832207611289, 51.814022971402402 ], [ -0.591640480182284, 51.8081315792654 ], [ -0.581825579878036, 51.8069054092784 ], [ -0.57242633799888, 51.819428729986903 ], [ -0.56714458624977, 51.819805169514801 ], [ -0.560775222614783, 51.826379841898103 ], [ -0.558348379116466, 51.824787892077197 ], [ -0.560468730110677, 51.830185470796799 ], [ -0.557150262188832, 51.8309687550706 ], [ -0.553628414893348, 51.826712474110501 ], [ -0.548992233284731, 51.827986057251103 ], [ -0.543650579196284, 51.824517795912399 ], [ -0.537628252074957, 51.831410870477399 ], [ -0.564053348994687, 51.8470958539721 ], [ -0.566809239035386, 51.850813523067899 ], [ -0.563679760070048, 51.851239012395801 ], [ -0.569267732230629, 51.851764223865999 ], [ -0.569248127050236, 51.858070459383299 ], [ -0.58285950151064, 51.868247220162097 ], [ -0.608970534287072, 51.875564043368399 ], [ -0.62011081788857, 51.885485173268897 ], [ -0.628246549422108, 51.882132720013097 ], [ -0.637343837946768, 51.882603502574703 ], [ -0.654826698357942, 51.887890363436 ], [ -0.660243401503619, 51.894557484458502 ], [ -0.673236615911475, 51.901818569164398 ], [ -0.692219719237019, 51.900162354328302 ], [ -0.702156653817795, 51.909119103359401 ], [ -0.732720958905255, 51.923180724586103 ], [ -0.754738716846884, 51.939772564056703 ], [ -0.75078761765199, 51.942131612208499 ], [ -0.763453335545342, 51.946111589767803 ], [ -0.785099028354268, 51.942144463351298 ], [ -0.797798231480913, 51.949586991803997 ], [ -0.796586130666058, 51.944920981286998 ], [ -0.803921128303732, 51.942477795751998 ], [ -0.795183956892602, 51.930554277637299 ], [ -0.800276821100841, 51.9299237548734 ], [ -0.81173023197695, 51.931394015067198 ], [ -0.820567434400044, 51.94160073946 ], [ -0.8334229799439, 51.946950100338299 ], [ -0.833068799483932, 51.9559280961304 ], [ -0.837244637737964, 51.9569490459604 ], [ -0.817494261821735, 51.967237780934497 ], [ -0.820554054625521, 51.973352096425998 ], [ -0.803504318232008, 51.985503650913301 ], [ -0.809391211328006, 52.002465618952201 ], [ -0.812243202811389, 52.006015683309798 ], [ -0.817996993479199, 52.006071400534402 ], [ -0.819539434362247, 52.011198575424402 ], [ -0.843492633757718, 52.022372833801697 ], [ -0.866951706547731, 52.040098483317401 ], [ -0.871325791435742, 52.040251775888102 ], [ -0.870606635684049, 52.043803432815402 ], [ -0.866115368062688, 52.0466899079751 ], [ -0.85942282439064, 52.044602189240202 ], [ -0.853085431276456, 52.049802437656801 ], [ -0.855789146546399, 52.0531919481407 ], [ -0.860627821094579, 52.054800148090798 ], [ -0.861708466037362, 52.061617613637601 ], [ -0.853076408348248, 52.064347353833199 ], [ -0.838768085254653, 52.064123524994798 ], [ -0.831418075711131, 52.071947031729103 ], [ -0.846607590323358, 52.090647510020297 ], [ -0.855977399730796, 52.093048464420797 ], [ -0.857943173505202, 52.097518472012602 ], [ -0.867845227349554, 52.099437049522301 ], [ -0.865282187699908, 52.102997175350502 ], [ -0.87145032924143, 52.111753442306203 ], [ -0.887302768398201, 52.114530311717303 ], [ -0.880682843377542, 52.120190630932797 ], [ -0.879942558176414, 52.126635433625403 ], [ -0.868253204910791, 52.130106714566899 ], [ -0.832054852859118, 52.131258799642403 ], [ -0.828204869960686, 52.132610564631399 ], [ -0.831966594474488, 52.1436834490151 ], [ -0.814041358595816, 52.142472320672198 ], [ -0.809279142420256, 52.150012736846499 ], [ -0.807588082971615, 52.1569790119012 ], [ -0.801956644733455, 52.158678728291498 ], [ -0.792091128859791, 52.151329455387597 ], [ -0.780312463189216, 52.163356660181996 ], [ -0.783194467255627, 52.165925086250503 ], [ -0.765331496480897, 52.1710992278948 ], [ -0.762046887163014, 52.1634464911658 ], [ -0.75719096511671, 52.167328969229096 ], [ -0.749734760960737, 52.166876783631601 ], [ -0.738892807727919, 52.171281327049002 ], [ -0.70545508852767, 52.1915708877507 ], [ -0.684654011478228, 52.196336025517098 ], [ -0.668135903447934, 52.195034029345003 ], [ -0.661460463513019, 52.208125900221297 ], [ -0.637331792921409, 52.227317629188398 ], [ -0.642749084980964, 52.2334399995691 ], [ -0.653655575629202, 52.268288996364603 ], [ -0.640917267617139, 52.272258000362697 ], [ -0.63141243557643, 52.270047755971198 ], [ -0.622981632089228, 52.276131960723703 ], [ -0.610617104875506, 52.279497999281297 ], [ -0.600301105928573, 52.277888562159298 ], [ -0.586328305862752, 52.272913908752002 ], [ -0.588110869130691, 52.270778469635196 ], [ -0.565693322815629, 52.253468329484498 ], [ -0.554738544937602, 52.258179684916499 ], [ -0.539899332337935, 52.257306144993301 ], [ -0.539324995846566, 52.266094683434197 ], [ -0.531190075726973, 52.270402363362798 ], [ -0.534003318232647, 52.281191844361999 ], [ -0.541969092558056, 52.289942375492302 ], [ -0.51405100138019, 52.314697053031303 ], [ -0.520028421665638, 52.316799824548603 ], [ -0.487476966896368, 52.3210742268746 ], [ -0.476261607696473, 52.318063579331898 ], [ -0.465365654032205, 52.322953274497102 ], [ -0.466656529654259, 52.338927604257798 ], [ -0.483269279900034, 52.340953067844097 ], [ -0.477338839821976, 52.348409541518997 ], [ -0.498699843277914, 52.360096164353003 ], [ -0.49948691377122, 52.366992841750402 ], [ -0.488518732726267, 52.374023566034502 ], [ -0.495946305900596, 52.379515446235999 ], [ -0.486737623227331, 52.379031246387797 ], [ -0.48476071763279, 52.381631301250302 ], [ -0.469888597492008, 52.3798967093811 ], [ -0.468290416773876, 52.382893621822902 ], [ -0.456832328444829, 52.382329661067097 ], [ -0.454937125843458, 52.385701929355399 ], [ -0.443761406036242, 52.383857662292101 ], [ -0.432919652229761, 52.396329496384801 ], [ -0.416157179786181, 52.403589267862102 ], [ -0.419611984965654, 52.407324630697701 ], [ -0.417072799337838, 52.411599081728099 ], [ -0.410834002430877, 52.412793837570803 ], [ -0.362408145959059, 52.433531223724401 ], [ -0.371864649444986, 52.437059534533802 ], [ -0.353510624657671, 52.460275031124503 ], [ -0.341590531472535, 52.466942607205603 ], [ -0.349717694840613, 52.4728883752231 ], [ -0.3478001023356, 52.477241933036098 ], [ -0.359451683214595, 52.490075741151102 ], [ -0.359194265295882, 52.497341537590998 ], [ -0.352175193975141, 52.503325229993997 ], [ -0.354345126604481, 52.506495190821703 ], [ -0.377926746618127, 52.510657833719698 ], [ -0.3907492178116, 52.519439914048803 ], [ -0.413076715732982, 52.525194748512298 ], [ -0.413345450969268, 52.528430375172697 ], [ -0.402642698501198, 52.534911644312203 ], [ -0.402060599035728, 52.548321530372597 ], [ -0.415338835933264, 52.551553447040597 ], [ -0.419593342375138, 52.5589619796637 ], [ -0.407290873526472, 52.5640555581301 ], [ -0.415694997392596, 52.570104642824496 ], [ -0.415381167531017, 52.578742775046202 ], [ -0.425027465035172, 52.582412809958498 ], [ -0.478815109339656, 52.573645300295098 ], [ -0.478834380908799, 52.577438647152498 ], [ -0.491725041828868, 52.581289381657001 ], [ -0.497651588028113, 52.586850987507297 ], [ -0.490706912984055, 52.5905342818889 ], [ -0.485439962506192, 52.602180065760898 ], [ -0.481024038587736, 52.602786851369601 ], [ -0.479636889756453, 52.614449843987899 ], [ -0.47372926052315, 52.614433235770697 ], [ -0.470961260233, 52.617953366010198 ], [ -0.473503685413688, 52.628234578232401 ], [ -0.486108245244326, 52.634421464920599 ], [ -0.488823874144101, 52.632831012734201 ], [ -0.494773484778003, 52.640314048806502 ], [ -0.484320231790382, 52.646128957806503 ], [ -0.475244872949533, 52.645057829838102 ], [ -0.475831395099793, 52.6487147525376 ], [ -0.453036127864321, 52.649245384987204 ], [ -0.450478259156795, 52.6541245487428 ], [ -0.41914276513081, 52.646793354257298 ], [ -0.405573760458863, 52.648072590444798 ], [ -0.396239238249718, 52.652500501130604 ], [ -0.359424464925906, 52.660029760102901 ], [ -0.339951463681343, 52.666066511435403 ], [ -0.335762574949045, 52.674647847209101 ], [ -0.317928224228985, 52.674784402666297 ], [ -0.294434925231894, 52.669327452880403 ], [ -0.289095269608797, 52.670211879362498 ], [ -0.258664772932137, 52.651645292029897 ], [ -0.224498250769723, 52.665463635140803 ], [ -0.206038111408424, 52.668073082577699 ], [ -0.192867710609506, 52.6524385786959 ], [ -0.180020171311607, 52.660561020196901 ], [ -0.141062126465474, 52.651507422342597 ], [ -0.139501386349199, 52.654861826339598 ], [ -0.102197366679552, 52.672206868885603 ], [ -0.08783685563431, 52.666780333006699 ], [ -0.07461119207653, 52.672074076928403 ], [ -0.065444093298907, 52.671996380890199 ], [ -0.063785585740741, 52.675224406728603 ], [ -0.032103079420009, 52.665360663454798 ], [ -0.031270445687903, 52.661532995377698 ], [ 0.021500590197519, 52.664887152226903 ], [ 0.048013184206776, 52.681049650771001 ], [ 0.044149743348386, 52.714382145405899 ], [ 0.048018832747551, 52.718785204160604 ], [ 0.063903868989791, 52.727436102614803 ], [ 0.088985202233401, 52.723676009121 ], [ 0.098789034801055, 52.730340448268898 ], [ 0.113685077955847, 52.729990118182101 ], [ 0.132974708353751, 52.739304151750197 ], [ 0.17018129728673, 52.739894249124902 ], [ 0.171625855520674, 52.738031709959202 ], [ 0.1863236169879, 52.735348754870799 ], [ 0.217554625650041, 52.753253381448403 ], [ 0.272208293724604, 52.772806424959697 ], [ 0.245084707530042, 52.784523821006502 ], [ 0.251998114709261, 52.792563319325502 ], [ 0.260904100378552, 52.796056266310501 ], [ 0.25317824975492, 52.7973551876985 ], [ 0.262704527296333, 52.803607630551703 ], [ 0.268806579186403, 52.815836550028202 ], [ 0.287556567837441, 52.819234542351303 ], [ 0.334525449802122, 52.817249857917197 ], [ 0.351922628534727, 52.809445083969401 ], [ 0.368629001023451, 52.788414904887297 ], [ 0.39552199125864, 52.7475681276401 ], [ 0.389492939946731, 52.760978547663001 ], [ 0.393673355451802, 52.760410881868196 ], [ 0.388907523176749, 52.761845402273302 ], [ 0.374607530085557, 52.7843039469982 ], [ 0.380263197023344, 52.782312230352296 ], [ 0.375010493440856, 52.785385648201398 ], [ 0.379916879137359, 52.787541517194597 ], [ 0.380980749268048, 52.7854053000653 ], [ 0.38143865036421, 52.788766159929999 ], [ 0.37482154303459, 52.785701411768699 ], [ 0.357764687822173, 52.812548156038801 ], [ 0.432668536555114, 52.852989038422997 ], [ 0.444772990373951, 52.853308689601498 ], [ 0.445457944461445, 52.873901807632102 ], [ 0.465455898059371, 52.8981052954286 ], [ 0.477692977392768, 52.926781170708203 ], [ 0.490019892682054, 52.947829336172902 ], [ 0.514934452957447, 52.962135603722302 ], [ 0.519847485786884, 52.9686467274622 ], [ 0.534937821290634, 52.974656046905601 ], [ 0.562280514898932, 52.976567632724503 ], [ 0.570169034316162, 52.9751483048463 ], [ 0.56971250826494, 52.972147750831503 ], [ 0.565751361650031, 52.972717957657302 ], [ 0.56928896969088, 52.971108504528402 ], [ 0.56305591445138, 52.9727518476247 ], [ 0.563120591104451, 52.969993637542998 ], [ 0.568285003069228, 52.970781278776101 ], [ 0.563562150887361, 52.969501205939601 ], [ 0.575593104215258, 52.9640033235058 ], [ 0.583515137576574, 52.966340958401801 ], [ 0.574852811693297, 52.965629763027302 ], [ 0.570740627391231, 52.969443224026698 ], [ 0.581380724963978, 52.970612665983801 ], [ 0.584966447972997, 52.967401050000497 ], [ 0.581663216518352, 52.971203570022702 ], [ 0.58641900860759, 52.973172787497496 ], [ 0.586674436464148, 52.969580888573802 ], [ 0.588584307058828, 52.970895657805798 ], [ 0.595087254181944, 52.968008662217798 ], [ 0.59722261463367, 52.9733439478196 ], [ 0.593823885065929, 52.970490969937003 ], [ 0.590095135290325, 52.9731214998179 ], [ 0.593524103532861, 52.973097078033099 ], [ 0.585875461143665, 52.974672767406503 ], [ 0.58932204607709, 52.976759380839702 ], [ 0.617857088257859, 52.973633578376599 ], [ 0.619165916588525, 52.969240725473099 ], [ 0.62602885991998, 52.970979584300999 ], [ 0.620440323488113, 52.970337790544903 ], [ 0.619880655773301, 52.973768814493297 ], [ 0.670163710884045, 52.977842190010797 ], [ 0.675068081087854, 52.973768180898197 ], [ 0.669786638995491, 52.970320821014901 ], [ 0.656156627945936, 52.973311333534298 ], [ 0.657411650090898, 52.970993004079403 ], [ 0.639806578768937, 52.970091432404203 ], [ 0.645474228650082, 52.967954958895803 ], [ 0.635681640011895, 52.968312494095002 ], [ 0.643541862615803, 52.966162717215198 ], [ 0.649775443406005, 52.9697078152128 ], [ 0.649273330719675, 52.966854197925997 ], [ 0.666072150940941, 52.966426219197402 ], [ 0.671589298047758, 52.969747077539203 ], [ 0.68148988214014, 52.967174418950499 ], [ 0.688409594787431, 52.970870716170502 ], [ 0.680802703272367, 52.969380365756997 ], [ 0.67528455805015, 52.971531532526697 ], [ 0.684625385389066, 52.9720375228516 ], [ 0.695141955256206, 52.978175602060404 ], [ 0.700430472451059, 52.977528581059097 ], [ 0.699759924461986, 52.974705027904697 ], [ 0.70312980448068, 52.976644469821601 ], [ 0.702344642158813, 52.973346933955199 ], [ 0.711623460827087, 52.973668914204502 ], [ 0.716652319431669, 52.972041447340203 ], [ 0.710463082724717, 52.975421686633403 ], [ 0.706102490398869, 52.9741039547051 ], [ 0.705844065206999, 52.977669796054698 ], [ 0.709684277951637, 52.978045423761998 ], [ 0.712332278692146, 52.976699368512399 ], [ 0.725915778619535, 52.9776277187106 ], [ 0.752133230742927, 52.972881283059102 ], [ 0.743706541194252, 52.965377034251802 ], [ 0.736826462264787, 52.967320665732998 ], [ 0.734674035194, 52.966821957306102 ], [ 0.733275164302869, 52.964173188533998 ], [ 0.746702607641084, 52.964946365730299 ], [ 0.757875478537526, 52.969346393121903 ], [ 0.759834727888186, 52.9725120325256 ], [ 0.754532243671532, 52.970574944589799 ], [ 0.754290556681462, 52.974691795367697 ], [ 0.761332907706025, 52.975825030983202 ], [ 0.751646967351185, 52.977139577577702 ], [ 0.7722298008452, 52.978847237333703 ], [ 0.809120769634315, 52.973589928712897 ], [ 0.812374220138765, 52.9702873884819 ], [ 0.812451498931414, 52.973565974295703 ], [ 0.821893681922213, 52.976590405530203 ], [ 0.812939782308326, 52.974134415623503 ], [ 0.811383600951714, 52.976299731442303 ], [ 0.824117537541462, 52.977302557127203 ], [ 0.844194844263152, 52.977204084877101 ], [ 0.843505410447972, 52.974690123446003 ], [ 0.852206196776362, 52.973166928443497 ], [ 0.850992503694531, 52.957779422569203 ], [ 0.868798187562034, 52.957020737500002 ], [ 0.869914381123761, 52.954896735940302 ], [ 0.874342172145901, 52.959302226373602 ], [ 0.871939774750842, 52.959082337475898 ], [ 0.872401906976245, 52.960370543014697 ], [ 0.86438502644374, 52.961850062249503 ], [ 0.867868966034246, 52.967484328733001 ], [ 0.874439445532076, 52.967309706138501 ], [ 0.865342083210077, 52.969521843025099 ], [ 0.863410677831195, 52.962002144219603 ], [ 0.852996913832645, 52.957871545848398 ], [ 0.857066888376953, 52.960246672753598 ], [ 0.853882041029846, 52.963534411082797 ], [ 0.863027884387675, 52.967771913784901 ], [ 0.85551407470956, 52.968796253159603 ], [ 0.866611474241805, 52.979025932868097 ], [ 0.871864597850963, 52.979091535944498 ], [ 0.879414721707514, 52.9765087251957 ], [ 0.882597814685082, 52.9697851840331 ], [ 0.892440949360461, 52.968830167175 ], [ 0.881963891272987, 52.965479351824399 ], [ 0.883511725404533, 52.964963708619997 ], [ 0.897402545257807, 52.969521302197798 ], [ 0.903827536894482, 52.961996842623002 ], [ 0.893262456404603, 52.961032201590001 ], [ 0.897571861043299, 52.959447322209002 ], [ 0.907881348050052, 52.962375238087397 ], [ 0.907605731212267, 52.958489054859903 ], [ 0.911785760251005, 52.963342493101003 ], [ 0.918158965897604, 52.962334802674597 ], [ 0.915668532565786, 52.963454994621003 ], [ 0.919698873702989, 52.965646436308198 ], [ 0.935784954140313, 52.962795923423997 ], [ 0.936651561504586, 52.960412019324501 ], [ 0.944872431694233, 52.9638650572684 ], [ 0.946006268900154, 52.958899085152801 ], [ 0.948758255222712, 52.9592257317573 ], [ 0.946197690692936, 52.9590642999542 ], [ 0.945854803739359, 52.963724694375699 ], [ 0.952177900737445, 52.963517403067499 ], [ 0.963363056748243, 52.960145407463699 ], [ 0.960616010980292, 52.959972564494102 ], [ 0.962080260262821, 52.959352780448 ], [ 0.957735670697403, 52.957511422076998 ], [ 0.960963289609431, 52.957303355485799 ], [ 0.96933380957936, 52.963737288744198 ], [ 0.983985947821146, 52.963798170992199 ], [ 0.979081078188532, 52.9603925646785 ], [ 0.982742218234346, 52.961309664857701 ], [ 0.982699950505385, 52.957666899451198 ], [ 0.996693016017958, 52.956668715604103 ], [ 0.992059333567457, 52.957711152166802 ], [ 0.996353921776007, 52.958870903771597 ], [ 0.998199363491059, 52.956561161119602 ], [ 1.00706847715119, 52.9559275179884 ], [ 0.997842641076408, 52.958175076879698 ], [ 0.998241541672388, 52.960668548908401 ], [ 0.99035477256176, 52.960479794826597 ], [ 0.987774918339731, 52.963949339492402 ], [ 1.01449023677166, 52.963526280652097 ], [ 1.01593619594691, 52.959188268947202 ], [ 1.01641981567969, 52.962855007505802 ], [ 1.0180837790913, 52.960744373622298 ], [ 1.0185949892395, 52.964105504410298 ], [ 1.02585968752769, 52.966038550440999 ], [ 1.0255002906122, 52.964539590203998 ], [ 1.04343714075524, 52.965896284868002 ], [ 1.04485882704485, 52.962229939755197 ], [ 1.04639153975671, 52.965759353504403 ], [ 0.99480461565325, 52.976558598171401 ], [ 0.981791628186365, 52.970692146486897 ], [ 0.988463246417425, 52.977270770670401 ], [ 0.97737931830149, 52.974048212431398 ], [ 0.978896384912519, 52.971501260645098 ], [ 0.971545154753082, 52.975235622325599 ], [ 0.970262767334116, 52.970571789947698 ], [ 0.968182007866556, 52.973030186100303 ], [ 0.97371037272346, 52.978757806031702 ], [ 0.958306099496171, 52.969181333989901 ], [ 0.958184597842087, 52.971501785186597 ], [ 0.965794729237852, 52.977649922091103 ], [ 0.978698758428329, 52.979749283836703 ] ] ], [ [ [ 0.680168560289971, 52.9882200530338 ], [ 0.737960500832725, 52.9822017926261 ], [ 0.751091161849282, 52.978403290464399 ], [ 0.74019384501057, 52.977138954332901 ], [ 0.729424512357512, 52.980164473250397 ], [ 0.738816819380389, 52.976329011443802 ], [ 0.725757455582823, 52.9780959176558 ], [ 0.714086705608069, 52.977680044675601 ], [ 0.712794514363424, 52.979657745748703 ], [ 0.699531010878303, 52.979686426968001 ], [ 0.698375896375984, 52.984101675521401 ], [ 0.697344716095485, 52.980654167163799 ], [ 0.694520153316164, 52.983937374460702 ], [ 0.696114363146457, 52.980897894421602 ], [ 0.685870303625661, 52.980970728294103 ], [ 0.681327845171517, 52.977458581397698 ], [ 0.679176392354224, 52.982801558389603 ], [ 0.684012369425376, 52.987654200958801 ], [ 0.67166141312296, 52.986088246897602 ], [ 0.67226807426303, 52.984087414952498 ], [ 0.665168648953499, 52.985978718657798 ], [ 0.662991729230135, 52.982537730818997 ], [ 0.66331758517332, 52.987012933064797 ], [ 0.680168560289971, 52.9882200530338 ] ] ] ] } },
{ "type": "Feature", "properties": { "region": "North West" }, "geometry": { "type": "MultiPolygon", "coordinates": [ [ [ [ -2.89332821603423, 53.989576940155899 ], [ -2.89829076201192, 53.987786429059 ], [ -2.9000602488267, 53.990558535797 ], [ -2.89332821603423, 53.989576940155899 ] ] ], [ [ [ -3.17414037665675, 54.066505459663802 ], [ -3.1733563944656, 54.0619013305 ], [ -3.17690551926068, 54.063514101965801 ], [ -3.17414037665675, 54.066505459663802 ] ] ], [ [ [ -2.99544619408647, 54.149354266173802 ], [ -2.97234092610053, 54.145506805909498 ], [ -2.97834279284072, 54.139956781190698 ], [ -3.00044570474656, 54.132322249687697 ], [ -3.01646487366873, 54.1325743967165 ], [ -3.00932596875634, 54.140519521089601 ], [ -2.99990516382109, 54.139411838873997 ], [ -3.00664999622513, 54.142715197310402 ], [ -3.00296768639806, 54.150023339801898 ], [ -2.99444818365086, 54.147830106302401 ], [ -3.00203810993931, 54.1502648036154 ], [ -3.00064405257531, 54.152391199472198 ], [ -2.99907588024363, 54.152698133191301 ], [ -2.99544619408647, 54.149354266173802 ] ] ], [ [ [ -3.25078956284993, 54.125747221465197 ], [ -3.24293050944541, 54.0989993424094 ], [ -3.25270142316294, 54.099266502284799 ], [ -3.2476453151847, 54.098136206709299 ], [ -3.25151690171921, 54.096346945755201 ], [ -3.24728376335017, 54.094859384960003 ], [ -3.24769794132354, 54.097292573911297 ], [ -3.24321692236536, 54.097532204793701 ], [ -3.24698591887507, 54.093951946293799 ], [ -3.23889927555919, 54.086341763535501 ], [ -3.22999636649892, 54.088481519676201 ], [ -3.23321522872291, 54.084075878606498 ], [ -3.22092612694298, 54.080495514760202 ], [ -3.22646035396442, 54.077982760409498 ], [ -3.22337695769539, 54.067015521795099 ], [ -3.21016264821205, 54.065092870130499 ], [ -3.2057385405614, 54.052269119463404 ], [ -3.19606428269382, 54.048747235620503 ], [ -3.17853351091224, 54.055293908737198 ], [ -3.17413830782018, 54.048305613442601 ], [ -3.17286653368479, 54.055258585171501 ], [ -3.17311782971818, 54.047091238037801 ], [ -3.19561465348076, 54.0442603776943 ], [ -3.20969137922897, 54.047523236775902 ], [ -3.26404413059651, 54.102583164765399 ], [ -3.27668181146214, 54.141821349721297 ], [ -3.27130710682538, 54.148160972458101 ], [ -3.25723244985251, 54.152667113469498 ], [ -3.25200650574525, 54.150745966926202 ], [ -3.26451078299676, 54.147765189776898 ], [ -3.26476412843411, 54.138556800868599 ], [ -3.26068063260003, 54.138520535136898 ], [ -3.25613212516307, 54.135211893400701 ], [ -3.25952829745112, 54.135156610238198 ], [ -3.25505594393094, 54.132020625593 ], [ -3.25876205040121, 54.131846242045597 ], [ -3.25462324727425, 54.131781565820198 ], [ -3.25078956284993, 54.125747221465197 ] ] ], [ [ [ -3.01483523819347, 54.499843301857801 ], [ -3.01375319013741, 54.4947107826479 ], [ -2.99601264131143, 54.497550031464499 ], [ -2.9804768929168, 54.495954366157299 ], [ -2.96636045859741, 54.482232159447101 ], [ -2.95534732898323, 54.484532331507602 ], [ -2.93755280635445, 54.4686707445032 ], [ -2.93145529627129, 54.4698727528435 ], [ -2.91981877991537, 54.464779144881803 ], [ -2.9062783510028, 54.481347907257501 ], [ -2.88366566912674, 54.484956771797002 ], [ -2.87753286747181, 54.481154698906003 ], [ -2.86546087565305, 54.490023855479997 ], [ -2.85448135461203, 54.483352222939502 ], [ -2.85301167121097, 54.478538431687802 ], [ -2.83519126582843, 54.476355782947401 ], [ -2.82761335342664, 54.479930889311603 ], [ -2.81553309170986, 54.474723273115501 ], [ -2.80687704612988, 54.482060128069499 ], [ -2.79542067135335, 54.475267998621902 ], [ -2.79624136982453, 54.469928704652098 ], [ -2.78917657295764, 54.464981857266402 ], [ -2.77699178982784, 54.4598724429692 ], [ -2.77162346687687, 54.463228684975199 ], [ -2.74761514872576, 54.447079644974202 ], [ -2.73707499872465, 54.446830908560699 ], [ -2.70352280331175, 54.4320780676629 ], [ -2.6950175233663, 54.4356780809931 ], [ -2.6991646382752, 54.442461073631002 ], [ -2.69455293662606, 54.446914543754403 ], [ -2.68793294117318, 54.4434627508113 ], [ -2.69095587004555, 54.429142897983901 ], [ -2.68680361181093, 54.426665210798298 ], [ -2.66630702862827, 54.421563895488198 ], [ -2.66043001419696, 54.4142357518 ], [ -2.64465817447863, 54.4102526540631 ], [ -2.64027657903008, 54.404346167640803 ], [ -2.61486290108884, 54.409388142150803 ], [ -2.60397545321846, 54.406928444336998 ], [ -2.60173892583046, 54.398956636961003 ], [ -2.58347048863596, 54.387650491623297 ], [ -2.57527292958005, 54.391983773636397 ], [ -2.55233703829864, 54.386969945065097 ], [ -2.5382240607997, 54.394225416015601 ], [ -2.53108875983982, 54.384566927391397 ], [ -2.53399063880051, 54.381084221235099 ], [ -2.52346174416548, 54.375357250968499 ], [ -2.52115788303279, 54.369930841907397 ], [ -2.51368954328577, 54.367934185553402 ], [ -2.50736156602803, 54.372916513574403 ], [ -2.49919286963367, 54.372693802242303 ], [ -2.49198347016148, 54.376225650991302 ], [ -2.47500367600913, 54.375705032619003 ], [ -2.46267816073801, 54.368385485820703 ], [ -2.44406530857979, 54.3760712331935 ], [ -2.42087580738805, 54.3658451905332 ], [ -2.40628703672407, 54.370253048914797 ], [ -2.38213874391229, 54.371277680714499 ], [ -2.36771195389404, 54.3560698639035 ], [ -2.33576758330697, 54.340434508191798 ], [ -2.33474908216317, 54.334944281449701 ], [ -2.32020217490267, 54.331750727576797 ], [ -2.30984163577242, 54.3243149220921 ], [ -2.31497741966766, 54.313586187427802 ], [ -2.32303232473189, 54.311082728811201 ], [ -2.3204012466492, 54.306770613807402 ], [ -2.32452243316689, 54.303183569152097 ], [ -2.320390118545, 54.299044535749204 ], [ -2.32417185473555, 54.293604846891498 ], [ -2.31719192956779, 54.287165595339999 ], [ -2.3258909011985, 54.279695938043403 ], [ -2.31551401145553, 54.270285030477602 ], [ -2.31909627956128, 54.257155826696497 ], [ -2.30510677363297, 54.249343468143501 ], [ -2.29276012706268, 54.2526222593875 ], [ -2.28640616125701, 54.2404966195706 ], [ -2.29527019091764, 54.230602173717102 ], [ -2.32234419001187, 54.227659814933197 ], [ -2.3265634459272, 54.219409832253199 ], [ -2.34657672200947, 54.207810346263201 ], [ -2.33589772234968, 54.204285317281403 ], [ -2.33113317751971, 54.196723878783502 ], [ -2.34242881491812, 54.202595673351702 ], [ -2.37114764823224, 54.184271764851196 ], [ -2.37534944298684, 54.172777339602199 ], [ -2.39648612985918, 54.166018457561002 ], [ -2.3951372568623, 54.156879029249303 ], [ -2.41404435215606, 54.148514691015599 ], [ -2.42832129298962, 54.1371988994905 ], [ -2.42767992914416, 54.131408751973296 ], [ -2.43333899700219, 54.131517968702902 ], [ -2.43573529228668, 54.128003344439001 ], [ -2.44420088434704, 54.129187333315997 ], [ -2.44884164299105, 54.1246196913944 ], [ -2.4570170817669, 54.107998993543397 ], [ -2.45063859102194, 54.103277406257902 ], [ -2.4549004328669, 54.100911946936797 ], [ -2.44671018008446, 54.096660645541903 ], [ -2.4550261622466, 54.0919814924085 ], [ -2.46688636443776, 54.075738740653698 ], [ -2.46399041359776, 54.061084165839901 ], [ -2.469549664594, 54.046212511643702 ], [ -2.4587750750016, 54.040495594167098 ], [ -2.432733828863, 54.041593212753398 ], [ -2.42582629111081, 54.0380950377223 ], [ -2.37407229749618, 54.049088382326197 ], [ -2.36199942120066, 54.040669722200803 ], [ -2.35732326856055, 54.019116955549897 ], [ -2.34354061851956, 54.017327609001299 ], [ -2.33956024400996, 54.009433294544401 ], [ -2.34076003204109, 54.007462442302902 ], [ -2.35028883288908, 54.012200393982503 ], [ -2.35231049001432, 54.010539065350898 ], [ -2.35235740584863, 53.9946738270487 ], [ -2.3399233069841, 53.989427787819899 ], [ -2.31915113219434, 53.993841928613897 ], [ -2.29673343528743, 53.980554281356497 ], [ -2.29540729959405, 53.974567573243 ], [ -2.28450476781821, 53.973810375653898 ], [ -2.2345782577686, 53.981783807355697 ], [ -2.22106299281463, 53.977927754057902 ], [ -2.23201537597896, 53.971230017457003 ], [ -2.22594790757528, 53.967253634543702 ], [ -2.22573632770186, 53.961099492278599 ], [ -2.21442000906803, 53.965099075900497 ], [ -2.20963910817202, 53.9628990023404 ], [ -2.2006353321291, 53.9701264062411 ], [ -2.19601957652622, 53.969576208435903 ], [ -2.17946868970694, 53.945985404550598 ], [ -2.18548815355187, 53.941886834617698 ], [ -2.18228144974479, 53.935390213433998 ], [ -2.17594508457988, 53.934260189850299 ], [ -2.16978774494691, 53.937010343627897 ], [ -2.16207611917893, 53.932623776076397 ], [ -2.16287669194198, 53.927269962502599 ], [ -2.15171623590603, 53.9294841190776 ], [ -2.14943301938037, 53.926028161543499 ], [ -2.14179851624694, 53.9256745879524 ], [ -2.13778879385778, 53.928043174738399 ], [ -2.12461839206385, 53.921907187669703 ], [ -2.10746731360746, 53.908042485685201 ], [ -2.11317600325158, 53.904611465455197 ], [ -2.10341711425709, 53.891892904463397 ], [ -2.08245736160556, 53.877554759104797 ], [ -2.08991503020994, 53.868182085264003 ], [ -2.08119133162645, 53.869971452649303 ], [ -2.07484954547751, 53.862367179521897 ], [ -2.04613123426088, 53.850141706283402 ], [ -2.04507541035663, 53.838896010269401 ], [ -2.04692486500578, 53.829510318711598 ], [ -2.06125054275331, 53.825635427153102 ], [ -2.12833491719609, 53.799046395817498 ], [ -2.12952007896843, 53.792272616754801 ], [ -2.12481534222015, 53.788055169194102 ], [ -2.13636254217235, 53.780104377071297 ], [ -2.13046415087918, 53.772389425054897 ], [ -2.13343561110377, 53.749674945296903 ], [ -2.1416460769555, 53.745740597915102 ], [ -2.14758873415392, 53.735508492260202 ], [ -2.15671302683229, 53.734747370113901 ], [ -2.17329267251612, 53.723012698172703 ], [ -2.16591022844151, 53.710831000020903 ], [ -2.16258276466774, 53.699221523290099 ], [ -2.14654768919822, 53.6930446400943 ], [ -2.14632812119913, 53.682231495238398 ], [ -2.14225759353945, 53.678005822394802 ], [ -2.13412748550132, 53.685733923676302 ], [ -2.12538660592221, 53.674838436470303 ], [ -2.1141066843043, 53.671135962492301 ], [ -2.08712141023811, 53.670810073411999 ], [ -2.08405794186493, 53.677664767851603 ], [ -2.07339867508194, 53.677510093916503 ], [ -2.06180588485278, 53.682846902744302 ], [ -2.05124223509991, 53.6836916255956 ], [ -2.05073419359839, 53.679515980149503 ], [ -2.0545478614147, 53.673562420497703 ], [ -2.03709529737352, 53.662342778916901 ], [ -2.04158011667723, 53.642487320234899 ], [ -2.02999663907877, 53.636169377234701 ], [ -2.03088655600184, 53.629240090960899 ], [ -2.02303593033934, 53.615839333104198 ], [ -2.00947066466641, 53.616779420366903 ], [ -1.98255829909109, 53.590075999652797 ], [ -1.94810954151209, 53.572848122595097 ], [ -1.9427259404415, 53.561641215957202 ], [ -1.925621761623, 53.553152166373998 ], [ -1.91288469250638, 53.5516436644238 ], [ -1.90962093258169, 53.538391206828997 ], [ -1.92244490315785, 53.530815197030101 ], [ -1.92678028855831, 53.520949070343001 ], [ -1.91676710720162, 53.514495728124999 ], [ -1.92197283458608, 53.509955031835801 ], [ -1.95133340013987, 53.504198657617302 ], [ -1.96338649315472, 53.509826936337703 ], [ -1.97271949190576, 53.502486158208299 ], [ -1.97463080957208, 53.487935060809498 ], [ -1.98696811020903, 53.4815734654184 ], [ -1.98838409487078, 53.470293947146402 ], [ -1.98153221125413, 53.464504612203399 ], [ -1.98643825306516, 53.461044283094203 ], [ -1.9868694810486, 53.454304631880902 ], [ -1.99503131299472, 53.4503206141748 ], [ -1.99821408825519, 53.445798250895898 ], [ -2.00827921273696, 53.441418004288302 ], [ -2.00415928476826, 53.435922544832401 ], [ -2.013112244327, 53.439944454469298 ], [ -2.02725560115413, 53.432359263829298 ], [ -2.02622369290305, 53.429802144225498 ], [ -2.01972440977663, 53.425118672162398 ], [ -2.02370976196732, 53.420551747626398 ], [ -2.00997059230223, 53.416637486994702 ], [ -1.99232955030394, 53.415193106971898 ], [ -2.00505438602376, 53.3906075380511 ], [ -2.00464286274966, 53.386327473449299 ], [ -2.01971455611163, 53.380595431411699 ], [ -2.01708389822909, 53.377832615247499 ], [ -2.02147202314721, 53.375059187710498 ], [ -2.0337752252591, 53.375541628259803 ], [ -2.0310588041656, 53.370262048044097 ], [ -2.0317290115949, 53.365729595446503 ], [ -2.02625420685497, 53.363653342828599 ], [ -2.02181672004445, 53.3667569881096 ], [ -2.0160229284556, 53.363115593751701 ], [ -2.00899814323881, 53.362010702984698 ], [ -2.00465986487233, 53.346009767195099 ], [ -2.01431907788046, 53.340058597155199 ], [ -2.01364972658359, 53.332420130618601 ], [ -2.00928879183657, 53.331380186641702 ], [ -2.01155371327959, 53.325953936669102 ], [ -2.0015511310486, 53.3189212437427 ], [ -2.00932920208428, 53.302314086373599 ], [ -2.00519743782864, 53.269040049252197 ], [ -2.00896789168189, 53.261784989968703 ], [ -2.00033273338687, 53.2554387434527 ], [ -1.99973132997327, 53.245048772642299 ], [ -1.98188312564029, 53.238579326450001 ], [ -1.97485867625588, 53.231061155914603 ], [ -1.97606499877977, 53.227529794557 ], [ -1.99026464806774, 53.222998867647703 ], [ -1.98740744875066, 53.213585659916298 ], [ -2.0016660403248, 53.193055060461703 ], [ -2.01817950845957, 53.1890529792948 ], [ -2.02855545294237, 53.193353441900904 ], [ -2.04641816255238, 53.192681931735102 ], [ -2.05498935255334, 53.186482833655603 ], [ -2.05228929487348, 53.1839591796044 ], [ -2.05921495129989, 53.1809007754525 ], [ -2.05824224519023, 53.176321387222799 ], [ -2.07805008615424, 53.170442911272303 ], [ -2.08723640402899, 53.169853897158902 ], [ -2.09069986716718, 53.172290306483802 ], [ -2.10038026943961, 53.169567072163701 ], [ -2.11536419895038, 53.1695166630034 ], [ -2.1144134516765, 53.172540966802401 ], [ -2.12787033146782, 53.174628659136502 ], [ -2.13346395994689, 53.182814974518898 ], [ -2.14073088075519, 53.183578861918001 ], [ -2.14486590886018, 53.173767781992503 ], [ -2.14141178460025, 53.1566524494107 ], [ -2.1556450020776, 53.159618935619498 ], [ -2.15960430662882, 53.152860371612498 ], [ -2.17355816435214, 53.147335053703301 ], [ -2.21142381823954, 53.1157629517731 ], [ -2.22295423965356, 53.103881822444698 ], [ -2.22745930661312, 53.104065947307099 ], [ -2.23795123250351, 53.101046733332602 ], [ -2.24656344657817, 53.090185000475202 ], [ -2.25324856182196, 53.093977115622799 ], [ -2.2571257487357, 53.090016408821803 ], [ -2.27710576364536, 53.085905558465697 ], [ -2.27449768518295, 53.083853988593503 ], [ -2.28169019486302, 53.080316156750698 ], [ -2.29481057807971, 53.078327305099599 ], [ -2.30339656449269, 53.082961356657599 ], [ -2.31672794782508, 53.081115000175799 ], [ -2.32900923930644, 53.076579883352103 ], [ -2.33051501889263, 53.070860573969199 ], [ -2.34860879086377, 53.0558267606337 ], [ -2.35668003217577, 53.058215207839297 ], [ -2.35757913094281, 53.0547189156173 ], [ -2.38102134787621, 53.052663534556103 ], [ -2.38617091880049, 53.033564210798801 ], [ -2.37978543479535, 53.027591536955299 ], [ -2.38422743656796, 53.026167662507397 ], [ -2.3704676479142, 53.0145759333275 ], [ -2.38304501146748, 53.0077869471043 ], [ -2.38079398366022, 52.998411099024104 ], [ -2.38973474860372, 52.995392266145501 ], [ -2.40698664778687, 52.995916881739603 ], [ -2.40447492356403, 52.991653609080899 ], [ -2.4108667713721, 52.9879242801752 ], [ -2.43816892905583, 52.985567437753701 ], [ -2.43461389792172, 52.969521475511002 ], [ -2.44295776416871, 52.970739050428598 ], [ -2.45025737118626, 52.966051411161203 ], [ -2.47508393455264, 52.962489238638497 ], [ -2.48115325715676, 52.958817683139301 ], [ -2.49170076590096, 52.9676843474276 ], [ -2.49902337054417, 52.968434464981598 ], [ -2.50688293599181, 52.964918585776502 ], [ -2.51431606693825, 52.971923909464401 ], [ -2.52219727470364, 52.973741889688803 ], [ -2.52328045077375, 52.954355383650402 ], [ -2.52951579903988, 52.947165062779703 ], [ -2.54635535266724, 52.956837621587198 ], [ -2.55369739710635, 52.957466296437403 ], [ -2.56126302488722, 52.964952055891203 ], [ -2.57349222875482, 52.962716519429897 ], [ -2.57029262627181, 52.959742969333199 ], [ -2.5781438397395, 52.955729138046898 ], [ -2.58620328888437, 52.955314303974603 ], [ -2.58911311402656, 52.958647612988997 ], [ -2.59769339677329, 52.963006091912398 ], [ -2.59844666441039, 52.9717178114078 ], [ -2.59275666179148, 52.974169765679797 ], [ -2.59962985210765, 52.975432809545602 ], [ -2.59488879079982, 52.979607144392197 ], [ -2.60568278142618, 52.979398269445603 ], [ -2.6077341196745, 52.988362023773902 ], [ -2.62213625611077, 52.986842511072602 ], [ -2.62802832591766, 52.995169134806503 ], [ -2.63507445082117, 52.996734226756097 ], [ -2.64269923007778, 52.993519059459601 ], [ -2.65235719667926, 52.994994389844798 ], [ -2.67466213565411, 52.985662945171804 ], [ -2.68707854552586, 52.986830436022302 ], [ -2.69929233587934, 52.9954388055504 ], [ -2.71514325848466, 52.985046512590799 ], [ -2.72684107881614, 52.983272597311199 ], [ -2.74372182448764, 52.987146719582903 ], [ -2.75980101682489, 52.986382872801201 ], [ -2.76680575927325, 52.994655088607701 ], [ -2.77970859343309, 52.993359423276601 ], [ -2.78089807563234, 52.9961859470801 ], [ -2.78513164204571, 52.993907322621602 ], [ -2.78993530414136, 52.995747258849697 ], [ -2.79215026924528, 52.990996744988003 ], [ -2.80331148823086, 52.989594258262002 ], [ -2.83277545831705, 52.996595821655902 ], [ -2.84406438228801, 53.0176288909162 ], [ -2.85867157843065, 53.019891953196797 ], [ -2.86048731097515, 53.028570478405101 ], [ -2.8557210851129, 53.037270206339102 ], [ -2.86666755916186, 53.040535044662299 ], [ -2.86157633682978, 53.043845863430903 ], [ -2.87008998134376, 53.045387686698803 ], [ -2.86311919453497, 53.048622417178102 ], [ -2.86339941727435, 53.052070644252602 ], [ -2.86834457406577, 53.050038988969597 ], [ -2.86605285720559, 53.052712042825803 ], [ -2.85923580409709, 53.054164920623997 ], [ -2.86717917600324, 53.056558575154597 ], [ -2.86095950095941, 53.057645653207103 ], [ -2.87245723754181, 53.058746545308701 ], [ -2.86172885751551, 53.060212697618503 ], [ -2.87041555057045, 53.064251416722101 ], [ -2.86548188659805, 53.066099585050402 ], [ -2.86936891169808, 53.069839436642702 ], [ -2.87750839684809, 53.068935544478798 ], [ -2.87545973313603, 53.0733789437216 ], [ -2.88175103156465, 53.0745951653766 ], [ -2.87578773075155, 53.081513465433503 ], [ -2.89167754353793, 53.0880640069783 ], [ -2.89375033620834, 53.0916059618717 ], [ -2.90094339524736, 53.090833251939102 ], [ -2.89939979398925, 53.097925222145697 ], [ -2.89513932779469, 53.098942497683403 ], [ -2.8973181366324, 53.095633248969897 ], [ -2.89348667939868, 53.096241873259302 ], [ -2.88730630365666, 53.104628292530499 ], [ -2.89340449743247, 53.104242988694999 ], [ -2.89165901496667, 53.109452513722204 ], [ -2.88386806491513, 53.111410141227701 ], [ -2.8814118537923, 53.121788992034197 ], [ -2.90339166616201, 53.111797593246997 ], [ -2.91729696630655, 53.1147942245601 ], [ -2.92083613201933, 53.118423795619599 ], [ -2.94196771777847, 53.121569160718202 ], [ -2.94780079597045, 53.127746046442198 ], [ -2.96389646991616, 53.1327665427645 ], [ -2.97949785954941, 53.150621720232799 ], [ -2.9845649800193, 53.1477797702684 ], [ -2.99292916902585, 53.153287940749202 ], [ -2.98995675608814, 53.157542468944698 ], [ -2.98149203394157, 53.156291926219602 ], [ -2.9708848001214, 53.160782820874402 ], [ -2.94030520161311, 53.166741384698902 ], [ -2.92779623859146, 53.1714698881066 ], [ -2.92031942869254, 53.179432389848898 ], [ -2.9222993487957, 53.189292752192102 ], [ -2.9390307271329, 53.1993370523994 ], [ -2.9495103225832, 53.211279659275299 ], [ -3.02586542034961, 53.248442730757297 ], [ -3.03606320488121, 53.251806097415297 ], [ -3.08052285326097, 53.2549446301635 ], [ -3.09500867821207, 53.2617809070723 ], [ -3.10135426662073, 53.266917997663299 ], [ -3.09667976349802, 53.272321410765201 ], [ -3.09250115087244, 53.269761874197499 ], [ -3.09173814836274, 53.264534458536303 ], [ -3.08413830615183, 53.262338609000302 ], [ -3.09159183431844, 53.264676934845497 ], [ -3.08958625153422, 53.267348887483202 ], [ -3.08114980786968, 53.263154937045499 ], [ -3.09085610358807, 53.268697343692303 ], [ -3.08896346943702, 53.271338589514102 ], [ -3.0842986285646, 53.267082463527998 ], [ -3.08493208980761, 53.271136225528103 ], [ -3.07805966166501, 53.269105915083401 ], [ -3.08794931921777, 53.272618014907202 ], [ -3.09236398972628, 53.276142780129902 ], [ -3.084662025216, 53.274681366328601 ], [ -3.0918170388319, 53.278336659197997 ], [ -3.07900923684945, 53.278227652037302 ], [ -3.07707704427367, 53.274035456321002 ], [ -3.07752091342265, 53.279161612644103 ], [ -3.06417584218527, 53.273246987101899 ], [ -3.08159658541842, 53.281326119059102 ], [ -3.08387992049288, 53.279450916205001 ], [ -3.090638569932, 53.2845337996567 ], [ -3.08374043581996, 53.290056731080398 ], [ -3.09631390662565, 53.2843325376965 ], [ -3.09335287456405, 53.288089340769197 ], [ -3.09890000061901, 53.286791547137099 ], [ -3.09771016877136, 53.290176118564901 ], [ -3.10119497040552, 53.286902517951503 ], [ -3.1045388947079, 53.288710807103797 ], [ -3.10131001064997, 53.290730832180103 ], [ -3.10844948283661, 53.290322236326197 ], [ -3.10336127830915, 53.291447251922698 ], [ -3.10958475197974, 53.293143269858 ], [ -3.09639621731371, 53.294223472557597 ], [ -3.10376176398004, 53.2952854762637 ], [ -3.09665622890249, 53.2971686376886 ], [ -3.10598338497347, 53.2952100653822 ], [ -3.10353737098162, 53.299150195571301 ], [ -3.11072293929503, 53.296298317332798 ], [ -3.11640046670404, 53.303259062229102 ], [ -3.10697591409624, 53.3021405417946 ], [ -3.1158355236964, 53.304844596812202 ], [ -3.12001460946497, 53.309872636498298 ], [ -3.12234023235646, 53.322541672260201 ], [ -3.19057115642075, 53.368243447622604 ], [ -3.19851887570533, 53.375747217289401 ], [ -3.20036786484447, 53.387515276910896 ], [ -3.17760588455519, 53.399727276904002 ], [ -3.14095753460276, 53.411861559761903 ], [ -3.11887667147798, 53.416414095362597 ], [ -3.05671380257696, 53.440093014997402 ], [ -3.04032032385677, 53.442897449280302 ], [ -3.01279318229124, 53.401485795387998 ], [ -3.00654027620033, 53.385383977329603 ], [ -2.9953485042943, 53.368005716548502 ], [ -2.97318175985386, 53.353024961537798 ], [ -2.95826371765444, 53.332641773612799 ], [ -2.92857185482182, 53.308248927435002 ], [ -2.91477813940676, 53.305660586480897 ], [ -2.90053434197305, 53.297009922778201 ], [ -2.87838965649441, 53.290782819205099 ], [ -2.85556823597895, 53.292021941074204 ], [ -2.85396195212893, 53.2952784840666 ], [ -2.83960109526843, 53.298736916936598 ], [ -2.84828815838519, 53.302114673366098 ], [ -2.84774599999753, 53.306255263013703 ], [ -2.84299741520689, 53.307536579453 ], [ -2.81595602191875, 53.306163153207002 ], [ -2.78896613468561, 53.295450918771998 ], [ -2.75246818061722, 53.314740503239697 ], [ -2.76337770508361, 53.3275497074317 ], [ -2.75784091669664, 53.335479009172502 ], [ -2.7595309070958, 53.3359889022083 ], [ -2.75875580095224, 53.338428164209802 ], [ -2.75377295712957, 53.3434470186141 ], [ -2.7433520356453, 53.345341806395098 ], [ -2.72197834310191, 53.344507635599697 ], [ -2.6995157370485, 53.356682846327303 ], [ -2.67518815433053, 53.354455029159702 ], [ -2.66614155553677, 53.357698642087897 ], [ -2.66397757100118, 53.367248797018398 ], [ -2.65676840870564, 53.374098581359803 ], [ -2.64232731192839, 53.372462058128001 ], [ -2.63819424545003, 53.377616825826799 ], [ -2.62173022885747, 53.375024968014301 ], [ -2.63896366036029, 53.378403728912097 ], [ -2.64568645711708, 53.373937875968203 ], [ -2.65429959617039, 53.375817315535699 ], [ -2.66017296906672, 53.373907279337899 ], [ -2.67448838732609, 53.3567628041123 ], [ -2.69337870606463, 53.361816160176801 ], [ -2.70565145291146, 53.361472857310197 ], [ -2.71241426309629, 53.357821850104898 ], [ -2.72848437291258, 53.354511399859803 ], [ -2.73307347607677, 53.3479816523244 ], [ -2.75872888732108, 53.349701623861797 ], [ -2.76205149798426, 53.353262559925298 ], [ -2.759133575705, 53.349607394118401 ], [ -2.76897961169971, 53.3455583658424 ], [ -2.77827881161369, 53.332613081435099 ], [ -2.78428779479333, 53.336430947959201 ], [ -2.77770822988502, 53.3292343016332 ], [ -2.78980651468789, 53.322356523225501 ], [ -2.81905523700649, 53.332978458801399 ], [ -2.82666108251466, 53.3316567904658 ], [ -2.83641028510294, 53.327018022165497 ], [ -2.85497271766899, 53.3274716906758 ], [ -2.8781584032105, 53.334198812901697 ], [ -2.90986934033261, 53.349540247593701 ], [ -2.92241081028017, 53.3572671486057 ], [ -2.9692998574906, 53.375804286646598 ], [ -2.98497726530759, 53.386510052304097 ], [ -3.00176306297194, 53.411049022655803 ], [ -3.0087553041663, 53.438381540363302 ], [ -3.02355445278711, 53.456231344076699 ], [ -3.02777393985245, 53.4551237824626 ], [ -3.04145607648159, 53.465628746603798 ], [ -3.0375828033773, 53.4684663786472 ], [ -3.04340135913248, 53.477876433273401 ], [ -3.06506183003855, 53.504797185525199 ], [ -3.06269259750895, 53.527367415635197 ], [ -3.0640893032736, 53.530607969507201 ], [ -3.06336593984431, 53.526478273222303 ], [ -3.07019690841586, 53.520001144554797 ], [ -3.08643126169069, 53.525956121428301 ], [ -3.10121458326979, 53.536337713488201 ], [ -3.10546969372255, 53.551515121877003 ], [ -3.10051940107972, 53.569393558324698 ], [ -3.08611646844874, 53.5873620064866 ], [ -3.06211524672519, 53.610170077393697 ], [ -3.04272333876982, 53.636329379113903 ], [ -3.03115105370248, 53.6476501016393 ], [ -3.01780002231058, 53.654175908814203 ], [ -3.00319787554834, 53.670109250228997 ], [ -3.00641633416462, 53.671336109774003 ], [ -3.01095129838762, 53.666976169043899 ], [ -3.01560673548138, 53.672950032736203 ], [ -3.01409163674866, 53.679129033607197 ], [ -3.00236758960063, 53.676957287020002 ], [ -2.98790424659545, 53.684653089481898 ], [ -2.98297340033182, 53.682536528752301 ], [ -2.98846018151549, 53.687377416275503 ], [ -2.98468573864038, 53.6897356976541 ], [ -2.9804478745622, 53.6867117224675 ], [ -2.97714577059521, 53.696534990023899 ], [ -2.96527621527027, 53.698202237733398 ], [ -2.96459264777716, 53.6934789851597 ], [ -2.97148810101294, 53.692163168598299 ], [ -2.96294795680419, 53.692880992863401 ], [ -2.95830252070891, 53.687584522966702 ], [ -2.95405295878304, 53.691377296795203 ], [ -2.95732724900187, 53.691051020301302 ], [ -2.96228359433791, 53.693831896057297 ], [ -2.95523025793771, 53.696496018846503 ], [ -2.95621612350698, 53.697488329744303 ], [ -2.95271938681748, 53.6997929377576 ], [ -2.94152892554935, 53.6965385670863 ], [ -2.95112716312555, 53.699713831181803 ], [ -2.94259731100621, 53.700159652669797 ], [ -2.95364553050276, 53.7023678994709 ], [ -2.94731786154544, 53.704169914942099 ], [ -2.95510573113752, 53.704438005846299 ], [ -2.94378181280026, 53.708150818606697 ], [ -2.93711850861306, 53.704519692434097 ], [ -2.92884252098914, 53.704505898138201 ], [ -2.93802631312004, 53.705423107779801 ], [ -2.94032046651289, 53.711429962514501 ], [ -2.94674645990412, 53.710301717959503 ], [ -2.94140120680981, 53.713273025665302 ], [ -2.94824334885701, 53.711781966106798 ], [ -2.93590241203022, 53.725427857385696 ], [ -2.93231112428278, 53.718742597156997 ], [ -2.93286950420761, 53.7245302106354 ], [ -2.92841413814561, 53.722073267328902 ], [ -2.92825444105733, 53.716129699707999 ], [ -2.92717787550835, 53.720710353375999 ], [ -2.91550650829472, 53.713339780080297 ], [ -2.91950261910863, 53.717049218350802 ], [ -2.91578938571846, 53.716878125164499 ], [ -2.9293482374125, 53.724161209760702 ], [ -2.91509383958069, 53.726098345011799 ], [ -2.91133476076106, 53.716759394023903 ], [ -2.90948852065716, 53.7194094191413 ], [ -2.91321402325386, 53.722787876972397 ], [ -2.90871967196848, 53.723234259959298 ], [ -2.91207548344561, 53.724801832725802 ], [ -2.90745944915309, 53.728422777838801 ], [ -2.90430085660743, 53.728922726740898 ], [ -2.90528875414529, 53.725852788127497 ], [ -2.89627647140573, 53.723000469959601 ], [ -2.90056396781076, 53.726339820989601 ], [ -2.89457734599652, 53.730064611506698 ], [ -2.88938741884581, 53.7306444051491 ], [ -2.89114252977826, 53.725685957741497 ], [ -2.88877982103995, 53.730725349076003 ], [ -2.88612164829108, 53.7268593666942 ], [ -2.88414337961129, 53.730964622944597 ], [ -2.86466825064204, 53.733923061719899 ], [ -2.85106408774436, 53.730828892545503 ], [ -2.8368126731419, 53.723658783641604 ], [ -2.82630966820449, 53.713201073602399 ], [ -2.82662881987084, 53.7158782960393 ], [ -2.82994693413473, 53.719559429067999 ], [ -2.82672731982692, 53.7201327091704 ], [ -2.8548327060395, 53.735330334574599 ], [ -2.77613646007489, 53.753478598231602 ], [ -2.77412585769579, 53.748537002847399 ], [ -2.77441060497474, 53.7533998304242 ], [ -2.75719952461912, 53.756423023660197 ], [ -2.78849674381186, 53.7532247001907 ], [ -2.80228043043361, 53.750233914696203 ], [ -2.80614808011831, 53.752168249585097 ], [ -2.80358872059394, 53.749813466091197 ], [ -2.82027354201501, 53.746331386918101 ], [ -2.82232637202247, 53.749265432522002 ], [ -2.8227340700148, 53.745453396619197 ], [ -2.86295629466538, 53.737455264353599 ], [ -2.87600368632993, 53.7376120593715 ], [ -2.87932480358396, 53.735263334733602 ], [ -2.92913475068414, 53.731457784775202 ], [ -2.92970105608547, 53.732600332159798 ], [ -2.93810258961656, 53.7320826665864 ], [ -2.93963676448437, 53.733174665282903 ], [ -2.94069564989633, 53.732123450973098 ], [ -3.00082174733999, 53.736711114285796 ], [ -3.0268693279669, 53.743067321606702 ], [ -3.03477055310374, 53.748069654410799 ], [ -3.03898507577336, 53.747499802435399 ], [ -3.05502289109455, 53.7619850625643 ], [ -3.05878735130784, 53.784028091148699 ], [ -3.0566919204234, 53.795105761046202 ], [ -3.06101064072763, 53.795329151978301 ], [ -3.05691731916426, 53.795496561347598 ], [ -3.05573119773682, 53.8412087768221 ], [ -3.04795018870738, 53.875731725467197 ], [ -3.04721482282278, 53.891666874792598 ], [ -3.05015377727134, 53.9191993388689 ], [ -3.04238367906507, 53.923982544693501 ], [ -3.00608974736265, 53.928063714129202 ], [ -3.00394703254059, 53.924012709222602 ], [ -3.00819709582985, 53.920563100597299 ], [ -3.01251485843958, 53.9198215497874 ], [ -3.00571695550388, 53.918651767825096 ], [ -3.00593516864927, 53.903155547275801 ], [ -3.00843728036201, 53.9017542252274 ], [ -3.00595184117217, 53.9007466196134 ], [ -3.00312505660112, 53.893031710692597 ], [ -2.982891266643, 53.880306814434597 ], [ -2.97588884544649, 53.879896663726797 ], [ -2.96881084234099, 53.873980582121597 ], [ -2.97899105850278, 53.870805110116301 ], [ -2.97731552152914, 53.861926574071902 ], [ -2.95998509553547, 53.8610466174298 ], [ -2.95265198509772, 53.857774060932499 ], [ -2.95853509446622, 53.862600581025298 ], [ -2.97228976820704, 53.864621865445798 ], [ -2.962988828865, 53.878090968029198 ], [ -2.98518203972394, 53.889811753639101 ], [ -2.98388457197192, 53.8955953660357 ], [ -2.98624593775746, 53.892605463465102 ], [ -2.98972283420714, 53.894342945874897 ], [ -2.98666928915832, 53.895527563848603 ], [ -2.99122127663588, 53.895546641664701 ], [ -2.9946162931836, 53.905608396020803 ], [ -2.98943501994428, 53.907155831305801 ], [ -2.99210560765463, 53.9065594624767 ], [ -2.99672762301435, 53.9089424506396 ], [ -2.99657472244147, 53.931147762076499 ], [ -2.92780871968516, 53.950139146051001 ], [ -2.91500859446365, 53.9515129958546 ], [ -2.91633192462229, 53.948901822926302 ], [ -2.91056986618748, 53.946268221957702 ], [ -2.92082870697185, 53.946313643141302 ], [ -2.91306165392547, 53.944555951816 ], [ -2.91892237920942, 53.942602205108201 ], [ -2.91220624061909, 53.944035805341997 ], [ -2.90476456086632, 53.938499872771303 ], [ -2.90532409048547, 53.940563738490702 ], [ -2.90007576051423, 53.938427251813401 ], [ -2.89917485578991, 53.941090809807299 ], [ -2.89898482011986, 53.9384893902632 ], [ -2.89674961267995, 53.941163774628102 ], [ -2.89126896343871, 53.939476281723202 ], [ -2.89206734940744, 53.942198995260597 ], [ -2.88664897156732, 53.941677646287602 ], [ -2.89478900958182, 53.945507852928401 ], [ -2.88953330572328, 53.948114737059399 ], [ -2.883391738285, 53.946329265516802 ], [ -2.88410914976123, 53.943869416941098 ], [ -2.88246954744044, 53.946307287824901 ], [ -2.8744426721644, 53.945809576186299 ], [ -2.87839804304864, 53.947450755276797 ], [ -2.87621276142042, 53.951284748719601 ], [ -2.87248617071447, 53.953793450256804 ], [ -2.88030758248276, 53.954049123762601 ], [ -2.88677863849597, 53.958391142273399 ], [ -2.87119275736481, 53.956516203392802 ], [ -2.86980577658474, 53.959732278430202 ], [ -2.86193231841356, 53.9646091823126 ], [ -2.85736807986886, 53.9625773617256 ], [ -2.85416747292615, 53.965345937028601 ], [ -2.84856595152943, 53.965115474205199 ], [ -2.84122748789692, 53.965943319709197 ], [ -2.84639617393219, 53.965701168094903 ], [ -2.84399255521829, 53.968203209483903 ], [ -2.8496740551262, 53.9657319487725 ], [ -2.85227270873591, 53.967268693246197 ], [ -2.8562636200194, 53.966397862503001 ], [ -2.86698194136404, 53.968485197205901 ], [ -2.8792546255851, 53.979113016856502 ], [ -2.86968729761613, 53.983613614393597 ], [ -2.86814108773089, 53.9931491171006 ], [ -2.86297795260411, 53.9953640630373 ], [ -2.8611163725289, 53.992602005947603 ], [ -2.85704238871533, 53.993571262214097 ], [ -2.86233564518192, 53.995356998617801 ], [ -2.85608726991274, 53.999580075406598 ], [ -2.84024721177983, 53.996991140572497 ], [ -2.83405541632384, 53.998670005450698 ], [ -2.83232230503188, 53.9948380132099 ], [ -2.83039486575328, 53.997247432670001 ], [ -2.82324000272676, 53.994750450976397 ], [ -2.83274199666624, 53.998518212472099 ], [ -2.82947148215909, 54.0155470684916 ], [ -2.82867081919855, 54.036392216644003 ], [ -2.831625528937, 54.0358307556087 ], [ -2.83116070892338, 54.032504403413 ], [ -2.83632732851683, 54.037207060224198 ], [ -2.83039227634381, 54.037293948269401 ], [ -2.83284329759136, 54.039512275243197 ], [ -2.83779491017494, 54.0369874101684 ], [ -2.83320166467442, 54.039792023261803 ], [ -2.83839556401831, 54.0374676307651 ], [ -2.83555002104243, 54.040538792305298 ], [ -2.83992889812756, 54.0386873879294 ], [ -2.8369552492757, 54.040855289213901 ], [ -2.84133867086051, 54.0400617159044 ], [ -2.83770272613224, 54.042027510355098 ], [ -2.84213660930257, 54.041079843987497 ], [ -2.84151072048131, 54.045685113399898 ], [ -2.80872083638672, 54.054647806406997 ], [ -2.79962884486468, 54.051979873826298 ], [ -2.79591382727775, 54.054122987219301 ], [ -2.79331693981108, 54.062871743700299 ], [ -2.79999617525011, 54.053050547729597 ], [ -2.80868058330523, 54.055585121901501 ], [ -2.83858901113081, 54.049030897514797 ], [ -2.85033295170146, 54.041101368840998 ], [ -2.84555623081361, 54.042976587064501 ], [ -2.84421402236638, 54.039530182026397 ], [ -2.8480265547518, 54.041450128378102 ], [ -2.84879348199864, 54.0390045904226 ], [ -2.8405810206458, 54.035980255422999 ], [ -2.84175327639489, 54.0330446029336 ], [ -2.84046598209496, 54.035575681278303 ], [ -2.83661034961266, 54.032458596020298 ], [ -2.84121357614026, 54.0285374944201 ], [ -2.83696314491045, 54.031782046910699 ], [ -2.83345946490196, 54.028521342219697 ], [ -2.83384316343098, 54.0232941016937 ], [ -2.84208183600727, 54.026110076992097 ], [ -2.8396090273525, 54.023169520461202 ], [ -2.8424744788115, 54.025369453384599 ], [ -2.8437497123138, 54.021411296049202 ], [ -2.83955452316125, 54.020310991913199 ], [ -2.84105286799586, 54.0214220681911 ], [ -2.83827184393106, 54.0229406665688 ], [ -2.83402531469271, 54.022405760504597 ], [ -2.83529829458474, 54.017154401940601 ], [ -2.83775235283041, 54.018974511171898 ], [ -2.83545339385882, 54.015983130768099 ], [ -2.83915431435531, 54.013937817632701 ], [ -2.83528853389484, 54.015372201960403 ], [ -2.83522372484665, 54.010845607339 ], [ -2.84153704239315, 54.009734678774898 ], [ -2.8381279608403, 54.00843283647 ], [ -2.84224185704825, 54.005948636993502 ], [ -2.85328814618409, 54.005557947287301 ], [ -2.84499809582905, 54.014862159279197 ], [ -2.86078154361331, 54.003874133673897 ], [ -2.86684350739029, 54.010250416649498 ], [ -2.87000016022753, 54.008420336782301 ], [ -2.86535223367674, 54.007386980477399 ], [ -2.86875385837698, 54.006023266117097 ], [ -2.86480627045939, 54.004973202624598 ], [ -2.87031978363958, 54.003923152669003 ], [ -2.87263755927612, 54.007647113949197 ], [ -2.8754632204403, 54.004880245298096 ], [ -2.87191962037048, 54.002798898805402 ], [ -2.87634833714895, 54.0014058949901 ], [ -2.88104026035683, 53.989452838693801 ], [ -2.8839767800734, 53.994734969255198 ], [ -2.88899319154224, 53.995923016981301 ], [ -2.88421986220799, 53.994326960527196 ], [ -2.88610976793853, 53.9910234988944 ], [ -2.90022783303898, 53.9920330964746 ], [ -2.90374690080723, 53.998435916522702 ], [ -2.89693905517786, 54.000733809394198 ], [ -2.90067362844752, 53.999880813067698 ], [ -2.90694858608202, 54.0070286521266 ], [ -2.90341859421465, 54.020563291195202 ], [ -2.92442353253621, 54.031327687754299 ], [ -2.91241947640711, 54.033762373673 ], [ -2.9134587243537, 54.035547024537898 ], [ -2.92137080356394, 54.034268596755901 ], [ -2.90602474249383, 54.039659323183301 ], [ -2.90551429042115, 54.048405629265901 ], [ -2.89713146464943, 54.0492916623366 ], [ -2.88947834494135, 54.066452154383803 ], [ -2.8827531139095, 54.0658581484143 ], [ -2.8767795657774, 54.071182086591698 ], [ -2.87899564447881, 54.074336227500901 ], [ -2.86761105301408, 54.073261721629201 ], [ -2.85747459346053, 54.079356954850098 ], [ -2.84718123157456, 54.077542753775802 ], [ -2.82619633007658, 54.086900170402103 ], [ -2.82929591487395, 54.0934564304806 ], [ -2.821260704267, 54.094187754571003 ], [ -2.82758159925819, 54.094437984666698 ], [ -2.82694730401757, 54.099976938545502 ], [ -2.80857983289409, 54.108147553326397 ], [ -2.79856430378252, 54.122404934553799 ], [ -2.78507456194648, 54.135040046422198 ], [ -2.79463543589486, 54.127752917591202 ], [ -2.80477750537573, 54.131363279758602 ], [ -2.80184205554147, 54.125965951886897 ], [ -2.80592052472278, 54.122618464353401 ], [ -2.82072668788047, 54.122989261844801 ], [ -2.83051084412268, 54.134633364973602 ], [ -2.82800518954643, 54.143519758499799 ], [ -2.83698955523534, 54.142220872524298 ], [ -2.84185565838048, 54.149650045081302 ], [ -2.83670029648754, 54.150726187046402 ], [ -2.86298466715629, 54.1554874148312 ], [ -2.86598971786357, 54.160285033643298 ], [ -2.86192151120038, 54.1672482263765 ], [ -2.86947676580703, 54.1766678249137 ], [ -2.86560812233263, 54.1806493939417 ], [ -2.8574329688584, 54.178985905047298 ], [ -2.86472773157932, 54.183760962105502 ], [ -2.86413419859594, 54.192031180867197 ], [ -2.85345256738839, 54.192740088575803 ], [ -2.83621484721889, 54.201550320636102 ], [ -2.83540285959756, 54.205223837667504 ], [ -2.82660703879668, 54.204552129394003 ], [ -2.81842259586579, 54.208042083005701 ], [ -2.82146533899019, 54.209393819736697 ], [ -2.80764525068891, 54.218709424486399 ], [ -2.79088669645809, 54.227004703085498 ], [ -2.78581402808178, 54.226440239053701 ], [ -2.78927904893172, 54.231332872926501 ], [ -2.79464737847295, 54.233839217680099 ], [ -2.80080580322894, 54.2461975519399 ], [ -2.81308444074886, 54.2449532249885 ], [ -2.81280418916141, 54.249817347568502 ], [ -2.80240461134631, 54.249425167429003 ], [ -2.80067050904396, 54.2508909683662 ], [ -2.80426468972142, 54.250050856916403 ], [ -2.80652693167445, 54.2512799014306 ], [ -2.81439870780994, 54.249578259868201 ], [ -2.81472529474225, 54.244741704840301 ], [ -2.80964562934392, 54.242693564274397 ], [ -2.80139657415898, 54.244378217806101 ], [ -2.80115228592899, 54.230597481424297 ], [ -2.79438125660623, 54.227420249520698 ], [ -2.83219629855315, 54.219210949042697 ], [ -2.84247353493712, 54.205517869578799 ], [ -2.86855550603468, 54.202096062481701 ], [ -2.86741014206203, 54.204794362427798 ], [ -2.87006184961241, 54.201774213158501 ], [ -2.87157941759236, 54.2040281703418 ], [ -2.88590338788407, 54.197565802362 ], [ -2.88717689713304, 54.199375464258502 ], [ -2.88736635734998, 54.194551300227701 ], [ -2.8892174605251, 54.198816633079403 ], [ -2.90761017263178, 54.193128629885301 ], [ -2.92934584468031, 54.167547310530203 ], [ -2.93523626039889, 54.166974099697697 ], [ -2.93186222921314, 54.151392039398203 ], [ -2.93561793946709, 54.158169399181098 ], [ -2.94377472166038, 54.158057184878103 ], [ -2.94459526001822, 54.159341178792303 ], [ -2.94812269756233, 54.1576724827992 ], [ -2.93928198163714, 54.156586861161998 ], [ -2.96542523815219, 54.150241984921898 ], [ -2.9683818648167, 54.146025802493902 ], [ -2.99582103091457, 54.149978472690002 ], [ -2.99953197208596, 54.153261463014502 ], [ -2.99667808347407, 54.155754077172503 ], [ -3.00018891458658, 54.153833924897597 ], [ -3.00529343160223, 54.156269286136101 ], [ -3.00430373081172, 54.166291754213503 ], [ -3.0003615261297, 54.168401654524097 ], [ -2.99711442715941, 54.166757779644897 ], [ -2.99730762105409, 54.173131221298 ], [ -2.9929710189202, 54.170270313194898 ], [ -2.99412094734348, 54.173048606164798 ], [ -2.99606495563144, 54.175924113615601 ], [ -2.99930026484553, 54.175464109092196 ], [ -2.99615475887138, 54.173290879894203 ], [ -3.000219407715, 54.174382386384799 ], [ -3.00092746330829, 54.172109807919099 ], [ -3.00353530863385, 54.175800952717701 ], [ -3.00153441534006, 54.172249467015 ], [ -3.00652590942045, 54.172269839588402 ], [ -3.00969471343354, 54.1768261247312 ], [ -3.00506726719586, 54.180279341665702 ], [ -3.01029228629986, 54.176953281825298 ], [ -3.00982585456745, 54.182772257183103 ], [ -3.01265804977009, 54.179722292832203 ], [ -3.0210569009725, 54.185288476201499 ], [ -3.02017945328803, 54.189609116933198 ], [ -3.02213237238232, 54.185774548353102 ], [ -3.02699098883191, 54.189638418224597 ], [ -3.02460581593169, 54.191787050378998 ], [ -3.02774366354344, 54.1900759684519 ], [ -3.02924870640396, 54.193779571115002 ], [ -3.03876063401333, 54.197194103868 ], [ -3.02541285035508, 54.196837637561799 ], [ -3.02289301936017, 54.201063536802003 ], [ -3.01983181958329, 54.201069650463197 ], [ -3.01454551426712, 54.206367804323499 ], [ -3.02222781077734, 54.2119336441326 ], [ -3.0231897812087, 54.219399625421801 ], [ -3.02762703650007, 54.219288159800698 ], [ -3.03361545589645, 54.229270829448801 ], [ -3.04631848623672, 54.226766766569703 ], [ -3.04876496998461, 54.233233738178903 ], [ -3.03397370162035, 54.239673744163298 ], [ -3.03325109989257, 54.243790924699397 ], [ -3.02898992574295, 54.241586775127203 ], [ -3.02935888742513, 54.240174595219599 ], [ -3.02731624260222, 54.241543551445702 ], [ -3.02857333164176, 54.246369064950201 ], [ -3.03567677049205, 54.244321028931701 ], [ -3.03752405601022, 54.239904761601402 ], [ -3.04805397110303, 54.242289695807798 ], [ -3.05218573779326, 54.235807614230701 ], [ -3.05311965732432, 54.220845640457597 ], [ -3.03556718463908, 54.215621445055099 ], [ -3.03241956451862, 54.211315669623502 ], [ -3.03902704982646, 54.205731078746901 ], [ -3.03426021309591, 54.211433563911498 ], [ -3.03877604765289, 54.210152554301999 ], [ -3.04469171189446, 54.199398705302897 ], [ -3.05313591394386, 54.1988883177793 ], [ -3.05495064618341, 54.193524691698101 ], [ -3.05330183266156, 54.188482603329 ], [ -3.05974102980086, 54.189359889834101 ], [ -3.05586922068239, 54.187176657288603 ], [ -3.06162191164685, 54.180820550055202 ], [ -3.05910148540768, 54.1731159961085 ], [ -3.0608558624468, 54.1619982118481 ], [ -3.07797486678772, 54.153975291674897 ], [ -3.08764830010467, 54.136243288194201 ], [ -3.10062712871104, 54.128001844900901 ], [ -3.1046483830116, 54.120004417650797 ], [ -3.1647913866967, 54.083224258081998 ], [ -3.17239860225786, 54.081784091453102 ], [ -3.15270062390522, 54.067666680454401 ], [ -3.15175820604345, 54.070217524760501 ], [ -3.1507107426661, 54.064785324154201 ], [ -3.17143439584739, 54.0796282894025 ], [ -3.17323568357948, 54.073593210948303 ], [ -3.17797475663285, 54.074878004263702 ], [ -3.17374799403985, 54.083394153829097 ], [ -3.18685853713641, 54.090426960212497 ], [ -3.18515795942473, 54.0957125175782 ], [ -3.19130643872628, 54.102850215693501 ], [ -3.19945387403452, 54.102672381403302 ], [ -3.21423535870006, 54.098208542578 ], [ -3.22006250356619, 54.094857233587298 ], [ -3.21944426879726, 54.093624450994703 ], [ -3.22129454506774, 54.092500512534002 ], [ -3.23930826998406, 54.104139136143203 ], [ -3.24179932017378, 54.112048946647903 ], [ -3.24347581420269, 54.128685757499902 ], [ -3.23769626162009, 54.1559201085784 ], [ -3.24051897608579, 54.158385216773802 ], [ -3.24957809649894, 54.154805017906703 ], [ -3.25653832090725, 54.168701977140202 ], [ -3.24613069478573, 54.171993702313898 ], [ -3.22843815833464, 54.171368485689001 ], [ -3.21715247540839, 54.177463824051102 ], [ -3.21509386209423, 54.184840418420002 ], [ -3.22299022376769, 54.187790334149803 ], [ -3.21475777669882, 54.185659023019397 ], [ -3.21899537935534, 54.187492879304102 ], [ -3.21204094474077, 54.199744512995601 ], [ -3.21305795553441, 54.207192459545503 ], [ -3.20450491693905, 54.209542396831502 ], [ -3.21005531855336, 54.208589781576997 ], [ -3.2049869410565, 54.214981585242903 ], [ -3.20181685628978, 54.2111133222948 ], [ -3.20492716752021, 54.217564390252399 ], [ -3.19888201003798, 54.219958887001098 ], [ -3.18919287950842, 54.233588875631 ], [ -3.19756443719733, 54.228798098584001 ], [ -3.20004918712312, 54.237706533124999 ], [ -3.2126869872374, 54.247548577659202 ], [ -3.21189595175586, 54.251815885840898 ], [ -3.21639369151851, 54.258030704869398 ], [ -3.22904062116442, 54.2599049898852 ], [ -3.22376053391549, 54.2769294598587 ], [ -3.2278065669786, 54.2776756441556 ], [ -3.22454980458745, 54.275578640570899 ], [ -3.22810273442928, 54.264038173125698 ], [ -3.23370326983797, 54.260120691889703 ], [ -3.22290710382576, 54.251599558200702 ], [ -3.22930754149342, 54.2497943900716 ], [ -3.22392047174233, 54.247209422645902 ], [ -3.22563797531297, 54.239820021480099 ], [ -3.2299869031547, 54.236736883011297 ], [ -3.23003406319523, 54.240949073720401 ], [ -3.23438873144272, 54.232312917378103 ], [ -3.23673960862693, 54.2362273444894 ], [ -3.23831733887867, 54.233629816534702 ], [ -3.23546759519504, 54.231400368548996 ], [ -3.2434405688141, 54.234052561299997 ], [ -3.23312321143124, 54.228772012285901 ], [ -3.23765209562824, 54.225555482330201 ], [ -3.23636853467333, 54.227875920436801 ], [ -3.24576229740378, 54.231827444541999 ], [ -3.23762903423217, 54.2277586838728 ], [ -3.24329181583825, 54.225284475082397 ], [ -3.24438340980672, 54.226216419486498 ], [ -3.24629340880699, 54.223392049224003 ], [ -3.24754104112254, 54.226971649690398 ], [ -3.25099366615079, 54.219862279110302 ], [ -3.25148264212733, 54.228161173845699 ], [ -3.25631831747308, 54.214751111897897 ], [ -3.25146671734771, 54.215831616331201 ], [ -3.2497909741263, 54.209554661774298 ], [ -3.2392605388575, 54.203126431352601 ], [ -3.25398110018546, 54.191638361933897 ], [ -3.26869422967547, 54.190125370184198 ], [ -3.28775405238664, 54.197031937011097 ], [ -3.29058595492163, 54.190715356583198 ], [ -3.31430579829842, 54.188562381219903 ], [ -3.33003785831517, 54.1963397955424 ], [ -3.36489573388485, 54.231752576109599 ], [ -3.39421568711067, 54.254440219865401 ], [ -3.4175801415736, 54.281799433669903 ], [ -3.3971462638966, 54.267747054525003 ], [ -3.3926231140088, 54.270165937985297 ], [ -3.3864877597815, 54.268317795919302 ], [ -3.37954283625291, 54.272614405502203 ], [ -3.37019047816296, 54.271359448907802 ], [ -3.36882646580315, 54.276120447550902 ], [ -3.34707249082417, 54.279636996676501 ], [ -3.34729733937232, 54.283979171800603 ], [ -3.32277800691851, 54.275559445961001 ], [ -3.32041186959551, 54.271629104802102 ], [ -3.30416408151602, 54.275936581595197 ], [ -3.30102555918425, 54.279462140663902 ], [ -3.31368150684467, 54.2918216223906 ], [ -3.30410522562253, 54.2997899145319 ], [ -3.30816076234729, 54.3222034945384 ], [ -3.29486304854072, 54.325468965434602 ], [ -3.30282829917439, 54.331351242589697 ], [ -3.29509612114998, 54.342745003659502 ], [ -3.29880997033957, 54.347535015564397 ], [ -3.30825904169585, 54.349223556613303 ], [ -3.30140525748605, 54.352247384888202 ], [ -3.29857790717098, 54.359230500453201 ], [ -3.29271719484221, 54.361031240450302 ], [ -3.271599712186, 54.358165336353203 ], [ -3.24337930706851, 54.363086356516199 ], [ -3.23256169921102, 54.376031942209103 ], [ -3.2017743479118, 54.390359614384103 ], [ -3.18592466973138, 54.403077521031697 ], [ -3.18896740438757, 54.405958815340099 ], [ -3.1811705501588, 54.413252413800997 ], [ -3.18223375889412, 54.425466043888598 ], [ -3.15794477426625, 54.431306003682003 ], [ -3.15859173713219, 54.442177408604302 ], [ -3.16111642424337, 54.447037069356 ], [ -3.16627892555218, 54.447766467874999 ], [ -3.16713924464684, 54.454110373232503 ], [ -3.15382538088866, 54.460153974321699 ], [ -3.14555817255421, 54.468443813750604 ], [ -3.13644405915719, 54.470746091905703 ], [ -3.13221304705135, 54.464543967560701 ], [ -3.11942541773659, 54.460237572055199 ], [ -3.11257327406185, 54.461490826662597 ], [ -3.11570468824721, 54.466582860200297 ], [ -3.10947917773279, 54.474003700320701 ], [ -3.0977536796442, 54.471903532403203 ], [ -3.08826521055195, 54.483964157244401 ], [ -3.07338093319013, 54.490283051072502 ], [ -3.05080159424539, 54.491265212046102 ], [ -3.04830383046215, 54.496278175959297 ], [ -3.01483523819347, 54.499843301857801 ] ] ] ] } }
]
}
