REPORTING_PERIOD_START,REPORTING_PERIOD_END,REGION,ICB_CODE,ICB_NAME,ORG_CODE,ORG_NAME,CONTRACT_CODE,CONTRACT_NAME,METRIC_ID,METRIC_NAME,METRIC_VALUE
01/08/2025,31/08/2025,Midlands,QPM,NHS NORTHAMPTONSHIRE INTEGRATED CARE BOARD,RP1,NORTHAMPTONSHIRE HEALTHCARE NHS FOUNDATION TRUST,MH050,Mental Health Northants (VCSE) Collaboration. (NMH),A01,Number of calls received,9681
01/08/2025,31/08/2025,Midlands,QPM,NHS NORTHAMPTONSHIRE INTEGRATED CARE BOARD,RP1,NORTHAMPTONSHIRE HEALTHCARE NHS FOUNDATION TRUST,MH050,Mental Health Northants (VCSE) Collaboration. (NMH),A02,Calls routed through IVR,627
01/08/2025,31/08/2025,Midlands,QPM,NHS NORTHAMPTONSHIRE INTEGRATED CARE BOARD,RP1,NORTHAMPTONSHIRE HEALTHCARE NHS FOUNDATION TRUST,MH050,Mental Health Northants (VCSE) Collaboration. (NMH),A03,Number of answered calls,5345
01/08/2025,31/08/2025,Midlands,QPM,NHS NORTHAMPTONSHIRE INTEGRATED CARE BOARD,RP1,NORTHAMPTONSHIRE HEALTHCARE NHS FOUNDATION TRUST,MH050,Mental Health Northants (VCSE) Collaboration. (NMH),B01,Number of calls answered within 60 seconds,2623
01/08/2025,31/08/2025,Midlands,QPM,NHS NORTHAMPTONSHIRE INTEGRATED CARE BOARD,RP1,NORTHAMPTONSHIRE HEALTHCARE NHS FOUNDATION TRUST,MH050,Mental Health Northants (VCSE) Collaboration. (NMH),B02,Number of calls abandoned,4336
01/08/2025,31/08/2025,Midlands,QPM,NHS NORTHAMPTONSHIRE INTEGRATED CARE BOARD,RP1,NORTHAMPTONSHIRE HEALTHCARE NHS FOUNDATION TRUST,MH050,Mental Health Northants (VCSE) Collaboration. (NMH),B03,Calls abandoned in 30 seconds or less,1490
01/08/2025,31/08/2025,Midlands,QPM,NHS NORTHAMPTONSHIRE INTEGRATED CARE BOARD,RP1,NORTHAMPTONSHIRE HEALTHCARE NHS FOUNDATION TRUST,MH050,Mental Health Northants (VCSE) Collaboration. (NMH),B04,Calls abandoned in over 30 seconds and up to and including 60 seconds,705
01/08/2025,31/08/2025,Midlands,QPM,NHS NORTHAMPTONSHIRE INTEGRATED CARE BOARD,RP1,NORTHAMPTONSHIRE HEALTHCARE NHS FOUNDATION TRUST,MH050,Mental Health Northants (VCSE) Collaboration. (NMH),B05,Calls abandoned after 60 seconds,2141
01/08/2025,31/08/2025,Midlands,QPM,NHS NORTHAMPTONSHIRE INTEGRATED CARE BOARD,RP1,NORTHAMPTONSHIRE HEALTHCARE NHS FOUNDATION TRUST,MH050,Mental Health Northants (VCSE) Collaboration. (NMH),B06,Total time to call answer (seconds),2083144
01/08/2025,31/08/2025,Midlands,QPM,NHS NORTHAMPTONSHIRE INTEGRATED CARE BOARD,RP1,NORTHAMPTONSHIRE HEALTHCARE NHS FOUNDATION TRUST,MH050,Mental Health Northants (VCSE) Collaboration. (NMH),B07,95th centile call answer time (seconds),1934
01/08/2025,31/08/2025,Midlands,QPM,NHS NORTHAMPTONSHIRE INTEGRATED CARE BOARD,RP1,NORTHAMPTONSHIRE HEALTHCARE NHS FOUNDATION TRUST,MH050,Mental Health Northants (VCSE) Collaboration. (NMH),B09,Total time of abandoned calls (seconds),1329042
01/08/2025,31/08/2025,North East and Yorkshire,QOQ,NHS HUMBER AND NORTH YORKSHIRE INTEGRATED CARE BOARD,RV9,HUMBER TEACHING NHS FOUNDATION TRUST,MH027,HTFT CYP,A01,Number of calls received,688
01/08/2025,31/08/2025,North East and Yorkshire,QOQ,NHS HUMBER AND NORTH YORKSHIRE INTEGRATED CARE BOARD,RV9,HUMBER TEACHING NHS FOUNDATION TRUST,MH027,HTFT CYP,A02,Calls routed through IVR,0
01/08/2025,31/08/2025,North East and Yorkshire,QOQ,NHS HUMBER AND NORTH YORKSHIRE INTEGRATED CARE BOARD,RV9,HUMBER TEACHING NHS FOUNDATION TRUST,MH027,HTFT CYP,A03,Number of answered calls,459
01/08/2025,31/08/2025,North East and Yorkshire,QOQ,NHS HUMBER AND NORTH YORKSHIRE INTEGRATED CARE BOARD,RV9,HUMBER TEACHING NHS FOUNDATION TRUST,MH027,HTFT CYP,B01,Number of calls answered within 60 seconds,448
01/08/2025,31/08/2025,North East and Yorkshire,QOQ,NHS HUMBER AND NORTH YORKSHIRE INTEGRATED CARE BOARD,RV9,HUMBER TEACHING NHS FOUNDATION TRUST,MH027,HTFT CYP,B02,Number of calls abandoned,229
01/08/2025,31/08/2025,North East and Yorkshire,QOQ,NHS HUMBER AND NORTH YORKSHIRE INTEGRATED CARE BOARD,RV9,HUMBER TEACHING NHS FOUNDATION TRUST,MH027,HTFT CYP,B03,Calls abandoned in 30 seconds or less,195
01/08/2025,31/08/2025,North East and Yorkshire,QOQ,NHS HUMBER AND NORTH YORKSHIRE INTEGRATED CARE BOARD,RV9,HUMBER TEACHING NHS FOUNDATION TRUST,MH027,HTFT CYP,B04,Calls abandoned in over 30 seconds and up to and including 60 seconds,26
01/08/2025,31/08/2025,North East and Yorkshire,QOQ,NHS HUMBER AND NORTH YORKSHIRE INTEGRATED CARE BOARD,RV9,HUMBER TEACHING NHS FOUNDATION TRUST,MH027,HTFT CYP,B05,Calls abandoned after 60 seconds,8
01/08/2025,31/08/2025,North East and Yorkshire,QOQ,NHS HUMBER AND NORTH YORKSHIRE INTEGRATED CARE BOARD,RV9,HUMBER TEACHING NHS FOUNDATION TRUST,MH027,HTFT CYP,B06,Total time to call answer (seconds),13045
01/08/2025,31/08/2025,North East and Yorkshire,QOQ,NHS HUMBER AND NORTH YORKSHIRE INTEGRATED CARE BOARD,RV9,HUMBER TEACHING NHS FOUNDATION TRUST,MH027,HTFT CYP,B07,95th centile call answer time (seconds),43
01/08/2025,31/08/2025,North East and Yorkshire,QOQ,NHS HUMBER AND NORTH YORKSHIRE INTEGRATED CARE BOARD,RV9,HUMBER TEACHING NHS FOUNDATION TRUST,MH027,HTFT CYP,B09,Total time of abandoned calls (seconds),5967
01/08/2025,31/08/2025,North East and Yorkshire,QOQ,NHS HUMBER AND NORTH YORKSHIRE INTEGRATED CARE BOARD,RV9,HUMBER TEACHING NHS FOUNDATION TRUST,MH028,HTFT Adults,A01,Number of calls received,1536
01/08/2025,31/08/2025,North East and Yorkshire,QOQ,NHS HUMBER AND NORTH YORKSHIRE INTEGRATED CARE BOARD,RV9,HUMBER TEACHING NHS FOUNDATION TRUST,MH028,HTFT Adults,A02,Calls routed through IVR,681
01/08/2025,31/08/2025,North East and Yorkshire,QOQ,NHS HUMBER AND NORTH YORKSHIRE INTEGRATED CARE BOARD,RV9,HUMBER TEACHING NHS FOUNDATION TRUST,MH028,HTFT Adults,A03,Number of answered calls,1259
01/08/2025,31/08/2025,North East and Yorkshire,QOQ,NHS HUMBER AND NORTH YORKSHIRE INTEGRATED CARE BOARD,RV9,HUMBER TEACHING NHS FOUNDATION TRUST,MH028,HTFT Adults,B01,Number of calls answered within 60 seconds,997
01/08/2025,31/08/2025,North East and Yorkshire,QOQ,NHS HUMBER AND NORTH YORKSHIRE INTEGRATED CARE BOARD,RV9,HUMBER TEACHING NHS FOUNDATION TRUST,MH028,HTFT Adults,B02,Number of calls abandoned,277
01/08/2025,31/08/2025,North East and Yorkshire,QOQ,NHS HUMBER AND NORTH YORKSHIRE INTEGRATED CARE BOARD,RV9,HUMBER TEACHING NHS FOUNDATION TRUST,MH028,HTFT Adults,B03,Calls abandoned in 30 seconds or less,110
01/08/2025,31/08/2025,North East and Yorkshire,QOQ,NHS HUMBER AND NORTH YORKSHIRE INTEGRATED CARE BOARD,RV9,HUMBER TEACHING NHS FOUNDATION TRUST,MH028,HTFT Adults,B04,Calls abandoned in over 30 seconds and up to and including 60 seconds,40
01/08/2025,31/08/2025,North East and Yorkshire,QOQ,NHS HUMBER AND NORTH YORKSHIRE INTEGRATED CARE BOARD,RV9,HUMBER TEACHING NHS FOUNDATION TRUST,MH028,HTFT Adults,B05,Calls abandoned after 60 seconds,127
01/08/2025,31/08/2025,North East and Yorkshire,QOQ,NHS HUMBER AND NORTH YORKSHIRE INTEGRATED CARE BOARD,RV9,HUMBER TEACHING NHS FOUNDATION TRUST,MH028,HTFT Adults,B06,Total time to call answer (seconds),94564
01/08/2025,31/08/2025,North East and Yorkshire,QOQ,NHS HUMBER AND NORTH YORKSHIRE INTEGRATED CARE BOARD,RV9,HUMBER TEACHING NHS FOUNDATION TRUST,MH028,HTFT Adults,B07,95th centile call answer time (seconds),319
01/08/2025,31/08/2025,North East and Yorkshire,QOQ,NHS HUMBER AND NORTH YORKSHIRE INTEGRATED CARE BOARD,RV9,HUMBER TEACHING NHS FOUNDATION TRUST,MH028,HTFT Adults,B09,Total time of abandoned calls (seconds),44445
01/08/2025,31/08/2025,North East and Yorkshire,QWO,NHS WEST YORKSHIRE INTEGRATED CARE BOARD,RXG,SOUTH WEST YORKSHIRE PARTNERSHIP NHS FOUNDATION TRUST,MH069,CYP C&K (CKCAHMS),A01,Number of calls received,11
01/08/2025,31/08/2025,North East and Yorkshire,QWO,NHS WEST YORKSHIRE INTEGRATED CARE BOARD,RXG,SOUTH WEST YORKSHIRE PARTNERSHIP NHS FOUNDATION TRUST,MH069,CYP C&K (CKCAHMS),A02,Calls routed through IVR,0
01/08/2025,31/08/2025,North East and Yorkshire,QWO,NHS WEST YORKSHIRE INTEGRATED CARE BOARD,RXG,SOUTH WEST YORKSHIRE PARTNERSHIP NHS FOUNDATION TRUST,MH069,CYP C&K (CKCAHMS),A03,Number of answered calls,11
01/08/2025,31/08/2025,North East and Yorkshire,QWO,NHS WEST YORKSHIRE INTEGRATED CARE BOARD,RXG,SOUTH WEST YORKSHIRE PARTNERSHIP NHS FOUNDATION TRUST,MH069,CYP C&K (CKCAHMS),B01,Number of calls answered within 60 seconds,0
01/08/2025,31/08/2025,North East and Yorkshire,QWO,NHS WEST YORKSHIRE INTEGRATED CARE BOARD,RXG,SOUTH WEST YORKSHIRE PARTNERSHIP NHS FOUNDATION TRUST,MH069,CYP C&K (CKCAHMS),B02,Number of calls abandoned,0
01/08/2025,31/08/2025,North East and Yorkshire,QWO,NHS WEST YORKSHIRE INTEGRATED CARE BOARD,RXG,SOUTH WEST YORKSHIRE PARTNERSHIP NHS FOUNDATION TRUST,MH069,CYP C&K (CKCAHMS),B03,Calls abandoned in 30 seconds or less,0
01/08/2025,31/08/2025,North East and Yorkshire,QWO,NHS WEST YORKSHIRE INTEGRATED CARE BOARD,RXG,SOUTH WEST YORKSHIRE PARTNERSHIP NHS FOUNDATION TRUST,MH069,CYP C&K (CKCAHMS),B04,Calls abandoned in over 30 seconds and up to and including 60 seconds,0
01/08/2025,31/08/2025,North East and Yorkshire,QWO,NHS WEST YORKSHIRE INTEGRATED CARE BOARD,RXG,SOUTH WEST YORKSHIRE PARTNERSHIP NHS FOUNDATION TRUST,MH069,CYP C&K (CKCAHMS),B05,Calls abandoned after 60 seconds,0
01/08/2025,31/08/2025,North East and Yorkshire,QWO,NHS WEST YORKSHIRE INTEGRATED CARE BOARD,RXG,SOUTH WEST YORKSHIRE PARTNERSHIP NHS FOUNDATION TRUST,MH069,CYP C&K (CKCAHMS),B06,Total time to call answer (seconds),0
01/08/2025,31/08/2025,North East and Yorkshire,QWO,NHS WEST YORKSHIRE INTEGRATED CARE BOARD,RXG,SOUTH WEST YORKSHIRE PARTNERSHIP NHS FOUNDATION TRUST,MH069,CYP C&K (CKCAHMS),B07,95th centile call answer time (seconds),0
01/08/2025,31/08/2025,North East and Yorkshire,QWO,NHS WEST YORKSHIRE INTEGRATED CARE BOARD,RXG,SOUTH WEST YORKSHIRE PARTNERSHIP NHS FOUNDATION TRUST,MH069,CYP C&K (CKCAHMS),B09,Total time of abandoned calls (seconds),0
01/08/2025,31/08/2025,North East and Yorkshire,QWO,NHS WEST YORKSHIRE INTEGRATED CARE BOARD,RXG,SOUTH WEST YORKSHIRE PARTNERSHIP NHS FOUNDATION TRUST,MH070,CYP Wakefield (WCAHMS),A01,Number of calls received,0
01/08/2025,31/08/2025,North East and Yorkshire,QWO,NHS WEST YORKSHIRE INTEGRATED CARE BOARD,RXG,SOUTH WEST YORKSHIRE PARTNERSHIP NHS FOUNDATION TRUST,MH070,CYP Wakefield (WCAHMS),A02,Calls routed through IVR,0
01/08/2025,31/08/2025,North East and Yorkshire,QWO,NHS WEST YORKSHIRE INTEGRATED CARE BOARD,RXG,SOUTH WEST YORKSHIRE PARTNERSHIP NHS FOUNDATION TRUST,MH070,CYP Wakefield (WCAHMS),A03,Number of answered calls,0
01/08/2025,31/08/2025,North East and Yorkshire,QWO,NHS WEST YORKSHIRE INTEGRATED CARE BOARD,RXG,SOUTH WEST YORKSHIRE PARTNERSHIP NHS FOUNDATION TRUST,MH070,CYP Wakefield (WCAHMS),B01,Number of calls answered within 60 seconds,0
01/08/2025,31/08/2025,North East and Yorkshire,QWO,NHS WEST YORKSHIRE INTEGRATED CARE BOARD,RXG,SOUTH WEST YORKSHIRE PARTNERSHIP NHS FOUNDATION TRUST,MH070,CYP Wakefield (WCAHMS),B02,Number of calls abandoned,0
01/08/2025,31/08/2025,North East and Yorkshire,QWO,NHS WEST YORKSHIRE INTEGRATED CARE BOARD,RXG,SOUTH WEST YORKSHIRE PARTNERSHIP NHS FOUNDATION TRUST,MH070,CYP Wakefield (WCAHMS),B03,Calls abandoned in 30 seconds or less,0
01/08/2025,31/08/2025,North East and Yorkshire,QWO,NHS WEST YORKSHIRE INTEGRATED CARE BOARD,RXG,SOUTH WEST YORKSHIRE PARTNERSHIP NHS FOUNDATION TRUST,MH070,CYP Wakefield (WCAHMS),B04,Calls abandoned in over 30 seconds and up to and including 60 seconds,0
01/08/2025,31/08/2025,North East and Yorkshire,QWO,NHS WEST YORKSHIRE INTEGRATED CARE BOARD,RXG,SOUTH WEST YORKSHIRE PARTNERSHIP NHS FOUNDATION TRUST,MH070,CYP Wakefield (WCAHMS),B05,Calls abandoned after 60 seconds,0
01/08/2025,31/08/2025,North East and Yorkshire,QWO,NHS WEST YORKSHIRE INTEGRATED CARE BOARD,RXG,SOUTH WEST YORKSHIRE PARTNERSHIP NHS FOUNDATION TRUST,MH070,CYP Wakefield (WCAHMS),B06,Total time to call answer (seconds),0
01/08/2025,31/08/2025,North East and Yorkshire,QWO,NHS WEST YORKSHIRE INTEGRATED CARE BOARD,RXG,SOUTH WEST YORKSHIRE PARTNERSHIP NHS FOUNDATION TRUST,MH070,CYP Wakefield (WCAHMS),B07,95th centile call answer time (seconds),0
01/08/2025,31/08/2025,North East and Yorkshire,QWO,NHS WEST YORKSHIRE INTEGRATED CARE BOARD,RXG,SOUTH WEST YORKSHIRE PARTNERSHIP NHS FOUNDATION TRUST,MH070,CYP Wakefield (WCAHMS),B09,Total time of abandoned calls (seconds),0
01/08/2025,31/08/2025,North East and Yorkshire,QWO,NHS WEST YORKSHIRE INTEGRATED CARE BOARD,RY6,LEEDS COMMUNITY HEALTHCARE NHS TRUST,MH071,CYP Crisis Line - Leeds (LCAHMS),A01,Number of calls received,280
01/08/2025,31/08/2025,North East and Yorkshire,QWO,NHS WEST YORKSHIRE INTEGRATED CARE BOARD,RY6,LEEDS COMMUNITY HEALTHCARE NHS TRUST,MH071,CYP Crisis Line - Leeds (LCAHMS),A02,Calls routed through IVR,-
01/08/2025,31/08/2025,North East and Yorkshire,QWO,NHS WEST YORKSHIRE INTEGRATED CARE BOARD,RY6,LEEDS COMMUNITY HEALTHCARE NHS TRUST,MH071,CYP Crisis Line - Leeds (LCAHMS),A03,Number of answered calls,235
01/08/2025,31/08/2025,North East and Yorkshire,QWO,NHS WEST YORKSHIRE INTEGRATED CARE BOARD,RY6,LEEDS COMMUNITY HEALTHCARE NHS TRUST,MH071,CYP Crisis Line - Leeds (LCAHMS),B01,Number of calls answered within 60 seconds,215
01/08/2025,31/08/2025,North East and Yorkshire,QWO,NHS WEST YORKSHIRE INTEGRATED CARE BOARD,RY6,LEEDS COMMUNITY HEALTHCARE NHS TRUST,MH071,CYP Crisis Line - Leeds (LCAHMS),B02,Number of calls abandoned,29
01/08/2025,31/08/2025,North East and Yorkshire,QWO,NHS WEST YORKSHIRE INTEGRATED CARE BOARD,RY6,LEEDS COMMUNITY HEALTHCARE NHS TRUST,MH071,CYP Crisis Line - Leeds (LCAHMS),B03,Calls abandoned in 30 seconds or less,25
01/08/2025,31/08/2025,North East and Yorkshire,QWO,NHS WEST YORKSHIRE INTEGRATED CARE BOARD,RY6,LEEDS COMMUNITY HEALTHCARE NHS TRUST,MH071,CYP Crisis Line - Leeds (LCAHMS),B04,Calls abandoned in over 30 seconds and up to and including 60 seconds,1
01/08/2025,31/08/2025,North East and Yorkshire,QWO,NHS WEST YORKSHIRE INTEGRATED CARE BOARD,RY6,LEEDS COMMUNITY HEALTHCARE NHS TRUST,MH071,CYP Crisis Line - Leeds (LCAHMS),B05,Calls abandoned after 60 seconds,3
01/08/2025,31/08/2025,North East and Yorkshire,QWO,NHS WEST YORKSHIRE INTEGRATED CARE BOARD,RY6,LEEDS COMMUNITY HEALTHCARE NHS TRUST,MH071,CYP Crisis Line - Leeds (LCAHMS),B06,Total time to call answer (seconds),6580
01/08/2025,31/08/2025,North East and Yorkshire,QWO,NHS WEST YORKSHIRE INTEGRATED CARE BOARD,RY6,LEEDS COMMUNITY HEALTHCARE NHS TRUST,MH071,CYP Crisis Line - Leeds (LCAHMS),B07,95th centile call answer time (seconds),-
01/08/2025,31/08/2025,North East and Yorkshire,QWO,NHS WEST YORKSHIRE INTEGRATED CARE BOARD,RY6,LEEDS COMMUNITY HEALTHCARE NHS TRUST,MH071,CYP Crisis Line - Leeds (LCAHMS),B09,Total time of abandoned calls (seconds),1363
01/08/2025,31/08/2025,North West,QYG,NHS CHESHIRE AND MERSEYSIDE INTEGRATED CARE BOARD,RXA,CHESHIRE AND WIRRAL PARTNERSHIP NHS FOUNDATION TRUST,MH012,Cheshire and Wirral Mental Health Crisis (CWP),A01,Number of calls received,9207
01/08/2025,31/08/2025,North West,QYG,NHS CHESHIRE AND MERSEYSIDE INTEGRATED CARE BOARD,RXA,CHESHIRE AND WIRRAL PARTNERSHIP NHS FOUNDATION TRUST,MH012,Cheshire and Wirral Mental Health Crisis (CWP),A02,Calls routed through IVR,2063
01/08/2025,31/08/2025,North West,QYG,NHS CHESHIRE AND MERSEYSIDE INTEGRATED CARE BOARD,RXA,CHESHIRE AND WIRRAL PARTNERSHIP NHS FOUNDATION TRUST,MH012,Cheshire and Wirral Mental Health Crisis (CWP),A03,Number of answered calls,5362
01/08/2025,31/08/2025,North West,QYG,NHS CHESHIRE AND MERSEYSIDE INTEGRATED CARE BOARD,RXA,CHESHIRE AND WIRRAL PARTNERSHIP NHS FOUNDATION TRUST,MH012,Cheshire and Wirral Mental Health Crisis (CWP),B01,Number of calls answered within 60 seconds,2224
01/08/2025,31/08/2025,North West,QYG,NHS CHESHIRE AND MERSEYSIDE INTEGRATED CARE BOARD,RXA,CHESHIRE AND WIRRAL PARTNERSHIP NHS FOUNDATION TRUST,MH012,Cheshire and Wirral Mental Health Crisis (CWP),B02,Number of calls abandoned,3845
01/08/2025,31/08/2025,North West,QYG,NHS CHESHIRE AND MERSEYSIDE INTEGRATED CARE BOARD,RXA,CHESHIRE AND WIRRAL PARTNERSHIP NHS FOUNDATION TRUST,MH012,Cheshire and Wirral Mental Health Crisis (CWP),B03,Calls abandoned in 30 seconds or less,2102
01/08/2025,31/08/2025,North West,QYG,NHS CHESHIRE AND MERSEYSIDE INTEGRATED CARE BOARD,RXA,CHESHIRE AND WIRRAL PARTNERSHIP NHS FOUNDATION TRUST,MH012,Cheshire and Wirral Mental Health Crisis (CWP),B04,Calls abandoned in over 30 seconds and up to and including 60 seconds,220
01/08/2025,31/08/2025,North West,QYG,NHS CHESHIRE AND MERSEYSIDE INTEGRATED CARE BOARD,RXA,CHESHIRE AND WIRRAL PARTNERSHIP NHS FOUNDATION TRUST,MH012,Cheshire and Wirral Mental Health Crisis (CWP),B05,Calls abandoned after 60 seconds,1523
01/08/2025,31/08/2025,North West,QYG,NHS CHESHIRE AND MERSEYSIDE INTEGRATED CARE BOARD,RXA,CHESHIRE AND WIRRAL PARTNERSHIP NHS FOUNDATION TRUST,MH012,Cheshire and Wirral Mental Health Crisis (CWP),B06,Total time to call answer (seconds),2669258
01/08/2025,31/08/2025,North West,QYG,NHS CHESHIRE AND MERSEYSIDE INTEGRATED CARE BOARD,RXA,CHESHIRE AND WIRRAL PARTNERSHIP NHS FOUNDATION TRUST,MH012,Cheshire and Wirral Mental Health Crisis (CWP),B07,95th centile call answer time (seconds),1957
01/08/2025,31/08/2025,North West,QYG,NHS CHESHIRE AND MERSEYSIDE INTEGRATED CARE BOARD,RXA,CHESHIRE AND WIRRAL PARTNERSHIP NHS FOUNDATION TRUST,MH012,Cheshire and Wirral Mental Health Crisis (CWP),B09,Total time of abandoned calls (seconds),795794
01/08/2025,31/08/2025,North West,QE1,NHS LANCASHIRE AND SOUTH CUMBRIA INTEGRATED CARE BOARD,RW5,LANCASHIRE & SOUTH CUMBRIA NHS FOUNDATION TRUST,MH030,LSCFT IRS,A01,Number of calls received,1820
01/08/2025,31/08/2025,North West,QE1,NHS LANCASHIRE AND SOUTH CUMBRIA INTEGRATED CARE BOARD,RW5,LANCASHIRE & SOUTH CUMBRIA NHS FOUNDATION TRUST,MH030,LSCFT IRS,A02,Calls routed through IVR,1820
01/08/2025,31/08/2025,North West,QE1,NHS LANCASHIRE AND SOUTH CUMBRIA INTEGRATED CARE BOARD,RW5,LANCASHIRE & SOUTH CUMBRIA NHS FOUNDATION TRUST,MH030,LSCFT IRS,A03,Number of answered calls,1388
01/08/2025,31/08/2025,North West,QE1,NHS LANCASHIRE AND SOUTH CUMBRIA INTEGRATED CARE BOARD,RW5,LANCASHIRE & SOUTH CUMBRIA NHS FOUNDATION TRUST,MH030,LSCFT IRS,B01,Number of calls answered within 60 seconds,957
01/08/2025,31/08/2025,North West,QE1,NHS LANCASHIRE AND SOUTH CUMBRIA INTEGRATED CARE BOARD,RW5,LANCASHIRE & SOUTH CUMBRIA NHS FOUNDATION TRUST,MH030,LSCFT IRS,B02,Number of calls abandoned,432
01/08/2025,31/08/2025,North West,QE1,NHS LANCASHIRE AND SOUTH CUMBRIA INTEGRATED CARE BOARD,RW5,LANCASHIRE & SOUTH CUMBRIA NHS FOUNDATION TRUST,MH030,LSCFT IRS,B03,Calls abandoned in 30 seconds or less,163
01/08/2025,31/08/2025,North West,QE1,NHS LANCASHIRE AND SOUTH CUMBRIA INTEGRATED CARE BOARD,RW5,LANCASHIRE & SOUTH CUMBRIA NHS FOUNDATION TRUST,MH030,LSCFT IRS,B04,Calls abandoned in over 30 seconds and up to and including 60 seconds,41
01/08/2025,31/08/2025,North West,QE1,NHS LANCASHIRE AND SOUTH CUMBRIA INTEGRATED CARE BOARD,RW5,LANCASHIRE & SOUTH CUMBRIA NHS FOUNDATION TRUST,MH030,LSCFT IRS,B05,Calls abandoned after 60 seconds,228
01/08/2025,31/08/2025,North West,QE1,NHS LANCASHIRE AND SOUTH CUMBRIA INTEGRATED CARE BOARD,RW5,LANCASHIRE & SOUTH CUMBRIA NHS FOUNDATION TRUST,MH030,LSCFT IRS,B06,Total time to call answer (seconds),192886
01/08/2025,31/08/2025,North West,QE1,NHS LANCASHIRE AND SOUTH CUMBRIA INTEGRATED CARE BOARD,RW5,LANCASHIRE & SOUTH CUMBRIA NHS FOUNDATION TRUST,MH030,LSCFT IRS,B07,95th centile call answer time (seconds),726
01/08/2025,31/08/2025,North West,QE1,NHS LANCASHIRE AND SOUTH CUMBRIA INTEGRATED CARE BOARD,RW5,LANCASHIRE & SOUTH CUMBRIA NHS FOUNDATION TRUST,MH030,LSCFT IRS,B09,Total time of abandoned calls (seconds),91302
01/08/2025,31/08/2025,North West,QYG,NHS CHESHIRE AND MERSEYSIDE INTEGRATED CARE BOARD,RW4,MERSEY CARE NHS FOUNDATION TRUST,MH035,All Age MH Crisis Service,A01,Number of calls received,6631
01/08/2025,31/08/2025,North West,QYG,NHS CHESHIRE AND MERSEYSIDE INTEGRATED CARE BOARD,RW4,MERSEY CARE NHS FOUNDATION TRUST,MH035,All Age MH Crisis Service,A02,Calls routed through IVR,-
01/08/2025,31/08/2025,North West,QYG,NHS CHESHIRE AND MERSEYSIDE INTEGRATED CARE BOARD,RW4,MERSEY CARE NHS FOUNDATION TRUST,MH035,All Age MH Crisis Service,A03,Number of answered calls,3745
01/08/2025,31/08/2025,North West,QYG,NHS CHESHIRE AND MERSEYSIDE INTEGRATED CARE BOARD,RW4,MERSEY CARE NHS FOUNDATION TRUST,MH035,All Age MH Crisis Service,B01,Number of calls answered within 60 seconds,2434
01/08/2025,31/08/2025,North West,QYG,NHS CHESHIRE AND MERSEYSIDE INTEGRATED CARE BOARD,RW4,MERSEY CARE NHS FOUNDATION TRUST,MH035,All Age MH Crisis Service,B02,Number of calls abandoned,1045
01/08/2025,31/08/2025,North West,QYG,NHS CHESHIRE AND MERSEYSIDE INTEGRATED CARE BOARD,RW4,MERSEY CARE NHS FOUNDATION TRUST,MH035,All Age MH Crisis Service,B03,Calls abandoned in 30 seconds or less,154
01/08/2025,31/08/2025,North West,QYG,NHS CHESHIRE AND MERSEYSIDE INTEGRATED CARE BOARD,RW4,MERSEY CARE NHS FOUNDATION TRUST,MH035,All Age MH Crisis Service,B04,Calls abandoned in over 30 seconds and up to and including 60 seconds,178
01/08/2025,31/08/2025,North West,QYG,NHS CHESHIRE AND MERSEYSIDE INTEGRATED CARE BOARD,RW4,MERSEY CARE NHS FOUNDATION TRUST,MH035,All Age MH Crisis Service,B05,Calls abandoned after 60 seconds,713
01/08/2025,31/08/2025,North West,QYG,NHS CHESHIRE AND MERSEYSIDE INTEGRATED CARE BOARD,RW4,MERSEY CARE NHS FOUNDATION TRUST,MH035,All Age MH Crisis Service,B06,Total time to call answer (seconds),2093455
01/08/2025,31/08/2025,North West,QYG,NHS CHESHIRE AND MERSEYSIDE INTEGRATED CARE BOARD,RW4,MERSEY CARE NHS FOUNDATION TRUST,MH035,All Age MH Crisis Service,B07,95th centile call answer time (seconds),-
01/08/2025,31/08/2025,North West,QYG,NHS CHESHIRE AND MERSEYSIDE INTEGRATED CARE BOARD,RW4,MERSEY CARE NHS FOUNDATION TRUST,MH035,All Age MH Crisis Service,B09,Total time of abandoned calls (seconds),488015
01/08/2025,31/08/2025,North West,QOP,NHS GREATER MANCHESTER INTEGRATED CARE BOARD,RXV,GREATER MANCHESTER MENTAL HEALTH NHS FOUNDATION TRUST,MH025,GMMH 24/7 All Age MH Crisis Helpline,A01,Number of calls received,4762
01/08/2025,31/08/2025,North West,QOP,NHS GREATER MANCHESTER INTEGRATED CARE BOARD,RXV,GREATER MANCHESTER MENTAL HEALTH NHS FOUNDATION TRUST,MH025,GMMH 24/7 All Age MH Crisis Helpline,A02,Calls routed through IVR,4762
01/08/2025,31/08/2025,North West,QOP,NHS GREATER MANCHESTER INTEGRATED CARE BOARD,RXV,GREATER MANCHESTER MENTAL HEALTH NHS FOUNDATION TRUST,MH025,GMMH 24/7 All Age MH Crisis Helpline,A03,Number of answered calls,2548
01/08/2025,31/08/2025,North West,QOP,NHS GREATER MANCHESTER INTEGRATED CARE BOARD,RXV,GREATER MANCHESTER MENTAL HEALTH NHS FOUNDATION TRUST,MH025,GMMH 24/7 All Age MH Crisis Helpline,B01,Number of calls answered within 60 seconds,1428
01/08/2025,31/08/2025,North West,QOP,NHS GREATER MANCHESTER INTEGRATED CARE BOARD,RXV,GREATER MANCHESTER MENTAL HEALTH NHS FOUNDATION TRUST,MH025,GMMH 24/7 All Age MH Crisis Helpline,B02,Number of calls abandoned,2214
01/08/2025,31/08/2025,North West,QOP,NHS GREATER MANCHESTER INTEGRATED CARE BOARD,RXV,GREATER MANCHESTER MENTAL HEALTH NHS FOUNDATION TRUST,MH025,GMMH 24/7 All Age MH Crisis Helpline,B03,Calls abandoned in 30 seconds or less,597
01/08/2025,31/08/2025,North West,QOP,NHS GREATER MANCHESTER INTEGRATED CARE BOARD,RXV,GREATER MANCHESTER MENTAL HEALTH NHS FOUNDATION TRUST,MH025,GMMH 24/7 All Age MH Crisis Helpline,B04,Calls abandoned in over 30 seconds and up to and including 60 seconds,160
01/08/2025,31/08/2025,North West,QOP,NHS GREATER MANCHESTER INTEGRATED CARE BOARD,RXV,GREATER MANCHESTER MENTAL HEALTH NHS FOUNDATION TRUST,MH025,GMMH 24/7 All Age MH Crisis Helpline,B05,Calls abandoned after 60 seconds,1457
01/08/2025,31/08/2025,North West,QOP,NHS GREATER MANCHESTER INTEGRATED CARE BOARD,RXV,GREATER MANCHESTER MENTAL HEALTH NHS FOUNDATION TRUST,MH025,GMMH 24/7 All Age MH Crisis Helpline,B06,Total time to call answer (seconds),643618
01/08/2025,31/08/2025,North West,QOP,NHS GREATER MANCHESTER INTEGRATED CARE BOARD,RXV,GREATER MANCHESTER MENTAL HEALTH NHS FOUNDATION TRUST,MH025,GMMH 24/7 All Age MH Crisis Helpline,B07,95th centile call answer time (seconds),1251
01/08/2025,31/08/2025,North West,QOP,NHS GREATER MANCHESTER INTEGRATED CARE BOARD,RXV,GREATER MANCHESTER MENTAL HEALTH NHS FOUNDATION TRUST,MH025,GMMH 24/7 All Age MH Crisis Helpline,B09,Total time of abandoned calls (seconds),756005
01/08/2025,31/08/2025,Midlands,QOC,"NHS SHROPSHIRE, TELFORD AND WREKIN INTEGRATED CARE BOARD",RRE,MIDLANDS PARTNERSHIP UNIVERSITY NHS FOUNDATION TRUST,MH038,Shropshire Telford Wrekin (MPFT),A01,Number of calls received,1833
01/08/2025,31/08/2025,Midlands,QOC,"NHS SHROPSHIRE, TELFORD AND WREKIN INTEGRATED CARE BOARD",RRE,MIDLANDS PARTNERSHIP UNIVERSITY NHS FOUNDATION TRUST,MH038,Shropshire Telford Wrekin (MPFT),A02,Calls routed through IVR,405
01/08/2025,31/08/2025,Midlands,QOC,"NHS SHROPSHIRE, TELFORD AND WREKIN INTEGRATED CARE BOARD",RRE,MIDLANDS PARTNERSHIP UNIVERSITY NHS FOUNDATION TRUST,MH038,Shropshire Telford Wrekin (MPFT),A03,Number of answered calls,1327
01/08/2025,31/08/2025,Midlands,QOC,"NHS SHROPSHIRE, TELFORD AND WREKIN INTEGRATED CARE BOARD",RRE,MIDLANDS PARTNERSHIP UNIVERSITY NHS FOUNDATION TRUST,MH038,Shropshire Telford Wrekin (MPFT),B01,Number of calls answered within 60 seconds,1040
01/08/2025,31/08/2025,Midlands,QOC,"NHS SHROPSHIRE, TELFORD AND WREKIN INTEGRATED CARE BOARD",RRE,MIDLANDS PARTNERSHIP UNIVERSITY NHS FOUNDATION TRUST,MH038,Shropshire Telford Wrekin (MPFT),B02,Number of calls abandoned,300
01/08/2025,31/08/2025,Midlands,QOC,"NHS SHROPSHIRE, TELFORD AND WREKIN INTEGRATED CARE BOARD",RRE,MIDLANDS PARTNERSHIP UNIVERSITY NHS FOUNDATION TRUST,MH038,Shropshire Telford Wrekin (MPFT),B03,Calls abandoned in 30 seconds or less,43
01/08/2025,31/08/2025,Midlands,QOC,"NHS SHROPSHIRE, TELFORD AND WREKIN INTEGRATED CARE BOARD",RRE,MIDLANDS PARTNERSHIP UNIVERSITY NHS FOUNDATION TRUST,MH038,Shropshire Telford Wrekin (MPFT),B04,Calls abandoned in over 30 seconds and up to and including 60 seconds,27
01/08/2025,31/08/2025,Midlands,QOC,"NHS SHROPSHIRE, TELFORD AND WREKIN INTEGRATED CARE BOARD",RRE,MIDLANDS PARTNERSHIP UNIVERSITY NHS FOUNDATION TRUST,MH038,Shropshire Telford Wrekin (MPFT),B05,Calls abandoned after 60 seconds,230
01/08/2025,31/08/2025,Midlands,QOC,"NHS SHROPSHIRE, TELFORD AND WREKIN INTEGRATED CARE BOARD",RRE,MIDLANDS PARTNERSHIP UNIVERSITY NHS FOUNDATION TRUST,MH038,Shropshire Telford Wrekin (MPFT),B06,Total time to call answer (seconds),250993
01/08/2025,31/08/2025,Midlands,QOC,"NHS SHROPSHIRE, TELFORD AND WREKIN INTEGRATED CARE BOARD",RRE,MIDLANDS PARTNERSHIP UNIVERSITY NHS FOUNDATION TRUST,MH038,Shropshire Telford Wrekin (MPFT),B07,95th centile call answer time (seconds),669
01/08/2025,31/08/2025,Midlands,QOC,"NHS SHROPSHIRE, TELFORD AND WREKIN INTEGRATED CARE BOARD",RRE,MIDLANDS PARTNERSHIP UNIVERSITY NHS FOUNDATION TRUST,MH038,Shropshire Telford Wrekin (MPFT),B09,Total time of abandoned calls (seconds),107099
01/08/2025,31/08/2025,Midlands,QNC,NHS STAFFORDSHIRE AND STOKE-ON-TRENT INTEGRATED CARE BOARD,RRE,MIDLANDS PARTNERSHIP UNIVERSITY NHS FOUNDATION TRUST,MH039,Staffordshire and South Staffordshire (MPFT),A01,Number of calls received,4446
01/08/2025,31/08/2025,Midlands,QNC,NHS STAFFORDSHIRE AND STOKE-ON-TRENT INTEGRATED CARE BOARD,RRE,MIDLANDS PARTNERSHIP UNIVERSITY NHS FOUNDATION TRUST,MH039,Staffordshire and South Staffordshire (MPFT),A02,Calls routed through IVR,418
01/08/2025,31/08/2025,Midlands,QNC,NHS STAFFORDSHIRE AND STOKE-ON-TRENT INTEGRATED CARE BOARD,RRE,MIDLANDS PARTNERSHIP UNIVERSITY NHS FOUNDATION TRUST,MH039,Staffordshire and South Staffordshire (MPFT),A03,Number of answered calls,2946
01/08/2025,31/08/2025,Midlands,QNC,NHS STAFFORDSHIRE AND STOKE-ON-TRENT INTEGRATED CARE BOARD,RRE,MIDLANDS PARTNERSHIP UNIVERSITY NHS FOUNDATION TRUST,MH039,Staffordshire and South Staffordshire (MPFT),B01,Number of calls answered within 60 seconds,1399
01/08/2025,31/08/2025,Midlands,QNC,NHS STAFFORDSHIRE AND STOKE-ON-TRENT INTEGRATED CARE BOARD,RRE,MIDLANDS PARTNERSHIP UNIVERSITY NHS FOUNDATION TRUST,MH039,Staffordshire and South Staffordshire (MPFT),B02,Number of calls abandoned,1500
01/08/2025,31/08/2025,Midlands,QNC,NHS STAFFORDSHIRE AND STOKE-ON-TRENT INTEGRATED CARE BOARD,RRE,MIDLANDS PARTNERSHIP UNIVERSITY NHS FOUNDATION TRUST,MH039,Staffordshire and South Staffordshire (MPFT),B03,Calls abandoned in 30 seconds or less,177
01/08/2025,31/08/2025,Midlands,QNC,NHS STAFFORDSHIRE AND STOKE-ON-TRENT INTEGRATED CARE BOARD,RRE,MIDLANDS PARTNERSHIP UNIVERSITY NHS FOUNDATION TRUST,MH039,Staffordshire and South Staffordshire (MPFT),B04,Calls abandoned in over 30 seconds and up to and including 60 seconds,154
01/08/2025,31/08/2025,Midlands,QNC,NHS STAFFORDSHIRE AND STOKE-ON-TRENT INTEGRATED CARE BOARD,RRE,MIDLANDS PARTNERSHIP UNIVERSITY NHS FOUNDATION TRUST,MH039,Staffordshire and South Staffordshire (MPFT),B05,Calls abandoned after 60 seconds,1169
01/08/2025,31/08/2025,Midlands,QNC,NHS STAFFORDSHIRE AND STOKE-ON-TRENT INTEGRATED CARE BOARD,RRE,MIDLANDS PARTNERSHIP UNIVERSITY NHS FOUNDATION TRUST,MH039,Staffordshire and South Staffordshire (MPFT),B06,Total time to call answer (seconds),746809
01/08/2025,31/08/2025,Midlands,QNC,NHS STAFFORDSHIRE AND STOKE-ON-TRENT INTEGRATED CARE BOARD,RRE,MIDLANDS PARTNERSHIP UNIVERSITY NHS FOUNDATION TRUST,MH039,Staffordshire and South Staffordshire (MPFT),B07,95th centile call answer time (seconds),1068
01/08/2025,31/08/2025,Midlands,QNC,NHS STAFFORDSHIRE AND STOKE-ON-TRENT INTEGRATED CARE BOARD,RRE,MIDLANDS PARTNERSHIP UNIVERSITY NHS FOUNDATION TRUST,MH039,Staffordshire and South Staffordshire (MPFT),B09,Total time of abandoned calls (seconds),491069
01/08/2025,31/08/2025,Midlands,QK1,"NHS LEICESTER, LEICESTERSHIRE AND RUTLAND INTEGRATED CARE BOARD",RT5,LEICESTERSHIRE PARTNERSHIP NHS TRUST,MH032,Leicestershire Mental Health Central Access Point (LPT),A01,Number of calls received,5650
01/08/2025,31/08/2025,Midlands,QK1,"NHS LEICESTER, LEICESTERSHIRE AND RUTLAND INTEGRATED CARE BOARD",RT5,LEICESTERSHIRE PARTNERSHIP NHS TRUST,MH032,Leicestershire Mental Health Central Access Point (LPT),A02,Calls routed through IVR,5648
01/08/2025,31/08/2025,Midlands,QK1,"NHS LEICESTER, LEICESTERSHIRE AND RUTLAND INTEGRATED CARE BOARD",RT5,LEICESTERSHIRE PARTNERSHIP NHS TRUST,MH032,Leicestershire Mental Health Central Access Point (LPT),A03,Number of answered calls,4698
01/08/2025,31/08/2025,Midlands,QK1,"NHS LEICESTER, LEICESTERSHIRE AND RUTLAND INTEGRATED CARE BOARD",RT5,LEICESTERSHIRE PARTNERSHIP NHS TRUST,MH032,Leicestershire Mental Health Central Access Point (LPT),B01,Number of calls answered within 60 seconds,4332
01/08/2025,31/08/2025,Midlands,QK1,"NHS LEICESTER, LEICESTERSHIRE AND RUTLAND INTEGRATED CARE BOARD",RT5,LEICESTERSHIRE PARTNERSHIP NHS TRUST,MH032,Leicestershire Mental Health Central Access Point (LPT),B02,Number of calls abandoned,574
01/08/2025,31/08/2025,Midlands,QK1,"NHS LEICESTER, LEICESTERSHIRE AND RUTLAND INTEGRATED CARE BOARD",RT5,LEICESTERSHIRE PARTNERSHIP NHS TRUST,MH032,Leicestershire Mental Health Central Access Point (LPT),B03,Calls abandoned in 30 seconds or less,103
01/08/2025,31/08/2025,Midlands,QK1,"NHS LEICESTER, LEICESTERSHIRE AND RUTLAND INTEGRATED CARE BOARD",RT5,LEICESTERSHIRE PARTNERSHIP NHS TRUST,MH032,Leicestershire Mental Health Central Access Point (LPT),B04,Calls abandoned in over 30 seconds and up to and including 60 seconds,118
01/08/2025,31/08/2025,Midlands,QK1,"NHS LEICESTER, LEICESTERSHIRE AND RUTLAND INTEGRATED CARE BOARD",RT5,LEICESTERSHIRE PARTNERSHIP NHS TRUST,MH032,Leicestershire Mental Health Central Access Point (LPT),B05,Calls abandoned after 60 seconds,353
01/08/2025,31/08/2025,Midlands,QK1,"NHS LEICESTER, LEICESTERSHIRE AND RUTLAND INTEGRATED CARE BOARD",RT5,LEICESTERSHIRE PARTNERSHIP NHS TRUST,MH032,Leicestershire Mental Health Central Access Point (LPT),B06,Total time to call answer (seconds),153016
01/08/2025,31/08/2025,Midlands,QK1,"NHS LEICESTER, LEICESTERSHIRE AND RUTLAND INTEGRATED CARE BOARD",RT5,LEICESTERSHIRE PARTNERSHIP NHS TRUST,MH032,Leicestershire Mental Health Central Access Point (LPT),B07,95th centile call answer time (seconds),133
01/08/2025,31/08/2025,Midlands,QK1,"NHS LEICESTER, LEICESTERSHIRE AND RUTLAND INTEGRATED CARE BOARD",RT5,LEICESTERSHIRE PARTNERSHIP NHS TRUST,MH032,Leicestershire Mental Health Central Access Point (LPT),B09,Total time of abandoned calls (seconds),78888
01/08/2025,31/08/2025,South East,QNX,NHS SUSSEX INTEGRATED CARE BOARD,RX2,SUSSEX PARTNERSHIP NHS FOUNDATION TRUST,MH066,Sussex Partnership NHS Foundation Trust (SPFT),A01,Number of calls received,4805
01/08/2025,31/08/2025,South East,QNX,NHS SUSSEX INTEGRATED CARE BOARD,RX2,SUSSEX PARTNERSHIP NHS FOUNDATION TRUST,MH066,Sussex Partnership NHS Foundation Trust (SPFT),A02,Calls routed through IVR,-
01/08/2025,31/08/2025,South East,QNX,NHS SUSSEX INTEGRATED CARE BOARD,RX2,SUSSEX PARTNERSHIP NHS FOUNDATION TRUST,MH066,Sussex Partnership NHS Foundation Trust (SPFT),A03,Number of answered calls,2351
01/08/2025,31/08/2025,South East,QNX,NHS SUSSEX INTEGRATED CARE BOARD,RX2,SUSSEX PARTNERSHIP NHS FOUNDATION TRUST,MH066,Sussex Partnership NHS Foundation Trust (SPFT),B01,Number of calls answered within 60 seconds,443
01/08/2025,31/08/2025,South East,QNX,NHS SUSSEX INTEGRATED CARE BOARD,RX2,SUSSEX PARTNERSHIP NHS FOUNDATION TRUST,MH066,Sussex Partnership NHS Foundation Trust (SPFT),B02,Number of calls abandoned,2454
01/08/2025,31/08/2025,South East,QNX,NHS SUSSEX INTEGRATED CARE BOARD,RX2,SUSSEX PARTNERSHIP NHS FOUNDATION TRUST,MH066,Sussex Partnership NHS Foundation Trust (SPFT),B03,Calls abandoned in 30 seconds or less,271
01/08/2025,31/08/2025,South East,QNX,NHS SUSSEX INTEGRATED CARE BOARD,RX2,SUSSEX PARTNERSHIP NHS FOUNDATION TRUST,MH066,Sussex Partnership NHS Foundation Trust (SPFT),B04,Calls abandoned in over 30 seconds and up to and including 60 seconds,149
01/08/2025,31/08/2025,South East,QNX,NHS SUSSEX INTEGRATED CARE BOARD,RX2,SUSSEX PARTNERSHIP NHS FOUNDATION TRUST,MH066,Sussex Partnership NHS Foundation Trust (SPFT),B05,Calls abandoned after 60 seconds,2034
01/08/2025,31/08/2025,South East,QNX,NHS SUSSEX INTEGRATED CARE BOARD,RX2,SUSSEX PARTNERSHIP NHS FOUNDATION TRUST,MH066,Sussex Partnership NHS Foundation Trust (SPFT),B06,Total time to call answer (seconds),3741435
01/08/2025,31/08/2025,South East,QNX,NHS SUSSEX INTEGRATED CARE BOARD,RX2,SUSSEX PARTNERSHIP NHS FOUNDATION TRUST,MH066,Sussex Partnership NHS Foundation Trust (SPFT),B07,95th centile call answer time (seconds),5062
01/08/2025,31/08/2025,South East,QNX,NHS SUSSEX INTEGRATED CARE BOARD,RX2,SUSSEX PARTNERSHIP NHS FOUNDATION TRUST,MH066,Sussex Partnership NHS Foundation Trust (SPFT),B09,Total time of abandoned calls (seconds),1476495
01/08/2025,31/08/2025,East of England,QJG,NHS SUFFOLK AND NORTH EAST ESSEX INTEGRATED CARE BOARD,RMY,NORFOLK AND SUFFOLK NHS FOUNDATION TRUST,MH078,NSFT(Suffolk) MH Helpline,A01,Number of calls received,3158
01/08/2025,31/08/2025,East of England,QJG,NHS SUFFOLK AND NORTH EAST ESSEX INTEGRATED CARE BOARD,RMY,NORFOLK AND SUFFOLK NHS FOUNDATION TRUST,MH078,NSFT(Suffolk) MH Helpline,A02,Calls routed through IVR,3158
01/08/2025,31/08/2025,East of England,QJG,NHS SUFFOLK AND NORTH EAST ESSEX INTEGRATED CARE BOARD,RMY,NORFOLK AND SUFFOLK NHS FOUNDATION TRUST,MH078,NSFT(Suffolk) MH Helpline,A03,Number of answered calls,2426
01/08/2025,31/08/2025,East of England,QJG,NHS SUFFOLK AND NORTH EAST ESSEX INTEGRATED CARE BOARD,RMY,NORFOLK AND SUFFOLK NHS FOUNDATION TRUST,MH078,NSFT(Suffolk) MH Helpline,B01,Number of calls answered within 60 seconds,1775
01/08/2025,31/08/2025,East of England,QJG,NHS SUFFOLK AND NORTH EAST ESSEX INTEGRATED CARE BOARD,RMY,NORFOLK AND SUFFOLK NHS FOUNDATION TRUST,MH078,NSFT(Suffolk) MH Helpline,B02,Number of calls abandoned,732
01/08/2025,31/08/2025,East of England,QJG,NHS SUFFOLK AND NORTH EAST ESSEX INTEGRATED CARE BOARD,RMY,NORFOLK AND SUFFOLK NHS FOUNDATION TRUST,MH078,NSFT(Suffolk) MH Helpline,B03,Calls abandoned in 30 seconds or less,164
01/08/2025,31/08/2025,East of England,QJG,NHS SUFFOLK AND NORTH EAST ESSEX INTEGRATED CARE BOARD,RMY,NORFOLK AND SUFFOLK NHS FOUNDATION TRUST,MH078,NSFT(Suffolk) MH Helpline,B04,Calls abandoned in over 30 seconds and up to and including 60 seconds,86
01/08/2025,31/08/2025,East of England,QJG,NHS SUFFOLK AND NORTH EAST ESSEX INTEGRATED CARE BOARD,RMY,NORFOLK AND SUFFOLK NHS FOUNDATION TRUST,MH078,NSFT(Suffolk) MH Helpline,B05,Calls abandoned after 60 seconds,482
01/08/2025,31/08/2025,East of England,QJG,NHS SUFFOLK AND NORTH EAST ESSEX INTEGRATED CARE BOARD,RMY,NORFOLK AND SUFFOLK NHS FOUNDATION TRUST,MH078,NSFT(Suffolk) MH Helpline,B06,Total time to call answer (seconds),462375
01/08/2025,31/08/2025,East of England,QJG,NHS SUFFOLK AND NORTH EAST ESSEX INTEGRATED CARE BOARD,RMY,NORFOLK AND SUFFOLK NHS FOUNDATION TRUST,MH078,NSFT(Suffolk) MH Helpline,B07,95th centile call answer time (seconds),1099
01/08/2025,31/08/2025,East of England,QJG,NHS SUFFOLK AND NORTH EAST ESSEX INTEGRATED CARE BOARD,RMY,NORFOLK AND SUFFOLK NHS FOUNDATION TRUST,MH078,NSFT(Suffolk) MH Helpline,B09,Total time of abandoned calls (seconds),178952
01/08/2025,31/08/2025,East of England,QMM,NHS NORFOLK AND WAVENEY INTEGRATED CARE BOARD,RMY,NORFOLK AND SUFFOLK NHS FOUNDATION TRUST,MH079,NSFT(Norfolk) MH Helpline,A01,Number of calls received,3794
01/08/2025,31/08/2025,East of England,QMM,NHS NORFOLK AND WAVENEY INTEGRATED CARE BOARD,RMY,NORFOLK AND SUFFOLK NHS FOUNDATION TRUST,MH079,NSFT(Norfolk) MH Helpline,A02,Calls routed through IVR,3794
01/08/2025,31/08/2025,East of England,QMM,NHS NORFOLK AND WAVENEY INTEGRATED CARE BOARD,RMY,NORFOLK AND SUFFOLK NHS FOUNDATION TRUST,MH079,NSFT(Norfolk) MH Helpline,A03,Number of answered calls,2851
01/08/2025,31/08/2025,East of England,QMM,NHS NORFOLK AND WAVENEY INTEGRATED CARE BOARD,RMY,NORFOLK AND SUFFOLK NHS FOUNDATION TRUST,MH079,NSFT(Norfolk) MH Helpline,B01,Number of calls answered within 60 seconds,1940
01/08/2025,31/08/2025,East of England,QMM,NHS NORFOLK AND WAVENEY INTEGRATED CARE BOARD,RMY,NORFOLK AND SUFFOLK NHS FOUNDATION TRUST,MH079,NSFT(Norfolk) MH Helpline,B02,Number of calls abandoned,943
01/08/2025,31/08/2025,East of England,QMM,NHS NORFOLK AND WAVENEY INTEGRATED CARE BOARD,RMY,NORFOLK AND SUFFOLK NHS FOUNDATION TRUST,MH079,NSFT(Norfolk) MH Helpline,B03,Calls abandoned in 30 seconds or less,258
01/08/2025,31/08/2025,East of England,QMM,NHS NORFOLK AND WAVENEY INTEGRATED CARE BOARD,RMY,NORFOLK AND SUFFOLK NHS FOUNDATION TRUST,MH079,NSFT(Norfolk) MH Helpline,B04,Calls abandoned in over 30 seconds and up to and including 60 seconds,78
01/08/2025,31/08/2025,East of England,QMM,NHS NORFOLK AND WAVENEY INTEGRATED CARE BOARD,RMY,NORFOLK AND SUFFOLK NHS FOUNDATION TRUST,MH079,NSFT(Norfolk) MH Helpline,B05,Calls abandoned after 60 seconds,607
01/08/2025,31/08/2025,East of England,QMM,NHS NORFOLK AND WAVENEY INTEGRATED CARE BOARD,RMY,NORFOLK AND SUFFOLK NHS FOUNDATION TRUST,MH079,NSFT(Norfolk) MH Helpline,B06,Total time to call answer (seconds),719143
01/08/2025,31/08/2025,East of England,QMM,NHS NORFOLK AND WAVENEY INTEGRATED CARE BOARD,RMY,NORFOLK AND SUFFOLK NHS FOUNDATION TRUST,MH079,NSFT(Norfolk) MH Helpline,B07,95th centile call answer time (seconds),1421
01/08/2025,31/08/2025,East of England,QMM,NHS NORFOLK AND WAVENEY INTEGRATED CARE BOARD,RMY,NORFOLK AND SUFFOLK NHS FOUNDATION TRUST,MH079,NSFT(Norfolk) MH Helpline,B09,Total time of abandoned calls (seconds),328946
01/08/2025,31/08/2025,North East and Yorkshire,QF7,NHS SOUTH YORKSHIRE INTEGRATED CARE BOARD,RXE,ROTHERHAM DONCASTER AND SOUTH HUMBER NHS FOUNDATION TRUST,MH055,Doncaster RDASH,A01,Number of calls received,453
01/08/2025,31/08/2025,North East and Yorkshire,QF7,NHS SOUTH YORKSHIRE INTEGRATED CARE BOARD,RXE,ROTHERHAM DONCASTER AND SOUTH HUMBER NHS FOUNDATION TRUST,MH055,Doncaster RDASH,A02,Calls routed through IVR,453
01/08/2025,31/08/2025,North East and Yorkshire,QF7,NHS SOUTH YORKSHIRE INTEGRATED CARE BOARD,RXE,ROTHERHAM DONCASTER AND SOUTH HUMBER NHS FOUNDATION TRUST,MH055,Doncaster RDASH,A03,Number of answered calls,452
01/08/2025,31/08/2025,North East and Yorkshire,QF7,NHS SOUTH YORKSHIRE INTEGRATED CARE BOARD,RXE,ROTHERHAM DONCASTER AND SOUTH HUMBER NHS FOUNDATION TRUST,MH055,Doncaster RDASH,B01,Number of calls answered within 60 seconds,452
01/08/2025,31/08/2025,North East and Yorkshire,QF7,NHS SOUTH YORKSHIRE INTEGRATED CARE BOARD,RXE,ROTHERHAM DONCASTER AND SOUTH HUMBER NHS FOUNDATION TRUST,MH055,Doncaster RDASH,B02,Number of calls abandoned,1
01/08/2025,31/08/2025,North East and Yorkshire,QF7,NHS SOUTH YORKSHIRE INTEGRATED CARE BOARD,RXE,ROTHERHAM DONCASTER AND SOUTH HUMBER NHS FOUNDATION TRUST,MH055,Doncaster RDASH,B03,Calls abandoned in 30 seconds or less,-
01/08/2025,31/08/2025,North East and Yorkshire,QF7,NHS SOUTH YORKSHIRE INTEGRATED CARE BOARD,RXE,ROTHERHAM DONCASTER AND SOUTH HUMBER NHS FOUNDATION TRUST,MH055,Doncaster RDASH,B04,Calls abandoned in over 30 seconds and up to and including 60 seconds,-
01/08/2025,31/08/2025,North East and Yorkshire,QF7,NHS SOUTH YORKSHIRE INTEGRATED CARE BOARD,RXE,ROTHERHAM DONCASTER AND SOUTH HUMBER NHS FOUNDATION TRUST,MH055,Doncaster RDASH,B05,Calls abandoned after 60 seconds,-
01/08/2025,31/08/2025,North East and Yorkshire,QF7,NHS SOUTH YORKSHIRE INTEGRATED CARE BOARD,RXE,ROTHERHAM DONCASTER AND SOUTH HUMBER NHS FOUNDATION TRUST,MH055,Doncaster RDASH,B06,Total time to call answer (seconds),-
01/08/2025,31/08/2025,North East and Yorkshire,QF7,NHS SOUTH YORKSHIRE INTEGRATED CARE BOARD,RXE,ROTHERHAM DONCASTER AND SOUTH HUMBER NHS FOUNDATION TRUST,MH055,Doncaster RDASH,B07,95th centile call answer time (seconds),1
01/08/2025,31/08/2025,North East and Yorkshire,QF7,NHS SOUTH YORKSHIRE INTEGRATED CARE BOARD,RXE,ROTHERHAM DONCASTER AND SOUTH HUMBER NHS FOUNDATION TRUST,MH055,Doncaster RDASH,B09,Total time of abandoned calls (seconds),-
01/08/2025,31/08/2025,North East and Yorkshire,QF7,NHS SOUTH YORKSHIRE INTEGRATED CARE BOARD,RXE,ROTHERHAM DONCASTER AND SOUTH HUMBER NHS FOUNDATION TRUST,MH056,Rotherham RDASH,A01,Number of calls received,324
01/08/2025,31/08/2025,North East and Yorkshire,QF7,NHS SOUTH YORKSHIRE INTEGRATED CARE BOARD,RXE,ROTHERHAM DONCASTER AND SOUTH HUMBER NHS FOUNDATION TRUST,MH056,Rotherham RDASH,A02,Calls routed through IVR,324
01/08/2025,31/08/2025,North East and Yorkshire,QF7,NHS SOUTH YORKSHIRE INTEGRATED CARE BOARD,RXE,ROTHERHAM DONCASTER AND SOUTH HUMBER NHS FOUNDATION TRUST,MH056,Rotherham RDASH,A03,Number of answered calls,323
01/08/2025,31/08/2025,North East and Yorkshire,QF7,NHS SOUTH YORKSHIRE INTEGRATED CARE BOARD,RXE,ROTHERHAM DONCASTER AND SOUTH HUMBER NHS FOUNDATION TRUST,MH056,Rotherham RDASH,B01,Number of calls answered within 60 seconds,323
01/08/2025,31/08/2025,North East and Yorkshire,QF7,NHS SOUTH YORKSHIRE INTEGRATED CARE BOARD,RXE,ROTHERHAM DONCASTER AND SOUTH HUMBER NHS FOUNDATION TRUST,MH056,Rotherham RDASH,B02,Number of calls abandoned,1
01/08/2025,31/08/2025,North East and Yorkshire,QF7,NHS SOUTH YORKSHIRE INTEGRATED CARE BOARD,RXE,ROTHERHAM DONCASTER AND SOUTH HUMBER NHS FOUNDATION TRUST,MH056,Rotherham RDASH,B03,Calls abandoned in 30 seconds or less,-
01/08/2025,31/08/2025,North East and Yorkshire,QF7,NHS SOUTH YORKSHIRE INTEGRATED CARE BOARD,RXE,ROTHERHAM DONCASTER AND SOUTH HUMBER NHS FOUNDATION TRUST,MH056,Rotherham RDASH,B04,Calls abandoned in over 30 seconds and up to and including 60 seconds,-
01/08/2025,31/08/2025,North East and Yorkshire,QF7,NHS SOUTH YORKSHIRE INTEGRATED CARE BOARD,RXE,ROTHERHAM DONCASTER AND SOUTH HUMBER NHS FOUNDATION TRUST,MH056,Rotherham RDASH,B05,Calls abandoned after 60 seconds,-
01/08/2025,31/08/2025,North East and Yorkshire,QF7,NHS SOUTH YORKSHIRE INTEGRATED CARE BOARD,RXE,ROTHERHAM DONCASTER AND SOUTH HUMBER NHS FOUNDATION TRUST,MH056,Rotherham RDASH,B06,Total time to call answer (seconds),-
01/08/2025,31/08/2025,North East and Yorkshire,QF7,NHS SOUTH YORKSHIRE INTEGRATED CARE BOARD,RXE,ROTHERHAM DONCASTER AND SOUTH HUMBER NHS FOUNDATION TRUST,MH056,Rotherham RDASH,B07,95th centile call answer time (seconds),1
01/08/2025,31/08/2025,North East and Yorkshire,QF7,NHS SOUTH YORKSHIRE INTEGRATED CARE BOARD,RXE,ROTHERHAM DONCASTER AND SOUTH HUMBER NHS FOUNDATION TRUST,MH056,Rotherham RDASH,B09,Total time of abandoned calls (seconds),-
01/08/2025,31/08/2025,North East and Yorkshire,RXE,NHS HUMBER AND NORTH YORKSHIRE INTEGRATED CARE BOARD,RXE,ROTHERHAM DONCASTER AND SOUTH HUMBER NHS FOUNDATION TRUST,MH037,North Lincs RDASH,A01,Number of calls received,206
01/08/2025,31/08/2025,North East and Yorkshire,RXE,NHS HUMBER AND NORTH YORKSHIRE INTEGRATED CARE BOARD,RXE,ROTHERHAM DONCASTER AND SOUTH HUMBER NHS FOUNDATION TRUST,MH037,North Lincs RDASH,A02,Calls routed through IVR,206
01/08/2025,31/08/2025,North East and Yorkshire,RXE,NHS HUMBER AND NORTH YORKSHIRE INTEGRATED CARE BOARD,RXE,ROTHERHAM DONCASTER AND SOUTH HUMBER NHS FOUNDATION TRUST,MH037,North Lincs RDASH,A03,Number of answered calls,206
01/08/2025,31/08/2025,North East and Yorkshire,RXE,NHS HUMBER AND NORTH YORKSHIRE INTEGRATED CARE BOARD,RXE,ROTHERHAM DONCASTER AND SOUTH HUMBER NHS FOUNDATION TRUST,MH037,North Lincs RDASH,B01,Number of calls answered within 60 seconds,206
01/08/2025,31/08/2025,North East and Yorkshire,RXE,NHS HUMBER AND NORTH YORKSHIRE INTEGRATED CARE BOARD,RXE,ROTHERHAM DONCASTER AND SOUTH HUMBER NHS FOUNDATION TRUST,MH037,North Lincs RDASH,B02,Number of calls abandoned,0
01/08/2025,31/08/2025,North East and Yorkshire,RXE,NHS HUMBER AND NORTH YORKSHIRE INTEGRATED CARE BOARD,RXE,ROTHERHAM DONCASTER AND SOUTH HUMBER NHS FOUNDATION TRUST,MH037,North Lincs RDASH,B03,Calls abandoned in 30 seconds or less,-
01/08/2025,31/08/2025,North East and Yorkshire,RXE,NHS HUMBER AND NORTH YORKSHIRE INTEGRATED CARE BOARD,RXE,ROTHERHAM DONCASTER AND SOUTH HUMBER NHS FOUNDATION TRUST,MH037,North Lincs RDASH,B04,Calls abandoned in over 30 seconds and up to and including 60 seconds,-
01/08/2025,31/08/2025,North East and Yorkshire,RXE,NHS HUMBER AND NORTH YORKSHIRE INTEGRATED CARE BOARD,RXE,ROTHERHAM DONCASTER AND SOUTH HUMBER NHS FOUNDATION TRUST,MH037,North Lincs RDASH,B05,Calls abandoned after 60 seconds,-
01/08/2025,31/08/2025,North East and Yorkshire,RXE,NHS HUMBER AND NORTH YORKSHIRE INTEGRATED CARE BOARD,RXE,ROTHERHAM DONCASTER AND SOUTH HUMBER NHS FOUNDATION TRUST,MH037,North Lincs RDASH,B06,Total time to call answer (seconds),-
01/08/2025,31/08/2025,North East and Yorkshire,RXE,NHS HUMBER AND NORTH YORKSHIRE INTEGRATED CARE BOARD,RXE,ROTHERHAM DONCASTER AND SOUTH HUMBER NHS FOUNDATION TRUST,MH037,North Lincs RDASH,B07,95th centile call answer time (seconds),1
01/08/2025,31/08/2025,North East and Yorkshire,RXE,NHS HUMBER AND NORTH YORKSHIRE INTEGRATED CARE BOARD,RXE,ROTHERHAM DONCASTER AND SOUTH HUMBER NHS FOUNDATION TRUST,MH037,North Lincs RDASH,B09,Total time of abandoned calls (seconds),-
01/08/2025,31/08/2025,North East and Yorkshire,QF7,NHS SOUTH YORKSHIRE INTEGRATED CARE BOARD,RCU,SHEFFIELD CHILDREN'S NHS FOUNDATION TRUST,MH075,Papyus,A01,Number of calls received,20
01/08/2025,31/08/2025,North East and Yorkshire,QF7,NHS SOUTH YORKSHIRE INTEGRATED CARE BOARD,RCU,SHEFFIELD CHILDREN'S NHS FOUNDATION TRUST,MH075,Papyus,A02,Calls routed through IVR,11
01/08/2025,31/08/2025,North East and Yorkshire,QF7,NHS SOUTH YORKSHIRE INTEGRATED CARE BOARD,RCU,SHEFFIELD CHILDREN'S NHS FOUNDATION TRUST,MH075,Papyus,A03,Number of answered calls,11
01/08/2025,31/08/2025,North East and Yorkshire,QF7,NHS SOUTH YORKSHIRE INTEGRATED CARE BOARD,RCU,SHEFFIELD CHILDREN'S NHS FOUNDATION TRUST,MH075,Papyus,B01,Number of calls answered within 60 seconds,10
01/08/2025,31/08/2025,North East and Yorkshire,QF7,NHS SOUTH YORKSHIRE INTEGRATED CARE BOARD,RCU,SHEFFIELD CHILDREN'S NHS FOUNDATION TRUST,MH075,Papyus,B02,Number of calls abandoned,9
01/08/2025,31/08/2025,North East and Yorkshire,QF7,NHS SOUTH YORKSHIRE INTEGRATED CARE BOARD,RCU,SHEFFIELD CHILDREN'S NHS FOUNDATION TRUST,MH075,Papyus,B03,Calls abandoned in 30 seconds or less,0
01/08/2025,31/08/2025,North East and Yorkshire,QF7,NHS SOUTH YORKSHIRE INTEGRATED CARE BOARD,RCU,SHEFFIELD CHILDREN'S NHS FOUNDATION TRUST,MH075,Papyus,B04,Calls abandoned in over 30 seconds and up to and including 60 seconds,9
01/08/2025,31/08/2025,North East and Yorkshire,QF7,NHS SOUTH YORKSHIRE INTEGRATED CARE BOARD,RCU,SHEFFIELD CHILDREN'S NHS FOUNDATION TRUST,MH075,Papyus,B05,Calls abandoned after 60 seconds,0
01/08/2025,31/08/2025,North East and Yorkshire,QF7,NHS SOUTH YORKSHIRE INTEGRATED CARE BOARD,RCU,SHEFFIELD CHILDREN'S NHS FOUNDATION TRUST,MH075,Papyus,B06,Total time to call answer (seconds),661
01/08/2025,31/08/2025,North East and Yorkshire,QF7,NHS SOUTH YORKSHIRE INTEGRATED CARE BOARD,RCU,SHEFFIELD CHILDREN'S NHS FOUNDATION TRUST,MH075,Papyus,B07,95th centile call answer time (seconds),13
01/08/2025,31/08/2025,North East and Yorkshire,QF7,NHS SOUTH YORKSHIRE INTEGRATED CARE BOARD,RCU,SHEFFIELD CHILDREN'S NHS FOUNDATION TRUST,MH075,Papyus,B09,Total time of abandoned calls (seconds),540
01/08/2025,31/08/2025,South West,QJK,NHS DEVON INTEGRATED CARE BOARD,NR5,LIVEWELL SOUTHWEST,MH034,Livewell Southwest MH Crisis Line (Livewell),A01,Number of calls received,2028
01/08/2025,31/08/2025,South West,QJK,NHS DEVON INTEGRATED CARE BOARD,NR5,LIVEWELL SOUTHWEST,MH034,Livewell Southwest MH Crisis Line (Livewell),A02,Calls routed through IVR,1499
01/08/2025,31/08/2025,South West,QJK,NHS DEVON INTEGRATED CARE BOARD,NR5,LIVEWELL SOUTHWEST,MH034,Livewell Southwest MH Crisis Line (Livewell),A03,Number of answered calls,1338
01/08/2025,31/08/2025,South West,QJK,NHS DEVON INTEGRATED CARE BOARD,NR5,LIVEWELL SOUTHWEST,MH034,Livewell Southwest MH Crisis Line (Livewell),B01,Number of calls answered within 60 seconds,993
01/08/2025,31/08/2025,South West,QJK,NHS DEVON INTEGRATED CARE BOARD,NR5,LIVEWELL SOUTHWEST,MH034,Livewell Southwest MH Crisis Line (Livewell),B02,Number of calls abandoned,148
01/08/2025,31/08/2025,South West,QJK,NHS DEVON INTEGRATED CARE BOARD,NR5,LIVEWELL SOUTHWEST,MH034,Livewell Southwest MH Crisis Line (Livewell),B03,Calls abandoned in 30 seconds or less,49
01/08/2025,31/08/2025,South West,QJK,NHS DEVON INTEGRATED CARE BOARD,NR5,LIVEWELL SOUTHWEST,MH034,Livewell Southwest MH Crisis Line (Livewell),B04,Calls abandoned in over 30 seconds and up to and including 60 seconds,11
01/08/2025,31/08/2025,South West,QJK,NHS DEVON INTEGRATED CARE BOARD,NR5,LIVEWELL SOUTHWEST,MH034,Livewell Southwest MH Crisis Line (Livewell),B05,Calls abandoned after 60 seconds,88
01/08/2025,31/08/2025,South West,QJK,NHS DEVON INTEGRATED CARE BOARD,NR5,LIVEWELL SOUTHWEST,MH034,Livewell Southwest MH Crisis Line (Livewell),B06,Total time to call answer (seconds),149054
01/08/2025,31/08/2025,South West,QJK,NHS DEVON INTEGRATED CARE BOARD,NR5,LIVEWELL SOUTHWEST,MH034,Livewell Southwest MH Crisis Line (Livewell),B07,95th centile call answer time (seconds),647
01/08/2025,31/08/2025,South West,QJK,NHS DEVON INTEGRATED CARE BOARD,NR5,LIVEWELL SOUTHWEST,MH034,Livewell Southwest MH Crisis Line (Livewell),B09,Total time of abandoned calls (seconds),37291
01/08/2025,31/08/2025,South West,QJK,NHS DEVON INTEGRATED CARE BOARD,RWV,DEVON PARTNERSHIP NHS TRUST,MH019,Devon Partnership NHS Trust All Age,A01,Number of calls received,2268
01/08/2025,31/08/2025,South West,QJK,NHS DEVON INTEGRATED CARE BOARD,RWV,DEVON PARTNERSHIP NHS TRUST,MH019,Devon Partnership NHS Trust All Age,A02,Calls routed through IVR,-
01/08/2025,31/08/2025,South West,QJK,NHS DEVON INTEGRATED CARE BOARD,RWV,DEVON PARTNERSHIP NHS TRUST,MH019,Devon Partnership NHS Trust All Age,A03,Number of answered calls,1658
01/08/2025,31/08/2025,South West,QJK,NHS DEVON INTEGRATED CARE BOARD,RWV,DEVON PARTNERSHIP NHS TRUST,MH019,Devon Partnership NHS Trust All Age,B01,Number of calls answered within 60 seconds,940
01/08/2025,31/08/2025,South West,QJK,NHS DEVON INTEGRATED CARE BOARD,RWV,DEVON PARTNERSHIP NHS TRUST,MH019,Devon Partnership NHS Trust All Age,B02,Number of calls abandoned,610
01/08/2025,31/08/2025,South West,QJK,NHS DEVON INTEGRATED CARE BOARD,RWV,DEVON PARTNERSHIP NHS TRUST,MH019,Devon Partnership NHS Trust All Age,B03,Calls abandoned in 30 seconds or less,64
01/08/2025,31/08/2025,South West,QJK,NHS DEVON INTEGRATED CARE BOARD,RWV,DEVON PARTNERSHIP NHS TRUST,MH019,Devon Partnership NHS Trust All Age,B04,Calls abandoned in over 30 seconds and up to and including 60 seconds,52
01/08/2025,31/08/2025,South West,QJK,NHS DEVON INTEGRATED CARE BOARD,RWV,DEVON PARTNERSHIP NHS TRUST,MH019,Devon Partnership NHS Trust All Age,B05,Calls abandoned after 60 seconds,494
01/08/2025,31/08/2025,South West,QJK,NHS DEVON INTEGRATED CARE BOARD,RWV,DEVON PARTNERSHIP NHS TRUST,MH019,Devon Partnership NHS Trust All Age,B06,Total time to call answer (seconds),395889
01/08/2025,31/08/2025,South West,QJK,NHS DEVON INTEGRATED CARE BOARD,RWV,DEVON PARTNERSHIP NHS TRUST,MH019,Devon Partnership NHS Trust All Age,B07,95th centile call answer time (seconds),-
01/08/2025,31/08/2025,South West,QJK,NHS DEVON INTEGRATED CARE BOARD,RWV,DEVON PARTNERSHIP NHS TRUST,MH019,Devon Partnership NHS Trust All Age,B09,Total time of abandoned calls (seconds),192648
01/08/2025,31/08/2025,Midlands,QJ2,NHS DERBY AND DERBYSHIRE INTEGRATED CARE BOARD,RXM,DERBYSHIRE HEALTHCARE NHS FOUNDATION TRUST,MH018,Derbyshire Mental Health Helpline and Support Service (DHFT),A01,Number of calls received,5645
01/08/2025,31/08/2025,Midlands,QJ2,NHS DERBY AND DERBYSHIRE INTEGRATED CARE BOARD,RXM,DERBYSHIRE HEALTHCARE NHS FOUNDATION TRUST,MH018,Derbyshire Mental Health Helpline and Support Service (DHFT),A02,Calls routed through IVR,1731
01/08/2025,31/08/2025,Midlands,QJ2,NHS DERBY AND DERBYSHIRE INTEGRATED CARE BOARD,RXM,DERBYSHIRE HEALTHCARE NHS FOUNDATION TRUST,MH018,Derbyshire Mental Health Helpline and Support Service (DHFT),A03,Number of answered calls,2820
01/08/2025,31/08/2025,Midlands,QJ2,NHS DERBY AND DERBYSHIRE INTEGRATED CARE BOARD,RXM,DERBYSHIRE HEALTHCARE NHS FOUNDATION TRUST,MH018,Derbyshire Mental Health Helpline and Support Service (DHFT),B01,Number of calls answered within 60 seconds,1773
01/08/2025,31/08/2025,Midlands,QJ2,NHS DERBY AND DERBYSHIRE INTEGRATED CARE BOARD,RXM,DERBYSHIRE HEALTHCARE NHS FOUNDATION TRUST,MH018,Derbyshire Mental Health Helpline and Support Service (DHFT),B02,Number of calls abandoned,2825
01/08/2025,31/08/2025,Midlands,QJ2,NHS DERBY AND DERBYSHIRE INTEGRATED CARE BOARD,RXM,DERBYSHIRE HEALTHCARE NHS FOUNDATION TRUST,MH018,Derbyshire Mental Health Helpline and Support Service (DHFT),B03,Calls abandoned in 30 seconds or less,722
01/08/2025,31/08/2025,Midlands,QJ2,NHS DERBY AND DERBYSHIRE INTEGRATED CARE BOARD,RXM,DERBYSHIRE HEALTHCARE NHS FOUNDATION TRUST,MH018,Derbyshire Mental Health Helpline and Support Service (DHFT),B04,Calls abandoned in over 30 seconds and up to and including 60 seconds,537
01/08/2025,31/08/2025,Midlands,QJ2,NHS DERBY AND DERBYSHIRE INTEGRATED CARE BOARD,RXM,DERBYSHIRE HEALTHCARE NHS FOUNDATION TRUST,MH018,Derbyshire Mental Health Helpline and Support Service (DHFT),B05,Calls abandoned after 60 seconds,1566
01/08/2025,31/08/2025,Midlands,QJ2,NHS DERBY AND DERBYSHIRE INTEGRATED CARE BOARD,RXM,DERBYSHIRE HEALTHCARE NHS FOUNDATION TRUST,MH018,Derbyshire Mental Health Helpline and Support Service (DHFT),B06,Total time to call answer (seconds),225475
01/08/2025,31/08/2025,Midlands,QJ2,NHS DERBY AND DERBYSHIRE INTEGRATED CARE BOARD,RXM,DERBYSHIRE HEALTHCARE NHS FOUNDATION TRUST,MH018,Derbyshire Mental Health Helpline and Support Service (DHFT),B07,95th centile call answer time (seconds),-
01/08/2025,31/08/2025,Midlands,QJ2,NHS DERBY AND DERBYSHIRE INTEGRATED CARE BOARD,RXM,DERBYSHIRE HEALTHCARE NHS FOUNDATION TRUST,MH018,Derbyshire Mental Health Helpline and Support Service (DHFT),B09,Total time of abandoned calls (seconds),463248
01/08/2025,31/08/2025,Midlands,QHL,NHS BIRMINGHAM AND SOLIHULL INTEGRATED CARE BOARD,RXT,BIRMINGHAM AND SOLIHULL MENTAL HEALTH NHS FOUNDATION TRUST,MH006,Birmingham and Solihull Urgent Mental Health Helpline (BSOLMH),A01,Number of calls received,1397
01/08/2025,31/08/2025,Midlands,QHL,NHS BIRMINGHAM AND SOLIHULL INTEGRATED CARE BOARD,RXT,BIRMINGHAM AND SOLIHULL MENTAL HEALTH NHS FOUNDATION TRUST,MH006,Birmingham and Solihull Urgent Mental Health Helpline (BSOLMH),A02,Calls routed through IVR,1397
01/08/2025,31/08/2025,Midlands,QHL,NHS BIRMINGHAM AND SOLIHULL INTEGRATED CARE BOARD,RXT,BIRMINGHAM AND SOLIHULL MENTAL HEALTH NHS FOUNDATION TRUST,MH006,Birmingham and Solihull Urgent Mental Health Helpline (BSOLMH),A03,Number of answered calls,1083
01/08/2025,31/08/2025,Midlands,QHL,NHS BIRMINGHAM AND SOLIHULL INTEGRATED CARE BOARD,RXT,BIRMINGHAM AND SOLIHULL MENTAL HEALTH NHS FOUNDATION TRUST,MH006,Birmingham and Solihull Urgent Mental Health Helpline (BSOLMH),B01,Number of calls answered within 60 seconds,844
01/08/2025,31/08/2025,Midlands,QHL,NHS BIRMINGHAM AND SOLIHULL INTEGRATED CARE BOARD,RXT,BIRMINGHAM AND SOLIHULL MENTAL HEALTH NHS FOUNDATION TRUST,MH006,Birmingham and Solihull Urgent Mental Health Helpline (BSOLMH),B02,Number of calls abandoned,161
01/08/2025,31/08/2025,Midlands,QHL,NHS BIRMINGHAM AND SOLIHULL INTEGRATED CARE BOARD,RXT,BIRMINGHAM AND SOLIHULL MENTAL HEALTH NHS FOUNDATION TRUST,MH006,Birmingham and Solihull Urgent Mental Health Helpline (BSOLMH),B03,Calls abandoned in 30 seconds or less,54
01/08/2025,31/08/2025,Midlands,QHL,NHS BIRMINGHAM AND SOLIHULL INTEGRATED CARE BOARD,RXT,BIRMINGHAM AND SOLIHULL MENTAL HEALTH NHS FOUNDATION TRUST,MH006,Birmingham and Solihull Urgent Mental Health Helpline (BSOLMH),B04,Calls abandoned in over 30 seconds and up to and including 60 seconds,12
01/08/2025,31/08/2025,Midlands,QHL,NHS BIRMINGHAM AND SOLIHULL INTEGRATED CARE BOARD,RXT,BIRMINGHAM AND SOLIHULL MENTAL HEALTH NHS FOUNDATION TRUST,MH006,Birmingham and Solihull Urgent Mental Health Helpline (BSOLMH),B05,Calls abandoned after 60 seconds,95
01/08/2025,31/08/2025,Midlands,QHL,NHS BIRMINGHAM AND SOLIHULL INTEGRATED CARE BOARD,RXT,BIRMINGHAM AND SOLIHULL MENTAL HEALTH NHS FOUNDATION TRUST,MH006,Birmingham and Solihull Urgent Mental Health Helpline (BSOLMH),B06,Total time to call answer (seconds),94709
01/08/2025,31/08/2025,Midlands,QHL,NHS BIRMINGHAM AND SOLIHULL INTEGRATED CARE BOARD,RXT,BIRMINGHAM AND SOLIHULL MENTAL HEALTH NHS FOUNDATION TRUST,MH006,Birmingham and Solihull Urgent Mental Health Helpline (BSOLMH),B07,95th centile call answer time (seconds),464
01/08/2025,31/08/2025,Midlands,QHL,NHS BIRMINGHAM AND SOLIHULL INTEGRATED CARE BOARD,RXT,BIRMINGHAM AND SOLIHULL MENTAL HEALTH NHS FOUNDATION TRUST,MH006,Birmingham and Solihull Urgent Mental Health Helpline (BSOLMH),B09,Total time of abandoned calls (seconds),29242
01/08/2025,31/08/2025,Midlands,QNC,NHS STAFFORDSHIRE AND STOKE-ON-TRENT INTEGRATED CARE BOARD,RLY,NORTH STAFFORDSHIRE COMBINED HEALTHCARE NHS TRUST,MH049,Crisis Care Centre (NSCHT),A01,Number of calls received,2707
01/08/2025,31/08/2025,Midlands,QNC,NHS STAFFORDSHIRE AND STOKE-ON-TRENT INTEGRATED CARE BOARD,RLY,NORTH STAFFORDSHIRE COMBINED HEALTHCARE NHS TRUST,MH049,Crisis Care Centre (NSCHT),A02,Calls routed through IVR,375
01/08/2025,31/08/2025,Midlands,QNC,NHS STAFFORDSHIRE AND STOKE-ON-TRENT INTEGRATED CARE BOARD,RLY,NORTH STAFFORDSHIRE COMBINED HEALTHCARE NHS TRUST,MH049,Crisis Care Centre (NSCHT),A03,Number of answered calls,2121
01/08/2025,31/08/2025,Midlands,QNC,NHS STAFFORDSHIRE AND STOKE-ON-TRENT INTEGRATED CARE BOARD,RLY,NORTH STAFFORDSHIRE COMBINED HEALTHCARE NHS TRUST,MH049,Crisis Care Centre (NSCHT),B01,Number of calls answered within 60 seconds,2025
01/08/2025,31/08/2025,Midlands,QNC,NHS STAFFORDSHIRE AND STOKE-ON-TRENT INTEGRATED CARE BOARD,RLY,NORTH STAFFORDSHIRE COMBINED HEALTHCARE NHS TRUST,MH049,Crisis Care Centre (NSCHT),B02,Number of calls abandoned,586
01/08/2025,31/08/2025,Midlands,QNC,NHS STAFFORDSHIRE AND STOKE-ON-TRENT INTEGRATED CARE BOARD,RLY,NORTH STAFFORDSHIRE COMBINED HEALTHCARE NHS TRUST,MH049,Crisis Care Centre (NSCHT),B03,Calls abandoned in 30 seconds or less,102
01/08/2025,31/08/2025,Midlands,QNC,NHS STAFFORDSHIRE AND STOKE-ON-TRENT INTEGRATED CARE BOARD,RLY,NORTH STAFFORDSHIRE COMBINED HEALTHCARE NHS TRUST,MH049,Crisis Care Centre (NSCHT),B04,Calls abandoned in over 30 seconds and up to and including 60 seconds,58
01/08/2025,31/08/2025,Midlands,QNC,NHS STAFFORDSHIRE AND STOKE-ON-TRENT INTEGRATED CARE BOARD,RLY,NORTH STAFFORDSHIRE COMBINED HEALTHCARE NHS TRUST,MH049,Crisis Care Centre (NSCHT),B05,Calls abandoned after 60 seconds,426
01/08/2025,31/08/2025,Midlands,QNC,NHS STAFFORDSHIRE AND STOKE-ON-TRENT INTEGRATED CARE BOARD,RLY,NORTH STAFFORDSHIRE COMBINED HEALTHCARE NHS TRUST,MH049,Crisis Care Centre (NSCHT),B06,Total time to call answer (seconds),357161
01/08/2025,31/08/2025,Midlands,QNC,NHS STAFFORDSHIRE AND STOKE-ON-TRENT INTEGRATED CARE BOARD,RLY,NORTH STAFFORDSHIRE COMBINED HEALTHCARE NHS TRUST,MH049,Crisis Care Centre (NSCHT),B07,95th centile call answer time (seconds),1081
01/08/2025,31/08/2025,Midlands,QNC,NHS STAFFORDSHIRE AND STOKE-ON-TRENT INTEGRATED CARE BOARD,RLY,NORTH STAFFORDSHIRE COMBINED HEALTHCARE NHS TRUST,MH049,Crisis Care Centre (NSCHT),B09,Total time of abandoned calls (seconds),240637
01/08/2025,31/08/2025,London,QVR,NHS NORTH WEST LONDON INTEGRATED CARE BOARD,RV3,CENTRAL AND NORTH WEST LONDON NHS FOUNDATION TRUST,MH011,North West London - Central and North West London NHS Foundation Trust (CNWL),A01,Number of calls received,1090
01/08/2025,31/08/2025,London,QVR,NHS NORTH WEST LONDON INTEGRATED CARE BOARD,RV3,CENTRAL AND NORTH WEST LONDON NHS FOUNDATION TRUST,MH011,North West London - Central and North West London NHS Foundation Trust (CNWL),A02,Calls routed through IVR,1090
01/08/2025,31/08/2025,London,QVR,NHS NORTH WEST LONDON INTEGRATED CARE BOARD,RV3,CENTRAL AND NORTH WEST LONDON NHS FOUNDATION TRUST,MH011,North West London - Central and North West London NHS Foundation Trust (CNWL),A03,Number of answered calls,678
01/08/2025,31/08/2025,London,QVR,NHS NORTH WEST LONDON INTEGRATED CARE BOARD,RV3,CENTRAL AND NORTH WEST LONDON NHS FOUNDATION TRUST,MH011,North West London - Central and North West London NHS Foundation Trust (CNWL),B01,Number of calls answered within 60 seconds,434
01/08/2025,31/08/2025,London,QVR,NHS NORTH WEST LONDON INTEGRATED CARE BOARD,RV3,CENTRAL AND NORTH WEST LONDON NHS FOUNDATION TRUST,MH011,North West London - Central and North West London NHS Foundation Trust (CNWL),B02,Number of calls abandoned,119
01/08/2025,31/08/2025,London,QVR,NHS NORTH WEST LONDON INTEGRATED CARE BOARD,RV3,CENTRAL AND NORTH WEST LONDON NHS FOUNDATION TRUST,MH011,North West London - Central and North West London NHS Foundation Trust (CNWL),B03,Calls abandoned in 30 seconds or less,36
01/08/2025,31/08/2025,London,QVR,NHS NORTH WEST LONDON INTEGRATED CARE BOARD,RV3,CENTRAL AND NORTH WEST LONDON NHS FOUNDATION TRUST,MH011,North West London - Central and North West London NHS Foundation Trust (CNWL),B04,Calls abandoned in over 30 seconds and up to and including 60 seconds,25
01/08/2025,31/08/2025,London,QVR,NHS NORTH WEST LONDON INTEGRATED CARE BOARD,RV3,CENTRAL AND NORTH WEST LONDON NHS FOUNDATION TRUST,MH011,North West London - Central and North West London NHS Foundation Trust (CNWL),B05,Calls abandoned after 60 seconds,58
01/08/2025,31/08/2025,London,QVR,NHS NORTH WEST LONDON INTEGRATED CARE BOARD,RV3,CENTRAL AND NORTH WEST LONDON NHS FOUNDATION TRUST,MH011,North West London - Central and North West London NHS Foundation Trust (CNWL),B06,Total time to call answer (seconds),100565
01/08/2025,31/08/2025,London,QVR,NHS NORTH WEST LONDON INTEGRATED CARE BOARD,RV3,CENTRAL AND NORTH WEST LONDON NHS FOUNDATION TRUST,MH011,North West London - Central and North West London NHS Foundation Trust (CNWL),B07,95th centile call answer time (seconds),604
01/08/2025,31/08/2025,London,QVR,NHS NORTH WEST LONDON INTEGRATED CARE BOARD,RV3,CENTRAL AND NORTH WEST LONDON NHS FOUNDATION TRUST,MH011,North West London - Central and North West London NHS Foundation Trust (CNWL),B09,Total time of abandoned calls (seconds),16199
01/08/2025,31/08/2025,East of England,QHG,"NHS BEDFORDSHIRE, LUTON AND MILTON KEYNES INTEGRATED CARE BOARD",RV3,CENTRAL AND NORTH WEST LONDON NHS FOUNDATION TRUST,MH017,Milton Keynes MH Crisis Line,A01,Number of calls received,369
01/08/2025,31/08/2025,East of England,QHG,"NHS BEDFORDSHIRE, LUTON AND MILTON KEYNES INTEGRATED CARE BOARD",RV3,CENTRAL AND NORTH WEST LONDON NHS FOUNDATION TRUST,MH017,Milton Keynes MH Crisis Line,A02,Calls routed through IVR,369
01/08/2025,31/08/2025,East of England,QHG,"NHS BEDFORDSHIRE, LUTON AND MILTON KEYNES INTEGRATED CARE BOARD",RV3,CENTRAL AND NORTH WEST LONDON NHS FOUNDATION TRUST,MH017,Milton Keynes MH Crisis Line,A03,Number of answered calls,283
01/08/2025,31/08/2025,East of England,QHG,"NHS BEDFORDSHIRE, LUTON AND MILTON KEYNES INTEGRATED CARE BOARD",RV3,CENTRAL AND NORTH WEST LONDON NHS FOUNDATION TRUST,MH017,Milton Keynes MH Crisis Line,B01,Number of calls answered within 60 seconds,257
01/08/2025,31/08/2025,East of England,QHG,"NHS BEDFORDSHIRE, LUTON AND MILTON KEYNES INTEGRATED CARE BOARD",RV3,CENTRAL AND NORTH WEST LONDON NHS FOUNDATION TRUST,MH017,Milton Keynes MH Crisis Line,B02,Number of calls abandoned,29
01/08/2025,31/08/2025,East of England,QHG,"NHS BEDFORDSHIRE, LUTON AND MILTON KEYNES INTEGRATED CARE BOARD",RV3,CENTRAL AND NORTH WEST LONDON NHS FOUNDATION TRUST,MH017,Milton Keynes MH Crisis Line,B03,Calls abandoned in 30 seconds or less,12
01/08/2025,31/08/2025,East of England,QHG,"NHS BEDFORDSHIRE, LUTON AND MILTON KEYNES INTEGRATED CARE BOARD",RV3,CENTRAL AND NORTH WEST LONDON NHS FOUNDATION TRUST,MH017,Milton Keynes MH Crisis Line,B04,Calls abandoned in over 30 seconds and up to and including 60 seconds,7
01/08/2025,31/08/2025,East of England,QHG,"NHS BEDFORDSHIRE, LUTON AND MILTON KEYNES INTEGRATED CARE BOARD",RV3,CENTRAL AND NORTH WEST LONDON NHS FOUNDATION TRUST,MH017,Milton Keynes MH Crisis Line,B05,Calls abandoned after 60 seconds,10
01/08/2025,31/08/2025,East of England,QHG,"NHS BEDFORDSHIRE, LUTON AND MILTON KEYNES INTEGRATED CARE BOARD",RV3,CENTRAL AND NORTH WEST LONDON NHS FOUNDATION TRUST,MH017,Milton Keynes MH Crisis Line,B06,Total time to call answer (seconds),22493
01/08/2025,31/08/2025,East of England,QHG,"NHS BEDFORDSHIRE, LUTON AND MILTON KEYNES INTEGRATED CARE BOARD",RV3,CENTRAL AND NORTH WEST LONDON NHS FOUNDATION TRUST,MH017,Milton Keynes MH Crisis Line,B07,95th centile call answer time (seconds),1301
01/08/2025,31/08/2025,East of England,QHG,"NHS BEDFORDSHIRE, LUTON AND MILTON KEYNES INTEGRATED CARE BOARD",RV3,CENTRAL AND NORTH WEST LONDON NHS FOUNDATION TRUST,MH017,Milton Keynes MH Crisis Line,B09,Total time of abandoned calls (seconds),2979
01/08/2025,31/08/2025,Midlands,QJM,NHS LINCOLNSHIRE INTEGRATED CARE BOARD,RP7,LINCOLNSHIRE PARTNERSHIP NHS FOUNDATION TRUST,MH033,LPFT,A01,Number of calls received,2113
01/08/2025,31/08/2025,Midlands,QJM,NHS LINCOLNSHIRE INTEGRATED CARE BOARD,RP7,LINCOLNSHIRE PARTNERSHIP NHS FOUNDATION TRUST,MH033,LPFT,A02,Calls routed through IVR,-
01/08/2025,31/08/2025,Midlands,QJM,NHS LINCOLNSHIRE INTEGRATED CARE BOARD,RP7,LINCOLNSHIRE PARTNERSHIP NHS FOUNDATION TRUST,MH033,LPFT,A03,Number of answered calls,1507
01/08/2025,31/08/2025,Midlands,QJM,NHS LINCOLNSHIRE INTEGRATED CARE BOARD,RP7,LINCOLNSHIRE PARTNERSHIP NHS FOUNDATION TRUST,MH033,LPFT,B01,Number of calls answered within 60 seconds,1321
01/08/2025,31/08/2025,Midlands,QJM,NHS LINCOLNSHIRE INTEGRATED CARE BOARD,RP7,LINCOLNSHIRE PARTNERSHIP NHS FOUNDATION TRUST,MH033,LPFT,B02,Number of calls abandoned,181
01/08/2025,31/08/2025,Midlands,QJM,NHS LINCOLNSHIRE INTEGRATED CARE BOARD,RP7,LINCOLNSHIRE PARTNERSHIP NHS FOUNDATION TRUST,MH033,LPFT,B03,Calls abandoned in 30 seconds or less,71
01/08/2025,31/08/2025,Midlands,QJM,NHS LINCOLNSHIRE INTEGRATED CARE BOARD,RP7,LINCOLNSHIRE PARTNERSHIP NHS FOUNDATION TRUST,MH033,LPFT,B04,Calls abandoned in over 30 seconds and up to and including 60 seconds,13
01/08/2025,31/08/2025,Midlands,QJM,NHS LINCOLNSHIRE INTEGRATED CARE BOARD,RP7,LINCOLNSHIRE PARTNERSHIP NHS FOUNDATION TRUST,MH033,LPFT,B05,Calls abandoned after 60 seconds,97
01/08/2025,31/08/2025,Midlands,QJM,NHS LINCOLNSHIRE INTEGRATED CARE BOARD,RP7,LINCOLNSHIRE PARTNERSHIP NHS FOUNDATION TRUST,MH033,LPFT,B06,Total time to call answer (seconds),112784
01/08/2025,31/08/2025,Midlands,QJM,NHS LINCOLNSHIRE INTEGRATED CARE BOARD,RP7,LINCOLNSHIRE PARTNERSHIP NHS FOUNDATION TRUST,MH033,LPFT,B07,95th centile call answer time (seconds),410
01/08/2025,31/08/2025,Midlands,QJM,NHS LINCOLNSHIRE INTEGRATED CARE BOARD,RP7,LINCOLNSHIRE PARTNERSHIP NHS FOUNDATION TRUST,MH033,LPFT,B09,Total time of abandoned calls (seconds),48583
01/08/2025,31/08/2025,South West,QVV,NHS DORSET INTEGRATED CARE BOARD,RDY,DORSET HEALTHCARE UNIVERSITY NHS FOUNDATION TRUST,MH021,Dorset 24/7 Connection (DHC),A01,Number of calls received,839
01/08/2025,31/08/2025,South West,QVV,NHS DORSET INTEGRATED CARE BOARD,RDY,DORSET HEALTHCARE UNIVERSITY NHS FOUNDATION TRUST,MH021,Dorset 24/7 Connection (DHC),A02,Calls routed through IVR,-
01/08/2025,31/08/2025,South West,QVV,NHS DORSET INTEGRATED CARE BOARD,RDY,DORSET HEALTHCARE UNIVERSITY NHS FOUNDATION TRUST,MH021,Dorset 24/7 Connection (DHC),A03,Number of answered calls,706
01/08/2025,31/08/2025,South West,QVV,NHS DORSET INTEGRATED CARE BOARD,RDY,DORSET HEALTHCARE UNIVERSITY NHS FOUNDATION TRUST,MH021,Dorset 24/7 Connection (DHC),B01,Number of calls answered within 60 seconds,-
01/08/2025,31/08/2025,South West,QVV,NHS DORSET INTEGRATED CARE BOARD,RDY,DORSET HEALTHCARE UNIVERSITY NHS FOUNDATION TRUST,MH021,Dorset 24/7 Connection (DHC),B02,Number of calls abandoned,133
01/08/2025,31/08/2025,South West,QVV,NHS DORSET INTEGRATED CARE BOARD,RDY,DORSET HEALTHCARE UNIVERSITY NHS FOUNDATION TRUST,MH021,Dorset 24/7 Connection (DHC),B03,Calls abandoned in 30 seconds or less,-
01/08/2025,31/08/2025,South West,QVV,NHS DORSET INTEGRATED CARE BOARD,RDY,DORSET HEALTHCARE UNIVERSITY NHS FOUNDATION TRUST,MH021,Dorset 24/7 Connection (DHC),B04,Calls abandoned in over 30 seconds and up to and including 60 seconds,-
01/08/2025,31/08/2025,South West,QVV,NHS DORSET INTEGRATED CARE BOARD,RDY,DORSET HEALTHCARE UNIVERSITY NHS FOUNDATION TRUST,MH021,Dorset 24/7 Connection (DHC),B05,Calls abandoned after 60 seconds,-
01/08/2025,31/08/2025,South West,QVV,NHS DORSET INTEGRATED CARE BOARD,RDY,DORSET HEALTHCARE UNIVERSITY NHS FOUNDATION TRUST,MH021,Dorset 24/7 Connection (DHC),B06,Total time to call answer (seconds),-
01/08/2025,31/08/2025,South West,QVV,NHS DORSET INTEGRATED CARE BOARD,RDY,DORSET HEALTHCARE UNIVERSITY NHS FOUNDATION TRUST,MH021,Dorset 24/7 Connection (DHC),B07,95th centile call answer time (seconds),-
01/08/2025,31/08/2025,South West,QVV,NHS DORSET INTEGRATED CARE BOARD,RDY,DORSET HEALTHCARE UNIVERSITY NHS FOUNDATION TRUST,MH021,Dorset 24/7 Connection (DHC),B09,Total time of abandoned calls (seconds),-
01/08/2025,31/08/2025,North East and Yorkshire,QHM,NHS NORTH EAST AND NORTH CUMBRIA INTEGRATED CARE BOARD,RX4,"CUMBRIA, NORTHUMBERLAND, TYNE AND WEAR NHS FOUNDATION TRUST",MH016,"Cumbria, Northumberland, Tyne and Wear Crisis Line (CNTW)",A01,Number of calls received,4208
01/08/2025,31/08/2025,North East and Yorkshire,QHM,NHS NORTH EAST AND NORTH CUMBRIA INTEGRATED CARE BOARD,RX4,"CUMBRIA, NORTHUMBERLAND, TYNE AND WEAR NHS FOUNDATION TRUST",MH016,"Cumbria, Northumberland, Tyne and Wear Crisis Line (CNTW)",A02,Calls routed through IVR,4208
01/08/2025,31/08/2025,North East and Yorkshire,QHM,NHS NORTH EAST AND NORTH CUMBRIA INTEGRATED CARE BOARD,RX4,"CUMBRIA, NORTHUMBERLAND, TYNE AND WEAR NHS FOUNDATION TRUST",MH016,"Cumbria, Northumberland, Tyne and Wear Crisis Line (CNTW)",A03,Number of answered calls,3773
01/08/2025,31/08/2025,North East and Yorkshire,QHM,NHS NORTH EAST AND NORTH CUMBRIA INTEGRATED CARE BOARD,RX4,"CUMBRIA, NORTHUMBERLAND, TYNE AND WEAR NHS FOUNDATION TRUST",MH016,"Cumbria, Northumberland, Tyne and Wear Crisis Line (CNTW)",B01,Number of calls answered within 60 seconds,2591
01/08/2025,31/08/2025,North East and Yorkshire,QHM,NHS NORTH EAST AND NORTH CUMBRIA INTEGRATED CARE BOARD,RX4,"CUMBRIA, NORTHUMBERLAND, TYNE AND WEAR NHS FOUNDATION TRUST",MH016,"Cumbria, Northumberland, Tyne and Wear Crisis Line (CNTW)",B02,Number of calls abandoned,435
01/08/2025,31/08/2025,North East and Yorkshire,QHM,NHS NORTH EAST AND NORTH CUMBRIA INTEGRATED CARE BOARD,RX4,"CUMBRIA, NORTHUMBERLAND, TYNE AND WEAR NHS FOUNDATION TRUST",MH016,"Cumbria, Northumberland, Tyne and Wear Crisis Line (CNTW)",B03,Calls abandoned in 30 seconds or less,157
01/08/2025,31/08/2025,North East and Yorkshire,QHM,NHS NORTH EAST AND NORTH CUMBRIA INTEGRATED CARE BOARD,RX4,"CUMBRIA, NORTHUMBERLAND, TYNE AND WEAR NHS FOUNDATION TRUST",MH016,"Cumbria, Northumberland, Tyne and Wear Crisis Line (CNTW)",B04,Calls abandoned in over 30 seconds and up to and including 60 seconds,53
01/08/2025,31/08/2025,North East and Yorkshire,QHM,NHS NORTH EAST AND NORTH CUMBRIA INTEGRATED CARE BOARD,RX4,"CUMBRIA, NORTHUMBERLAND, TYNE AND WEAR NHS FOUNDATION TRUST",MH016,"Cumbria, Northumberland, Tyne and Wear Crisis Line (CNTW)",B05,Calls abandoned after 60 seconds,225
01/08/2025,31/08/2025,North East and Yorkshire,QHM,NHS NORTH EAST AND NORTH CUMBRIA INTEGRATED CARE BOARD,RX4,"CUMBRIA, NORTHUMBERLAND, TYNE AND WEAR NHS FOUNDATION TRUST",MH016,"Cumbria, Northumberland, Tyne and Wear Crisis Line (CNTW)",B06,Total time to call answer (seconds),393521
01/08/2025,31/08/2025,North East and Yorkshire,QHM,NHS NORTH EAST AND NORTH CUMBRIA INTEGRATED CARE BOARD,RX4,"CUMBRIA, NORTHUMBERLAND, TYNE AND WEAR NHS FOUNDATION TRUST",MH016,"Cumbria, Northumberland, Tyne and Wear Crisis Line (CNTW)",B07,95th centile call answer time (seconds),476
01/08/2025,31/08/2025,North East and Yorkshire,QHM,NHS NORTH EAST AND NORTH CUMBRIA INTEGRATED CARE BOARD,RX4,"CUMBRIA, NORTHUMBERLAND, TYNE AND WEAR NHS FOUNDATION TRUST",MH016,"Cumbria, Northumberland, Tyne and Wear Crisis Line (CNTW)",B09,Total time of abandoned calls (seconds),71533
01/08/2025,31/08/2025,North West,QYG,NHS CHESHIRE AND MERSEYSIDE INTEGRATED CARE BOARD,RBS,ALDER HEY CHILDREN'S NHS FOUNDATION TRUST,MH001,AlderHey CAMHS Crisis Care (AlderHey),A01,Number of calls received,575
01/08/2025,31/08/2025,North West,QYG,NHS CHESHIRE AND MERSEYSIDE INTEGRATED CARE BOARD,RBS,ALDER HEY CHILDREN'S NHS FOUNDATION TRUST,MH001,AlderHey CAMHS Crisis Care (AlderHey),A02,Calls routed through IVR,0
01/08/2025,31/08/2025,North West,QYG,NHS CHESHIRE AND MERSEYSIDE INTEGRATED CARE BOARD,RBS,ALDER HEY CHILDREN'S NHS FOUNDATION TRUST,MH001,AlderHey CAMHS Crisis Care (AlderHey),A03,Number of answered calls,559
01/08/2025,31/08/2025,North West,QYG,NHS CHESHIRE AND MERSEYSIDE INTEGRATED CARE BOARD,RBS,ALDER HEY CHILDREN'S NHS FOUNDATION TRUST,MH001,AlderHey CAMHS Crisis Care (AlderHey),B01,Number of calls answered within 60 seconds,559
01/08/2025,31/08/2025,North West,QYG,NHS CHESHIRE AND MERSEYSIDE INTEGRATED CARE BOARD,RBS,ALDER HEY CHILDREN'S NHS FOUNDATION TRUST,MH001,AlderHey CAMHS Crisis Care (AlderHey),B02,Number of calls abandoned,16
01/08/2025,31/08/2025,North West,QYG,NHS CHESHIRE AND MERSEYSIDE INTEGRATED CARE BOARD,RBS,ALDER HEY CHILDREN'S NHS FOUNDATION TRUST,MH001,AlderHey CAMHS Crisis Care (AlderHey),B03,Calls abandoned in 30 seconds or less,16
01/08/2025,31/08/2025,North West,QYG,NHS CHESHIRE AND MERSEYSIDE INTEGRATED CARE BOARD,RBS,ALDER HEY CHILDREN'S NHS FOUNDATION TRUST,MH001,AlderHey CAMHS Crisis Care (AlderHey),B04,Calls abandoned in over 30 seconds and up to and including 60 seconds,0
01/08/2025,31/08/2025,North West,QYG,NHS CHESHIRE AND MERSEYSIDE INTEGRATED CARE BOARD,RBS,ALDER HEY CHILDREN'S NHS FOUNDATION TRUST,MH001,AlderHey CAMHS Crisis Care (AlderHey),B05,Calls abandoned after 60 seconds,0
01/08/2025,31/08/2025,North West,QYG,NHS CHESHIRE AND MERSEYSIDE INTEGRATED CARE BOARD,RBS,ALDER HEY CHILDREN'S NHS FOUNDATION TRUST,MH001,AlderHey CAMHS Crisis Care (AlderHey),B06,Total time to call answer (seconds),4680
01/08/2025,31/08/2025,North West,QYG,NHS CHESHIRE AND MERSEYSIDE INTEGRATED CARE BOARD,RBS,ALDER HEY CHILDREN'S NHS FOUNDATION TRUST,MH001,AlderHey CAMHS Crisis Care (AlderHey),B07,95th centile call answer time (seconds),0
01/08/2025,31/08/2025,North West,QYG,NHS CHESHIRE AND MERSEYSIDE INTEGRATED CARE BOARD,RBS,ALDER HEY CHILDREN'S NHS FOUNDATION TRUST,MH001,AlderHey CAMHS Crisis Care (AlderHey),B09,Total time of abandoned calls (seconds),60
01/08/2025,31/08/2025,London,QMF,NHS NORTH EAST LONDON INTEGRATED CARE BOARD,RWK,EAST LONDON NHS FOUNDATION TRUST,MH022,North East London Partnership - ELFT,A01,Number of calls received,1137
01/08/2025,31/08/2025,London,QMF,NHS NORTH EAST LONDON INTEGRATED CARE BOARD,RWK,EAST LONDON NHS FOUNDATION TRUST,MH022,North East London Partnership - ELFT,A02,Calls routed through IVR,0
01/08/2025,31/08/2025,London,QMF,NHS NORTH EAST LONDON INTEGRATED CARE BOARD,RWK,EAST LONDON NHS FOUNDATION TRUST,MH022,North East London Partnership - ELFT,A03,Number of answered calls,1019
01/08/2025,31/08/2025,London,QMF,NHS NORTH EAST LONDON INTEGRATED CARE BOARD,RWK,EAST LONDON NHS FOUNDATION TRUST,MH022,North East London Partnership - ELFT,B01,Number of calls answered within 60 seconds,716
01/08/2025,31/08/2025,London,QMF,NHS NORTH EAST LONDON INTEGRATED CARE BOARD,RWK,EAST LONDON NHS FOUNDATION TRUST,MH022,North East London Partnership - ELFT,B02,Number of calls abandoned,118
01/08/2025,31/08/2025,London,QMF,NHS NORTH EAST LONDON INTEGRATED CARE BOARD,RWK,EAST LONDON NHS FOUNDATION TRUST,MH022,North East London Partnership - ELFT,B03,Calls abandoned in 30 seconds or less,12
01/08/2025,31/08/2025,London,QMF,NHS NORTH EAST LONDON INTEGRATED CARE BOARD,RWK,EAST LONDON NHS FOUNDATION TRUST,MH022,North East London Partnership - ELFT,B04,Calls abandoned in over 30 seconds and up to and including 60 seconds,37
01/08/2025,31/08/2025,London,QMF,NHS NORTH EAST LONDON INTEGRATED CARE BOARD,RWK,EAST LONDON NHS FOUNDATION TRUST,MH022,North East London Partnership - ELFT,B05,Calls abandoned after 60 seconds,69
01/08/2025,31/08/2025,London,QMF,NHS NORTH EAST LONDON INTEGRATED CARE BOARD,RWK,EAST LONDON NHS FOUNDATION TRUST,MH022,North East London Partnership - ELFT,B06,Total time to call answer (seconds),84204
01/08/2025,31/08/2025,London,QMF,NHS NORTH EAST LONDON INTEGRATED CARE BOARD,RWK,EAST LONDON NHS FOUNDATION TRUST,MH022,North East London Partnership - ELFT,B07,95th centile call answer time (seconds),327
01/08/2025,31/08/2025,London,QMF,NHS NORTH EAST LONDON INTEGRATED CARE BOARD,RWK,EAST LONDON NHS FOUNDATION TRUST,MH022,North East London Partnership - ELFT,B09,Total time of abandoned calls (seconds),22268
01/08/2025,31/08/2025,East of England,QHG,"NHS BEDFORDSHIRE, LUTON AND MILTON KEYNES INTEGRATED CARE BOARD",RWK,EAST LONDON NHS FOUNDATION TRUST,MH004,Bedfordshire and Luton Mental Health and Wellbeing Services (ELFT),A01,Number of calls received,1371
01/08/2025,31/08/2025,East of England,QHG,"NHS BEDFORDSHIRE, LUTON AND MILTON KEYNES INTEGRATED CARE BOARD",RWK,EAST LONDON NHS FOUNDATION TRUST,MH004,Bedfordshire and Luton Mental Health and Wellbeing Services (ELFT),A02,Calls routed through IVR,0
01/08/2025,31/08/2025,East of England,QHG,"NHS BEDFORDSHIRE, LUTON AND MILTON KEYNES INTEGRATED CARE BOARD",RWK,EAST LONDON NHS FOUNDATION TRUST,MH004,Bedfordshire and Luton Mental Health and Wellbeing Services (ELFT),A03,Number of answered calls,825
01/08/2025,31/08/2025,East of England,QHG,"NHS BEDFORDSHIRE, LUTON AND MILTON KEYNES INTEGRATED CARE BOARD",RWK,EAST LONDON NHS FOUNDATION TRUST,MH004,Bedfordshire and Luton Mental Health and Wellbeing Services (ELFT),B01,Number of calls answered within 60 seconds,438
01/08/2025,31/08/2025,East of England,QHG,"NHS BEDFORDSHIRE, LUTON AND MILTON KEYNES INTEGRATED CARE BOARD",RWK,EAST LONDON NHS FOUNDATION TRUST,MH004,Bedfordshire and Luton Mental Health and Wellbeing Services (ELFT),B02,Number of calls abandoned,546
01/08/2025,31/08/2025,East of England,QHG,"NHS BEDFORDSHIRE, LUTON AND MILTON KEYNES INTEGRATED CARE BOARD",RWK,EAST LONDON NHS FOUNDATION TRUST,MH004,Bedfordshire and Luton Mental Health and Wellbeing Services (ELFT),B03,Calls abandoned in 30 seconds or less,4
01/08/2025,31/08/2025,East of England,QHG,"NHS BEDFORDSHIRE, LUTON AND MILTON KEYNES INTEGRATED CARE BOARD",RWK,EAST LONDON NHS FOUNDATION TRUST,MH004,Bedfordshire and Luton Mental Health and Wellbeing Services (ELFT),B04,Calls abandoned in over 30 seconds and up to and including 60 seconds,48
01/08/2025,31/08/2025,East of England,QHG,"NHS BEDFORDSHIRE, LUTON AND MILTON KEYNES INTEGRATED CARE BOARD",RWK,EAST LONDON NHS FOUNDATION TRUST,MH004,Bedfordshire and Luton Mental Health and Wellbeing Services (ELFT),B05,Calls abandoned after 60 seconds,494
01/08/2025,31/08/2025,East of England,QHG,"NHS BEDFORDSHIRE, LUTON AND MILTON KEYNES INTEGRATED CARE BOARD",RWK,EAST LONDON NHS FOUNDATION TRUST,MH004,Bedfordshire and Luton Mental Health and Wellbeing Services (ELFT),B06,Total time to call answer (seconds),359065
01/08/2025,31/08/2025,East of England,QHG,"NHS BEDFORDSHIRE, LUTON AND MILTON KEYNES INTEGRATED CARE BOARD",RWK,EAST LONDON NHS FOUNDATION TRUST,MH004,Bedfordshire and Luton Mental Health and Wellbeing Services (ELFT),B07,95th centile call answer time (seconds),2032
01/08/2025,31/08/2025,East of England,QHG,"NHS BEDFORDSHIRE, LUTON AND MILTON KEYNES INTEGRATED CARE BOARD",RWK,EAST LONDON NHS FOUNDATION TRUST,MH004,Bedfordshire and Luton Mental Health and Wellbeing Services (ELFT),B09,Total time of abandoned calls (seconds),291972
01/08/2025,31/08/2025,London,QVR,NHS NORTH WEST LONDON INTEGRATED CARE BOARD,RKL,WEST LONDON NHS TRUST,MH068,North West London West London NHS Trust (WLHT),A01,Number of calls received,612
01/08/2025,31/08/2025,London,QVR,NHS NORTH WEST LONDON INTEGRATED CARE BOARD,RKL,WEST LONDON NHS TRUST,MH068,North West London West London NHS Trust (WLHT),A02,Calls routed through IVR,614
01/08/2025,31/08/2025,London,QVR,NHS NORTH WEST LONDON INTEGRATED CARE BOARD,RKL,WEST LONDON NHS TRUST,MH068,North West London West London NHS Trust (WLHT),A03,Number of answered calls,462
01/08/2025,31/08/2025,London,QVR,NHS NORTH WEST LONDON INTEGRATED CARE BOARD,RKL,WEST LONDON NHS TRUST,MH068,North West London West London NHS Trust (WLHT),B01,Number of calls answered within 60 seconds,351
01/08/2025,31/08/2025,London,QVR,NHS NORTH WEST LONDON INTEGRATED CARE BOARD,RKL,WEST LONDON NHS TRUST,MH068,North West London West London NHS Trust (WLHT),B02,Number of calls abandoned,76
01/08/2025,31/08/2025,London,QVR,NHS NORTH WEST LONDON INTEGRATED CARE BOARD,RKL,WEST LONDON NHS TRUST,MH068,North West London West London NHS Trust (WLHT),B03,Calls abandoned in 30 seconds or less,19
01/08/2025,31/08/2025,London,QVR,NHS NORTH WEST LONDON INTEGRATED CARE BOARD,RKL,WEST LONDON NHS TRUST,MH068,North West London West London NHS Trust (WLHT),B04,Calls abandoned in over 30 seconds and up to and including 60 seconds,9
01/08/2025,31/08/2025,London,QVR,NHS NORTH WEST LONDON INTEGRATED CARE BOARD,RKL,WEST LONDON NHS TRUST,MH068,North West London West London NHS Trust (WLHT),B05,Calls abandoned after 60 seconds,48
01/08/2025,31/08/2025,London,QVR,NHS NORTH WEST LONDON INTEGRATED CARE BOARD,RKL,WEST LONDON NHS TRUST,MH068,North West London West London NHS Trust (WLHT),B06,Total time to call answer (seconds),1085
01/08/2025,31/08/2025,London,QVR,NHS NORTH WEST LONDON INTEGRATED CARE BOARD,RKL,WEST LONDON NHS TRUST,MH068,North West London West London NHS Trust (WLHT),B07,95th centile call answer time (seconds),-
01/08/2025,31/08/2025,London,QVR,NHS NORTH WEST LONDON INTEGRATED CARE BOARD,RKL,WEST LONDON NHS TRUST,MH068,North West London West London NHS Trust (WLHT),B09,Total time of abandoned calls (seconds),580
01/08/2025,31/08/2025,North East and Yorkshire,QHM,NHS NORTH EAST AND NORTH CUMBRIA INTEGRATED CARE BOARD,RX3,"TEES, ESK AND WEAR VALLEYS NHS FOUNDATION TRUST",MH067,TEWV North East and North Cumbria,A01,Number of calls received,5112
01/08/2025,31/08/2025,North East and Yorkshire,QHM,NHS NORTH EAST AND NORTH CUMBRIA INTEGRATED CARE BOARD,RX3,"TEES, ESK AND WEAR VALLEYS NHS FOUNDATION TRUST",MH067,TEWV North East and North Cumbria,A02,Calls routed through IVR,5110
01/08/2025,31/08/2025,North East and Yorkshire,QHM,NHS NORTH EAST AND NORTH CUMBRIA INTEGRATED CARE BOARD,RX3,"TEES, ESK AND WEAR VALLEYS NHS FOUNDATION TRUST",MH067,TEWV North East and North Cumbria,A03,Number of answered calls,4784
01/08/2025,31/08/2025,North East and Yorkshire,QHM,NHS NORTH EAST AND NORTH CUMBRIA INTEGRATED CARE BOARD,RX3,"TEES, ESK AND WEAR VALLEYS NHS FOUNDATION TRUST",MH067,TEWV North East and North Cumbria,B01,Number of calls answered within 60 seconds,4169
01/08/2025,31/08/2025,North East and Yorkshire,QHM,NHS NORTH EAST AND NORTH CUMBRIA INTEGRATED CARE BOARD,RX3,"TEES, ESK AND WEAR VALLEYS NHS FOUNDATION TRUST",MH067,TEWV North East and North Cumbria,B02,Number of calls abandoned,301
01/08/2025,31/08/2025,North East and Yorkshire,QHM,NHS NORTH EAST AND NORTH CUMBRIA INTEGRATED CARE BOARD,RX3,"TEES, ESK AND WEAR VALLEYS NHS FOUNDATION TRUST",MH067,TEWV North East and North Cumbria,B03,Calls abandoned in 30 seconds or less,108
01/08/2025,31/08/2025,North East and Yorkshire,QHM,NHS NORTH EAST AND NORTH CUMBRIA INTEGRATED CARE BOARD,RX3,"TEES, ESK AND WEAR VALLEYS NHS FOUNDATION TRUST",MH067,TEWV North East and North Cumbria,B04,Calls abandoned in over 30 seconds and up to and including 60 seconds,43
01/08/2025,31/08/2025,North East and Yorkshire,QHM,NHS NORTH EAST AND NORTH CUMBRIA INTEGRATED CARE BOARD,RX3,"TEES, ESK AND WEAR VALLEYS NHS FOUNDATION TRUST",MH067,TEWV North East and North Cumbria,B05,Calls abandoned after 60 seconds,150
01/08/2025,31/08/2025,North East and Yorkshire,QHM,NHS NORTH EAST AND NORTH CUMBRIA INTEGRATED CARE BOARD,RX3,"TEES, ESK AND WEAR VALLEYS NHS FOUNDATION TRUST",MH067,TEWV North East and North Cumbria,B06,Total time to call answer (seconds),179418
01/08/2025,31/08/2025,North East and Yorkshire,QHM,NHS NORTH EAST AND NORTH CUMBRIA INTEGRATED CARE BOARD,RX3,"TEES, ESK AND WEAR VALLEYS NHS FOUNDATION TRUST",MH067,TEWV North East and North Cumbria,B07,95th centile call answer time (seconds),217
01/08/2025,31/08/2025,North East and Yorkshire,QHM,NHS NORTH EAST AND NORTH CUMBRIA INTEGRATED CARE BOARD,RX3,"TEES, ESK AND WEAR VALLEYS NHS FOUNDATION TRUST",MH067,TEWV North East and North Cumbria,B09,Total time of abandoned calls (seconds),32759
01/08/2025,31/08/2025,North East and Yorkshire,QOQ,NHS HUMBER AND NORTH YORKSHIRE INTEGRATED CARE BOARD,RX3,"TEES, ESK AND WEAR VALLEYS NHS FOUNDATION TRUST",MH077,TEWV Humber and North Yorkshire,A01,Number of calls received,2423
01/08/2025,31/08/2025,North East and Yorkshire,QOQ,NHS HUMBER AND NORTH YORKSHIRE INTEGRATED CARE BOARD,RX3,"TEES, ESK AND WEAR VALLEYS NHS FOUNDATION TRUST",MH077,TEWV Humber and North Yorkshire,A02,Calls routed through IVR,2422
01/08/2025,31/08/2025,North East and Yorkshire,QOQ,NHS HUMBER AND NORTH YORKSHIRE INTEGRATED CARE BOARD,RX3,"TEES, ESK AND WEAR VALLEYS NHS FOUNDATION TRUST",MH077,TEWV Humber and North Yorkshire,A03,Number of answered calls,1636
01/08/2025,31/08/2025,North East and Yorkshire,QOQ,NHS HUMBER AND NORTH YORKSHIRE INTEGRATED CARE BOARD,RX3,"TEES, ESK AND WEAR VALLEYS NHS FOUNDATION TRUST",MH077,TEWV Humber and North Yorkshire,B01,Number of calls answered within 60 seconds,1170
01/08/2025,31/08/2025,North East and Yorkshire,QOQ,NHS HUMBER AND NORTH YORKSHIRE INTEGRATED CARE BOARD,RX3,"TEES, ESK AND WEAR VALLEYS NHS FOUNDATION TRUST",MH077,TEWV Humber and North Yorkshire,B02,Number of calls abandoned,526
01/08/2025,31/08/2025,North East and Yorkshire,QOQ,NHS HUMBER AND NORTH YORKSHIRE INTEGRATED CARE BOARD,RX3,"TEES, ESK AND WEAR VALLEYS NHS FOUNDATION TRUST",MH077,TEWV Humber and North Yorkshire,B03,Calls abandoned in 30 seconds or less,65
01/08/2025,31/08/2025,North East and Yorkshire,QOQ,NHS HUMBER AND NORTH YORKSHIRE INTEGRATED CARE BOARD,RX3,"TEES, ESK AND WEAR VALLEYS NHS FOUNDATION TRUST",MH077,TEWV Humber and North Yorkshire,B04,Calls abandoned in over 30 seconds and up to and including 60 seconds,63
01/08/2025,31/08/2025,North East and Yorkshire,QOQ,NHS HUMBER AND NORTH YORKSHIRE INTEGRATED CARE BOARD,RX3,"TEES, ESK AND WEAR VALLEYS NHS FOUNDATION TRUST",MH077,TEWV Humber and North Yorkshire,B05,Calls abandoned after 60 seconds,398
01/08/2025,31/08/2025,North East and Yorkshire,QOQ,NHS HUMBER AND NORTH YORKSHIRE INTEGRATED CARE BOARD,RX3,"TEES, ESK AND WEAR VALLEYS NHS FOUNDATION TRUST",MH077,TEWV Humber and North Yorkshire,B06,Total time to call answer (seconds),236126
01/08/2025,31/08/2025,North East and Yorkshire,QOQ,NHS HUMBER AND NORTH YORKSHIRE INTEGRATED CARE BOARD,RX3,"TEES, ESK AND WEAR VALLEYS NHS FOUNDATION TRUST",MH077,TEWV Humber and North Yorkshire,B07,95th centile call answer time (seconds),806
01/08/2025,31/08/2025,North East and Yorkshire,QOQ,NHS HUMBER AND NORTH YORKSHIRE INTEGRATED CARE BOARD,RX3,"TEES, ESK AND WEAR VALLEYS NHS FOUNDATION TRUST",MH077,TEWV Humber and North Yorkshire,B09,Total time of abandoned calls (seconds),133903
01/08/2025,31/08/2025,East of England,QUE,NHS CAMBRIDGESHIRE AND PETERBOROUGH INTEGRATED CARE BOARD,RT1,CAMBRIDGESHIRE AND PETERBOROUGH NHS FOUNDATION TRUST,MH009,C&P First Response Service (FRS),A01,Number of calls received,2668
01/08/2025,31/08/2025,East of England,QUE,NHS CAMBRIDGESHIRE AND PETERBOROUGH INTEGRATED CARE BOARD,RT1,CAMBRIDGESHIRE AND PETERBOROUGH NHS FOUNDATION TRUST,MH009,C&P First Response Service (FRS),A02,Calls routed through IVR,2668
01/08/2025,31/08/2025,East of England,QUE,NHS CAMBRIDGESHIRE AND PETERBOROUGH INTEGRATED CARE BOARD,RT1,CAMBRIDGESHIRE AND PETERBOROUGH NHS FOUNDATION TRUST,MH009,C&P First Response Service (FRS),A03,Number of answered calls,2040
01/08/2025,31/08/2025,East of England,QUE,NHS CAMBRIDGESHIRE AND PETERBOROUGH INTEGRATED CARE BOARD,RT1,CAMBRIDGESHIRE AND PETERBOROUGH NHS FOUNDATION TRUST,MH009,C&P First Response Service (FRS),B01,Number of calls answered within 60 seconds,1319
01/08/2025,31/08/2025,East of England,QUE,NHS CAMBRIDGESHIRE AND PETERBOROUGH INTEGRATED CARE BOARD,RT1,CAMBRIDGESHIRE AND PETERBOROUGH NHS FOUNDATION TRUST,MH009,C&P First Response Service (FRS),B02,Number of calls abandoned,628
01/08/2025,31/08/2025,East of England,QUE,NHS CAMBRIDGESHIRE AND PETERBOROUGH INTEGRATED CARE BOARD,RT1,CAMBRIDGESHIRE AND PETERBOROUGH NHS FOUNDATION TRUST,MH009,C&P First Response Service (FRS),B03,Calls abandoned in 30 seconds or less,59
01/08/2025,31/08/2025,East of England,QUE,NHS CAMBRIDGESHIRE AND PETERBOROUGH INTEGRATED CARE BOARD,RT1,CAMBRIDGESHIRE AND PETERBOROUGH NHS FOUNDATION TRUST,MH009,C&P First Response Service (FRS),B04,Calls abandoned in over 30 seconds and up to and including 60 seconds,62
01/08/2025,31/08/2025,East of England,QUE,NHS CAMBRIDGESHIRE AND PETERBOROUGH INTEGRATED CARE BOARD,RT1,CAMBRIDGESHIRE AND PETERBOROUGH NHS FOUNDATION TRUST,MH009,C&P First Response Service (FRS),B05,Calls abandoned after 60 seconds,507
01/08/2025,31/08/2025,East of England,QUE,NHS CAMBRIDGESHIRE AND PETERBOROUGH INTEGRATED CARE BOARD,RT1,CAMBRIDGESHIRE AND PETERBOROUGH NHS FOUNDATION TRUST,MH009,C&P First Response Service (FRS),B06,Total time to call answer (seconds),684780
01/08/2025,31/08/2025,East of England,QUE,NHS CAMBRIDGESHIRE AND PETERBOROUGH INTEGRATED CARE BOARD,RT1,CAMBRIDGESHIRE AND PETERBOROUGH NHS FOUNDATION TRUST,MH009,C&P First Response Service (FRS),B07,95th centile call answer time (seconds),1861
01/08/2025,31/08/2025,East of England,QUE,NHS CAMBRIDGESHIRE AND PETERBOROUGH INTEGRATED CARE BOARD,RT1,CAMBRIDGESHIRE AND PETERBOROUGH NHS FOUNDATION TRUST,MH009,C&P First Response Service (FRS),B09,Total time of abandoned calls (seconds),197327
01/08/2025,31/08/2025,Midlands,QWU,NHS COVENTRY AND WARWICKSHIRE INTEGRATED CARE BOARD,RYG,COVENTRY AND WARWICKSHIRE PARTNERSHIP NHS TRUST,MH014,Coventry and Warwickshire Adult Crisis Line (CWPNT),A01,Number of calls received,1816
01/08/2025,31/08/2025,Midlands,QWU,NHS COVENTRY AND WARWICKSHIRE INTEGRATED CARE BOARD,RYG,COVENTRY AND WARWICKSHIRE PARTNERSHIP NHS TRUST,MH014,Coventry and Warwickshire Adult Crisis Line (CWPNT),A02,Calls routed through IVR,1816
01/08/2025,31/08/2025,Midlands,QWU,NHS COVENTRY AND WARWICKSHIRE INTEGRATED CARE BOARD,RYG,COVENTRY AND WARWICKSHIRE PARTNERSHIP NHS TRUST,MH014,Coventry and Warwickshire Adult Crisis Line (CWPNT),A03,Number of answered calls,1612
01/08/2025,31/08/2025,Midlands,QWU,NHS COVENTRY AND WARWICKSHIRE INTEGRATED CARE BOARD,RYG,COVENTRY AND WARWICKSHIRE PARTNERSHIP NHS TRUST,MH014,Coventry and Warwickshire Adult Crisis Line (CWPNT),B01,Number of calls answered within 60 seconds,1388
01/08/2025,31/08/2025,Midlands,QWU,NHS COVENTRY AND WARWICKSHIRE INTEGRATED CARE BOARD,RYG,COVENTRY AND WARWICKSHIRE PARTNERSHIP NHS TRUST,MH014,Coventry and Warwickshire Adult Crisis Line (CWPNT),B02,Number of calls abandoned,203
01/08/2025,31/08/2025,Midlands,QWU,NHS COVENTRY AND WARWICKSHIRE INTEGRATED CARE BOARD,RYG,COVENTRY AND WARWICKSHIRE PARTNERSHIP NHS TRUST,MH014,Coventry and Warwickshire Adult Crisis Line (CWPNT),B03,Calls abandoned in 30 seconds or less,55
01/08/2025,31/08/2025,Midlands,QWU,NHS COVENTRY AND WARWICKSHIRE INTEGRATED CARE BOARD,RYG,COVENTRY AND WARWICKSHIRE PARTNERSHIP NHS TRUST,MH014,Coventry and Warwickshire Adult Crisis Line (CWPNT),B04,Calls abandoned in over 30 seconds and up to and including 60 seconds,31
01/08/2025,31/08/2025,Midlands,QWU,NHS COVENTRY AND WARWICKSHIRE INTEGRATED CARE BOARD,RYG,COVENTRY AND WARWICKSHIRE PARTNERSHIP NHS TRUST,MH014,Coventry and Warwickshire Adult Crisis Line (CWPNT),B05,Calls abandoned after 60 seconds,117
01/08/2025,31/08/2025,Midlands,QWU,NHS COVENTRY AND WARWICKSHIRE INTEGRATED CARE BOARD,RYG,COVENTRY AND WARWICKSHIRE PARTNERSHIP NHS TRUST,MH014,Coventry and Warwickshire Adult Crisis Line (CWPNT),B06,Total time to call answer (seconds),90844
01/08/2025,31/08/2025,Midlands,QWU,NHS COVENTRY AND WARWICKSHIRE INTEGRATED CARE BOARD,RYG,COVENTRY AND WARWICKSHIRE PARTNERSHIP NHS TRUST,MH014,Coventry and Warwickshire Adult Crisis Line (CWPNT),B07,95th centile call answer time (seconds),329
01/08/2025,31/08/2025,Midlands,QWU,NHS COVENTRY AND WARWICKSHIRE INTEGRATED CARE BOARD,RYG,COVENTRY AND WARWICKSHIRE PARTNERSHIP NHS TRUST,MH014,Coventry and Warwickshire Adult Crisis Line (CWPNT),B09,Total time of abandoned calls (seconds),34878
01/08/2025,31/08/2025,Midlands,QWU,NHS COVENTRY AND WARWICKSHIRE INTEGRATED CARE BOARD,RYG,COVENTRY AND WARWICKSHIRE PARTNERSHIP NHS TRUST,MH015,Coventry and Warwickshire CYP Crisis Line (CWPNT),A01,Number of calls received,86
01/08/2025,31/08/2025,Midlands,QWU,NHS COVENTRY AND WARWICKSHIRE INTEGRATED CARE BOARD,RYG,COVENTRY AND WARWICKSHIRE PARTNERSHIP NHS TRUST,MH015,Coventry and Warwickshire CYP Crisis Line (CWPNT),A02,Calls routed through IVR,86
01/08/2025,31/08/2025,Midlands,QWU,NHS COVENTRY AND WARWICKSHIRE INTEGRATED CARE BOARD,RYG,COVENTRY AND WARWICKSHIRE PARTNERSHIP NHS TRUST,MH015,Coventry and Warwickshire CYP Crisis Line (CWPNT),A03,Number of answered calls,84
01/08/2025,31/08/2025,Midlands,QWU,NHS COVENTRY AND WARWICKSHIRE INTEGRATED CARE BOARD,RYG,COVENTRY AND WARWICKSHIRE PARTNERSHIP NHS TRUST,MH015,Coventry and Warwickshire CYP Crisis Line (CWPNT),B01,Number of calls answered within 60 seconds,70
01/08/2025,31/08/2025,Midlands,QWU,NHS COVENTRY AND WARWICKSHIRE INTEGRATED CARE BOARD,RYG,COVENTRY AND WARWICKSHIRE PARTNERSHIP NHS TRUST,MH015,Coventry and Warwickshire CYP Crisis Line (CWPNT),B02,Number of calls abandoned,2
01/08/2025,31/08/2025,Midlands,QWU,NHS COVENTRY AND WARWICKSHIRE INTEGRATED CARE BOARD,RYG,COVENTRY AND WARWICKSHIRE PARTNERSHIP NHS TRUST,MH015,Coventry and Warwickshire CYP Crisis Line (CWPNT),B03,Calls abandoned in 30 seconds or less,1
01/08/2025,31/08/2025,Midlands,QWU,NHS COVENTRY AND WARWICKSHIRE INTEGRATED CARE BOARD,RYG,COVENTRY AND WARWICKSHIRE PARTNERSHIP NHS TRUST,MH015,Coventry and Warwickshire CYP Crisis Line (CWPNT),B04,Calls abandoned in over 30 seconds and up to and including 60 seconds,0
01/08/2025,31/08/2025,Midlands,QWU,NHS COVENTRY AND WARWICKSHIRE INTEGRATED CARE BOARD,RYG,COVENTRY AND WARWICKSHIRE PARTNERSHIP NHS TRUST,MH015,Coventry and Warwickshire CYP Crisis Line (CWPNT),B05,Calls abandoned after 60 seconds,1
01/08/2025,31/08/2025,Midlands,QWU,NHS COVENTRY AND WARWICKSHIRE INTEGRATED CARE BOARD,RYG,COVENTRY AND WARWICKSHIRE PARTNERSHIP NHS TRUST,MH015,Coventry and Warwickshire CYP Crisis Line (CWPNT),B06,Total time to call answer (seconds),4021
01/08/2025,31/08/2025,Midlands,QWU,NHS COVENTRY AND WARWICKSHIRE INTEGRATED CARE BOARD,RYG,COVENTRY AND WARWICKSHIRE PARTNERSHIP NHS TRUST,MH015,Coventry and Warwickshire CYP Crisis Line (CWPNT),B07,95th centile call answer time (seconds),178
01/08/2025,31/08/2025,Midlands,QWU,NHS COVENTRY AND WARWICKSHIRE INTEGRATED CARE BOARD,RYG,COVENTRY AND WARWICKSHIRE PARTNERSHIP NHS TRUST,MH015,Coventry and Warwickshire CYP Crisis Line (CWPNT),B09,Total time of abandoned calls (seconds),34
01/08/2025,31/08/2025,South East,QU9,"NHS BUCKINGHAMSHIRE, OXFORDSHIRE AND BERKSHIRE WEST INTEGRATED CARE BOARD",RYE,SOUTH CENTRAL AMBULANCE SERVICE NHS FOUNDATION TRUST,MH052,Oxford (SCAS),A01,Number of calls received,820
01/08/2025,31/08/2025,South East,QU9,"NHS BUCKINGHAMSHIRE, OXFORDSHIRE AND BERKSHIRE WEST INTEGRATED CARE BOARD",RYE,SOUTH CENTRAL AMBULANCE SERVICE NHS FOUNDATION TRUST,MH052,Oxford (SCAS),A02,Calls routed through IVR,0
01/08/2025,31/08/2025,South East,QU9,"NHS BUCKINGHAMSHIRE, OXFORDSHIRE AND BERKSHIRE WEST INTEGRATED CARE BOARD",RYE,SOUTH CENTRAL AMBULANCE SERVICE NHS FOUNDATION TRUST,MH052,Oxford (SCAS),A03,Number of answered calls,735
01/08/2025,31/08/2025,South East,QU9,"NHS BUCKINGHAMSHIRE, OXFORDSHIRE AND BERKSHIRE WEST INTEGRATED CARE BOARD",RYE,SOUTH CENTRAL AMBULANCE SERVICE NHS FOUNDATION TRUST,MH052,Oxford (SCAS),B01,Number of calls answered within 60 seconds,599
01/08/2025,31/08/2025,South East,QU9,"NHS BUCKINGHAMSHIRE, OXFORDSHIRE AND BERKSHIRE WEST INTEGRATED CARE BOARD",RYE,SOUTH CENTRAL AMBULANCE SERVICE NHS FOUNDATION TRUST,MH052,Oxford (SCAS),B02,Number of calls abandoned,85
01/08/2025,31/08/2025,South East,QU9,"NHS BUCKINGHAMSHIRE, OXFORDSHIRE AND BERKSHIRE WEST INTEGRATED CARE BOARD",RYE,SOUTH CENTRAL AMBULANCE SERVICE NHS FOUNDATION TRUST,MH052,Oxford (SCAS),B03,Calls abandoned in 30 seconds or less,26
01/08/2025,31/08/2025,South East,QU9,"NHS BUCKINGHAMSHIRE, OXFORDSHIRE AND BERKSHIRE WEST INTEGRATED CARE BOARD",RYE,SOUTH CENTRAL AMBULANCE SERVICE NHS FOUNDATION TRUST,MH052,Oxford (SCAS),B04,Calls abandoned in over 30 seconds and up to and including 60 seconds,16
01/08/2025,31/08/2025,South East,QU9,"NHS BUCKINGHAMSHIRE, OXFORDSHIRE AND BERKSHIRE WEST INTEGRATED CARE BOARD",RYE,SOUTH CENTRAL AMBULANCE SERVICE NHS FOUNDATION TRUST,MH052,Oxford (SCAS),B05,Calls abandoned after 60 seconds,43
01/08/2025,31/08/2025,South East,QU9,"NHS BUCKINGHAMSHIRE, OXFORDSHIRE AND BERKSHIRE WEST INTEGRATED CARE BOARD",RYE,SOUTH CENTRAL AMBULANCE SERVICE NHS FOUNDATION TRUST,MH052,Oxford (SCAS),B06,Total time to call answer (seconds),32107
01/08/2025,31/08/2025,South East,QU9,"NHS BUCKINGHAMSHIRE, OXFORDSHIRE AND BERKSHIRE WEST INTEGRATED CARE BOARD",RYE,SOUTH CENTRAL AMBULANCE SERVICE NHS FOUNDATION TRUST,MH052,Oxford (SCAS),B07,95th centile call answer time (seconds),292
01/08/2025,31/08/2025,South East,QU9,"NHS BUCKINGHAMSHIRE, OXFORDSHIRE AND BERKSHIRE WEST INTEGRATED CARE BOARD",RYE,SOUTH CENTRAL AMBULANCE SERVICE NHS FOUNDATION TRUST,MH052,Oxford (SCAS),B09,Total time of abandoned calls (seconds),8933
01/08/2025,31/08/2025,South East,QRL,NHS HAMPSHIRE AND ISLE OF WIGHT INTEGRATED CARE BOARD,RYE,SOUTH CENTRAL AMBULANCE SERVICE NHS FOUNDATION TRUST,MH063,Hampshire (SCAS),A01,Number of calls received,3353
01/08/2025,31/08/2025,South East,QRL,NHS HAMPSHIRE AND ISLE OF WIGHT INTEGRATED CARE BOARD,RYE,SOUTH CENTRAL AMBULANCE SERVICE NHS FOUNDATION TRUST,MH063,Hampshire (SCAS),A02,Calls routed through IVR,0
01/08/2025,31/08/2025,South East,QRL,NHS HAMPSHIRE AND ISLE OF WIGHT INTEGRATED CARE BOARD,RYE,SOUTH CENTRAL AMBULANCE SERVICE NHS FOUNDATION TRUST,MH063,Hampshire (SCAS),A03,Number of answered calls,3039
01/08/2025,31/08/2025,South East,QRL,NHS HAMPSHIRE AND ISLE OF WIGHT INTEGRATED CARE BOARD,RYE,SOUTH CENTRAL AMBULANCE SERVICE NHS FOUNDATION TRUST,MH063,Hampshire (SCAS),B01,Number of calls answered within 60 seconds,2489
01/08/2025,31/08/2025,South East,QRL,NHS HAMPSHIRE AND ISLE OF WIGHT INTEGRATED CARE BOARD,RYE,SOUTH CENTRAL AMBULANCE SERVICE NHS FOUNDATION TRUST,MH063,Hampshire (SCAS),B02,Number of calls abandoned,314
01/08/2025,31/08/2025,South East,QRL,NHS HAMPSHIRE AND ISLE OF WIGHT INTEGRATED CARE BOARD,RYE,SOUTH CENTRAL AMBULANCE SERVICE NHS FOUNDATION TRUST,MH063,Hampshire (SCAS),B03,Calls abandoned in 30 seconds or less,147
01/08/2025,31/08/2025,South East,QRL,NHS HAMPSHIRE AND ISLE OF WIGHT INTEGRATED CARE BOARD,RYE,SOUTH CENTRAL AMBULANCE SERVICE NHS FOUNDATION TRUST,MH063,Hampshire (SCAS),B04,Calls abandoned in over 30 seconds and up to and including 60 seconds,40
01/08/2025,31/08/2025,South East,QRL,NHS HAMPSHIRE AND ISLE OF WIGHT INTEGRATED CARE BOARD,RYE,SOUTH CENTRAL AMBULANCE SERVICE NHS FOUNDATION TRUST,MH063,Hampshire (SCAS),B05,Calls abandoned after 60 seconds,127
01/08/2025,31/08/2025,South East,QRL,NHS HAMPSHIRE AND ISLE OF WIGHT INTEGRATED CARE BOARD,RYE,SOUTH CENTRAL AMBULANCE SERVICE NHS FOUNDATION TRUST,MH063,Hampshire (SCAS),B06,Total time to call answer (seconds),143523
01/08/2025,31/08/2025,South East,QRL,NHS HAMPSHIRE AND ISLE OF WIGHT INTEGRATED CARE BOARD,RYE,SOUTH CENTRAL AMBULANCE SERVICE NHS FOUNDATION TRUST,MH063,Hampshire (SCAS),B07,95th centile call answer time (seconds),308
01/08/2025,31/08/2025,South East,QRL,NHS HAMPSHIRE AND ISLE OF WIGHT INTEGRATED CARE BOARD,RYE,SOUTH CENTRAL AMBULANCE SERVICE NHS FOUNDATION TRUST,MH063,Hampshire (SCAS),B09,Total time of abandoned calls (seconds),26997
01/08/2025,31/08/2025,South East,QU9,"NHS BUCKINGHAMSHIRE, OXFORDSHIRE AND BERKSHIRE WEST INTEGRATED CARE BOARD",RYE,SOUTH CENTRAL AMBULANCE SERVICE NHS FOUNDATION TRUST,MH005,Berkshire (SCAS),A01,Number of calls received,820
01/08/2025,31/08/2025,South East,QU9,"NHS BUCKINGHAMSHIRE, OXFORDSHIRE AND BERKSHIRE WEST INTEGRATED CARE BOARD",RYE,SOUTH CENTRAL AMBULANCE SERVICE NHS FOUNDATION TRUST,MH005,Berkshire (SCAS),A02,Calls routed through IVR,0
01/08/2025,31/08/2025,South East,QU9,"NHS BUCKINGHAMSHIRE, OXFORDSHIRE AND BERKSHIRE WEST INTEGRATED CARE BOARD",RYE,SOUTH CENTRAL AMBULANCE SERVICE NHS FOUNDATION TRUST,MH005,Berkshire (SCAS),A03,Number of answered calls,744
01/08/2025,31/08/2025,South East,QU9,"NHS BUCKINGHAMSHIRE, OXFORDSHIRE AND BERKSHIRE WEST INTEGRATED CARE BOARD",RYE,SOUTH CENTRAL AMBULANCE SERVICE NHS FOUNDATION TRUST,MH005,Berkshire (SCAS),B01,Number of calls answered within 60 seconds,611
01/08/2025,31/08/2025,South East,QU9,"NHS BUCKINGHAMSHIRE, OXFORDSHIRE AND BERKSHIRE WEST INTEGRATED CARE BOARD",RYE,SOUTH CENTRAL AMBULANCE SERVICE NHS FOUNDATION TRUST,MH005,Berkshire (SCAS),B02,Number of calls abandoned,76
01/08/2025,31/08/2025,South East,QU9,"NHS BUCKINGHAMSHIRE, OXFORDSHIRE AND BERKSHIRE WEST INTEGRATED CARE BOARD",RYE,SOUTH CENTRAL AMBULANCE SERVICE NHS FOUNDATION TRUST,MH005,Berkshire (SCAS),B03,Calls abandoned in 30 seconds or less,25
01/08/2025,31/08/2025,South East,QU9,"NHS BUCKINGHAMSHIRE, OXFORDSHIRE AND BERKSHIRE WEST INTEGRATED CARE BOARD",RYE,SOUTH CENTRAL AMBULANCE SERVICE NHS FOUNDATION TRUST,MH005,Berkshire (SCAS),B04,Calls abandoned in over 30 seconds and up to and including 60 seconds,13
01/08/2025,31/08/2025,South East,QU9,"NHS BUCKINGHAMSHIRE, OXFORDSHIRE AND BERKSHIRE WEST INTEGRATED CARE BOARD",RYE,SOUTH CENTRAL AMBULANCE SERVICE NHS FOUNDATION TRUST,MH005,Berkshire (SCAS),B05,Calls abandoned after 60 seconds,38
01/08/2025,31/08/2025,South East,QU9,"NHS BUCKINGHAMSHIRE, OXFORDSHIRE AND BERKSHIRE WEST INTEGRATED CARE BOARD",RYE,SOUTH CENTRAL AMBULANCE SERVICE NHS FOUNDATION TRUST,MH005,Berkshire (SCAS),B06,Total time to call answer (seconds),29878
01/08/2025,31/08/2025,South East,QU9,"NHS BUCKINGHAMSHIRE, OXFORDSHIRE AND BERKSHIRE WEST INTEGRATED CARE BOARD",RYE,SOUTH CENTRAL AMBULANCE SERVICE NHS FOUNDATION TRUST,MH005,Berkshire (SCAS),B07,95th centile call answer time (seconds),241
01/08/2025,31/08/2025,South East,QU9,"NHS BUCKINGHAMSHIRE, OXFORDSHIRE AND BERKSHIRE WEST INTEGRATED CARE BOARD",RYE,SOUTH CENTRAL AMBULANCE SERVICE NHS FOUNDATION TRUST,MH005,Berkshire (SCAS),B09,Total time of abandoned calls (seconds),7133
01/08/2025,31/08/2025,South East,QU9,"NHS BUCKINGHAMSHIRE, OXFORDSHIRE AND BERKSHIRE WEST INTEGRATED CARE BOARD",RYE,SOUTH CENTRAL AMBULANCE SERVICE NHS FOUNDATION TRUST,MH059,Buckinghamshire (SCAS),A01,Number of calls received,743
01/08/2025,31/08/2025,South East,QU9,"NHS BUCKINGHAMSHIRE, OXFORDSHIRE AND BERKSHIRE WEST INTEGRATED CARE BOARD",RYE,SOUTH CENTRAL AMBULANCE SERVICE NHS FOUNDATION TRUST,MH059,Buckinghamshire (SCAS),A02,Calls routed through IVR,0
01/08/2025,31/08/2025,South East,QU9,"NHS BUCKINGHAMSHIRE, OXFORDSHIRE AND BERKSHIRE WEST INTEGRATED CARE BOARD",RYE,SOUTH CENTRAL AMBULANCE SERVICE NHS FOUNDATION TRUST,MH059,Buckinghamshire (SCAS),A03,Number of answered calls,686
01/08/2025,31/08/2025,South East,QU9,"NHS BUCKINGHAMSHIRE, OXFORDSHIRE AND BERKSHIRE WEST INTEGRATED CARE BOARD",RYE,SOUTH CENTRAL AMBULANCE SERVICE NHS FOUNDATION TRUST,MH059,Buckinghamshire (SCAS),B01,Number of calls answered within 60 seconds,556
01/08/2025,31/08/2025,South East,QU9,"NHS BUCKINGHAMSHIRE, OXFORDSHIRE AND BERKSHIRE WEST INTEGRATED CARE BOARD",RYE,SOUTH CENTRAL AMBULANCE SERVICE NHS FOUNDATION TRUST,MH059,Buckinghamshire (SCAS),B02,Number of calls abandoned,57
01/08/2025,31/08/2025,South East,QU9,"NHS BUCKINGHAMSHIRE, OXFORDSHIRE AND BERKSHIRE WEST INTEGRATED CARE BOARD",RYE,SOUTH CENTRAL AMBULANCE SERVICE NHS FOUNDATION TRUST,MH059,Buckinghamshire (SCAS),B03,Calls abandoned in 30 seconds or less,27
01/08/2025,31/08/2025,South East,QU9,"NHS BUCKINGHAMSHIRE, OXFORDSHIRE AND BERKSHIRE WEST INTEGRATED CARE BOARD",RYE,SOUTH CENTRAL AMBULANCE SERVICE NHS FOUNDATION TRUST,MH059,Buckinghamshire (SCAS),B04,Calls abandoned in over 30 seconds and up to and including 60 seconds,7
01/08/2025,31/08/2025,South East,QU9,"NHS BUCKINGHAMSHIRE, OXFORDSHIRE AND BERKSHIRE WEST INTEGRATED CARE BOARD",RYE,SOUTH CENTRAL AMBULANCE SERVICE NHS FOUNDATION TRUST,MH059,Buckinghamshire (SCAS),B05,Calls abandoned after 60 seconds,23
01/08/2025,31/08/2025,South East,QU9,"NHS BUCKINGHAMSHIRE, OXFORDSHIRE AND BERKSHIRE WEST INTEGRATED CARE BOARD",RYE,SOUTH CENTRAL AMBULANCE SERVICE NHS FOUNDATION TRUST,MH059,Buckinghamshire (SCAS),B06,Total time to call answer (seconds),32076
01/08/2025,31/08/2025,South East,QU9,"NHS BUCKINGHAMSHIRE, OXFORDSHIRE AND BERKSHIRE WEST INTEGRATED CARE BOARD",RYE,SOUTH CENTRAL AMBULANCE SERVICE NHS FOUNDATION TRUST,MH059,Buckinghamshire (SCAS),B07,95th centile call answer time (seconds),318
01/08/2025,31/08/2025,South East,QU9,"NHS BUCKINGHAMSHIRE, OXFORDSHIRE AND BERKSHIRE WEST INTEGRATED CARE BOARD",RYE,SOUTH CENTRAL AMBULANCE SERVICE NHS FOUNDATION TRUST,MH059,Buckinghamshire (SCAS),B09,Total time of abandoned calls (seconds),4825
01/08/2025,31/08/2025,South East,QRL,NHS HAMPSHIRE AND ISLE OF WIGHT INTEGRATED CARE BOARD,RYE,SOUTH CENTRAL AMBULANCE SERVICE NHS FOUNDATION TRUST,MH064,Surrey (SCAS),A01,Number of calls received,38
01/08/2025,31/08/2025,South East,QRL,NHS HAMPSHIRE AND ISLE OF WIGHT INTEGRATED CARE BOARD,RYE,SOUTH CENTRAL AMBULANCE SERVICE NHS FOUNDATION TRUST,MH064,Surrey (SCAS),A02,Calls routed through IVR,0
01/08/2025,31/08/2025,South East,QRL,NHS HAMPSHIRE AND ISLE OF WIGHT INTEGRATED CARE BOARD,RYE,SOUTH CENTRAL AMBULANCE SERVICE NHS FOUNDATION TRUST,MH064,Surrey (SCAS),A03,Number of answered calls,35
01/08/2025,31/08/2025,South East,QRL,NHS HAMPSHIRE AND ISLE OF WIGHT INTEGRATED CARE BOARD,RYE,SOUTH CENTRAL AMBULANCE SERVICE NHS FOUNDATION TRUST,MH064,Surrey (SCAS),B01,Number of calls answered within 60 seconds,28
01/08/2025,31/08/2025,South East,QRL,NHS HAMPSHIRE AND ISLE OF WIGHT INTEGRATED CARE BOARD,RYE,SOUTH CENTRAL AMBULANCE SERVICE NHS FOUNDATION TRUST,MH064,Surrey (SCAS),B02,Number of calls abandoned,3
01/08/2025,31/08/2025,South East,QRL,NHS HAMPSHIRE AND ISLE OF WIGHT INTEGRATED CARE BOARD,RYE,SOUTH CENTRAL AMBULANCE SERVICE NHS FOUNDATION TRUST,MH064,Surrey (SCAS),B03,Calls abandoned in 30 seconds or less,0
01/08/2025,31/08/2025,South East,QRL,NHS HAMPSHIRE AND ISLE OF WIGHT INTEGRATED CARE BOARD,RYE,SOUTH CENTRAL AMBULANCE SERVICE NHS FOUNDATION TRUST,MH064,Surrey (SCAS),B04,Calls abandoned in over 30 seconds and up to and including 60 seconds,0
01/08/2025,31/08/2025,South East,QRL,NHS HAMPSHIRE AND ISLE OF WIGHT INTEGRATED CARE BOARD,RYE,SOUTH CENTRAL AMBULANCE SERVICE NHS FOUNDATION TRUST,MH064,Surrey (SCAS),B05,Calls abandoned after 60 seconds,3
01/08/2025,31/08/2025,South East,QRL,NHS HAMPSHIRE AND ISLE OF WIGHT INTEGRATED CARE BOARD,RYE,SOUTH CENTRAL AMBULANCE SERVICE NHS FOUNDATION TRUST,MH064,Surrey (SCAS),B06,Total time to call answer (seconds),3113
01/08/2025,31/08/2025,South East,QRL,NHS HAMPSHIRE AND ISLE OF WIGHT INTEGRATED CARE BOARD,RYE,SOUTH CENTRAL AMBULANCE SERVICE NHS FOUNDATION TRUST,MH064,Surrey (SCAS),B07,95th centile call answer time (seconds),575
01/08/2025,31/08/2025,South East,QRL,NHS HAMPSHIRE AND ISLE OF WIGHT INTEGRATED CARE BOARD,RYE,SOUTH CENTRAL AMBULANCE SERVICE NHS FOUNDATION TRUST,MH064,Surrey (SCAS),B09,Total time of abandoned calls (seconds),394
01/08/2025,31/08/2025,South West,QSL,NHS SOMERSET INTEGRATED CARE BOARD,RH5,SOMERSET NHS FOUNDATION TRUST,MH060,Somerset NHS Foundation Trust (MIND),A01,Number of calls received,7119
01/08/2025,31/08/2025,South West,QSL,NHS SOMERSET INTEGRATED CARE BOARD,RH5,SOMERSET NHS FOUNDATION TRUST,MH060,Somerset NHS Foundation Trust (MIND),A02,Calls routed through IVR,524
01/08/2025,31/08/2025,South West,QSL,NHS SOMERSET INTEGRATED CARE BOARD,RH5,SOMERSET NHS FOUNDATION TRUST,MH060,Somerset NHS Foundation Trust (MIND),A03,Number of answered calls,4783
01/08/2025,31/08/2025,South West,QSL,NHS SOMERSET INTEGRATED CARE BOARD,RH5,SOMERSET NHS FOUNDATION TRUST,MH060,Somerset NHS Foundation Trust (MIND),B01,Number of calls answered within 60 seconds,3502
01/08/2025,31/08/2025,South West,QSL,NHS SOMERSET INTEGRATED CARE BOARD,RH5,SOMERSET NHS FOUNDATION TRUST,MH060,Somerset NHS Foundation Trust (MIND),B02,Number of calls abandoned,1354
01/08/2025,31/08/2025,South West,QSL,NHS SOMERSET INTEGRATED CARE BOARD,RH5,SOMERSET NHS FOUNDATION TRUST,MH060,Somerset NHS Foundation Trust (MIND),B03,Calls abandoned in 30 seconds or less,420
01/08/2025,31/08/2025,South West,QSL,NHS SOMERSET INTEGRATED CARE BOARD,RH5,SOMERSET NHS FOUNDATION TRUST,MH060,Somerset NHS Foundation Trust (MIND),B04,Calls abandoned in over 30 seconds and up to and including 60 seconds,242
01/08/2025,31/08/2025,South West,QSL,NHS SOMERSET INTEGRATED CARE BOARD,RH5,SOMERSET NHS FOUNDATION TRUST,MH060,Somerset NHS Foundation Trust (MIND),B05,Calls abandoned after 60 seconds,692
01/08/2025,31/08/2025,South West,QSL,NHS SOMERSET INTEGRATED CARE BOARD,RH5,SOMERSET NHS FOUNDATION TRUST,MH060,Somerset NHS Foundation Trust (MIND),B06,Total time to call answer (seconds),824104
01/08/2025,31/08/2025,South West,QSL,NHS SOMERSET INTEGRATED CARE BOARD,RH5,SOMERSET NHS FOUNDATION TRUST,MH060,Somerset NHS Foundation Trust (MIND),B07,95th centile call answer time (seconds),928
01/08/2025,31/08/2025,South West,QSL,NHS SOMERSET INTEGRATED CARE BOARD,RH5,SOMERSET NHS FOUNDATION TRUST,MH060,Somerset NHS Foundation Trust (MIND),B09,Total time of abandoned calls (seconds),277869
01/08/2025,31/08/2025,South West,QR1,NHS GLOUCESTERSHIRE INTEGRATED CARE BOARD,RTQ,GLOUCESTERSHIRE HEALTH AND CARE NHS FOUNDATION TRUST,MH024,Gloucestershire MH Crisis Line (GHC),A01,Number of calls received,5857
01/08/2025,31/08/2025,South West,QR1,NHS GLOUCESTERSHIRE INTEGRATED CARE BOARD,RTQ,GLOUCESTERSHIRE HEALTH AND CARE NHS FOUNDATION TRUST,MH024,Gloucestershire MH Crisis Line (GHC),A02,Calls routed through IVR,5857
01/08/2025,31/08/2025,South West,QR1,NHS GLOUCESTERSHIRE INTEGRATED CARE BOARD,RTQ,GLOUCESTERSHIRE HEALTH AND CARE NHS FOUNDATION TRUST,MH024,Gloucestershire MH Crisis Line (GHC),A03,Number of answered calls,3794
01/08/2025,31/08/2025,South West,QR1,NHS GLOUCESTERSHIRE INTEGRATED CARE BOARD,RTQ,GLOUCESTERSHIRE HEALTH AND CARE NHS FOUNDATION TRUST,MH024,Gloucestershire MH Crisis Line (GHC),B01,Number of calls answered within 60 seconds,2512
01/08/2025,31/08/2025,South West,QR1,NHS GLOUCESTERSHIRE INTEGRATED CARE BOARD,RTQ,GLOUCESTERSHIRE HEALTH AND CARE NHS FOUNDATION TRUST,MH024,Gloucestershire MH Crisis Line (GHC),B02,Number of calls abandoned,2063
01/08/2025,31/08/2025,South West,QR1,NHS GLOUCESTERSHIRE INTEGRATED CARE BOARD,RTQ,GLOUCESTERSHIRE HEALTH AND CARE NHS FOUNDATION TRUST,MH024,Gloucestershire MH Crisis Line (GHC),B03,Calls abandoned in 30 seconds or less,885
01/08/2025,31/08/2025,South West,QR1,NHS GLOUCESTERSHIRE INTEGRATED CARE BOARD,RTQ,GLOUCESTERSHIRE HEALTH AND CARE NHS FOUNDATION TRUST,MH024,Gloucestershire MH Crisis Line (GHC),B04,Calls abandoned in over 30 seconds and up to and including 60 seconds,174
01/08/2025,31/08/2025,South West,QR1,NHS GLOUCESTERSHIRE INTEGRATED CARE BOARD,RTQ,GLOUCESTERSHIRE HEALTH AND CARE NHS FOUNDATION TRUST,MH024,Gloucestershire MH Crisis Line (GHC),B05,Calls abandoned after 60 seconds,1004
01/08/2025,31/08/2025,South West,QR1,NHS GLOUCESTERSHIRE INTEGRATED CARE BOARD,RTQ,GLOUCESTERSHIRE HEALTH AND CARE NHS FOUNDATION TRUST,MH024,Gloucestershire MH Crisis Line (GHC),B06,Total time to call answer (seconds),627871
01/08/2025,31/08/2025,South West,QR1,NHS GLOUCESTERSHIRE INTEGRATED CARE BOARD,RTQ,GLOUCESTERSHIRE HEALTH AND CARE NHS FOUNDATION TRUST,MH024,Gloucestershire MH Crisis Line (GHC),B07,95th centile call answer time (seconds),120
01/08/2025,31/08/2025,South West,QR1,NHS GLOUCESTERSHIRE INTEGRATED CARE BOARD,RTQ,GLOUCESTERSHIRE HEALTH AND CARE NHS FOUNDATION TRUST,MH024,Gloucestershire MH Crisis Line (GHC),B09,Total time of abandoned calls (seconds),385561
01/08/2025,31/08/2025,South East,QKS,NHS KENT AND MEDWAY INTEGRATED CARE BOARD,RXY,KENT AND MEDWAY NHS AND SOCIAL CARE PARTNERSHIP TRUST,MH029,KMPT,A01,Number of calls received,3099
01/08/2025,31/08/2025,South East,QKS,NHS KENT AND MEDWAY INTEGRATED CARE BOARD,RXY,KENT AND MEDWAY NHS AND SOCIAL CARE PARTNERSHIP TRUST,MH029,KMPT,A02,Calls routed through IVR,3099
01/08/2025,31/08/2025,South East,QKS,NHS KENT AND MEDWAY INTEGRATED CARE BOARD,RXY,KENT AND MEDWAY NHS AND SOCIAL CARE PARTNERSHIP TRUST,MH029,KMPT,A03,Number of answered calls,1900
01/08/2025,31/08/2025,South East,QKS,NHS KENT AND MEDWAY INTEGRATED CARE BOARD,RXY,KENT AND MEDWAY NHS AND SOCIAL CARE PARTNERSHIP TRUST,MH029,KMPT,B01,Number of calls answered within 60 seconds,829
01/08/2025,31/08/2025,South East,QKS,NHS KENT AND MEDWAY INTEGRATED CARE BOARD,RXY,KENT AND MEDWAY NHS AND SOCIAL CARE PARTNERSHIP TRUST,MH029,KMPT,B02,Number of calls abandoned,1199
01/08/2025,31/08/2025,South East,QKS,NHS KENT AND MEDWAY INTEGRATED CARE BOARD,RXY,KENT AND MEDWAY NHS AND SOCIAL CARE PARTNERSHIP TRUST,MH029,KMPT,B03,Calls abandoned in 30 seconds or less,189
01/08/2025,31/08/2025,South East,QKS,NHS KENT AND MEDWAY INTEGRATED CARE BOARD,RXY,KENT AND MEDWAY NHS AND SOCIAL CARE PARTNERSHIP TRUST,MH029,KMPT,B04,Calls abandoned in over 30 seconds and up to and including 60 seconds,64
01/08/2025,31/08/2025,South East,QKS,NHS KENT AND MEDWAY INTEGRATED CARE BOARD,RXY,KENT AND MEDWAY NHS AND SOCIAL CARE PARTNERSHIP TRUST,MH029,KMPT,B05,Calls abandoned after 60 seconds,945
01/08/2025,31/08/2025,South East,QKS,NHS KENT AND MEDWAY INTEGRATED CARE BOARD,RXY,KENT AND MEDWAY NHS AND SOCIAL CARE PARTNERSHIP TRUST,MH029,KMPT,B06,Total time to call answer (seconds),1058623
01/08/2025,31/08/2025,South East,QKS,NHS KENT AND MEDWAY INTEGRATED CARE BOARD,RXY,KENT AND MEDWAY NHS AND SOCIAL CARE PARTNERSHIP TRUST,MH029,KMPT,B07,95th centile call answer time (seconds),2203
01/08/2025,31/08/2025,South East,QKS,NHS KENT AND MEDWAY INTEGRATED CARE BOARD,RXY,KENT AND MEDWAY NHS AND SOCIAL CARE PARTNERSHIP TRUST,MH029,KMPT,B09,Total time of abandoned calls (seconds),579916
01/08/2025,31/08/2025,North East and Yorkshire,QWO,NHS WEST YORKSHIRE INTEGRATED CARE BOARD,TAD,BRADFORD DISTRICT CARE NHS FOUNDATION TRUST,MH008,Bradford First Response Service (BFRS),A01,Number of calls received,3838
01/08/2025,31/08/2025,North East and Yorkshire,QWO,NHS WEST YORKSHIRE INTEGRATED CARE BOARD,TAD,BRADFORD DISTRICT CARE NHS FOUNDATION TRUST,MH008,Bradford First Response Service (BFRS),A02,Calls routed through IVR,724
01/08/2025,31/08/2025,North East and Yorkshire,QWO,NHS WEST YORKSHIRE INTEGRATED CARE BOARD,TAD,BRADFORD DISTRICT CARE NHS FOUNDATION TRUST,MH008,Bradford First Response Service (BFRS),A03,Number of answered calls,1703
01/08/2025,31/08/2025,North East and Yorkshire,QWO,NHS WEST YORKSHIRE INTEGRATED CARE BOARD,TAD,BRADFORD DISTRICT CARE NHS FOUNDATION TRUST,MH008,Bradford First Response Service (BFRS),B01,Number of calls answered within 60 seconds,777
01/08/2025,31/08/2025,North East and Yorkshire,QWO,NHS WEST YORKSHIRE INTEGRATED CARE BOARD,TAD,BRADFORD DISTRICT CARE NHS FOUNDATION TRUST,MH008,Bradford First Response Service (BFRS),B02,Number of calls abandoned,2135
01/08/2025,31/08/2025,North East and Yorkshire,QWO,NHS WEST YORKSHIRE INTEGRATED CARE BOARD,TAD,BRADFORD DISTRICT CARE NHS FOUNDATION TRUST,MH008,Bradford First Response Service (BFRS),B03,Calls abandoned in 30 seconds or less,591
01/08/2025,31/08/2025,North East and Yorkshire,QWO,NHS WEST YORKSHIRE INTEGRATED CARE BOARD,TAD,BRADFORD DISTRICT CARE NHS FOUNDATION TRUST,MH008,Bradford First Response Service (BFRS),B04,Calls abandoned in over 30 seconds and up to and including 60 seconds,185
01/08/2025,31/08/2025,North East and Yorkshire,QWO,NHS WEST YORKSHIRE INTEGRATED CARE BOARD,TAD,BRADFORD DISTRICT CARE NHS FOUNDATION TRUST,MH008,Bradford First Response Service (BFRS),B05,Calls abandoned after 60 seconds,1359
01/08/2025,31/08/2025,North East and Yorkshire,QWO,NHS WEST YORKSHIRE INTEGRATED CARE BOARD,TAD,BRADFORD DISTRICT CARE NHS FOUNDATION TRUST,MH008,Bradford First Response Service (BFRS),B06,Total time to call answer (seconds),346210
01/08/2025,31/08/2025,North East and Yorkshire,QWO,NHS WEST YORKSHIRE INTEGRATED CARE BOARD,TAD,BRADFORD DISTRICT CARE NHS FOUNDATION TRUST,MH008,Bradford First Response Service (BFRS),B07,95th centile call answer time (seconds),-
01/08/2025,31/08/2025,North East and Yorkshire,QWO,NHS WEST YORKSHIRE INTEGRATED CARE BOARD,TAD,BRADFORD DISTRICT CARE NHS FOUNDATION TRUST,MH008,Bradford First Response Service (BFRS),B09,Total time of abandoned calls (seconds),667006
01/08/2025,31/08/2025,East of England,QJG,NHS SUFFOLK AND NORTH EAST ESSEX INTEGRATED CARE BOARD,R1L,ESSEX PARTNERSHIP UNIVERSITY NHS FOUNDATION TRUST,MH080,EPUT (North East Essex) MH Helpline,A01,Number of calls received,1591
01/08/2025,31/08/2025,East of England,QJG,NHS SUFFOLK AND NORTH EAST ESSEX INTEGRATED CARE BOARD,R1L,ESSEX PARTNERSHIP UNIVERSITY NHS FOUNDATION TRUST,MH080,EPUT (North East Essex) MH Helpline,A02,Calls routed through IVR,1352
01/08/2025,31/08/2025,East of England,QJG,NHS SUFFOLK AND NORTH EAST ESSEX INTEGRATED CARE BOARD,R1L,ESSEX PARTNERSHIP UNIVERSITY NHS FOUNDATION TRUST,MH080,EPUT (North East Essex) MH Helpline,A03,Number of answered calls,1419
01/08/2025,31/08/2025,East of England,QJG,NHS SUFFOLK AND NORTH EAST ESSEX INTEGRATED CARE BOARD,R1L,ESSEX PARTNERSHIP UNIVERSITY NHS FOUNDATION TRUST,MH080,EPUT (North East Essex) MH Helpline,B01,Number of calls answered within 60 seconds,1055
01/08/2025,31/08/2025,East of England,QJG,NHS SUFFOLK AND NORTH EAST ESSEX INTEGRATED CARE BOARD,R1L,ESSEX PARTNERSHIP UNIVERSITY NHS FOUNDATION TRUST,MH080,EPUT (North East Essex) MH Helpline,B02,Number of calls abandoned,172
01/08/2025,31/08/2025,East of England,QJG,NHS SUFFOLK AND NORTH EAST ESSEX INTEGRATED CARE BOARD,R1L,ESSEX PARTNERSHIP UNIVERSITY NHS FOUNDATION TRUST,MH080,EPUT (North East Essex) MH Helpline,B03,Calls abandoned in 30 seconds or less,79
01/08/2025,31/08/2025,East of England,QJG,NHS SUFFOLK AND NORTH EAST ESSEX INTEGRATED CARE BOARD,R1L,ESSEX PARTNERSHIP UNIVERSITY NHS FOUNDATION TRUST,MH080,EPUT (North East Essex) MH Helpline,B04,Calls abandoned in over 30 seconds and up to and including 60 seconds,11
01/08/2025,31/08/2025,East of England,QJG,NHS SUFFOLK AND NORTH EAST ESSEX INTEGRATED CARE BOARD,R1L,ESSEX PARTNERSHIP UNIVERSITY NHS FOUNDATION TRUST,MH080,EPUT (North East Essex) MH Helpline,B05,Calls abandoned after 60 seconds,82
01/08/2025,31/08/2025,East of England,QJG,NHS SUFFOLK AND NORTH EAST ESSEX INTEGRATED CARE BOARD,R1L,ESSEX PARTNERSHIP UNIVERSITY NHS FOUNDATION TRUST,MH080,EPUT (North East Essex) MH Helpline,B06,Total time to call answer (seconds),103727
01/08/2025,31/08/2025,East of England,QJG,NHS SUFFOLK AND NORTH EAST ESSEX INTEGRATED CARE BOARD,R1L,ESSEX PARTNERSHIP UNIVERSITY NHS FOUNDATION TRUST,MH080,EPUT (North East Essex) MH Helpline,B07,95th centile call answer time (seconds),323
01/08/2025,31/08/2025,East of England,QJG,NHS SUFFOLK AND NORTH EAST ESSEX INTEGRATED CARE BOARD,R1L,ESSEX PARTNERSHIP UNIVERSITY NHS FOUNDATION TRUST,MH080,EPUT (North East Essex) MH Helpline,B09,Total time of abandoned calls (seconds),28683
01/08/2025,31/08/2025,East of England,QH8,NHS MID AND SOUTH ESSEX INTEGRATED CARE BOARD,R1L,ESSEX PARTNERSHIP UNIVERSITY NHS FOUNDATION TRUST,MH081,EPUT (Mid and South Essex) MH Helpline,A01,Number of calls received,3061
01/08/2025,31/08/2025,East of England,QH8,NHS MID AND SOUTH ESSEX INTEGRATED CARE BOARD,R1L,ESSEX PARTNERSHIP UNIVERSITY NHS FOUNDATION TRUST,MH081,EPUT (Mid and South Essex) MH Helpline,A02,Calls routed through IVR,2564
01/08/2025,31/08/2025,East of England,QH8,NHS MID AND SOUTH ESSEX INTEGRATED CARE BOARD,R1L,ESSEX PARTNERSHIP UNIVERSITY NHS FOUNDATION TRUST,MH081,EPUT (Mid and South Essex) MH Helpline,A03,Number of answered calls,2657
01/08/2025,31/08/2025,East of England,QH8,NHS MID AND SOUTH ESSEX INTEGRATED CARE BOARD,R1L,ESSEX PARTNERSHIP UNIVERSITY NHS FOUNDATION TRUST,MH081,EPUT (Mid and South Essex) MH Helpline,B01,Number of calls answered within 60 seconds,1959
01/08/2025,31/08/2025,East of England,QH8,NHS MID AND SOUTH ESSEX INTEGRATED CARE BOARD,R1L,ESSEX PARTNERSHIP UNIVERSITY NHS FOUNDATION TRUST,MH081,EPUT (Mid and South Essex) MH Helpline,B02,Number of calls abandoned,404
01/08/2025,31/08/2025,East of England,QH8,NHS MID AND SOUTH ESSEX INTEGRATED CARE BOARD,R1L,ESSEX PARTNERSHIP UNIVERSITY NHS FOUNDATION TRUST,MH081,EPUT (Mid and South Essex) MH Helpline,B03,Calls abandoned in 30 seconds or less,242
01/08/2025,31/08/2025,East of England,QH8,NHS MID AND SOUTH ESSEX INTEGRATED CARE BOARD,R1L,ESSEX PARTNERSHIP UNIVERSITY NHS FOUNDATION TRUST,MH081,EPUT (Mid and South Essex) MH Helpline,B04,Calls abandoned in over 30 seconds and up to and including 60 seconds,32
01/08/2025,31/08/2025,East of England,QH8,NHS MID AND SOUTH ESSEX INTEGRATED CARE BOARD,R1L,ESSEX PARTNERSHIP UNIVERSITY NHS FOUNDATION TRUST,MH081,EPUT (Mid and South Essex) MH Helpline,B05,Calls abandoned after 60 seconds,130
01/08/2025,31/08/2025,East of England,QH8,NHS MID AND SOUTH ESSEX INTEGRATED CARE BOARD,R1L,ESSEX PARTNERSHIP UNIVERSITY NHS FOUNDATION TRUST,MH081,EPUT (Mid and South Essex) MH Helpline,B06,Total time to call answer (seconds),190246
01/08/2025,31/08/2025,East of England,QH8,NHS MID AND SOUTH ESSEX INTEGRATED CARE BOARD,R1L,ESSEX PARTNERSHIP UNIVERSITY NHS FOUNDATION TRUST,MH081,EPUT (Mid and South Essex) MH Helpline,B07,95th centile call answer time (seconds),311
01/08/2025,31/08/2025,East of England,QH8,NHS MID AND SOUTH ESSEX INTEGRATED CARE BOARD,R1L,ESSEX PARTNERSHIP UNIVERSITY NHS FOUNDATION TRUST,MH081,EPUT (Mid and South Essex) MH Helpline,B09,Total time of abandoned calls (seconds),38475
01/08/2025,31/08/2025,East of England,QM7,NHS HERTFORDSHIRE AND WEST ESSEX INTEGRATED CARE BOARD,R1L,ESSEX PARTNERSHIP UNIVERSITY NHS FOUNDATION TRUST,MH082,EPUT (West Essex) MH Helpline,A01,Number of calls received,533
01/08/2025,31/08/2025,East of England,QM7,NHS HERTFORDSHIRE AND WEST ESSEX INTEGRATED CARE BOARD,R1L,ESSEX PARTNERSHIP UNIVERSITY NHS FOUNDATION TRUST,MH082,EPUT (West Essex) MH Helpline,A02,Calls routed through IVR,430
01/08/2025,31/08/2025,East of England,QM7,NHS HERTFORDSHIRE AND WEST ESSEX INTEGRATED CARE BOARD,R1L,ESSEX PARTNERSHIP UNIVERSITY NHS FOUNDATION TRUST,MH082,EPUT (West Essex) MH Helpline,A03,Number of answered calls,461
01/08/2025,31/08/2025,East of England,QM7,NHS HERTFORDSHIRE AND WEST ESSEX INTEGRATED CARE BOARD,R1L,ESSEX PARTNERSHIP UNIVERSITY NHS FOUNDATION TRUST,MH082,EPUT (West Essex) MH Helpline,B01,Number of calls answered within 60 seconds,326
01/08/2025,31/08/2025,East of England,QM7,NHS HERTFORDSHIRE AND WEST ESSEX INTEGRATED CARE BOARD,R1L,ESSEX PARTNERSHIP UNIVERSITY NHS FOUNDATION TRUST,MH082,EPUT (West Essex) MH Helpline,B02,Number of calls abandoned,72
01/08/2025,31/08/2025,East of England,QM7,NHS HERTFORDSHIRE AND WEST ESSEX INTEGRATED CARE BOARD,R1L,ESSEX PARTNERSHIP UNIVERSITY NHS FOUNDATION TRUST,MH082,EPUT (West Essex) MH Helpline,B03,Calls abandoned in 30 seconds or less,52
01/08/2025,31/08/2025,East of England,QM7,NHS HERTFORDSHIRE AND WEST ESSEX INTEGRATED CARE BOARD,R1L,ESSEX PARTNERSHIP UNIVERSITY NHS FOUNDATION TRUST,MH082,EPUT (West Essex) MH Helpline,B04,Calls abandoned in over 30 seconds and up to and including 60 seconds,4
01/08/2025,31/08/2025,East of England,QM7,NHS HERTFORDSHIRE AND WEST ESSEX INTEGRATED CARE BOARD,R1L,ESSEX PARTNERSHIP UNIVERSITY NHS FOUNDATION TRUST,MH082,EPUT (West Essex) MH Helpline,B05,Calls abandoned after 60 seconds,16
01/08/2025,31/08/2025,East of England,QM7,NHS HERTFORDSHIRE AND WEST ESSEX INTEGRATED CARE BOARD,R1L,ESSEX PARTNERSHIP UNIVERSITY NHS FOUNDATION TRUST,MH082,EPUT (West Essex) MH Helpline,B06,Total time to call answer (seconds),40273
01/08/2025,31/08/2025,East of England,QM7,NHS HERTFORDSHIRE AND WEST ESSEX INTEGRATED CARE BOARD,R1L,ESSEX PARTNERSHIP UNIVERSITY NHS FOUNDATION TRUST,MH082,EPUT (West Essex) MH Helpline,B07,95th centile call answer time (seconds),350
01/08/2025,31/08/2025,East of England,QM7,NHS HERTFORDSHIRE AND WEST ESSEX INTEGRATED CARE BOARD,R1L,ESSEX PARTNERSHIP UNIVERSITY NHS FOUNDATION TRUST,MH082,EPUT (West Essex) MH Helpline,B09,Total time of abandoned calls (seconds),3827
01/08/2025,31/08/2025,London,QMF,NHS NORTH EAST LONDON INTEGRATED CARE BOARD,RAT,NORTH EAST LONDON NHS FOUNDATION TRUST,MH044,North East London Partnership - NELFT,A01,Number of calls received,1907
01/08/2025,31/08/2025,London,QMF,NHS NORTH EAST LONDON INTEGRATED CARE BOARD,RAT,NORTH EAST LONDON NHS FOUNDATION TRUST,MH044,North East London Partnership - NELFT,A02,Calls routed through IVR,0
01/08/2025,31/08/2025,London,QMF,NHS NORTH EAST LONDON INTEGRATED CARE BOARD,RAT,NORTH EAST LONDON NHS FOUNDATION TRUST,MH044,North East London Partnership - NELFT,A03,Number of answered calls,1732
01/08/2025,31/08/2025,London,QMF,NHS NORTH EAST LONDON INTEGRATED CARE BOARD,RAT,NORTH EAST LONDON NHS FOUNDATION TRUST,MH044,North East London Partnership - NELFT,B01,Number of calls answered within 60 seconds,1290
01/08/2025,31/08/2025,London,QMF,NHS NORTH EAST LONDON INTEGRATED CARE BOARD,RAT,NORTH EAST LONDON NHS FOUNDATION TRUST,MH044,North East London Partnership - NELFT,B02,Number of calls abandoned,175
01/08/2025,31/08/2025,London,QMF,NHS NORTH EAST LONDON INTEGRATED CARE BOARD,RAT,NORTH EAST LONDON NHS FOUNDATION TRUST,MH044,North East London Partnership - NELFT,B03,Calls abandoned in 30 seconds or less,7
01/08/2025,31/08/2025,London,QMF,NHS NORTH EAST LONDON INTEGRATED CARE BOARD,RAT,NORTH EAST LONDON NHS FOUNDATION TRUST,MH044,North East London Partnership - NELFT,B04,Calls abandoned in over 30 seconds and up to and including 60 seconds,47
01/08/2025,31/08/2025,London,QMF,NHS NORTH EAST LONDON INTEGRATED CARE BOARD,RAT,NORTH EAST LONDON NHS FOUNDATION TRUST,MH044,North East London Partnership - NELFT,B05,Calls abandoned after 60 seconds,121
01/08/2025,31/08/2025,London,QMF,NHS NORTH EAST LONDON INTEGRATED CARE BOARD,RAT,NORTH EAST LONDON NHS FOUNDATION TRUST,MH044,North East London Partnership - NELFT,B06,Total time to call answer (seconds),140005
01/08/2025,31/08/2025,London,QMF,NHS NORTH EAST LONDON INTEGRATED CARE BOARD,RAT,NORTH EAST LONDON NHS FOUNDATION TRUST,MH044,North East London Partnership - NELFT,B07,95th centile call answer time (seconds),305
01/08/2025,31/08/2025,London,QMF,NHS NORTH EAST LONDON INTEGRATED CARE BOARD,RAT,NORTH EAST LONDON NHS FOUNDATION TRUST,MH044,North East London Partnership - NELFT,B09,Total time of abandoned calls (seconds),36097
01/08/2025,31/08/2025,London,QMF,NHS NORTH EAST LONDON INTEGRATED CARE BOARD,RAT,NORTH EAST LONDON NHS FOUNDATION TRUST,MH045,Kent and Medway NELFT,A01,Number of calls received,52
01/08/2025,31/08/2025,London,QMF,NHS NORTH EAST LONDON INTEGRATED CARE BOARD,RAT,NORTH EAST LONDON NHS FOUNDATION TRUST,MH045,Kent and Medway NELFT,A02,Calls routed through IVR,0
01/08/2025,31/08/2025,London,QMF,NHS NORTH EAST LONDON INTEGRATED CARE BOARD,RAT,NORTH EAST LONDON NHS FOUNDATION TRUST,MH045,Kent and Medway NELFT,A03,Number of answered calls,51
01/08/2025,31/08/2025,London,QMF,NHS NORTH EAST LONDON INTEGRATED CARE BOARD,RAT,NORTH EAST LONDON NHS FOUNDATION TRUST,MH045,Kent and Medway NELFT,B01,Number of calls answered within 60 seconds,51
01/08/2025,31/08/2025,London,QMF,NHS NORTH EAST LONDON INTEGRATED CARE BOARD,RAT,NORTH EAST LONDON NHS FOUNDATION TRUST,MH045,Kent and Medway NELFT,B02,Number of calls abandoned,1
01/08/2025,31/08/2025,London,QMF,NHS NORTH EAST LONDON INTEGRATED CARE BOARD,RAT,NORTH EAST LONDON NHS FOUNDATION TRUST,MH045,Kent and Medway NELFT,B03,Calls abandoned in 30 seconds or less,1
01/08/2025,31/08/2025,London,QMF,NHS NORTH EAST LONDON INTEGRATED CARE BOARD,RAT,NORTH EAST LONDON NHS FOUNDATION TRUST,MH045,Kent and Medway NELFT,B04,Calls abandoned in over 30 seconds and up to and including 60 seconds,0
01/08/2025,31/08/2025,London,QMF,NHS NORTH EAST LONDON INTEGRATED CARE BOARD,RAT,NORTH EAST LONDON NHS FOUNDATION TRUST,MH045,Kent and Medway NELFT,B05,Calls abandoned after 60 seconds,0
01/08/2025,31/08/2025,London,QMF,NHS NORTH EAST LONDON INTEGRATED CARE BOARD,RAT,NORTH EAST LONDON NHS FOUNDATION TRUST,MH045,Kent and Medway NELFT,B06,Total time to call answer (seconds),1063
01/08/2025,31/08/2025,London,QMF,NHS NORTH EAST LONDON INTEGRATED CARE BOARD,RAT,NORTH EAST LONDON NHS FOUNDATION TRUST,MH045,Kent and Medway NELFT,B07,95th centile call answer time (seconds),48
01/08/2025,31/08/2025,London,QMF,NHS NORTH EAST LONDON INTEGRATED CARE BOARD,RAT,NORTH EAST LONDON NHS FOUNDATION TRUST,MH045,Kent and Medway NELFT,B09,Total time of abandoned calls (seconds),14
01/08/2025,31/08/2025,East of England,,,RAT,NORTH EAST LONDON NHS FOUNDATION TRUST,MH083,Greater Essex CYP,A01,Number of calls received,-
01/08/2025,31/08/2025,East of England,,,RAT,NORTH EAST LONDON NHS FOUNDATION TRUST,MH083,Greater Essex CYP,A02,Calls routed through IVR,-
01/08/2025,31/08/2025,East of England,,,RAT,NORTH EAST LONDON NHS FOUNDATION TRUST,MH083,Greater Essex CYP,A03,Number of answered calls,-
01/08/2025,31/08/2025,East of England,,,RAT,NORTH EAST LONDON NHS FOUNDATION TRUST,MH083,Greater Essex CYP,B01,Number of calls answered within 60 seconds,-
01/08/2025,31/08/2025,East of England,,,RAT,NORTH EAST LONDON NHS FOUNDATION TRUST,MH083,Greater Essex CYP,B02,Number of calls abandoned,-
01/08/2025,31/08/2025,East of England,,,RAT,NORTH EAST LONDON NHS FOUNDATION TRUST,MH083,Greater Essex CYP,B03,Calls abandoned in 30 seconds or less,-
01/08/2025,31/08/2025,East of England,,,RAT,NORTH EAST LONDON NHS FOUNDATION TRUST,MH083,Greater Essex CYP,B04,Calls abandoned in over 30 seconds and up to and including 60 seconds,-
01/08/2025,31/08/2025,East of England,,,RAT,NORTH EAST LONDON NHS FOUNDATION TRUST,MH083,Greater Essex CYP,B05,Calls abandoned after 60 seconds,-
01/08/2025,31/08/2025,East of England,,,RAT,NORTH EAST LONDON NHS FOUNDATION TRUST,MH083,Greater Essex CYP,B06,Total time to call answer (seconds),-
01/08/2025,31/08/2025,East of England,,,RAT,NORTH EAST LONDON NHS FOUNDATION TRUST,MH083,Greater Essex CYP,B07,95th centile call answer time (seconds),-
01/08/2025,31/08/2025,East of England,,,RAT,NORTH EAST LONDON NHS FOUNDATION TRUST,MH083,Greater Essex CYP,B09,Total time of abandoned calls (seconds),-
01/08/2025,31/08/2025,North East and Yorkshire,QOQ,NHS HUMBER AND NORTH YORKSHIRE INTEGRATED CARE BOARD,NQL,NAVIGO HEALTH AND SOCIAL CARE CIC,MH040,Navigo from Adult to All Age,A01,Number of calls received,5132
01/08/2025,31/08/2025,North East and Yorkshire,QOQ,NHS HUMBER AND NORTH YORKSHIRE INTEGRATED CARE BOARD,NQL,NAVIGO HEALTH AND SOCIAL CARE CIC,MH040,Navigo from Adult to All Age,A02,Calls routed through IVR,201
01/08/2025,31/08/2025,North East and Yorkshire,QOQ,NHS HUMBER AND NORTH YORKSHIRE INTEGRATED CARE BOARD,NQL,NAVIGO HEALTH AND SOCIAL CARE CIC,MH040,Navigo from Adult to All Age,A03,Number of answered calls,2705
01/08/2025,31/08/2025,North East and Yorkshire,QOQ,NHS HUMBER AND NORTH YORKSHIRE INTEGRATED CARE BOARD,NQL,NAVIGO HEALTH AND SOCIAL CARE CIC,MH040,Navigo from Adult to All Age,B01,Number of calls answered within 60 seconds,1536
01/08/2025,31/08/2025,North East and Yorkshire,QOQ,NHS HUMBER AND NORTH YORKSHIRE INTEGRATED CARE BOARD,NQL,NAVIGO HEALTH AND SOCIAL CARE CIC,MH040,Navigo from Adult to All Age,B02,Number of calls abandoned,1547
01/08/2025,31/08/2025,North East and Yorkshire,QOQ,NHS HUMBER AND NORTH YORKSHIRE INTEGRATED CARE BOARD,NQL,NAVIGO HEALTH AND SOCIAL CARE CIC,MH040,Navigo from Adult to All Age,B03,Calls abandoned in 30 seconds or less,1130
01/08/2025,31/08/2025,North East and Yorkshire,QOQ,NHS HUMBER AND NORTH YORKSHIRE INTEGRATED CARE BOARD,NQL,NAVIGO HEALTH AND SOCIAL CARE CIC,MH040,Navigo from Adult to All Age,B04,Calls abandoned in over 30 seconds and up to and including 60 seconds,88
01/08/2025,31/08/2025,North East and Yorkshire,QOQ,NHS HUMBER AND NORTH YORKSHIRE INTEGRATED CARE BOARD,NQL,NAVIGO HEALTH AND SOCIAL CARE CIC,MH040,Navigo from Adult to All Age,B05,Calls abandoned after 60 seconds,329
01/08/2025,31/08/2025,North East and Yorkshire,QOQ,NHS HUMBER AND NORTH YORKSHIRE INTEGRATED CARE BOARD,NQL,NAVIGO HEALTH AND SOCIAL CARE CIC,MH040,Navigo from Adult to All Age,B06,Total time to call answer (seconds),486388
01/08/2025,31/08/2025,North East and Yorkshire,QOQ,NHS HUMBER AND NORTH YORKSHIRE INTEGRATED CARE BOARD,NQL,NAVIGO HEALTH AND SOCIAL CARE CIC,MH040,Navigo from Adult to All Age,B07,95th centile call answer time (seconds),484
01/08/2025,31/08/2025,North East and Yorkshire,QOQ,NHS HUMBER AND NORTH YORKSHIRE INTEGRATED CARE BOARD,NQL,NAVIGO HEALTH AND SOCIAL CARE CIC,MH040,Navigo from Adult to All Age,B09,Total time of abandoned calls (seconds),100172
01/08/2025,31/08/2025,London,QKK,NHS SOUTH EAST LONDON INTEGRATED CARE BOARD,RV5,SOUTH LONDON AND MAUDSLEY NHS FOUNDATION TRUST,MH061,South London and Maudsley NHS Foundation Trust (SLP),A01,Number of calls received,2200
01/08/2025,31/08/2025,London,QKK,NHS SOUTH EAST LONDON INTEGRATED CARE BOARD,RV5,SOUTH LONDON AND MAUDSLEY NHS FOUNDATION TRUST,MH061,South London and Maudsley NHS Foundation Trust (SLP),A02,Calls routed through IVR,2200
01/08/2025,31/08/2025,London,QKK,NHS SOUTH EAST LONDON INTEGRATED CARE BOARD,RV5,SOUTH LONDON AND MAUDSLEY NHS FOUNDATION TRUST,MH061,South London and Maudsley NHS Foundation Trust (SLP),A03,Number of answered calls,2153
01/08/2025,31/08/2025,London,QKK,NHS SOUTH EAST LONDON INTEGRATED CARE BOARD,RV5,SOUTH LONDON AND MAUDSLEY NHS FOUNDATION TRUST,MH061,South London and Maudsley NHS Foundation Trust (SLP),B01,Number of calls answered within 60 seconds,2079
01/08/2025,31/08/2025,London,QKK,NHS SOUTH EAST LONDON INTEGRATED CARE BOARD,RV5,SOUTH LONDON AND MAUDSLEY NHS FOUNDATION TRUST,MH061,South London and Maudsley NHS Foundation Trust (SLP),B02,Number of calls abandoned,47
01/08/2025,31/08/2025,London,QKK,NHS SOUTH EAST LONDON INTEGRATED CARE BOARD,RV5,SOUTH LONDON AND MAUDSLEY NHS FOUNDATION TRUST,MH061,South London and Maudsley NHS Foundation Trust (SLP),B03,Calls abandoned in 30 seconds or less,18
01/08/2025,31/08/2025,London,QKK,NHS SOUTH EAST LONDON INTEGRATED CARE BOARD,RV5,SOUTH LONDON AND MAUDSLEY NHS FOUNDATION TRUST,MH061,South London and Maudsley NHS Foundation Trust (SLP),B04,Calls abandoned in over 30 seconds and up to and including 60 seconds,5
01/08/2025,31/08/2025,London,QKK,NHS SOUTH EAST LONDON INTEGRATED CARE BOARD,RV5,SOUTH LONDON AND MAUDSLEY NHS FOUNDATION TRUST,MH061,South London and Maudsley NHS Foundation Trust (SLP),B05,Calls abandoned after 60 seconds,24
01/08/2025,31/08/2025,London,QKK,NHS SOUTH EAST LONDON INTEGRATED CARE BOARD,RV5,SOUTH LONDON AND MAUDSLEY NHS FOUNDATION TRUST,MH061,South London and Maudsley NHS Foundation Trust (SLP),B06,Total time to call answer (seconds),40223
01/08/2025,31/08/2025,London,QKK,NHS SOUTH EAST LONDON INTEGRATED CARE BOARD,RV5,SOUTH LONDON AND MAUDSLEY NHS FOUNDATION TRUST,MH061,South London and Maudsley NHS Foundation Trust (SLP),B07,95th centile call answer time (seconds),45
01/08/2025,31/08/2025,London,QKK,NHS SOUTH EAST LONDON INTEGRATED CARE BOARD,RV5,SOUTH LONDON AND MAUDSLEY NHS FOUNDATION TRUST,MH061,South London and Maudsley NHS Foundation Trust (SLP),B09,Total time of abandoned calls (seconds),5054
01/08/2025,31/08/2025,London,QKK,NHS SOUTH EAST LONDON INTEGRATED CARE BOARD,RV5,SOUTH LONDON AND MAUDSLEY NHS FOUNDATION TRUST,MH053,South London MH Partnership - Oxleas MH Crisis Line (SLP),A01,Number of calls received,0
01/08/2025,31/08/2025,London,QKK,NHS SOUTH EAST LONDON INTEGRATED CARE BOARD,RV5,SOUTH LONDON AND MAUDSLEY NHS FOUNDATION TRUST,MH053,South London MH Partnership - Oxleas MH Crisis Line (SLP),A02,Calls routed through IVR,0
01/08/2025,31/08/2025,London,QKK,NHS SOUTH EAST LONDON INTEGRATED CARE BOARD,RV5,SOUTH LONDON AND MAUDSLEY NHS FOUNDATION TRUST,MH053,South London MH Partnership - Oxleas MH Crisis Line (SLP),A03,Number of answered calls,0
01/08/2025,31/08/2025,London,QKK,NHS SOUTH EAST LONDON INTEGRATED CARE BOARD,RV5,SOUTH LONDON AND MAUDSLEY NHS FOUNDATION TRUST,MH053,South London MH Partnership - Oxleas MH Crisis Line (SLP),B01,Number of calls answered within 60 seconds,0
01/08/2025,31/08/2025,London,QKK,NHS SOUTH EAST LONDON INTEGRATED CARE BOARD,RV5,SOUTH LONDON AND MAUDSLEY NHS FOUNDATION TRUST,MH053,South London MH Partnership - Oxleas MH Crisis Line (SLP),B02,Number of calls abandoned,0
01/08/2025,31/08/2025,London,QKK,NHS SOUTH EAST LONDON INTEGRATED CARE BOARD,RV5,SOUTH LONDON AND MAUDSLEY NHS FOUNDATION TRUST,MH053,South London MH Partnership - Oxleas MH Crisis Line (SLP),B03,Calls abandoned in 30 seconds or less,0
01/08/2025,31/08/2025,London,QKK,NHS SOUTH EAST LONDON INTEGRATED CARE BOARD,RV5,SOUTH LONDON AND MAUDSLEY NHS FOUNDATION TRUST,MH053,South London MH Partnership - Oxleas MH Crisis Line (SLP),B04,Calls abandoned in over 30 seconds and up to and including 60 seconds,0
01/08/2025,31/08/2025,London,QKK,NHS SOUTH EAST LONDON INTEGRATED CARE BOARD,RV5,SOUTH LONDON AND MAUDSLEY NHS FOUNDATION TRUST,MH053,South London MH Partnership - Oxleas MH Crisis Line (SLP),B05,Calls abandoned after 60 seconds,0
01/08/2025,31/08/2025,London,QKK,NHS SOUTH EAST LONDON INTEGRATED CARE BOARD,RV5,SOUTH LONDON AND MAUDSLEY NHS FOUNDATION TRUST,MH053,South London MH Partnership - Oxleas MH Crisis Line (SLP),B06,Total time to call answer (seconds),0
01/08/2025,31/08/2025,London,QKK,NHS SOUTH EAST LONDON INTEGRATED CARE BOARD,RV5,SOUTH LONDON AND MAUDSLEY NHS FOUNDATION TRUST,MH053,South London MH Partnership - Oxleas MH Crisis Line (SLP),B07,95th centile call answer time (seconds),0
01/08/2025,31/08/2025,London,QKK,NHS SOUTH EAST LONDON INTEGRATED CARE BOARD,RV5,SOUTH LONDON AND MAUDSLEY NHS FOUNDATION TRUST,MH053,South London MH Partnership - Oxleas MH Crisis Line (SLP),B09,Total time of abandoned calls (seconds),0
01/08/2025,31/08/2025,London,QWE,NHS SOUTH WEST LONDON INTEGRATED CARE BOARD,RV5,SOUTH LONDON AND MAUDSLEY NHS FOUNDATION TRUST,MH062,South West London and St George's Mental Health NHS Trust (SLP),A01,Number of calls received,0
01/08/2025,31/08/2025,London,QWE,NHS SOUTH WEST LONDON INTEGRATED CARE BOARD,RV5,SOUTH LONDON AND MAUDSLEY NHS FOUNDATION TRUST,MH062,South West London and St George's Mental Health NHS Trust (SLP),A02,Calls routed through IVR,0
01/08/2025,31/08/2025,London,QWE,NHS SOUTH WEST LONDON INTEGRATED CARE BOARD,RV5,SOUTH LONDON AND MAUDSLEY NHS FOUNDATION TRUST,MH062,South West London and St George's Mental Health NHS Trust (SLP),A03,Number of answered calls,0
01/08/2025,31/08/2025,London,QWE,NHS SOUTH WEST LONDON INTEGRATED CARE BOARD,RV5,SOUTH LONDON AND MAUDSLEY NHS FOUNDATION TRUST,MH062,South West London and St George's Mental Health NHS Trust (SLP),B01,Number of calls answered within 60 seconds,0
01/08/2025,31/08/2025,London,QWE,NHS SOUTH WEST LONDON INTEGRATED CARE BOARD,RV5,SOUTH LONDON AND MAUDSLEY NHS FOUNDATION TRUST,MH062,South West London and St George's Mental Health NHS Trust (SLP),B02,Number of calls abandoned,0
01/08/2025,31/08/2025,London,QWE,NHS SOUTH WEST LONDON INTEGRATED CARE BOARD,RV5,SOUTH LONDON AND MAUDSLEY NHS FOUNDATION TRUST,MH062,South West London and St George's Mental Health NHS Trust (SLP),B03,Calls abandoned in 30 seconds or less,0
01/08/2025,31/08/2025,London,QWE,NHS SOUTH WEST LONDON INTEGRATED CARE BOARD,RV5,SOUTH LONDON AND MAUDSLEY NHS FOUNDATION TRUST,MH062,South West London and St George's Mental Health NHS Trust (SLP),B04,Calls abandoned in over 30 seconds and up to and including 60 seconds,0
01/08/2025,31/08/2025,London,QWE,NHS SOUTH WEST LONDON INTEGRATED CARE BOARD,RV5,SOUTH LONDON AND MAUDSLEY NHS FOUNDATION TRUST,MH062,South West London and St George's Mental Health NHS Trust (SLP),B05,Calls abandoned after 60 seconds,0
01/08/2025,31/08/2025,London,QWE,NHS SOUTH WEST LONDON INTEGRATED CARE BOARD,RV5,SOUTH LONDON AND MAUDSLEY NHS FOUNDATION TRUST,MH062,South West London and St George's Mental Health NHS Trust (SLP),B06,Total time to call answer (seconds),0
01/08/2025,31/08/2025,London,QWE,NHS SOUTH WEST LONDON INTEGRATED CARE BOARD,RV5,SOUTH LONDON AND MAUDSLEY NHS FOUNDATION TRUST,MH062,South West London and St George's Mental Health NHS Trust (SLP),B07,95th centile call answer time (seconds),0
01/08/2025,31/08/2025,London,QWE,NHS SOUTH WEST LONDON INTEGRATED CARE BOARD,RV5,SOUTH LONDON AND MAUDSLEY NHS FOUNDATION TRUST,MH062,South West London and St George's Mental Health NHS Trust (SLP),B09,Total time of abandoned calls (seconds),0
01/08/2025,31/08/2025,North East and Yorkshire,QF7,NHS SOUTH YORKSHIRE INTEGRATED CARE BOARD,YGM59,SHEFFIELD HEALTH AND SOCIAL CARE NHS FOUNDATION TRUST (APPLICATION PROVIDER),MH058,NCHA,A01,Number of calls received,1532
01/08/2025,31/08/2025,North East and Yorkshire,QF7,NHS SOUTH YORKSHIRE INTEGRATED CARE BOARD,YGM59,SHEFFIELD HEALTH AND SOCIAL CARE NHS FOUNDATION TRUST (APPLICATION PROVIDER),MH058,NCHA,A02,Calls routed through IVR,-
01/08/2025,31/08/2025,North East and Yorkshire,QF7,NHS SOUTH YORKSHIRE INTEGRATED CARE BOARD,YGM59,SHEFFIELD HEALTH AND SOCIAL CARE NHS FOUNDATION TRUST (APPLICATION PROVIDER),MH058,NCHA,A03,Number of answered calls,1169
01/08/2025,31/08/2025,North East and Yorkshire,QF7,NHS SOUTH YORKSHIRE INTEGRATED CARE BOARD,YGM59,SHEFFIELD HEALTH AND SOCIAL CARE NHS FOUNDATION TRUST (APPLICATION PROVIDER),MH058,NCHA,B01,Number of calls answered within 60 seconds,431
01/08/2025,31/08/2025,North East and Yorkshire,QF7,NHS SOUTH YORKSHIRE INTEGRATED CARE BOARD,YGM59,SHEFFIELD HEALTH AND SOCIAL CARE NHS FOUNDATION TRUST (APPLICATION PROVIDER),MH058,NCHA,B02,Number of calls abandoned,363
01/08/2025,31/08/2025,North East and Yorkshire,QF7,NHS SOUTH YORKSHIRE INTEGRATED CARE BOARD,YGM59,SHEFFIELD HEALTH AND SOCIAL CARE NHS FOUNDATION TRUST (APPLICATION PROVIDER),MH058,NCHA,B03,Calls abandoned in 30 seconds or less,-
01/08/2025,31/08/2025,North East and Yorkshire,QF7,NHS SOUTH YORKSHIRE INTEGRATED CARE BOARD,YGM59,SHEFFIELD HEALTH AND SOCIAL CARE NHS FOUNDATION TRUST (APPLICATION PROVIDER),MH058,NCHA,B04,Calls abandoned in over 30 seconds and up to and including 60 seconds,-
01/08/2025,31/08/2025,North East and Yorkshire,QF7,NHS SOUTH YORKSHIRE INTEGRATED CARE BOARD,YGM59,SHEFFIELD HEALTH AND SOCIAL CARE NHS FOUNDATION TRUST (APPLICATION PROVIDER),MH058,NCHA,B05,Calls abandoned after 60 seconds,-
01/08/2025,31/08/2025,North East and Yorkshire,QF7,NHS SOUTH YORKSHIRE INTEGRATED CARE BOARD,YGM59,SHEFFIELD HEALTH AND SOCIAL CARE NHS FOUNDATION TRUST (APPLICATION PROVIDER),MH058,NCHA,B06,Total time to call answer (seconds),281111
01/08/2025,31/08/2025,North East and Yorkshire,QF7,NHS SOUTH YORKSHIRE INTEGRATED CARE BOARD,YGM59,SHEFFIELD HEALTH AND SOCIAL CARE NHS FOUNDATION TRUST (APPLICATION PROVIDER),MH058,NCHA,B07,95th centile call answer time (seconds),898
01/08/2025,31/08/2025,North East and Yorkshire,QF7,NHS SOUTH YORKSHIRE INTEGRATED CARE BOARD,YGM59,SHEFFIELD HEALTH AND SOCIAL CARE NHS FOUNDATION TRUST (APPLICATION PROVIDER),MH058,NCHA,B09,Total time of abandoned calls (seconds),-
01/08/2025,31/08/2025,Midlands,QUA,NHS BLACK COUNTRY INTEGRATED CARE BOARD,TAJ,BLACK COUNTRY HEALTHCARE NHS FOUNDATION TRUST,MH007,Rethink Mental Illness (Rethink),A01,Number of calls received,1225
01/08/2025,31/08/2025,Midlands,QUA,NHS BLACK COUNTRY INTEGRATED CARE BOARD,TAJ,BLACK COUNTRY HEALTHCARE NHS FOUNDATION TRUST,MH007,Rethink Mental Illness (Rethink),A02,Calls routed through IVR,1225
01/08/2025,31/08/2025,Midlands,QUA,NHS BLACK COUNTRY INTEGRATED CARE BOARD,TAJ,BLACK COUNTRY HEALTHCARE NHS FOUNDATION TRUST,MH007,Rethink Mental Illness (Rethink),A03,Number of answered calls,293
01/08/2025,31/08/2025,Midlands,QUA,NHS BLACK COUNTRY INTEGRATED CARE BOARD,TAJ,BLACK COUNTRY HEALTHCARE NHS FOUNDATION TRUST,MH007,Rethink Mental Illness (Rethink),B01,Number of calls answered within 60 seconds,261
01/08/2025,31/08/2025,Midlands,QUA,NHS BLACK COUNTRY INTEGRATED CARE BOARD,TAJ,BLACK COUNTRY HEALTHCARE NHS FOUNDATION TRUST,MH007,Rethink Mental Illness (Rethink),B02,Number of calls abandoned,91
01/08/2025,31/08/2025,Midlands,QUA,NHS BLACK COUNTRY INTEGRATED CARE BOARD,TAJ,BLACK COUNTRY HEALTHCARE NHS FOUNDATION TRUST,MH007,Rethink Mental Illness (Rethink),B03,Calls abandoned in 30 seconds or less,25
01/08/2025,31/08/2025,Midlands,QUA,NHS BLACK COUNTRY INTEGRATED CARE BOARD,TAJ,BLACK COUNTRY HEALTHCARE NHS FOUNDATION TRUST,MH007,Rethink Mental Illness (Rethink),B04,Calls abandoned in over 30 seconds and up to and including 60 seconds,66
01/08/2025,31/08/2025,Midlands,QUA,NHS BLACK COUNTRY INTEGRATED CARE BOARD,TAJ,BLACK COUNTRY HEALTHCARE NHS FOUNDATION TRUST,MH007,Rethink Mental Illness (Rethink),B05,Calls abandoned after 60 seconds,0
01/08/2025,31/08/2025,Midlands,QUA,NHS BLACK COUNTRY INTEGRATED CARE BOARD,TAJ,BLACK COUNTRY HEALTHCARE NHS FOUNDATION TRUST,MH007,Rethink Mental Illness (Rethink),B06,Total time to call answer (seconds),-
01/08/2025,31/08/2025,Midlands,QUA,NHS BLACK COUNTRY INTEGRATED CARE BOARD,TAJ,BLACK COUNTRY HEALTHCARE NHS FOUNDATION TRUST,MH007,Rethink Mental Illness (Rethink),B07,95th centile call answer time (seconds),-
01/08/2025,31/08/2025,Midlands,QUA,NHS BLACK COUNTRY INTEGRATED CARE BOARD,TAJ,BLACK COUNTRY HEALTHCARE NHS FOUNDATION TRUST,MH007,Rethink Mental Illness (Rethink),B09,Total time of abandoned calls (seconds),1
01/08/2025,31/08/2025,North East and Yorkshire,QWO,NHS WEST YORKSHIRE INTEGRATED CARE BOARD,8JF48,,MH072,Night Owls - CYP West Yorkshire,A01,Number of calls received,623
01/08/2025,31/08/2025,North East and Yorkshire,QWO,NHS WEST YORKSHIRE INTEGRATED CARE BOARD,8JF48,,MH072,Night Owls - CYP West Yorkshire,A02,Calls routed through IVR,99
01/08/2025,31/08/2025,North East and Yorkshire,QWO,NHS WEST YORKSHIRE INTEGRATED CARE BOARD,8JF48,,MH072,Night Owls - CYP West Yorkshire,A03,Number of answered calls,170
01/08/2025,31/08/2025,North East and Yorkshire,QWO,NHS WEST YORKSHIRE INTEGRATED CARE BOARD,8JF48,,MH072,Night Owls - CYP West Yorkshire,B01,Number of calls answered within 60 seconds,101
01/08/2025,31/08/2025,North East and Yorkshire,QWO,NHS WEST YORKSHIRE INTEGRATED CARE BOARD,8JF48,,MH072,Night Owls - CYP West Yorkshire,B02,Number of calls abandoned,109
01/08/2025,31/08/2025,North East and Yorkshire,QWO,NHS WEST YORKSHIRE INTEGRATED CARE BOARD,8JF48,,MH072,Night Owls - CYP West Yorkshire,B03,Calls abandoned in 30 seconds or less,39
01/08/2025,31/08/2025,North East and Yorkshire,QWO,NHS WEST YORKSHIRE INTEGRATED CARE BOARD,8JF48,,MH072,Night Owls - CYP West Yorkshire,B04,Calls abandoned in over 30 seconds and up to and including 60 seconds,11
01/08/2025,31/08/2025,North East and Yorkshire,QWO,NHS WEST YORKSHIRE INTEGRATED CARE BOARD,8JF48,,MH072,Night Owls - CYP West Yorkshire,B05,Calls abandoned after 60 seconds,59
01/08/2025,31/08/2025,North East and Yorkshire,QWO,NHS WEST YORKSHIRE INTEGRATED CARE BOARD,8JF48,,MH072,Night Owls - CYP West Yorkshire,B06,Total time to call answer (seconds),98779
01/08/2025,31/08/2025,North East and Yorkshire,QWO,NHS WEST YORKSHIRE INTEGRATED CARE BOARD,8JF48,,MH072,Night Owls - CYP West Yorkshire,B07,95th centile call answer time (seconds),3001
01/08/2025,31/08/2025,North East and Yorkshire,QWO,NHS WEST YORKSHIRE INTEGRATED CARE BOARD,8JF48,,MH072,Night Owls - CYP West Yorkshire,B09,Total time of abandoned calls (seconds),43671
01/08/2025,31/08/2025,South West,QT6,NHS CORNWALL AND THE ISLES OF SCILLY INTEGRATED CARE BOARD,RJ8,CORNWALL PARTNERSHIP NHS FOUNDATION TRUST,MH013,Cornwall Mental Health Crisis (MHCC),A01,Number of calls received,5669
01/08/2025,31/08/2025,South West,QT6,NHS CORNWALL AND THE ISLES OF SCILLY INTEGRATED CARE BOARD,RJ8,CORNWALL PARTNERSHIP NHS FOUNDATION TRUST,MH013,Cornwall Mental Health Crisis (MHCC),A02,Calls routed through IVR,5669
01/08/2025,31/08/2025,South West,QT6,NHS CORNWALL AND THE ISLES OF SCILLY INTEGRATED CARE BOARD,RJ8,CORNWALL PARTNERSHIP NHS FOUNDATION TRUST,MH013,Cornwall Mental Health Crisis (MHCC),A03,Number of answered calls,3761
01/08/2025,31/08/2025,South West,QT6,NHS CORNWALL AND THE ISLES OF SCILLY INTEGRATED CARE BOARD,RJ8,CORNWALL PARTNERSHIP NHS FOUNDATION TRUST,MH013,Cornwall Mental Health Crisis (MHCC),B01,Number of calls answered within 60 seconds,2030
01/08/2025,31/08/2025,South West,QT6,NHS CORNWALL AND THE ISLES OF SCILLY INTEGRATED CARE BOARD,RJ8,CORNWALL PARTNERSHIP NHS FOUNDATION TRUST,MH013,Cornwall Mental Health Crisis (MHCC),B02,Number of calls abandoned,587
01/08/2025,31/08/2025,South West,QT6,NHS CORNWALL AND THE ISLES OF SCILLY INTEGRATED CARE BOARD,RJ8,CORNWALL PARTNERSHIP NHS FOUNDATION TRUST,MH013,Cornwall Mental Health Crisis (MHCC),B03,Calls abandoned in 30 seconds or less,76
01/08/2025,31/08/2025,South West,QT6,NHS CORNWALL AND THE ISLES OF SCILLY INTEGRATED CARE BOARD,RJ8,CORNWALL PARTNERSHIP NHS FOUNDATION TRUST,MH013,Cornwall Mental Health Crisis (MHCC),B04,Calls abandoned in over 30 seconds and up to and including 60 seconds,88
01/08/2025,31/08/2025,South West,QT6,NHS CORNWALL AND THE ISLES OF SCILLY INTEGRATED CARE BOARD,RJ8,CORNWALL PARTNERSHIP NHS FOUNDATION TRUST,MH013,Cornwall Mental Health Crisis (MHCC),B05,Calls abandoned after 60 seconds,423
01/08/2025,31/08/2025,South West,QT6,NHS CORNWALL AND THE ISLES OF SCILLY INTEGRATED CARE BOARD,RJ8,CORNWALL PARTNERSHIP NHS FOUNDATION TRUST,MH013,Cornwall Mental Health Crisis (MHCC),B06,Total time to call answer (seconds),1476424
01/08/2025,31/08/2025,South West,QT6,NHS CORNWALL AND THE ISLES OF SCILLY INTEGRATED CARE BOARD,RJ8,CORNWALL PARTNERSHIP NHS FOUNDATION TRUST,MH013,Cornwall Mental Health Crisis (MHCC),B07,95th centile call answer time (seconds),1816
01/08/2025,31/08/2025,South West,QT6,NHS CORNWALL AND THE ISLES OF SCILLY INTEGRATED CARE BOARD,RJ8,CORNWALL PARTNERSHIP NHS FOUNDATION TRUST,MH013,Cornwall Mental Health Crisis (MHCC),B09,Total time of abandoned calls (seconds),116140
01/08/2025,31/08/2025,North East and Yorkshire,QWO,NHS WEST YORKSHIRE INTEGRATED CARE BOARD,A74T,NOTTINGHAM COMMUNITY HOUSING ASSOCIATION LIMITED,MH073,"WY Helpline Calderdale, Kirklees, Leeds and Wakefield and Barnsley",A01,Number of calls received,4180
01/08/2025,31/08/2025,North East and Yorkshire,QWO,NHS WEST YORKSHIRE INTEGRATED CARE BOARD,A74T,NOTTINGHAM COMMUNITY HOUSING ASSOCIATION LIMITED,MH073,"WY Helpline Calderdale, Kirklees, Leeds and Wakefield and Barnsley",A02,Calls routed through IVR,4180
01/08/2025,31/08/2025,North East and Yorkshire,QWO,NHS WEST YORKSHIRE INTEGRATED CARE BOARD,A74T,NOTTINGHAM COMMUNITY HOUSING ASSOCIATION LIMITED,MH073,"WY Helpline Calderdale, Kirklees, Leeds and Wakefield and Barnsley",A03,Number of answered calls,3065
01/08/2025,31/08/2025,North East and Yorkshire,QWO,NHS WEST YORKSHIRE INTEGRATED CARE BOARD,A74T,NOTTINGHAM COMMUNITY HOUSING ASSOCIATION LIMITED,MH073,"WY Helpline Calderdale, Kirklees, Leeds and Wakefield and Barnsley",B01,Number of calls answered within 60 seconds,1063
01/08/2025,31/08/2025,North East and Yorkshire,QWO,NHS WEST YORKSHIRE INTEGRATED CARE BOARD,A74T,NOTTINGHAM COMMUNITY HOUSING ASSOCIATION LIMITED,MH073,"WY Helpline Calderdale, Kirklees, Leeds and Wakefield and Barnsley",B02,Number of calls abandoned,1115
01/08/2025,31/08/2025,North East and Yorkshire,QWO,NHS WEST YORKSHIRE INTEGRATED CARE BOARD,A74T,NOTTINGHAM COMMUNITY HOUSING ASSOCIATION LIMITED,MH073,"WY Helpline Calderdale, Kirklees, Leeds and Wakefield and Barnsley",B03,Calls abandoned in 30 seconds or less,126
01/08/2025,31/08/2025,North East and Yorkshire,QWO,NHS WEST YORKSHIRE INTEGRATED CARE BOARD,A74T,NOTTINGHAM COMMUNITY HOUSING ASSOCIATION LIMITED,MH073,"WY Helpline Calderdale, Kirklees, Leeds and Wakefield and Barnsley",B04,Calls abandoned in over 30 seconds and up to and including 60 seconds,92
01/08/2025,31/08/2025,North East and Yorkshire,QWO,NHS WEST YORKSHIRE INTEGRATED CARE BOARD,A74T,NOTTINGHAM COMMUNITY HOUSING ASSOCIATION LIMITED,MH073,"WY Helpline Calderdale, Kirklees, Leeds and Wakefield and Barnsley",B05,Calls abandoned after 60 seconds,897
01/08/2025,31/08/2025,North East and Yorkshire,QWO,NHS WEST YORKSHIRE INTEGRATED CARE BOARD,A74T,NOTTINGHAM COMMUNITY HOUSING ASSOCIATION LIMITED,MH073,"WY Helpline Calderdale, Kirklees, Leeds and Wakefield and Barnsley",B06,Total time to call answer (seconds),804953
01/08/2025,31/08/2025,North East and Yorkshire,QWO,NHS WEST YORKSHIRE INTEGRATED CARE BOARD,A74T,NOTTINGHAM COMMUNITY HOUSING ASSOCIATION LIMITED,MH073,"WY Helpline Calderdale, Kirklees, Leeds and Wakefield and Barnsley",B07,95th centile call answer time (seconds),980
01/08/2025,31/08/2025,North East and Yorkshire,QWO,NHS WEST YORKSHIRE INTEGRATED CARE BOARD,A74T,NOTTINGHAM COMMUNITY HOUSING ASSOCIATION LIMITED,MH073,"WY Helpline Calderdale, Kirklees, Leeds and Wakefield and Barnsley",B09,Total time of abandoned calls (seconds),308121
01/08/2025,31/08/2025,Midlands,QGH,NHS HEREFORDSHIRE AND WORCESTERSHIRE ICB,R1A,HEREFORDSHIRE AND WORCESTERSHIRE HEALTH AND CARE NHS TRUST,MH031,Herefordshire and Worcestershire Health and Care NHS Trust (HWHC),A01,Number of calls received,3043
01/08/2025,31/08/2025,Midlands,QGH,NHS HEREFORDSHIRE AND WORCESTERSHIRE ICB,R1A,HEREFORDSHIRE AND WORCESTERSHIRE HEALTH AND CARE NHS TRUST,MH031,Herefordshire and Worcestershire Health and Care NHS Trust (HWHC),A02,Calls routed through IVR,695
01/08/2025,31/08/2025,Midlands,QGH,NHS HEREFORDSHIRE AND WORCESTERSHIRE ICB,R1A,HEREFORDSHIRE AND WORCESTERSHIRE HEALTH AND CARE NHS TRUST,MH031,Herefordshire and Worcestershire Health and Care NHS Trust (HWHC),A03,Number of answered calls,2505
01/08/2025,31/08/2025,Midlands,QGH,NHS HEREFORDSHIRE AND WORCESTERSHIRE ICB,R1A,HEREFORDSHIRE AND WORCESTERSHIRE HEALTH AND CARE NHS TRUST,MH031,Herefordshire and Worcestershire Health and Care NHS Trust (HWHC),B01,Number of calls answered within 60 seconds,1873
01/08/2025,31/08/2025,Midlands,QGH,NHS HEREFORDSHIRE AND WORCESTERSHIRE ICB,R1A,HEREFORDSHIRE AND WORCESTERSHIRE HEALTH AND CARE NHS TRUST,MH031,Herefordshire and Worcestershire Health and Care NHS Trust (HWHC),B02,Number of calls abandoned,538
01/08/2025,31/08/2025,Midlands,QGH,NHS HEREFORDSHIRE AND WORCESTERSHIRE ICB,R1A,HEREFORDSHIRE AND WORCESTERSHIRE HEALTH AND CARE NHS TRUST,MH031,Herefordshire and Worcestershire Health and Care NHS Trust (HWHC),B03,Calls abandoned in 30 seconds or less,78
01/08/2025,31/08/2025,Midlands,QGH,NHS HEREFORDSHIRE AND WORCESTERSHIRE ICB,R1A,HEREFORDSHIRE AND WORCESTERSHIRE HEALTH AND CARE NHS TRUST,MH031,Herefordshire and Worcestershire Health and Care NHS Trust (HWHC),B04,Calls abandoned in over 30 seconds and up to and including 60 seconds,113
01/08/2025,31/08/2025,Midlands,QGH,NHS HEREFORDSHIRE AND WORCESTERSHIRE ICB,R1A,HEREFORDSHIRE AND WORCESTERSHIRE HEALTH AND CARE NHS TRUST,MH031,Herefordshire and Worcestershire Health and Care NHS Trust (HWHC),B05,Calls abandoned after 60 seconds,347
01/08/2025,31/08/2025,Midlands,QGH,NHS HEREFORDSHIRE AND WORCESTERSHIRE ICB,R1A,HEREFORDSHIRE AND WORCESTERSHIRE HEALTH AND CARE NHS TRUST,MH031,Herefordshire and Worcestershire Health and Care NHS Trust (HWHC),B06,Total time to call answer (seconds),242918
01/08/2025,31/08/2025,Midlands,QGH,NHS HEREFORDSHIRE AND WORCESTERSHIRE ICB,R1A,HEREFORDSHIRE AND WORCESTERSHIRE HEALTH AND CARE NHS TRUST,MH031,Herefordshire and Worcestershire Health and Care NHS Trust (HWHC),B07,95th centile call answer time (seconds),411
01/08/2025,31/08/2025,Midlands,QGH,NHS HEREFORDSHIRE AND WORCESTERSHIRE ICB,R1A,HEREFORDSHIRE AND WORCESTERSHIRE HEALTH AND CARE NHS TRUST,MH031,Herefordshire and Worcestershire Health and Care NHS Trust (HWHC),B09,Total time of abandoned calls (seconds),109652
01/08/2025,31/08/2025,Midlands,QT1,NHS NOTTINGHAM AND NOTTINGHAMSHIRE INTEGRATED CARE BOARD,RHA,NOTTINGHAMSHIRE HEALTHCARE NHS FOUNDATION TRUST,MH051,Nottingham 24/7 Crisis line (NHFT),A01,Number of calls received,8819
01/08/2025,31/08/2025,Midlands,QT1,NHS NOTTINGHAM AND NOTTINGHAMSHIRE INTEGRATED CARE BOARD,RHA,NOTTINGHAMSHIRE HEALTHCARE NHS FOUNDATION TRUST,MH051,Nottingham 24/7 Crisis line (NHFT),A02,Calls routed through IVR,1445
01/08/2025,31/08/2025,Midlands,QT1,NHS NOTTINGHAM AND NOTTINGHAMSHIRE INTEGRATED CARE BOARD,RHA,NOTTINGHAMSHIRE HEALTHCARE NHS FOUNDATION TRUST,MH051,Nottingham 24/7 Crisis line (NHFT),A03,Number of answered calls,5370
01/08/2025,31/08/2025,Midlands,QT1,NHS NOTTINGHAM AND NOTTINGHAMSHIRE INTEGRATED CARE BOARD,RHA,NOTTINGHAMSHIRE HEALTHCARE NHS FOUNDATION TRUST,MH051,Nottingham 24/7 Crisis line (NHFT),B01,Number of calls answered within 60 seconds,2825
01/08/2025,31/08/2025,Midlands,QT1,NHS NOTTINGHAM AND NOTTINGHAMSHIRE INTEGRATED CARE BOARD,RHA,NOTTINGHAMSHIRE HEALTHCARE NHS FOUNDATION TRUST,MH051,Nottingham 24/7 Crisis line (NHFT),B02,Number of calls abandoned,2309
01/08/2025,31/08/2025,Midlands,QT1,NHS NOTTINGHAM AND NOTTINGHAMSHIRE INTEGRATED CARE BOARD,RHA,NOTTINGHAMSHIRE HEALTHCARE NHS FOUNDATION TRUST,MH051,Nottingham 24/7 Crisis line (NHFT),B03,Calls abandoned in 30 seconds or less,385
01/08/2025,31/08/2025,Midlands,QT1,NHS NOTTINGHAM AND NOTTINGHAMSHIRE INTEGRATED CARE BOARD,RHA,NOTTINGHAMSHIRE HEALTHCARE NHS FOUNDATION TRUST,MH051,Nottingham 24/7 Crisis line (NHFT),B04,Calls abandoned in over 30 seconds and up to and including 60 seconds,275
01/08/2025,31/08/2025,Midlands,QT1,NHS NOTTINGHAM AND NOTTINGHAMSHIRE INTEGRATED CARE BOARD,RHA,NOTTINGHAMSHIRE HEALTHCARE NHS FOUNDATION TRUST,MH051,Nottingham 24/7 Crisis line (NHFT),B05,Calls abandoned after 60 seconds,1649
01/08/2025,31/08/2025,Midlands,QT1,NHS NOTTINGHAM AND NOTTINGHAMSHIRE INTEGRATED CARE BOARD,RHA,NOTTINGHAMSHIRE HEALTHCARE NHS FOUNDATION TRUST,MH051,Nottingham 24/7 Crisis line (NHFT),B06,Total time to call answer (seconds),1449982
01/08/2025,31/08/2025,Midlands,QT1,NHS NOTTINGHAM AND NOTTINGHAMSHIRE INTEGRATED CARE BOARD,RHA,NOTTINGHAMSHIRE HEALTHCARE NHS FOUNDATION TRUST,MH051,Nottingham 24/7 Crisis line (NHFT),B07,95th centile call answer time (seconds),1277
01/08/2025,31/08/2025,Midlands,QT1,NHS NOTTINGHAM AND NOTTINGHAMSHIRE INTEGRATED CARE BOARD,RHA,NOTTINGHAMSHIRE HEALTHCARE NHS FOUNDATION TRUST,MH051,Nottingham 24/7 Crisis line (NHFT),B09,Total time of abandoned calls (seconds),649132
01/08/2025,31/08/2025,South West,QUY,"NHS BRISTOL, NORTH SOMERSET AND SOUTH GLOUCESTERSHIRE INTEGRATED CARE BOARD",NBP,BRISDOC HEALTHCARE SERVICES LTD,MH076,Brisdoc MH Crisis Line,A01,Number of calls received,2750
01/08/2025,31/08/2025,South West,QUY,"NHS BRISTOL, NORTH SOMERSET AND SOUTH GLOUCESTERSHIRE INTEGRATED CARE BOARD",NBP,BRISDOC HEALTHCARE SERVICES LTD,MH076,Brisdoc MH Crisis Line,A02,Calls routed through IVR,0
01/08/2025,31/08/2025,South West,QUY,"NHS BRISTOL, NORTH SOMERSET AND SOUTH GLOUCESTERSHIRE INTEGRATED CARE BOARD",NBP,BRISDOC HEALTHCARE SERVICES LTD,MH076,Brisdoc MH Crisis Line,A03,Number of answered calls,2538
01/08/2025,31/08/2025,South West,QUY,"NHS BRISTOL, NORTH SOMERSET AND SOUTH GLOUCESTERSHIRE INTEGRATED CARE BOARD",NBP,BRISDOC HEALTHCARE SERVICES LTD,MH076,Brisdoc MH Crisis Line,B01,Number of calls answered within 60 seconds,2358
01/08/2025,31/08/2025,South West,QUY,"NHS BRISTOL, NORTH SOMERSET AND SOUTH GLOUCESTERSHIRE INTEGRATED CARE BOARD",NBP,BRISDOC HEALTHCARE SERVICES LTD,MH076,Brisdoc MH Crisis Line,B02,Number of calls abandoned,210
01/08/2025,31/08/2025,South West,QUY,"NHS BRISTOL, NORTH SOMERSET AND SOUTH GLOUCESTERSHIRE INTEGRATED CARE BOARD",NBP,BRISDOC HEALTHCARE SERVICES LTD,MH076,Brisdoc MH Crisis Line,B03,Calls abandoned in 30 seconds or less,62
01/08/2025,31/08/2025,South West,QUY,"NHS BRISTOL, NORTH SOMERSET AND SOUTH GLOUCESTERSHIRE INTEGRATED CARE BOARD",NBP,BRISDOC HEALTHCARE SERVICES LTD,MH076,Brisdoc MH Crisis Line,B04,Calls abandoned in over 30 seconds and up to and including 60 seconds,43
01/08/2025,31/08/2025,South West,QUY,"NHS BRISTOL, NORTH SOMERSET AND SOUTH GLOUCESTERSHIRE INTEGRATED CARE BOARD",NBP,BRISDOC HEALTHCARE SERVICES LTD,MH076,Brisdoc MH Crisis Line,B05,Calls abandoned after 60 seconds,105
01/08/2025,31/08/2025,South West,QUY,"NHS BRISTOL, NORTH SOMERSET AND SOUTH GLOUCESTERSHIRE INTEGRATED CARE BOARD",NBP,BRISDOC HEALTHCARE SERVICES LTD,MH076,Brisdoc MH Crisis Line,B06,Total time to call answer (seconds),75358
01/08/2025,31/08/2025,South West,QUY,"NHS BRISTOL, NORTH SOMERSET AND SOUTH GLOUCESTERSHIRE INTEGRATED CARE BOARD",NBP,BRISDOC HEALTHCARE SERVICES LTD,MH076,Brisdoc MH Crisis Line,B07,95th centile call answer time (seconds),141
01/08/2025,31/08/2025,South West,QUY,"NHS BRISTOL, NORTH SOMERSET AND SOUTH GLOUCESTERSHIRE INTEGRATED CARE BOARD",NBP,BRISDOC HEALTHCARE SERVICES LTD,MH076,Brisdoc MH Crisis Line,B09,Total time of abandoned calls (seconds),17288
01/08/2025,31/08/2025,East of England,QM7,NHS HERTFORDSHIRE AND WEST ESSEX INTEGRATED CARE BOARD,RWR,HERTFORDSHIRE PARTNERSHIP UNIVERSITY NHS FOUNDATION TRUST,MH026,HPFT,A01,Number of calls received,953
01/08/2025,31/08/2025,East of England,QM7,NHS HERTFORDSHIRE AND WEST ESSEX INTEGRATED CARE BOARD,RWR,HERTFORDSHIRE PARTNERSHIP UNIVERSITY NHS FOUNDATION TRUST,MH026,HPFT,A02,Calls routed through IVR,953
01/08/2025,31/08/2025,East of England,QM7,NHS HERTFORDSHIRE AND WEST ESSEX INTEGRATED CARE BOARD,RWR,HERTFORDSHIRE PARTNERSHIP UNIVERSITY NHS FOUNDATION TRUST,MH026,HPFT,A03,Number of answered calls,591
01/08/2025,31/08/2025,East of England,QM7,NHS HERTFORDSHIRE AND WEST ESSEX INTEGRATED CARE BOARD,RWR,HERTFORDSHIRE PARTNERSHIP UNIVERSITY NHS FOUNDATION TRUST,MH026,HPFT,B01,Number of calls answered within 60 seconds,267
01/08/2025,31/08/2025,East of England,QM7,NHS HERTFORDSHIRE AND WEST ESSEX INTEGRATED CARE BOARD,RWR,HERTFORDSHIRE PARTNERSHIP UNIVERSITY NHS FOUNDATION TRUST,MH026,HPFT,B02,Number of calls abandoned,359
01/08/2025,31/08/2025,East of England,QM7,NHS HERTFORDSHIRE AND WEST ESSEX INTEGRATED CARE BOARD,RWR,HERTFORDSHIRE PARTNERSHIP UNIVERSITY NHS FOUNDATION TRUST,MH026,HPFT,B03,Calls abandoned in 30 seconds or less,32
01/08/2025,31/08/2025,East of England,QM7,NHS HERTFORDSHIRE AND WEST ESSEX INTEGRATED CARE BOARD,RWR,HERTFORDSHIRE PARTNERSHIP UNIVERSITY NHS FOUNDATION TRUST,MH026,HPFT,B04,Calls abandoned in over 30 seconds and up to and including 60 seconds,29
01/08/2025,31/08/2025,East of England,QM7,NHS HERTFORDSHIRE AND WEST ESSEX INTEGRATED CARE BOARD,RWR,HERTFORDSHIRE PARTNERSHIP UNIVERSITY NHS FOUNDATION TRUST,MH026,HPFT,B05,Calls abandoned after 60 seconds,298
01/08/2025,31/08/2025,East of England,QM7,NHS HERTFORDSHIRE AND WEST ESSEX INTEGRATED CARE BOARD,RWR,HERTFORDSHIRE PARTNERSHIP UNIVERSITY NHS FOUNDATION TRUST,MH026,HPFT,B06,Total time to call answer (seconds),277607
01/08/2025,31/08/2025,East of England,QM7,NHS HERTFORDSHIRE AND WEST ESSEX INTEGRATED CARE BOARD,RWR,HERTFORDSHIRE PARTNERSHIP UNIVERSITY NHS FOUNDATION TRUST,MH026,HPFT,B07,95th centile call answer time (seconds),2091
01/08/2025,31/08/2025,East of England,QM7,NHS HERTFORDSHIRE AND WEST ESSEX INTEGRATED CARE BOARD,RWR,HERTFORDSHIRE PARTNERSHIP UNIVERSITY NHS FOUNDATION TRUST,MH026,HPFT,B09,Total time of abandoned calls (seconds),213081
01/08/2025,31/08/2025,South East,QXU,NHS SURREY HEARTLANDS INTEGRATED CARE BOARD,RXX,SURREY AND BORDERS PARTNERSHIP NHS FOUNDATION TRUST,MH065,Surrey and Borders Partnership NHS Foundation Trust (SABP),A01,Number of calls received,4879
01/08/2025,31/08/2025,South East,QXU,NHS SURREY HEARTLANDS INTEGRATED CARE BOARD,RXX,SURREY AND BORDERS PARTNERSHIP NHS FOUNDATION TRUST,MH065,Surrey and Borders Partnership NHS Foundation Trust (SABP),A02,Calls routed through IVR,700
01/08/2025,31/08/2025,South East,QXU,NHS SURREY HEARTLANDS INTEGRATED CARE BOARD,RXX,SURREY AND BORDERS PARTNERSHIP NHS FOUNDATION TRUST,MH065,Surrey and Borders Partnership NHS Foundation Trust (SABP),A03,Number of answered calls,3665
01/08/2025,31/08/2025,South East,QXU,NHS SURREY HEARTLANDS INTEGRATED CARE BOARD,RXX,SURREY AND BORDERS PARTNERSHIP NHS FOUNDATION TRUST,MH065,Surrey and Borders Partnership NHS Foundation Trust (SABP),B01,Number of calls answered within 60 seconds,2910
01/08/2025,31/08/2025,South East,QXU,NHS SURREY HEARTLANDS INTEGRATED CARE BOARD,RXX,SURREY AND BORDERS PARTNERSHIP NHS FOUNDATION TRUST,MH065,Surrey and Borders Partnership NHS Foundation Trust (SABP),B02,Number of calls abandoned,1123
01/08/2025,31/08/2025,South East,QXU,NHS SURREY HEARTLANDS INTEGRATED CARE BOARD,RXX,SURREY AND BORDERS PARTNERSHIP NHS FOUNDATION TRUST,MH065,Surrey and Borders Partnership NHS Foundation Trust (SABP),B03,Calls abandoned in 30 seconds or less,695
01/08/2025,31/08/2025,South East,QXU,NHS SURREY HEARTLANDS INTEGRATED CARE BOARD,RXX,SURREY AND BORDERS PARTNERSHIP NHS FOUNDATION TRUST,MH065,Surrey and Borders Partnership NHS Foundation Trust (SABP),B04,Calls abandoned in over 30 seconds and up to and including 60 seconds,143
01/08/2025,31/08/2025,South East,QXU,NHS SURREY HEARTLANDS INTEGRATED CARE BOARD,RXX,SURREY AND BORDERS PARTNERSHIP NHS FOUNDATION TRUST,MH065,Surrey and Borders Partnership NHS Foundation Trust (SABP),B05,Calls abandoned after 60 seconds,285
01/08/2025,31/08/2025,South East,QXU,NHS SURREY HEARTLANDS INTEGRATED CARE BOARD,RXX,SURREY AND BORDERS PARTNERSHIP NHS FOUNDATION TRUST,MH065,Surrey and Borders Partnership NHS Foundation Trust (SABP),B06,Total time to call answer (seconds),219472
01/08/2025,31/08/2025,South East,QXU,NHS SURREY HEARTLANDS INTEGRATED CARE BOARD,RXX,SURREY AND BORDERS PARTNERSHIP NHS FOUNDATION TRUST,MH065,Surrey and Borders Partnership NHS Foundation Trust (SABP),B07,95th centile call answer time (seconds),318
01/08/2025,31/08/2025,South East,QXU,NHS SURREY HEARTLANDS INTEGRATED CARE BOARD,RXX,SURREY AND BORDERS PARTNERSHIP NHS FOUNDATION TRUST,MH065,Surrey and Borders Partnership NHS Foundation Trust (SABP),B09,Total time of abandoned calls (seconds),74220
