REPORTING_PERIOD_START,REPORTING_PERIOD_END,REGION,ICB_CODE,ICB_NAME,ORG_CODE,ORG_NAME,CONTRACT_CODE,CONTRACT_NAME,METRIC_ID,METRIC_NAME,METRIC_VALUE
2025-04-01,2025-04-30,Midlands,QPM,NHS NORTHAMPTONSHIRE INTEGRATED CARE BOARD,RP1,NORTHAMPTONSHIRE HEALTHCARE NHS FOUNDATION TRUST,MH050,Mental Health Northants (VCSE) Collaboration. (NMH),A01,Number of calls received,9285
2025-04-01,2025-04-30,Midlands,QPM,NHS NORTHAMPTONSHIRE INTEGRATED CARE BOARD,RP1,NORTHAMPTONSHIRE HEALTHCARE NHS FOUNDATION TRUST,MH050,Mental Health Northants (VCSE) Collaboration. (NMH),A02,Calls routed through IVR,517
2025-04-01,2025-04-30,Midlands,QPM,NHS NORTHAMPTONSHIRE INTEGRATED CARE BOARD,RP1,NORTHAMPTONSHIRE HEALTHCARE NHS FOUNDATION TRUST,MH050,Mental Health Northants (VCSE) Collaboration. (NMH),A03,Number of answered calls,5165
2025-04-01,2025-04-30,Midlands,QPM,NHS NORTHAMPTONSHIRE INTEGRATED CARE BOARD,RP1,NORTHAMPTONSHIRE HEALTHCARE NHS FOUNDATION TRUST,MH050,Mental Health Northants (VCSE) Collaboration. (NMH),B01,Number of calls answered within 60 seconds,2785
2025-04-01,2025-04-30,Midlands,QPM,NHS NORTHAMPTONSHIRE INTEGRATED CARE BOARD,RP1,NORTHAMPTONSHIRE HEALTHCARE NHS FOUNDATION TRUST,MH050,Mental Health Northants (VCSE) Collaboration. (NMH),B02,Number of calls abandoned,4120
2025-04-01,2025-04-30,Midlands,QPM,NHS NORTHAMPTONSHIRE INTEGRATED CARE BOARD,RP1,NORTHAMPTONSHIRE HEALTHCARE NHS FOUNDATION TRUST,MH050,Mental Health Northants (VCSE) Collaboration. (NMH),B03,Calls abandoned in 30 seconds or less,1378
2025-04-01,2025-04-30,Midlands,QPM,NHS NORTHAMPTONSHIRE INTEGRATED CARE BOARD,RP1,NORTHAMPTONSHIRE HEALTHCARE NHS FOUNDATION TRUST,MH050,Mental Health Northants (VCSE) Collaboration. (NMH),B04,Calls abandoned in over 30 seconds and up to and including 60 seconds,583
2025-04-01,2025-04-30,Midlands,QPM,NHS NORTHAMPTONSHIRE INTEGRATED CARE BOARD,RP1,NORTHAMPTONSHIRE HEALTHCARE NHS FOUNDATION TRUST,MH050,Mental Health Northants (VCSE) Collaboration. (NMH),B05,Calls abandoned after 60 seconds,2159
2025-04-01,2025-04-30,Midlands,QPM,NHS NORTHAMPTONSHIRE INTEGRATED CARE BOARD,RP1,NORTHAMPTONSHIRE HEALTHCARE NHS FOUNDATION TRUST,MH050,Mental Health Northants (VCSE) Collaboration. (NMH),B06,Total time to call answer (seconds),1840826
2025-04-01,2025-04-30,Midlands,QPM,NHS NORTHAMPTONSHIRE INTEGRATED CARE BOARD,RP1,NORTHAMPTONSHIRE HEALTHCARE NHS FOUNDATION TRUST,MH050,Mental Health Northants (VCSE) Collaboration. (NMH),B07,95th centile call answer time (seconds),1803
2025-04-01,2025-04-30,Midlands,QPM,NHS NORTHAMPTONSHIRE INTEGRATED CARE BOARD,RP1,NORTHAMPTONSHIRE HEALTHCARE NHS FOUNDATION TRUST,MH050,Mental Health Northants (VCSE) Collaboration. (NMH),B09,Total time of abandoned calls (seconds),1494079
2025-04-01,2025-04-30,North East and Yorkshire,QOQ,NHS HUMBER AND NORTH YORKSHIRE INTEGRATED CARE BOARD,RV9,HUMBER TEACHING NHS FOUNDATION TRUST,MH027,HTFT CYP,A01,Number of calls received,752
2025-04-01,2025-04-30,North East and Yorkshire,QOQ,NHS HUMBER AND NORTH YORKSHIRE INTEGRATED CARE BOARD,RV9,HUMBER TEACHING NHS FOUNDATION TRUST,MH027,HTFT CYP,A02,Calls routed through IVR,0
2025-04-01,2025-04-30,North East and Yorkshire,QOQ,NHS HUMBER AND NORTH YORKSHIRE INTEGRATED CARE BOARD,RV9,HUMBER TEACHING NHS FOUNDATION TRUST,MH027,HTFT CYP,A03,Number of answered calls,489
2025-04-01,2025-04-30,North East and Yorkshire,QOQ,NHS HUMBER AND NORTH YORKSHIRE INTEGRATED CARE BOARD,RV9,HUMBER TEACHING NHS FOUNDATION TRUST,MH027,HTFT CYP,B01,Number of calls answered within 60 seconds,478
2025-04-01,2025-04-30,North East and Yorkshire,QOQ,NHS HUMBER AND NORTH YORKSHIRE INTEGRATED CARE BOARD,RV9,HUMBER TEACHING NHS FOUNDATION TRUST,MH027,HTFT CYP,B02,Number of calls abandoned,263
2025-04-01,2025-04-30,North East and Yorkshire,QOQ,NHS HUMBER AND NORTH YORKSHIRE INTEGRATED CARE BOARD,RV9,HUMBER TEACHING NHS FOUNDATION TRUST,MH027,HTFT CYP,B03,Calls abandoned in 30 seconds or less,210
2025-04-01,2025-04-30,North East and Yorkshire,QOQ,NHS HUMBER AND NORTH YORKSHIRE INTEGRATED CARE BOARD,RV9,HUMBER TEACHING NHS FOUNDATION TRUST,MH027,HTFT CYP,B04,Calls abandoned in over 30 seconds and up to and including 60 seconds,39
2025-04-01,2025-04-30,North East and Yorkshire,QOQ,NHS HUMBER AND NORTH YORKSHIRE INTEGRATED CARE BOARD,RV9,HUMBER TEACHING NHS FOUNDATION TRUST,MH027,HTFT CYP,B05,Calls abandoned after 60 seconds,14
2025-04-01,2025-04-30,North East and Yorkshire,QOQ,NHS HUMBER AND NORTH YORKSHIRE INTEGRATED CARE BOARD,RV9,HUMBER TEACHING NHS FOUNDATION TRUST,MH027,HTFT CYP,B06,Total time to call answer (seconds),11343
2025-04-01,2025-04-30,North East and Yorkshire,QOQ,NHS HUMBER AND NORTH YORKSHIRE INTEGRATED CARE BOARD,RV9,HUMBER TEACHING NHS FOUNDATION TRUST,MH027,HTFT CYP,B07,95th centile call answer time (seconds),38
2025-04-01,2025-04-30,North East and Yorkshire,QOQ,NHS HUMBER AND NORTH YORKSHIRE INTEGRATED CARE BOARD,RV9,HUMBER TEACHING NHS FOUNDATION TRUST,MH027,HTFT CYP,B09,Total time of abandoned calls (seconds),6743
2025-04-01,2025-04-30,North East and Yorkshire,QOQ,NHS HUMBER AND NORTH YORKSHIRE INTEGRATED CARE BOARD,RV9,HUMBER TEACHING NHS FOUNDATION TRUST,MH028,HTFT Adults,A01,Number of calls received,1544
2025-04-01,2025-04-30,North East and Yorkshire,QOQ,NHS HUMBER AND NORTH YORKSHIRE INTEGRATED CARE BOARD,RV9,HUMBER TEACHING NHS FOUNDATION TRUST,MH028,HTFT Adults,A02,Calls routed through IVR,536
2025-04-01,2025-04-30,North East and Yorkshire,QOQ,NHS HUMBER AND NORTH YORKSHIRE INTEGRATED CARE BOARD,RV9,HUMBER TEACHING NHS FOUNDATION TRUST,MH028,HTFT Adults,A03,Number of answered calls,1178
2025-04-01,2025-04-30,North East and Yorkshire,QOQ,NHS HUMBER AND NORTH YORKSHIRE INTEGRATED CARE BOARD,RV9,HUMBER TEACHING NHS FOUNDATION TRUST,MH028,HTFT Adults,B01,Number of calls answered within 60 seconds,926
2025-04-01,2025-04-30,North East and Yorkshire,QOQ,NHS HUMBER AND NORTH YORKSHIRE INTEGRATED CARE BOARD,RV9,HUMBER TEACHING NHS FOUNDATION TRUST,MH028,HTFT Adults,B02,Number of calls abandoned,366
2025-04-01,2025-04-30,North East and Yorkshire,QOQ,NHS HUMBER AND NORTH YORKSHIRE INTEGRATED CARE BOARD,RV9,HUMBER TEACHING NHS FOUNDATION TRUST,MH028,HTFT Adults,B03,Calls abandoned in 30 seconds or less,147
2025-04-01,2025-04-30,North East and Yorkshire,QOQ,NHS HUMBER AND NORTH YORKSHIRE INTEGRATED CARE BOARD,RV9,HUMBER TEACHING NHS FOUNDATION TRUST,MH028,HTFT Adults,B04,Calls abandoned in over 30 seconds and up to and including 60 seconds,39
2025-04-01,2025-04-30,North East and Yorkshire,QOQ,NHS HUMBER AND NORTH YORKSHIRE INTEGRATED CARE BOARD,RV9,HUMBER TEACHING NHS FOUNDATION TRUST,MH028,HTFT Adults,B05,Calls abandoned after 60 seconds,180
2025-04-01,2025-04-30,North East and Yorkshire,QOQ,NHS HUMBER AND NORTH YORKSHIRE INTEGRATED CARE BOARD,RV9,HUMBER TEACHING NHS FOUNDATION TRUST,MH028,HTFT Adults,B06,Total time to call answer (seconds),108284
2025-04-01,2025-04-30,North East and Yorkshire,QOQ,NHS HUMBER AND NORTH YORKSHIRE INTEGRATED CARE BOARD,RV9,HUMBER TEACHING NHS FOUNDATION TRUST,MH028,HTFT Adults,B07,95th centile call answer time (seconds),410
2025-04-01,2025-04-30,North East and Yorkshire,QOQ,NHS HUMBER AND NORTH YORKSHIRE INTEGRATED CARE BOARD,RV9,HUMBER TEACHING NHS FOUNDATION TRUST,MH028,HTFT Adults,B09,Total time of abandoned calls (seconds),70837
2025-04-01,2025-04-30,South East,QNX,NHS SUSSEX INTEGRATED CARE BOARD,RX2,SUSSEX PARTNERSHIP NHS FOUNDATION TRUST,MH066,Sussex Partnership NHS Foundation Trust (SPFT),A01,Number of calls received,4995
2025-04-01,2025-04-30,South East,QNX,NHS SUSSEX INTEGRATED CARE BOARD,RX2,SUSSEX PARTNERSHIP NHS FOUNDATION TRUST,MH066,Sussex Partnership NHS Foundation Trust (SPFT),A02,Calls routed through IVR,-
2025-04-01,2025-04-30,South East,QNX,NHS SUSSEX INTEGRATED CARE BOARD,RX2,SUSSEX PARTNERSHIP NHS FOUNDATION TRUST,MH066,Sussex Partnership NHS Foundation Trust (SPFT),A03,Number of answered calls,2397
2025-04-01,2025-04-30,South East,QNX,NHS SUSSEX INTEGRATED CARE BOARD,RX2,SUSSEX PARTNERSHIP NHS FOUNDATION TRUST,MH066,Sussex Partnership NHS Foundation Trust (SPFT),B01,Number of calls answered within 60 seconds,405
2025-04-01,2025-04-30,South East,QNX,NHS SUSSEX INTEGRATED CARE BOARD,RX2,SUSSEX PARTNERSHIP NHS FOUNDATION TRUST,MH066,Sussex Partnership NHS Foundation Trust (SPFT),B02,Number of calls abandoned,2598
2025-04-01,2025-04-30,South East,QNX,NHS SUSSEX INTEGRATED CARE BOARD,RX2,SUSSEX PARTNERSHIP NHS FOUNDATION TRUST,MH066,Sussex Partnership NHS Foundation Trust (SPFT),B03,Calls abandoned in 30 seconds or less,312
2025-04-01,2025-04-30,South East,QNX,NHS SUSSEX INTEGRATED CARE BOARD,RX2,SUSSEX PARTNERSHIP NHS FOUNDATION TRUST,MH066,Sussex Partnership NHS Foundation Trust (SPFT),B04,Calls abandoned in over 30 seconds and up to and including 60 seconds,187
2025-04-01,2025-04-30,South East,QNX,NHS SUSSEX INTEGRATED CARE BOARD,RX2,SUSSEX PARTNERSHIP NHS FOUNDATION TRUST,MH066,Sussex Partnership NHS Foundation Trust (SPFT),B05,Calls abandoned after 60 seconds,2099
2025-04-01,2025-04-30,South East,QNX,NHS SUSSEX INTEGRATED CARE BOARD,RX2,SUSSEX PARTNERSHIP NHS FOUNDATION TRUST,MH066,Sussex Partnership NHS Foundation Trust (SPFT),B06,Total time to call answer (seconds),4114050
2025-04-01,2025-04-30,South East,QNX,NHS SUSSEX INTEGRATED CARE BOARD,RX2,SUSSEX PARTNERSHIP NHS FOUNDATION TRUST,MH066,Sussex Partnership NHS Foundation Trust (SPFT),B07,95th centile call answer time (seconds),5456
2025-04-01,2025-04-30,South East,QNX,NHS SUSSEX INTEGRATED CARE BOARD,RX2,SUSSEX PARTNERSHIP NHS FOUNDATION TRUST,MH066,Sussex Partnership NHS Foundation Trust (SPFT),B09,Total time of abandoned calls (seconds),1700704
2025-04-01,2025-04-30,North West,QOP,NHS GREATER MANCHESTER INTEGRATED CARE BOARD,RXV,GREATER MANCHESTER MENTAL HEALTH NHS FOUNDATION TRUST,MH025,GMMH 24/7 All Age MH Crisis Helpline,A01,Number of calls received,3922
2025-04-01,2025-04-30,North West,QOP,NHS GREATER MANCHESTER INTEGRATED CARE BOARD,RXV,GREATER MANCHESTER MENTAL HEALTH NHS FOUNDATION TRUST,MH025,GMMH 24/7 All Age MH Crisis Helpline,A02,Calls routed through IVR,3922
2025-04-01,2025-04-30,North West,QOP,NHS GREATER MANCHESTER INTEGRATED CARE BOARD,RXV,GREATER MANCHESTER MENTAL HEALTH NHS FOUNDATION TRUST,MH025,GMMH 24/7 All Age MH Crisis Helpline,A03,Number of answered calls,2484
2025-04-01,2025-04-30,North West,QOP,NHS GREATER MANCHESTER INTEGRATED CARE BOARD,RXV,GREATER MANCHESTER MENTAL HEALTH NHS FOUNDATION TRUST,MH025,GMMH 24/7 All Age MH Crisis Helpline,B01,Number of calls answered within 60 seconds,1557
2025-04-01,2025-04-30,North West,QOP,NHS GREATER MANCHESTER INTEGRATED CARE BOARD,RXV,GREATER MANCHESTER MENTAL HEALTH NHS FOUNDATION TRUST,MH025,GMMH 24/7 All Age MH Crisis Helpline,B02,Number of calls abandoned,1438
2025-04-01,2025-04-30,North West,QOP,NHS GREATER MANCHESTER INTEGRATED CARE BOARD,RXV,GREATER MANCHESTER MENTAL HEALTH NHS FOUNDATION TRUST,MH025,GMMH 24/7 All Age MH Crisis Helpline,B03,Calls abandoned in 30 seconds or less,542
2025-04-01,2025-04-30,North West,QOP,NHS GREATER MANCHESTER INTEGRATED CARE BOARD,RXV,GREATER MANCHESTER MENTAL HEALTH NHS FOUNDATION TRUST,MH025,GMMH 24/7 All Age MH Crisis Helpline,B04,Calls abandoned in over 30 seconds and up to and including 60 seconds,110
2025-04-01,2025-04-30,North West,QOP,NHS GREATER MANCHESTER INTEGRATED CARE BOARD,RXV,GREATER MANCHESTER MENTAL HEALTH NHS FOUNDATION TRUST,MH025,GMMH 24/7 All Age MH Crisis Helpline,B05,Calls abandoned after 60 seconds,786
2025-04-01,2025-04-30,North West,QOP,NHS GREATER MANCHESTER INTEGRATED CARE BOARD,RXV,GREATER MANCHESTER MENTAL HEALTH NHS FOUNDATION TRUST,MH025,GMMH 24/7 All Age MH Crisis Helpline,B06,Total time to call answer (seconds),424343
2025-04-01,2025-04-30,North West,QOP,NHS GREATER MANCHESTER INTEGRATED CARE BOARD,RXV,GREATER MANCHESTER MENTAL HEALTH NHS FOUNDATION TRUST,MH025,GMMH 24/7 All Age MH Crisis Helpline,B07,95th centile call answer time (seconds),876
2025-04-01,2025-04-30,North West,QOP,NHS GREATER MANCHESTER INTEGRATED CARE BOARD,RXV,GREATER MANCHESTER MENTAL HEALTH NHS FOUNDATION TRUST,MH025,GMMH 24/7 All Age MH Crisis Helpline,B09,Total time of abandoned calls (seconds),324569
2025-04-01,2025-04-30,South West,QJK,NHS DEVON INTEGRATED CARE BOARD,NR5,LIVEWELL SOUTHWEST,MH034,Livewell Southwest MH Crisis Line (Livewell),A01,Number of calls received,1767
2025-04-01,2025-04-30,South West,QJK,NHS DEVON INTEGRATED CARE BOARD,NR5,LIVEWELL SOUTHWEST,MH034,Livewell Southwest MH Crisis Line (Livewell),A02,Calls routed through IVR,1270
2025-04-01,2025-04-30,South West,QJK,NHS DEVON INTEGRATED CARE BOARD,NR5,LIVEWELL SOUTHWEST,MH034,Livewell Southwest MH Crisis Line (Livewell),A03,Number of answered calls,1176
2025-04-01,2025-04-30,South West,QJK,NHS DEVON INTEGRATED CARE BOARD,NR5,LIVEWELL SOUTHWEST,MH034,Livewell Southwest MH Crisis Line (Livewell),B01,Number of calls answered within 60 seconds,923
2025-04-01,2025-04-30,South West,QJK,NHS DEVON INTEGRATED CARE BOARD,NR5,LIVEWELL SOUTHWEST,MH034,Livewell Southwest MH Crisis Line (Livewell),B02,Number of calls abandoned,90
2025-04-01,2025-04-30,South West,QJK,NHS DEVON INTEGRATED CARE BOARD,NR5,LIVEWELL SOUTHWEST,MH034,Livewell Southwest MH Crisis Line (Livewell),B03,Calls abandoned in 30 seconds or less,18
2025-04-01,2025-04-30,South West,QJK,NHS DEVON INTEGRATED CARE BOARD,NR5,LIVEWELL SOUTHWEST,MH034,Livewell Southwest MH Crisis Line (Livewell),B04,Calls abandoned in over 30 seconds and up to and including 60 seconds,11
2025-04-01,2025-04-30,South West,QJK,NHS DEVON INTEGRATED CARE BOARD,NR5,LIVEWELL SOUTHWEST,MH034,Livewell Southwest MH Crisis Line (Livewell),B05,Calls abandoned after 60 seconds,61
2025-04-01,2025-04-30,South West,QJK,NHS DEVON INTEGRATED CARE BOARD,NR5,LIVEWELL SOUTHWEST,MH034,Livewell Southwest MH Crisis Line (Livewell),B06,Total time to call answer (seconds),83648
2025-04-01,2025-04-30,South West,QJK,NHS DEVON INTEGRATED CARE BOARD,NR5,LIVEWELL SOUTHWEST,MH034,Livewell Southwest MH Crisis Line (Livewell),B07,95th centile call answer time (seconds),640
2025-04-01,2025-04-30,South West,QJK,NHS DEVON INTEGRATED CARE BOARD,NR5,LIVEWELL SOUTHWEST,MH034,Livewell Southwest MH Crisis Line (Livewell),B09,Total time of abandoned calls (seconds),22051
2025-04-01,2025-04-30,South West,QVV,NHS DORSET INTEGRATED CARE BOARD,RDY,DORSET HEALTHCARE UNIVERSITY NHS FOUNDATION TRUST,MH021,Dorset 24/7 Connection (DHC),A01,Number of calls received,691
2025-04-01,2025-04-30,South West,QVV,NHS DORSET INTEGRATED CARE BOARD,RDY,DORSET HEALTHCARE UNIVERSITY NHS FOUNDATION TRUST,MH021,Dorset 24/7 Connection (DHC),A02,Calls routed through IVR,-
2025-04-01,2025-04-30,South West,QVV,NHS DORSET INTEGRATED CARE BOARD,RDY,DORSET HEALTHCARE UNIVERSITY NHS FOUNDATION TRUST,MH021,Dorset 24/7 Connection (DHC),A03,Number of answered calls,574
2025-04-01,2025-04-30,South West,QVV,NHS DORSET INTEGRATED CARE BOARD,RDY,DORSET HEALTHCARE UNIVERSITY NHS FOUNDATION TRUST,MH021,Dorset 24/7 Connection (DHC),B01,Number of calls answered within 60 seconds,-
2025-04-01,2025-04-30,South West,QVV,NHS DORSET INTEGRATED CARE BOARD,RDY,DORSET HEALTHCARE UNIVERSITY NHS FOUNDATION TRUST,MH021,Dorset 24/7 Connection (DHC),B02,Number of calls abandoned,117
2025-04-01,2025-04-30,South West,QVV,NHS DORSET INTEGRATED CARE BOARD,RDY,DORSET HEALTHCARE UNIVERSITY NHS FOUNDATION TRUST,MH021,Dorset 24/7 Connection (DHC),B03,Calls abandoned in 30 seconds or less,-
2025-04-01,2025-04-30,South West,QVV,NHS DORSET INTEGRATED CARE BOARD,RDY,DORSET HEALTHCARE UNIVERSITY NHS FOUNDATION TRUST,MH021,Dorset 24/7 Connection (DHC),B04,Calls abandoned in over 30 seconds and up to and including 60 seconds,-
2025-04-01,2025-04-30,South West,QVV,NHS DORSET INTEGRATED CARE BOARD,RDY,DORSET HEALTHCARE UNIVERSITY NHS FOUNDATION TRUST,MH021,Dorset 24/7 Connection (DHC),B05,Calls abandoned after 60 seconds,-
2025-04-01,2025-04-30,South West,QVV,NHS DORSET INTEGRATED CARE BOARD,RDY,DORSET HEALTHCARE UNIVERSITY NHS FOUNDATION TRUST,MH021,Dorset 24/7 Connection (DHC),B06,Total time to call answer (seconds),-
2025-04-01,2025-04-30,South West,QVV,NHS DORSET INTEGRATED CARE BOARD,RDY,DORSET HEALTHCARE UNIVERSITY NHS FOUNDATION TRUST,MH021,Dorset 24/7 Connection (DHC),B07,95th centile call answer time (seconds),-
2025-04-01,2025-04-30,South West,QVV,NHS DORSET INTEGRATED CARE BOARD,RDY,DORSET HEALTHCARE UNIVERSITY NHS FOUNDATION TRUST,MH021,Dorset 24/7 Connection (DHC),B09,Total time of abandoned calls (seconds),-
2025-04-01,2025-04-30,North West,QE1,NHS LANCASHIRE AND SOUTH CUMBRIA INTEGRATED CARE BOARD,RW5,LANCASHIRE & SOUTH CUMBRIA NHS FOUNDATION TRUST,MH030,LSCFT IRS,A01,Number of calls received,1722
2025-04-01,2025-04-30,North West,QE1,NHS LANCASHIRE AND SOUTH CUMBRIA INTEGRATED CARE BOARD,RW5,LANCASHIRE & SOUTH CUMBRIA NHS FOUNDATION TRUST,MH030,LSCFT IRS,A02,Calls routed through IVR,1722
2025-04-01,2025-04-30,North West,QE1,NHS LANCASHIRE AND SOUTH CUMBRIA INTEGRATED CARE BOARD,RW5,LANCASHIRE & SOUTH CUMBRIA NHS FOUNDATION TRUST,MH030,LSCFT IRS,A03,Number of answered calls,1354
2025-04-01,2025-04-30,North West,QE1,NHS LANCASHIRE AND SOUTH CUMBRIA INTEGRATED CARE BOARD,RW5,LANCASHIRE & SOUTH CUMBRIA NHS FOUNDATION TRUST,MH030,LSCFT IRS,B01,Number of calls answered within 60 seconds,1013
2025-04-01,2025-04-30,North West,QE1,NHS LANCASHIRE AND SOUTH CUMBRIA INTEGRATED CARE BOARD,RW5,LANCASHIRE & SOUTH CUMBRIA NHS FOUNDATION TRUST,MH030,LSCFT IRS,B02,Number of calls abandoned,368
2025-04-01,2025-04-30,North West,QE1,NHS LANCASHIRE AND SOUTH CUMBRIA INTEGRATED CARE BOARD,RW5,LANCASHIRE & SOUTH CUMBRIA NHS FOUNDATION TRUST,MH030,LSCFT IRS,B03,Calls abandoned in 30 seconds or less,162
2025-04-01,2025-04-30,North West,QE1,NHS LANCASHIRE AND SOUTH CUMBRIA INTEGRATED CARE BOARD,RW5,LANCASHIRE & SOUTH CUMBRIA NHS FOUNDATION TRUST,MH030,LSCFT IRS,B04,Calls abandoned in over 30 seconds and up to and including 60 seconds,25
2025-04-01,2025-04-30,North West,QE1,NHS LANCASHIRE AND SOUTH CUMBRIA INTEGRATED CARE BOARD,RW5,LANCASHIRE & SOUTH CUMBRIA NHS FOUNDATION TRUST,MH030,LSCFT IRS,B05,Calls abandoned after 60 seconds,181
2025-04-01,2025-04-30,North West,QE1,NHS LANCASHIRE AND SOUTH CUMBRIA INTEGRATED CARE BOARD,RW5,LANCASHIRE & SOUTH CUMBRIA NHS FOUNDATION TRUST,MH030,LSCFT IRS,B06,Total time to call answer (seconds),148061
2025-04-01,2025-04-30,North West,QE1,NHS LANCASHIRE AND SOUTH CUMBRIA INTEGRATED CARE BOARD,RW5,LANCASHIRE & SOUTH CUMBRIA NHS FOUNDATION TRUST,MH030,LSCFT IRS,B07,95th centile call answer time (seconds),588
2025-04-01,2025-04-30,North West,QE1,NHS LANCASHIRE AND SOUTH CUMBRIA INTEGRATED CARE BOARD,RW5,LANCASHIRE & SOUTH CUMBRIA NHS FOUNDATION TRUST,MH030,LSCFT IRS,B09,Total time of abandoned calls (seconds),61533
2025-04-01,2025-04-30,North East and Yorkshire,QWO,NHS WEST YORKSHIRE INTEGRATED CARE BOARD,RY6,LEEDS COMMUNITY HEALTHCARE NHS TRUST,MH071,CYP Crisis Line - Leeds (LCAHMS),A01,Number of calls received,280
2025-04-01,2025-04-30,North East and Yorkshire,QWO,NHS WEST YORKSHIRE INTEGRATED CARE BOARD,RY6,LEEDS COMMUNITY HEALTHCARE NHS TRUST,MH071,CYP Crisis Line - Leeds (LCAHMS),A02,Calls routed through IVR,-
2025-04-01,2025-04-30,North East and Yorkshire,QWO,NHS WEST YORKSHIRE INTEGRATED CARE BOARD,RY6,LEEDS COMMUNITY HEALTHCARE NHS TRUST,MH071,CYP Crisis Line - Leeds (LCAHMS),A03,Number of answered calls,240
2025-04-01,2025-04-30,North East and Yorkshire,QWO,NHS WEST YORKSHIRE INTEGRATED CARE BOARD,RY6,LEEDS COMMUNITY HEALTHCARE NHS TRUST,MH071,CYP Crisis Line - Leeds (LCAHMS),B01,Number of calls answered within 60 seconds,213
2025-04-01,2025-04-30,North East and Yorkshire,QWO,NHS WEST YORKSHIRE INTEGRATED CARE BOARD,RY6,LEEDS COMMUNITY HEALTHCARE NHS TRUST,MH071,CYP Crisis Line - Leeds (LCAHMS),B02,Number of calls abandoned,40
2025-04-01,2025-04-30,North East and Yorkshire,QWO,NHS WEST YORKSHIRE INTEGRATED CARE BOARD,RY6,LEEDS COMMUNITY HEALTHCARE NHS TRUST,MH071,CYP Crisis Line - Leeds (LCAHMS),B03,Calls abandoned in 30 seconds or less,15
2025-04-01,2025-04-30,North East and Yorkshire,QWO,NHS WEST YORKSHIRE INTEGRATED CARE BOARD,RY6,LEEDS COMMUNITY HEALTHCARE NHS TRUST,MH071,CYP Crisis Line - Leeds (LCAHMS),B04,Calls abandoned in over 30 seconds and up to and including 60 seconds,3
2025-04-01,2025-04-30,North East and Yorkshire,QWO,NHS WEST YORKSHIRE INTEGRATED CARE BOARD,RY6,LEEDS COMMUNITY HEALTHCARE NHS TRUST,MH071,CYP Crisis Line - Leeds (LCAHMS),B05,Calls abandoned after 60 seconds,22
2025-04-01,2025-04-30,North East and Yorkshire,QWO,NHS WEST YORKSHIRE INTEGRATED CARE BOARD,RY6,LEEDS COMMUNITY HEALTHCARE NHS TRUST,MH071,CYP Crisis Line - Leeds (LCAHMS),B06,Total time to call answer (seconds),10320
2025-04-01,2025-04-30,North East and Yorkshire,QWO,NHS WEST YORKSHIRE INTEGRATED CARE BOARD,RY6,LEEDS COMMUNITY HEALTHCARE NHS TRUST,MH071,CYP Crisis Line - Leeds (LCAHMS),B07,95th centile call answer time (seconds),-
2025-04-01,2025-04-30,North East and Yorkshire,QWO,NHS WEST YORKSHIRE INTEGRATED CARE BOARD,RY6,LEEDS COMMUNITY HEALTHCARE NHS TRUST,MH071,CYP Crisis Line - Leeds (LCAHMS),B09,Total time of abandoned calls (seconds),14480
2025-04-01,2025-04-30,North West,QYG,NHS CHESHIRE AND MERSEYSIDE INTEGRATED CARE BOARD,RXA,CHESHIRE AND WIRRAL PARTNERSHIP NHS FOUNDATION TRUST,MH012,Cheshire and Wirral Mental Health Crisis (CWP),A01,Number of calls received,8291
2025-04-01,2025-04-30,North West,QYG,NHS CHESHIRE AND MERSEYSIDE INTEGRATED CARE BOARD,RXA,CHESHIRE AND WIRRAL PARTNERSHIP NHS FOUNDATION TRUST,MH012,Cheshire and Wirral Mental Health Crisis (CWP),A02,Calls routed through IVR,1522
2025-04-01,2025-04-30,North West,QYG,NHS CHESHIRE AND MERSEYSIDE INTEGRATED CARE BOARD,RXA,CHESHIRE AND WIRRAL PARTNERSHIP NHS FOUNDATION TRUST,MH012,Cheshire and Wirral Mental Health Crisis (CWP),A03,Number of answered calls,5558
2025-04-01,2025-04-30,North West,QYG,NHS CHESHIRE AND MERSEYSIDE INTEGRATED CARE BOARD,RXA,CHESHIRE AND WIRRAL PARTNERSHIP NHS FOUNDATION TRUST,MH012,Cheshire and Wirral Mental Health Crisis (CWP),B01,Number of calls answered within 60 seconds,2959
2025-04-01,2025-04-30,North West,QYG,NHS CHESHIRE AND MERSEYSIDE INTEGRATED CARE BOARD,RXA,CHESHIRE AND WIRRAL PARTNERSHIP NHS FOUNDATION TRUST,MH012,Cheshire and Wirral Mental Health Crisis (CWP),B02,Number of calls abandoned,2733
2025-04-01,2025-04-30,North West,QYG,NHS CHESHIRE AND MERSEYSIDE INTEGRATED CARE BOARD,RXA,CHESHIRE AND WIRRAL PARTNERSHIP NHS FOUNDATION TRUST,MH012,Cheshire and Wirral Mental Health Crisis (CWP),B03,Calls abandoned in 30 seconds or less,1668
2025-04-01,2025-04-30,North West,QYG,NHS CHESHIRE AND MERSEYSIDE INTEGRATED CARE BOARD,RXA,CHESHIRE AND WIRRAL PARTNERSHIP NHS FOUNDATION TRUST,MH012,Cheshire and Wirral Mental Health Crisis (CWP),B04,Calls abandoned in over 30 seconds and up to and including 60 seconds,155
2025-04-01,2025-04-30,North West,QYG,NHS CHESHIRE AND MERSEYSIDE INTEGRATED CARE BOARD,RXA,CHESHIRE AND WIRRAL PARTNERSHIP NHS FOUNDATION TRUST,MH012,Cheshire and Wirral Mental Health Crisis (CWP),B05,Calls abandoned after 60 seconds,910
2025-04-01,2025-04-30,North West,QYG,NHS CHESHIRE AND MERSEYSIDE INTEGRATED CARE BOARD,RXA,CHESHIRE AND WIRRAL PARTNERSHIP NHS FOUNDATION TRUST,MH012,Cheshire and Wirral Mental Health Crisis (CWP),B06,Total time to call answer (seconds),1399376
2025-04-01,2025-04-30,North West,QYG,NHS CHESHIRE AND MERSEYSIDE INTEGRATED CARE BOARD,RXA,CHESHIRE AND WIRRAL PARTNERSHIP NHS FOUNDATION TRUST,MH012,Cheshire and Wirral Mental Health Crisis (CWP),B07,95th centile call answer time (seconds),1214
2025-04-01,2025-04-30,North West,QYG,NHS CHESHIRE AND MERSEYSIDE INTEGRATED CARE BOARD,RXA,CHESHIRE AND WIRRAL PARTNERSHIP NHS FOUNDATION TRUST,MH012,Cheshire and Wirral Mental Health Crisis (CWP),B09,Total time of abandoned calls (seconds),381686
2025-04-01,2025-04-30,North East and Yorkshire,QWO,NHS WEST YORKSHIRE INTEGRATED CARE BOARD,8JF48,,MH072,Night Owls - CYP West Yorkshire,A01,Number of calls received,271
2025-04-01,2025-04-30,North East and Yorkshire,QWO,NHS WEST YORKSHIRE INTEGRATED CARE BOARD,8JF48,,MH072,Night Owls - CYP West Yorkshire,A02,Calls routed through IVR,91
2025-04-01,2025-04-30,North East and Yorkshire,QWO,NHS WEST YORKSHIRE INTEGRATED CARE BOARD,8JF48,,MH072,Night Owls - CYP West Yorkshire,A03,Number of answered calls,127
2025-04-01,2025-04-30,North East and Yorkshire,QWO,NHS WEST YORKSHIRE INTEGRATED CARE BOARD,8JF48,,MH072,Night Owls - CYP West Yorkshire,B01,Number of calls answered within 60 seconds,112
2025-04-01,2025-04-30,North East and Yorkshire,QWO,NHS WEST YORKSHIRE INTEGRATED CARE BOARD,8JF48,,MH072,Night Owls - CYP West Yorkshire,B02,Number of calls abandoned,88
2025-04-01,2025-04-30,North East and Yorkshire,QWO,NHS WEST YORKSHIRE INTEGRATED CARE BOARD,8JF48,,MH072,Night Owls - CYP West Yorkshire,B03,Calls abandoned in 30 seconds or less,37
2025-04-01,2025-04-30,North East and Yorkshire,QWO,NHS WEST YORKSHIRE INTEGRATED CARE BOARD,8JF48,,MH072,Night Owls - CYP West Yorkshire,B04,Calls abandoned in over 30 seconds and up to and including 60 seconds,6
2025-04-01,2025-04-30,North East and Yorkshire,QWO,NHS WEST YORKSHIRE INTEGRATED CARE BOARD,8JF48,,MH072,Night Owls - CYP West Yorkshire,B05,Calls abandoned after 60 seconds,45
2025-04-01,2025-04-30,North East and Yorkshire,QWO,NHS WEST YORKSHIRE INTEGRATED CARE BOARD,8JF48,,MH072,Night Owls - CYP West Yorkshire,B06,Total time to call answer (seconds),10393
2025-04-01,2025-04-30,North East and Yorkshire,QWO,NHS WEST YORKSHIRE INTEGRATED CARE BOARD,8JF48,,MH072,Night Owls - CYP West Yorkshire,B07,95th centile call answer time (seconds),275
2025-04-01,2025-04-30,North East and Yorkshire,QWO,NHS WEST YORKSHIRE INTEGRATED CARE BOARD,8JF48,,MH072,Night Owls - CYP West Yorkshire,B09,Total time of abandoned calls (seconds),25265
2025-04-01,2025-04-30,North East and Yorkshire,QOQ,NHS HUMBER AND NORTH YORKSHIRE INTEGRATED CARE BOARD,NQL,NAVIGO HEALTH AND SOCIAL CARE CIC,MH040,Navigo from Adult to All Age,A01,Number of calls received,4972
2025-04-01,2025-04-30,North East and Yorkshire,QOQ,NHS HUMBER AND NORTH YORKSHIRE INTEGRATED CARE BOARD,NQL,NAVIGO HEALTH AND SOCIAL CARE CIC,MH040,Navigo from Adult to All Age,A02,Calls routed through IVR,272
2025-04-01,2025-04-30,North East and Yorkshire,QOQ,NHS HUMBER AND NORTH YORKSHIRE INTEGRATED CARE BOARD,NQL,NAVIGO HEALTH AND SOCIAL CARE CIC,MH040,Navigo from Adult to All Age,A03,Number of answered calls,2832
2025-04-01,2025-04-30,North East and Yorkshire,QOQ,NHS HUMBER AND NORTH YORKSHIRE INTEGRATED CARE BOARD,NQL,NAVIGO HEALTH AND SOCIAL CARE CIC,MH040,Navigo from Adult to All Age,B01,Number of calls answered within 60 seconds,2085
2025-04-01,2025-04-30,North East and Yorkshire,QOQ,NHS HUMBER AND NORTH YORKSHIRE INTEGRATED CARE BOARD,NQL,NAVIGO HEALTH AND SOCIAL CARE CIC,MH040,Navigo from Adult to All Age,B02,Number of calls abandoned,1139
2025-04-01,2025-04-30,North East and Yorkshire,QOQ,NHS HUMBER AND NORTH YORKSHIRE INTEGRATED CARE BOARD,NQL,NAVIGO HEALTH AND SOCIAL CARE CIC,MH040,Navigo from Adult to All Age,B03,Calls abandoned in 30 seconds or less,855
2025-04-01,2025-04-30,North East and Yorkshire,QOQ,NHS HUMBER AND NORTH YORKSHIRE INTEGRATED CARE BOARD,NQL,NAVIGO HEALTH AND SOCIAL CARE CIC,MH040,Navigo from Adult to All Age,B04,Calls abandoned in over 30 seconds and up to and including 60 seconds,68
2025-04-01,2025-04-30,North East and Yorkshire,QOQ,NHS HUMBER AND NORTH YORKSHIRE INTEGRATED CARE BOARD,NQL,NAVIGO HEALTH AND SOCIAL CARE CIC,MH040,Navigo from Adult to All Age,B05,Calls abandoned after 60 seconds,216
2025-04-01,2025-04-30,North East and Yorkshire,QOQ,NHS HUMBER AND NORTH YORKSHIRE INTEGRATED CARE BOARD,NQL,NAVIGO HEALTH AND SOCIAL CARE CIC,MH040,Navigo from Adult to All Age,B06,Total time to call answer (seconds),289521
2025-04-01,2025-04-30,North East and Yorkshire,QOQ,NHS HUMBER AND NORTH YORKSHIRE INTEGRATED CARE BOARD,NQL,NAVIGO HEALTH AND SOCIAL CARE CIC,MH040,Navigo from Adult to All Age,B07,95th centile call answer time (seconds),305
2025-04-01,2025-04-30,North East and Yorkshire,QOQ,NHS HUMBER AND NORTH YORKSHIRE INTEGRATED CARE BOARD,NQL,NAVIGO HEALTH AND SOCIAL CARE CIC,MH040,Navigo from Adult to All Age,B09,Total time of abandoned calls (seconds),53243
2025-04-01,2025-04-30,Midlands,QNC,NHS STAFFORDSHIRE AND STOKE-ON-TRENT INTEGRATED CARE BOARD,RLY,NORTH STAFFORDSHIRE COMBINED HEALTHCARE NHS TRUST,MH049,Crisis Care Centre (NSCHT),A01,Number of calls received,2840
2025-04-01,2025-04-30,Midlands,QNC,NHS STAFFORDSHIRE AND STOKE-ON-TRENT INTEGRATED CARE BOARD,RLY,NORTH STAFFORDSHIRE COMBINED HEALTHCARE NHS TRUST,MH049,Crisis Care Centre (NSCHT),A02,Calls routed through IVR,385
2025-04-01,2025-04-30,Midlands,QNC,NHS STAFFORDSHIRE AND STOKE-ON-TRENT INTEGRATED CARE BOARD,RLY,NORTH STAFFORDSHIRE COMBINED HEALTHCARE NHS TRUST,MH049,Crisis Care Centre (NSCHT),A03,Number of answered calls,2018
2025-04-01,2025-04-30,Midlands,QNC,NHS STAFFORDSHIRE AND STOKE-ON-TRENT INTEGRATED CARE BOARD,RLY,NORTH STAFFORDSHIRE COMBINED HEALTHCARE NHS TRUST,MH049,Crisis Care Centre (NSCHT),B01,Number of calls answered within 60 seconds,1954
2025-04-01,2025-04-30,Midlands,QNC,NHS STAFFORDSHIRE AND STOKE-ON-TRENT INTEGRATED CARE BOARD,RLY,NORTH STAFFORDSHIRE COMBINED HEALTHCARE NHS TRUST,MH049,Crisis Care Centre (NSCHT),B02,Number of calls abandoned,822
2025-04-01,2025-04-30,Midlands,QNC,NHS STAFFORDSHIRE AND STOKE-ON-TRENT INTEGRATED CARE BOARD,RLY,NORTH STAFFORDSHIRE COMBINED HEALTHCARE NHS TRUST,MH049,Crisis Care Centre (NSCHT),B03,Calls abandoned in 30 seconds or less,143
2025-04-01,2025-04-30,Midlands,QNC,NHS STAFFORDSHIRE AND STOKE-ON-TRENT INTEGRATED CARE BOARD,RLY,NORTH STAFFORDSHIRE COMBINED HEALTHCARE NHS TRUST,MH049,Crisis Care Centre (NSCHT),B04,Calls abandoned in over 30 seconds and up to and including 60 seconds,74
2025-04-01,2025-04-30,Midlands,QNC,NHS STAFFORDSHIRE AND STOKE-ON-TRENT INTEGRATED CARE BOARD,RLY,NORTH STAFFORDSHIRE COMBINED HEALTHCARE NHS TRUST,MH049,Crisis Care Centre (NSCHT),B05,Calls abandoned after 60 seconds,605
2025-04-01,2025-04-30,Midlands,QNC,NHS STAFFORDSHIRE AND STOKE-ON-TRENT INTEGRATED CARE BOARD,RLY,NORTH STAFFORDSHIRE COMBINED HEALTHCARE NHS TRUST,MH049,Crisis Care Centre (NSCHT),B06,Total time to call answer (seconds),538469
2025-04-01,2025-04-30,Midlands,QNC,NHS STAFFORDSHIRE AND STOKE-ON-TRENT INTEGRATED CARE BOARD,RLY,NORTH STAFFORDSHIRE COMBINED HEALTHCARE NHS TRUST,MH049,Crisis Care Centre (NSCHT),B07,95th centile call answer time (seconds),1601
2025-04-01,2025-04-30,Midlands,QNC,NHS STAFFORDSHIRE AND STOKE-ON-TRENT INTEGRATED CARE BOARD,RLY,NORTH STAFFORDSHIRE COMBINED HEALTHCARE NHS TRUST,MH049,Crisis Care Centre (NSCHT),B09,Total time of abandoned calls (seconds),415851
2025-04-01,2025-04-30,Midlands,QJM,NHS LINCOLNSHIRE INTEGRATED CARE BOARD,RP7,LINCOLNSHIRE PARTNERSHIP NHS FOUNDATION TRUST,MH033,LPFT,A01,Number of calls received,1980
2025-04-01,2025-04-30,Midlands,QJM,NHS LINCOLNSHIRE INTEGRATED CARE BOARD,RP7,LINCOLNSHIRE PARTNERSHIP NHS FOUNDATION TRUST,MH033,LPFT,A02,Calls routed through IVR,-
2025-04-01,2025-04-30,Midlands,QJM,NHS LINCOLNSHIRE INTEGRATED CARE BOARD,RP7,LINCOLNSHIRE PARTNERSHIP NHS FOUNDATION TRUST,MH033,LPFT,A03,Number of answered calls,1645
2025-04-01,2025-04-30,Midlands,QJM,NHS LINCOLNSHIRE INTEGRATED CARE BOARD,RP7,LINCOLNSHIRE PARTNERSHIP NHS FOUNDATION TRUST,MH033,LPFT,B01,Number of calls answered within 60 seconds,1466
2025-04-01,2025-04-30,Midlands,QJM,NHS LINCOLNSHIRE INTEGRATED CARE BOARD,RP7,LINCOLNSHIRE PARTNERSHIP NHS FOUNDATION TRUST,MH033,LPFT,B02,Number of calls abandoned,172
2025-04-01,2025-04-30,Midlands,QJM,NHS LINCOLNSHIRE INTEGRATED CARE BOARD,RP7,LINCOLNSHIRE PARTNERSHIP NHS FOUNDATION TRUST,MH033,LPFT,B03,Calls abandoned in 30 seconds or less,60
2025-04-01,2025-04-30,Midlands,QJM,NHS LINCOLNSHIRE INTEGRATED CARE BOARD,RP7,LINCOLNSHIRE PARTNERSHIP NHS FOUNDATION TRUST,MH033,LPFT,B04,Calls abandoned in over 30 seconds and up to and including 60 seconds,21
2025-04-01,2025-04-30,Midlands,QJM,NHS LINCOLNSHIRE INTEGRATED CARE BOARD,RP7,LINCOLNSHIRE PARTNERSHIP NHS FOUNDATION TRUST,MH033,LPFT,B05,Calls abandoned after 60 seconds,91
2025-04-01,2025-04-30,Midlands,QJM,NHS LINCOLNSHIRE INTEGRATED CARE BOARD,RP7,LINCOLNSHIRE PARTNERSHIP NHS FOUNDATION TRUST,MH033,LPFT,B06,Total time to call answer (seconds),101089
2025-04-01,2025-04-30,Midlands,QJM,NHS LINCOLNSHIRE INTEGRATED CARE BOARD,RP7,LINCOLNSHIRE PARTNERSHIP NHS FOUNDATION TRUST,MH033,LPFT,B07,95th centile call answer time (seconds),338
2025-04-01,2025-04-30,Midlands,QJM,NHS LINCOLNSHIRE INTEGRATED CARE BOARD,RP7,LINCOLNSHIRE PARTNERSHIP NHS FOUNDATION TRUST,MH033,LPFT,B09,Total time of abandoned calls (seconds),27386
2025-04-01,2025-04-30,South West,QR1,NHS GLOUCESTERSHIRE INTEGRATED CARE BOARD,RTQ,GLOUCESTERSHIRE HEALTH AND CARE NHS FOUNDATION TRUST,MH024,Gloucestershire MH Crisis Line (GHC),A01,Number of calls received,537
2025-04-01,2025-04-30,South West,QR1,NHS GLOUCESTERSHIRE INTEGRATED CARE BOARD,RTQ,GLOUCESTERSHIRE HEALTH AND CARE NHS FOUNDATION TRUST,MH024,Gloucestershire MH Crisis Line (GHC),A02,Calls routed through IVR,537
2025-04-01,2025-04-30,South West,QR1,NHS GLOUCESTERSHIRE INTEGRATED CARE BOARD,RTQ,GLOUCESTERSHIRE HEALTH AND CARE NHS FOUNDATION TRUST,MH024,Gloucestershire MH Crisis Line (GHC),A03,Number of answered calls,438
2025-04-01,2025-04-30,South West,QR1,NHS GLOUCESTERSHIRE INTEGRATED CARE BOARD,RTQ,GLOUCESTERSHIRE HEALTH AND CARE NHS FOUNDATION TRUST,MH024,Gloucestershire MH Crisis Line (GHC),B01,Number of calls answered within 60 seconds,366
2025-04-01,2025-04-30,South West,QR1,NHS GLOUCESTERSHIRE INTEGRATED CARE BOARD,RTQ,GLOUCESTERSHIRE HEALTH AND CARE NHS FOUNDATION TRUST,MH024,Gloucestershire MH Crisis Line (GHC),B02,Number of calls abandoned,99
2025-04-01,2025-04-30,South West,QR1,NHS GLOUCESTERSHIRE INTEGRATED CARE BOARD,RTQ,GLOUCESTERSHIRE HEALTH AND CARE NHS FOUNDATION TRUST,MH024,Gloucestershire MH Crisis Line (GHC),B03,Calls abandoned in 30 seconds or less,36
2025-04-01,2025-04-30,South West,QR1,NHS GLOUCESTERSHIRE INTEGRATED CARE BOARD,RTQ,GLOUCESTERSHIRE HEALTH AND CARE NHS FOUNDATION TRUST,MH024,Gloucestershire MH Crisis Line (GHC),B04,Calls abandoned in over 30 seconds and up to and including 60 seconds,3
2025-04-01,2025-04-30,South West,QR1,NHS GLOUCESTERSHIRE INTEGRATED CARE BOARD,RTQ,GLOUCESTERSHIRE HEALTH AND CARE NHS FOUNDATION TRUST,MH024,Gloucestershire MH Crisis Line (GHC),B05,Calls abandoned after 60 seconds,60
2025-04-01,2025-04-30,South West,QR1,NHS GLOUCESTERSHIRE INTEGRATED CARE BOARD,RTQ,GLOUCESTERSHIRE HEALTH AND CARE NHS FOUNDATION TRUST,MH024,Gloucestershire MH Crisis Line (GHC),B06,Total time to call answer (seconds),33414
2025-04-01,2025-04-30,South West,QR1,NHS GLOUCESTERSHIRE INTEGRATED CARE BOARD,RTQ,GLOUCESTERSHIRE HEALTH AND CARE NHS FOUNDATION TRUST,MH024,Gloucestershire MH Crisis Line (GHC),B07,95th centile call answer time (seconds),120
2025-04-01,2025-04-30,South West,QR1,NHS GLOUCESTERSHIRE INTEGRATED CARE BOARD,RTQ,GLOUCESTERSHIRE HEALTH AND CARE NHS FOUNDATION TRUST,MH024,Gloucestershire MH Crisis Line (GHC),B09,Total time of abandoned calls (seconds),28723
2025-04-01,2025-04-30,South West,QSL,NHS SOMERSET INTEGRATED CARE BOARD,RH5,SOMERSET NHS FOUNDATION TRUST,MH060,Somerset NHS Foundation Trust (MIND),A01,Number of calls received,6510
2025-04-01,2025-04-30,South West,QSL,NHS SOMERSET INTEGRATED CARE BOARD,RH5,SOMERSET NHS FOUNDATION TRUST,MH060,Somerset NHS Foundation Trust (MIND),A02,Calls routed through IVR,404
2025-04-01,2025-04-30,South West,QSL,NHS SOMERSET INTEGRATED CARE BOARD,RH5,SOMERSET NHS FOUNDATION TRUST,MH060,Somerset NHS Foundation Trust (MIND),A03,Number of answered calls,3891
2025-04-01,2025-04-30,South West,QSL,NHS SOMERSET INTEGRATED CARE BOARD,RH5,SOMERSET NHS FOUNDATION TRUST,MH060,Somerset NHS Foundation Trust (MIND),B01,Number of calls answered within 60 seconds,2815
2025-04-01,2025-04-30,South West,QSL,NHS SOMERSET INTEGRATED CARE BOARD,RH5,SOMERSET NHS FOUNDATION TRUST,MH060,Somerset NHS Foundation Trust (MIND),B02,Number of calls abandoned,1235
2025-04-01,2025-04-30,South West,QSL,NHS SOMERSET INTEGRATED CARE BOARD,RH5,SOMERSET NHS FOUNDATION TRUST,MH060,Somerset NHS Foundation Trust (MIND),B03,Calls abandoned in 30 seconds or less,407
2025-04-01,2025-04-30,South West,QSL,NHS SOMERSET INTEGRATED CARE BOARD,RH5,SOMERSET NHS FOUNDATION TRUST,MH060,Somerset NHS Foundation Trust (MIND),B04,Calls abandoned in over 30 seconds and up to and including 60 seconds,221
2025-04-01,2025-04-30,South West,QSL,NHS SOMERSET INTEGRATED CARE BOARD,RH5,SOMERSET NHS FOUNDATION TRUST,MH060,Somerset NHS Foundation Trust (MIND),B05,Calls abandoned after 60 seconds,607
2025-04-01,2025-04-30,South West,QSL,NHS SOMERSET INTEGRATED CARE BOARD,RH5,SOMERSET NHS FOUNDATION TRUST,MH060,Somerset NHS Foundation Trust (MIND),B06,Total time to call answer (seconds),750762
2025-04-01,2025-04-30,South West,QSL,NHS SOMERSET INTEGRATED CARE BOARD,RH5,SOMERSET NHS FOUNDATION TRUST,MH060,Somerset NHS Foundation Trust (MIND),B07,95th centile call answer time (seconds),1049
2025-04-01,2025-04-30,South West,QSL,NHS SOMERSET INTEGRATED CARE BOARD,RH5,SOMERSET NHS FOUNDATION TRUST,MH060,Somerset NHS Foundation Trust (MIND),B09,Total time of abandoned calls (seconds),245346
2025-04-01,2025-04-30,Midlands,QJ2,NHS DERBY AND DERBYSHIRE INTEGRATED CARE BOARD,RXM,DERBYSHIRE HEALTHCARE NHS FOUNDATION TRUST,MH018,Derbyshire Mental Health Helpline and Support Service (DHFT),A01,Number of calls received,4134
2025-04-01,2025-04-30,Midlands,QJ2,NHS DERBY AND DERBYSHIRE INTEGRATED CARE BOARD,RXM,DERBYSHIRE HEALTHCARE NHS FOUNDATION TRUST,MH018,Derbyshire Mental Health Helpline and Support Service (DHFT),A02,Calls routed through IVR,829
2025-04-01,2025-04-30,Midlands,QJ2,NHS DERBY AND DERBYSHIRE INTEGRATED CARE BOARD,RXM,DERBYSHIRE HEALTHCARE NHS FOUNDATION TRUST,MH018,Derbyshire Mental Health Helpline and Support Service (DHFT),A03,Number of answered calls,2224
2025-04-01,2025-04-30,Midlands,QJ2,NHS DERBY AND DERBYSHIRE INTEGRATED CARE BOARD,RXM,DERBYSHIRE HEALTHCARE NHS FOUNDATION TRUST,MH018,Derbyshire Mental Health Helpline and Support Service (DHFT),B01,Number of calls answered within 60 seconds,1299
2025-04-01,2025-04-30,Midlands,QJ2,NHS DERBY AND DERBYSHIRE INTEGRATED CARE BOARD,RXM,DERBYSHIRE HEALTHCARE NHS FOUNDATION TRUST,MH018,Derbyshire Mental Health Helpline and Support Service (DHFT),B02,Number of calls abandoned,831
2025-04-01,2025-04-30,Midlands,QJ2,NHS DERBY AND DERBYSHIRE INTEGRATED CARE BOARD,RXM,DERBYSHIRE HEALTHCARE NHS FOUNDATION TRUST,MH018,Derbyshire Mental Health Helpline and Support Service (DHFT),B03,Calls abandoned in 30 seconds or less,313
2025-04-01,2025-04-30,Midlands,QJ2,NHS DERBY AND DERBYSHIRE INTEGRATED CARE BOARD,RXM,DERBYSHIRE HEALTHCARE NHS FOUNDATION TRUST,MH018,Derbyshire Mental Health Helpline and Support Service (DHFT),B04,Calls abandoned in over 30 seconds and up to and including 60 seconds,158
2025-04-01,2025-04-30,Midlands,QJ2,NHS DERBY AND DERBYSHIRE INTEGRATED CARE BOARD,RXM,DERBYSHIRE HEALTHCARE NHS FOUNDATION TRUST,MH018,Derbyshire Mental Health Helpline and Support Service (DHFT),B05,Calls abandoned after 60 seconds,360
2025-04-01,2025-04-30,Midlands,QJ2,NHS DERBY AND DERBYSHIRE INTEGRATED CARE BOARD,RXM,DERBYSHIRE HEALTHCARE NHS FOUNDATION TRUST,MH018,Derbyshire Mental Health Helpline and Support Service (DHFT),B06,Total time to call answer (seconds),195242
2025-04-01,2025-04-30,Midlands,QJ2,NHS DERBY AND DERBYSHIRE INTEGRATED CARE BOARD,RXM,DERBYSHIRE HEALTHCARE NHS FOUNDATION TRUST,MH018,Derbyshire Mental Health Helpline and Support Service (DHFT),B07,95th centile call answer time (seconds),-
2025-04-01,2025-04-30,Midlands,QJ2,NHS DERBY AND DERBYSHIRE INTEGRATED CARE BOARD,RXM,DERBYSHIRE HEALTHCARE NHS FOUNDATION TRUST,MH018,Derbyshire Mental Health Helpline and Support Service (DHFT),B09,Total time of abandoned calls (seconds),266182
2025-04-01,2025-04-30,South East,QKS,NHS KENT AND MEDWAY INTEGRATED CARE BOARD,RXY,KENT AND MEDWAY NHS AND SOCIAL CARE PARTNERSHIP TRUST,MH029,KMPT,A01,Number of calls received,3298
2025-04-01,2025-04-30,South East,QKS,NHS KENT AND MEDWAY INTEGRATED CARE BOARD,RXY,KENT AND MEDWAY NHS AND SOCIAL CARE PARTNERSHIP TRUST,MH029,KMPT,A02,Calls routed through IVR,3298
2025-04-01,2025-04-30,South East,QKS,NHS KENT AND MEDWAY INTEGRATED CARE BOARD,RXY,KENT AND MEDWAY NHS AND SOCIAL CARE PARTNERSHIP TRUST,MH029,KMPT,A03,Number of answered calls,2272
2025-04-01,2025-04-30,South East,QKS,NHS KENT AND MEDWAY INTEGRATED CARE BOARD,RXY,KENT AND MEDWAY NHS AND SOCIAL CARE PARTNERSHIP TRUST,MH029,KMPT,B01,Number of calls answered within 60 seconds,1246
2025-04-01,2025-04-30,South East,QKS,NHS KENT AND MEDWAY INTEGRATED CARE BOARD,RXY,KENT AND MEDWAY NHS AND SOCIAL CARE PARTNERSHIP TRUST,MH029,KMPT,B02,Number of calls abandoned,1026
2025-04-01,2025-04-30,South East,QKS,NHS KENT AND MEDWAY INTEGRATED CARE BOARD,RXY,KENT AND MEDWAY NHS AND SOCIAL CARE PARTNERSHIP TRUST,MH029,KMPT,B03,Calls abandoned in 30 seconds or less,215
2025-04-01,2025-04-30,South East,QKS,NHS KENT AND MEDWAY INTEGRATED CARE BOARD,RXY,KENT AND MEDWAY NHS AND SOCIAL CARE PARTNERSHIP TRUST,MH029,KMPT,B04,Calls abandoned in over 30 seconds and up to and including 60 seconds,85
2025-04-01,2025-04-30,South East,QKS,NHS KENT AND MEDWAY INTEGRATED CARE BOARD,RXY,KENT AND MEDWAY NHS AND SOCIAL CARE PARTNERSHIP TRUST,MH029,KMPT,B05,Calls abandoned after 60 seconds,726
2025-04-01,2025-04-30,South East,QKS,NHS KENT AND MEDWAY INTEGRATED CARE BOARD,RXY,KENT AND MEDWAY NHS AND SOCIAL CARE PARTNERSHIP TRUST,MH029,KMPT,B06,Total time to call answer (seconds),783096
2025-04-01,2025-04-30,South East,QKS,NHS KENT AND MEDWAY INTEGRATED CARE BOARD,RXY,KENT AND MEDWAY NHS AND SOCIAL CARE PARTNERSHIP TRUST,MH029,KMPT,B07,95th centile call answer time (seconds),1548
2025-04-01,2025-04-30,South East,QKS,NHS KENT AND MEDWAY INTEGRATED CARE BOARD,RXY,KENT AND MEDWAY NHS AND SOCIAL CARE PARTNERSHIP TRUST,MH029,KMPT,B09,Total time of abandoned calls (seconds),376128
2025-04-01,2025-04-30,Midlands,QHL,NHS BIRMINGHAM AND SOLIHULL INTEGRATED CARE BOARD,RXT,BIRMINGHAM AND SOLIHULL MENTAL HEALTH NHS FOUNDATION TRUST,MH006,Birmingham and Solihull Urgent Mental Health Helpline (BSOLMH),A01,Number of calls received,1375
2025-04-01,2025-04-30,Midlands,QHL,NHS BIRMINGHAM AND SOLIHULL INTEGRATED CARE BOARD,RXT,BIRMINGHAM AND SOLIHULL MENTAL HEALTH NHS FOUNDATION TRUST,MH006,Birmingham and Solihull Urgent Mental Health Helpline (BSOLMH),A02,Calls routed through IVR,1375
2025-04-01,2025-04-30,Midlands,QHL,NHS BIRMINGHAM AND SOLIHULL INTEGRATED CARE BOARD,RXT,BIRMINGHAM AND SOLIHULL MENTAL HEALTH NHS FOUNDATION TRUST,MH006,Birmingham and Solihull Urgent Mental Health Helpline (BSOLMH),A03,Number of answered calls,1062
2025-04-01,2025-04-30,Midlands,QHL,NHS BIRMINGHAM AND SOLIHULL INTEGRATED CARE BOARD,RXT,BIRMINGHAM AND SOLIHULL MENTAL HEALTH NHS FOUNDATION TRUST,MH006,Birmingham and Solihull Urgent Mental Health Helpline (BSOLMH),B01,Number of calls answered within 60 seconds,837
2025-04-01,2025-04-30,Midlands,QHL,NHS BIRMINGHAM AND SOLIHULL INTEGRATED CARE BOARD,RXT,BIRMINGHAM AND SOLIHULL MENTAL HEALTH NHS FOUNDATION TRUST,MH006,Birmingham and Solihull Urgent Mental Health Helpline (BSOLMH),B02,Number of calls abandoned,201
2025-04-01,2025-04-30,Midlands,QHL,NHS BIRMINGHAM AND SOLIHULL INTEGRATED CARE BOARD,RXT,BIRMINGHAM AND SOLIHULL MENTAL HEALTH NHS FOUNDATION TRUST,MH006,Birmingham and Solihull Urgent Mental Health Helpline (BSOLMH),B03,Calls abandoned in 30 seconds or less,86
2025-04-01,2025-04-30,Midlands,QHL,NHS BIRMINGHAM AND SOLIHULL INTEGRATED CARE BOARD,RXT,BIRMINGHAM AND SOLIHULL MENTAL HEALTH NHS FOUNDATION TRUST,MH006,Birmingham and Solihull Urgent Mental Health Helpline (BSOLMH),B04,Calls abandoned in over 30 seconds and up to and including 60 seconds,12
2025-04-01,2025-04-30,Midlands,QHL,NHS BIRMINGHAM AND SOLIHULL INTEGRATED CARE BOARD,RXT,BIRMINGHAM AND SOLIHULL MENTAL HEALTH NHS FOUNDATION TRUST,MH006,Birmingham and Solihull Urgent Mental Health Helpline (BSOLMH),B05,Calls abandoned after 60 seconds,103
2025-04-01,2025-04-30,Midlands,QHL,NHS BIRMINGHAM AND SOLIHULL INTEGRATED CARE BOARD,RXT,BIRMINGHAM AND SOLIHULL MENTAL HEALTH NHS FOUNDATION TRUST,MH006,Birmingham and Solihull Urgent Mental Health Helpline (BSOLMH),B06,Total time to call answer (seconds),90162
2025-04-01,2025-04-30,Midlands,QHL,NHS BIRMINGHAM AND SOLIHULL INTEGRATED CARE BOARD,RXT,BIRMINGHAM AND SOLIHULL MENTAL HEALTH NHS FOUNDATION TRUST,MH006,Birmingham and Solihull Urgent Mental Health Helpline (BSOLMH),B07,95th centile call answer time (seconds),393
2025-04-01,2025-04-30,Midlands,QHL,NHS BIRMINGHAM AND SOLIHULL INTEGRATED CARE BOARD,RXT,BIRMINGHAM AND SOLIHULL MENTAL HEALTH NHS FOUNDATION TRUST,MH006,Birmingham and Solihull Urgent Mental Health Helpline (BSOLMH),B09,Total time of abandoned calls (seconds),27823
2025-04-01,2025-04-30,North East and Yorkshire,QHM,NHS NORTH EAST AND NORTH CUMBRIA INTEGRATED CARE BOARD,RX4,"CUMBRIA, NORTHUMBERLAND, TYNE AND WEAR NHS FOUNDATION TRUST",MH016,"Cumbria, Northumberland, Tyne and Wear Crisis Line (CNTW)",A01,Number of calls received,3178
2025-04-01,2025-04-30,North East and Yorkshire,QHM,NHS NORTH EAST AND NORTH CUMBRIA INTEGRATED CARE BOARD,RX4,"CUMBRIA, NORTHUMBERLAND, TYNE AND WEAR NHS FOUNDATION TRUST",MH016,"Cumbria, Northumberland, Tyne and Wear Crisis Line (CNTW)",A02,Calls routed through IVR,3178
2025-04-01,2025-04-30,North East and Yorkshire,QHM,NHS NORTH EAST AND NORTH CUMBRIA INTEGRATED CARE BOARD,RX4,"CUMBRIA, NORTHUMBERLAND, TYNE AND WEAR NHS FOUNDATION TRUST",MH016,"Cumbria, Northumberland, Tyne and Wear Crisis Line (CNTW)",A03,Number of answered calls,2928
2025-04-01,2025-04-30,North East and Yorkshire,QHM,NHS NORTH EAST AND NORTH CUMBRIA INTEGRATED CARE BOARD,RX4,"CUMBRIA, NORTHUMBERLAND, TYNE AND WEAR NHS FOUNDATION TRUST",MH016,"Cumbria, Northumberland, Tyne and Wear Crisis Line (CNTW)",B01,Number of calls answered within 60 seconds,2280
2025-04-01,2025-04-30,North East and Yorkshire,QHM,NHS NORTH EAST AND NORTH CUMBRIA INTEGRATED CARE BOARD,RX4,"CUMBRIA, NORTHUMBERLAND, TYNE AND WEAR NHS FOUNDATION TRUST",MH016,"Cumbria, Northumberland, Tyne and Wear Crisis Line (CNTW)",B02,Number of calls abandoned,250
2025-04-01,2025-04-30,North East and Yorkshire,QHM,NHS NORTH EAST AND NORTH CUMBRIA INTEGRATED CARE BOARD,RX4,"CUMBRIA, NORTHUMBERLAND, TYNE AND WEAR NHS FOUNDATION TRUST",MH016,"Cumbria, Northumberland, Tyne and Wear Crisis Line (CNTW)",B03,Calls abandoned in 30 seconds or less,83
2025-04-01,2025-04-30,North East and Yorkshire,QHM,NHS NORTH EAST AND NORTH CUMBRIA INTEGRATED CARE BOARD,RX4,"CUMBRIA, NORTHUMBERLAND, TYNE AND WEAR NHS FOUNDATION TRUST",MH016,"Cumbria, Northumberland, Tyne and Wear Crisis Line (CNTW)",B04,Calls abandoned in over 30 seconds and up to and including 60 seconds,39
2025-04-01,2025-04-30,North East and Yorkshire,QHM,NHS NORTH EAST AND NORTH CUMBRIA INTEGRATED CARE BOARD,RX4,"CUMBRIA, NORTHUMBERLAND, TYNE AND WEAR NHS FOUNDATION TRUST",MH016,"Cumbria, Northumberland, Tyne and Wear Crisis Line (CNTW)",B05,Calls abandoned after 60 seconds,128
2025-04-01,2025-04-30,North East and Yorkshire,QHM,NHS NORTH EAST AND NORTH CUMBRIA INTEGRATED CARE BOARD,RX4,"CUMBRIA, NORTHUMBERLAND, TYNE AND WEAR NHS FOUNDATION TRUST",MH016,"Cumbria, Northumberland, Tyne and Wear Crisis Line (CNTW)",B06,Total time to call answer (seconds),206351
2025-04-01,2025-04-30,North East and Yorkshire,QHM,NHS NORTH EAST AND NORTH CUMBRIA INTEGRATED CARE BOARD,RX4,"CUMBRIA, NORTHUMBERLAND, TYNE AND WEAR NHS FOUNDATION TRUST",MH016,"Cumbria, Northumberland, Tyne and Wear Crisis Line (CNTW)",B07,95th centile call answer time (seconds),348
2025-04-01,2025-04-30,North East and Yorkshire,QHM,NHS NORTH EAST AND NORTH CUMBRIA INTEGRATED CARE BOARD,RX4,"CUMBRIA, NORTHUMBERLAND, TYNE AND WEAR NHS FOUNDATION TRUST",MH016,"Cumbria, Northumberland, Tyne and Wear Crisis Line (CNTW)",B09,Total time of abandoned calls (seconds),36836
2025-04-01,2025-04-30,London,QMF,NHS NORTH EAST LONDON INTEGRATED CARE BOARD,RWK,EAST LONDON NHS FOUNDATION TRUST,MH022,North East London Partnership - ELFT,A01,Number of calls received,1307
2025-04-01,2025-04-30,London,QMF,NHS NORTH EAST LONDON INTEGRATED CARE BOARD,RWK,EAST LONDON NHS FOUNDATION TRUST,MH022,North East London Partnership - ELFT,A02,Calls routed through IVR,0
2025-04-01,2025-04-30,London,QMF,NHS NORTH EAST LONDON INTEGRATED CARE BOARD,RWK,EAST LONDON NHS FOUNDATION TRUST,MH022,North East London Partnership - ELFT,A03,Number of answered calls,1186
2025-04-01,2025-04-30,London,QMF,NHS NORTH EAST LONDON INTEGRATED CARE BOARD,RWK,EAST LONDON NHS FOUNDATION TRUST,MH022,North East London Partnership - ELFT,B01,Number of calls answered within 60 seconds,958
2025-04-01,2025-04-30,London,QMF,NHS NORTH EAST LONDON INTEGRATED CARE BOARD,RWK,EAST LONDON NHS FOUNDATION TRUST,MH022,North East London Partnership - ELFT,B02,Number of calls abandoned,121
2025-04-01,2025-04-30,London,QMF,NHS NORTH EAST LONDON INTEGRATED CARE BOARD,RWK,EAST LONDON NHS FOUNDATION TRUST,MH022,North East London Partnership - ELFT,B03,Calls abandoned in 30 seconds or less,21
2025-04-01,2025-04-30,London,QMF,NHS NORTH EAST LONDON INTEGRATED CARE BOARD,RWK,EAST LONDON NHS FOUNDATION TRUST,MH022,North East London Partnership - ELFT,B04,Calls abandoned in over 30 seconds and up to and including 60 seconds,27
2025-04-01,2025-04-30,London,QMF,NHS NORTH EAST LONDON INTEGRATED CARE BOARD,RWK,EAST LONDON NHS FOUNDATION TRUST,MH022,North East London Partnership - ELFT,B05,Calls abandoned after 60 seconds,73
2025-04-01,2025-04-30,London,QMF,NHS NORTH EAST LONDON INTEGRATED CARE BOARD,RWK,EAST LONDON NHS FOUNDATION TRUST,MH022,North East London Partnership - ELFT,B06,Total time to call answer (seconds),86072
2025-04-01,2025-04-30,London,QMF,NHS NORTH EAST LONDON INTEGRATED CARE BOARD,RWK,EAST LONDON NHS FOUNDATION TRUST,MH022,North East London Partnership - ELFT,B07,95th centile call answer time (seconds),303
2025-04-01,2025-04-30,London,QMF,NHS NORTH EAST LONDON INTEGRATED CARE BOARD,RWK,EAST LONDON NHS FOUNDATION TRUST,MH022,North East London Partnership - ELFT,B09,Total time of abandoned calls (seconds),45383
2025-04-01,2025-04-30,East of England,QHG,"NHS BEDFORDSHIRE, LUTON AND MILTON KEYNES INTEGRATED CARE BOARD",RWK,EAST LONDON NHS FOUNDATION TRUST,MH004,Bedfordshire and Luton Mental Health and Wellbeing Services (ELFT),A01,Number of calls received,1340
2025-04-01,2025-04-30,East of England,QHG,"NHS BEDFORDSHIRE, LUTON AND MILTON KEYNES INTEGRATED CARE BOARD",RWK,EAST LONDON NHS FOUNDATION TRUST,MH004,Bedfordshire and Luton Mental Health and Wellbeing Services (ELFT),A02,Calls routed through IVR,0
2025-04-01,2025-04-30,East of England,QHG,"NHS BEDFORDSHIRE, LUTON AND MILTON KEYNES INTEGRATED CARE BOARD",RWK,EAST LONDON NHS FOUNDATION TRUST,MH004,Bedfordshire and Luton Mental Health and Wellbeing Services (ELFT),A03,Number of answered calls,811
2025-04-01,2025-04-30,East of England,QHG,"NHS BEDFORDSHIRE, LUTON AND MILTON KEYNES INTEGRATED CARE BOARD",RWK,EAST LONDON NHS FOUNDATION TRUST,MH004,Bedfordshire and Luton Mental Health and Wellbeing Services (ELFT),B01,Number of calls answered within 60 seconds,417
2025-04-01,2025-04-30,East of England,QHG,"NHS BEDFORDSHIRE, LUTON AND MILTON KEYNES INTEGRATED CARE BOARD",RWK,EAST LONDON NHS FOUNDATION TRUST,MH004,Bedfordshire and Luton Mental Health and Wellbeing Services (ELFT),B02,Number of calls abandoned,529
2025-04-01,2025-04-30,East of England,QHG,"NHS BEDFORDSHIRE, LUTON AND MILTON KEYNES INTEGRATED CARE BOARD",RWK,EAST LONDON NHS FOUNDATION TRUST,MH004,Bedfordshire and Luton Mental Health and Wellbeing Services (ELFT),B03,Calls abandoned in 30 seconds or less,4
2025-04-01,2025-04-30,East of England,QHG,"NHS BEDFORDSHIRE, LUTON AND MILTON KEYNES INTEGRATED CARE BOARD",RWK,EAST LONDON NHS FOUNDATION TRUST,MH004,Bedfordshire and Luton Mental Health and Wellbeing Services (ELFT),B04,Calls abandoned in over 30 seconds and up to and including 60 seconds,39
2025-04-01,2025-04-30,East of England,QHG,"NHS BEDFORDSHIRE, LUTON AND MILTON KEYNES INTEGRATED CARE BOARD",RWK,EAST LONDON NHS FOUNDATION TRUST,MH004,Bedfordshire and Luton Mental Health and Wellbeing Services (ELFT),B05,Calls abandoned after 60 seconds,486
2025-04-01,2025-04-30,East of England,QHG,"NHS BEDFORDSHIRE, LUTON AND MILTON KEYNES INTEGRATED CARE BOARD",RWK,EAST LONDON NHS FOUNDATION TRUST,MH004,Bedfordshire and Luton Mental Health and Wellbeing Services (ELFT),B06,Total time to call answer (seconds),347665
2025-04-01,2025-04-30,East of England,QHG,"NHS BEDFORDSHIRE, LUTON AND MILTON KEYNES INTEGRATED CARE BOARD",RWK,EAST LONDON NHS FOUNDATION TRUST,MH004,Bedfordshire and Luton Mental Health and Wellbeing Services (ELFT),B07,95th centile call answer time (seconds),2002
2025-04-01,2025-04-30,East of England,QHG,"NHS BEDFORDSHIRE, LUTON AND MILTON KEYNES INTEGRATED CARE BOARD",RWK,EAST LONDON NHS FOUNDATION TRUST,MH004,Bedfordshire and Luton Mental Health and Wellbeing Services (ELFT),B09,Total time of abandoned calls (seconds),294593
2025-04-01,2025-04-30,East of England,QM7,NHS HERTFORDSHIRE AND WEST ESSEX INTEGRATED CARE BOARD,RWR,HERTFORDSHIRE PARTNERSHIP UNIVERSITY NHS FOUNDATION TRUST,MH026,HPFT,A01,Number of calls received,1157
2025-04-01,2025-04-30,East of England,QM7,NHS HERTFORDSHIRE AND WEST ESSEX INTEGRATED CARE BOARD,RWR,HERTFORDSHIRE PARTNERSHIP UNIVERSITY NHS FOUNDATION TRUST,MH026,HPFT,A02,Calls routed through IVR,1157
2025-04-01,2025-04-30,East of England,QM7,NHS HERTFORDSHIRE AND WEST ESSEX INTEGRATED CARE BOARD,RWR,HERTFORDSHIRE PARTNERSHIP UNIVERSITY NHS FOUNDATION TRUST,MH026,HPFT,A03,Number of answered calls,646
2025-04-01,2025-04-30,East of England,QM7,NHS HERTFORDSHIRE AND WEST ESSEX INTEGRATED CARE BOARD,RWR,HERTFORDSHIRE PARTNERSHIP UNIVERSITY NHS FOUNDATION TRUST,MH026,HPFT,B01,Number of calls answered within 60 seconds,225
2025-04-01,2025-04-30,East of England,QM7,NHS HERTFORDSHIRE AND WEST ESSEX INTEGRATED CARE BOARD,RWR,HERTFORDSHIRE PARTNERSHIP UNIVERSITY NHS FOUNDATION TRUST,MH026,HPFT,B02,Number of calls abandoned,508
2025-04-01,2025-04-30,East of England,QM7,NHS HERTFORDSHIRE AND WEST ESSEX INTEGRATED CARE BOARD,RWR,HERTFORDSHIRE PARTNERSHIP UNIVERSITY NHS FOUNDATION TRUST,MH026,HPFT,B03,Calls abandoned in 30 seconds or less,83
2025-04-01,2025-04-30,East of England,QM7,NHS HERTFORDSHIRE AND WEST ESSEX INTEGRATED CARE BOARD,RWR,HERTFORDSHIRE PARTNERSHIP UNIVERSITY NHS FOUNDATION TRUST,MH026,HPFT,B04,Calls abandoned in over 30 seconds and up to and including 60 seconds,36
2025-04-01,2025-04-30,East of England,QM7,NHS HERTFORDSHIRE AND WEST ESSEX INTEGRATED CARE BOARD,RWR,HERTFORDSHIRE PARTNERSHIP UNIVERSITY NHS FOUNDATION TRUST,MH026,HPFT,B05,Calls abandoned after 60 seconds,389
2025-04-01,2025-04-30,East of England,QM7,NHS HERTFORDSHIRE AND WEST ESSEX INTEGRATED CARE BOARD,RWR,HERTFORDSHIRE PARTNERSHIP UNIVERSITY NHS FOUNDATION TRUST,MH026,HPFT,B06,Total time to call answer (seconds),625688
2025-04-01,2025-04-30,East of England,QM7,NHS HERTFORDSHIRE AND WEST ESSEX INTEGRATED CARE BOARD,RWR,HERTFORDSHIRE PARTNERSHIP UNIVERSITY NHS FOUNDATION TRUST,MH026,HPFT,B07,95th centile call answer time (seconds),1513
2025-04-01,2025-04-30,East of England,QM7,NHS HERTFORDSHIRE AND WEST ESSEX INTEGRATED CARE BOARD,RWR,HERTFORDSHIRE PARTNERSHIP UNIVERSITY NHS FOUNDATION TRUST,MH026,HPFT,B09,Total time of abandoned calls (seconds),311239
2025-04-01,2025-04-30,North East and Yorkshire,QHM,NHS NORTH EAST AND NORTH CUMBRIA INTEGRATED CARE BOARD,RX3,"TEES, ESK AND WEAR VALLEYS NHS FOUNDATION TRUST",MH067,TEWV North East and North Cumbria,A01,Number of calls received,4922
2025-04-01,2025-04-30,North East and Yorkshire,QHM,NHS NORTH EAST AND NORTH CUMBRIA INTEGRATED CARE BOARD,RX3,"TEES, ESK AND WEAR VALLEYS NHS FOUNDATION TRUST",MH067,TEWV North East and North Cumbria,A02,Calls routed through IVR,4920
2025-04-01,2025-04-30,North East and Yorkshire,QHM,NHS NORTH EAST AND NORTH CUMBRIA INTEGRATED CARE BOARD,RX3,"TEES, ESK AND WEAR VALLEYS NHS FOUNDATION TRUST",MH067,TEWV North East and North Cumbria,A03,Number of answered calls,4491
2025-04-01,2025-04-30,North East and Yorkshire,QHM,NHS NORTH EAST AND NORTH CUMBRIA INTEGRATED CARE BOARD,RX3,"TEES, ESK AND WEAR VALLEYS NHS FOUNDATION TRUST",MH067,TEWV North East and North Cumbria,B01,Number of calls answered within 60 seconds,3711
2025-04-01,2025-04-30,North East and Yorkshire,QHM,NHS NORTH EAST AND NORTH CUMBRIA INTEGRATED CARE BOARD,RX3,"TEES, ESK AND WEAR VALLEYS NHS FOUNDATION TRUST",MH067,TEWV North East and North Cumbria,B02,Number of calls abandoned,387
2025-04-01,2025-04-30,North East and Yorkshire,QHM,NHS NORTH EAST AND NORTH CUMBRIA INTEGRATED CARE BOARD,RX3,"TEES, ESK AND WEAR VALLEYS NHS FOUNDATION TRUST",MH067,TEWV North East and North Cumbria,B03,Calls abandoned in 30 seconds or less,109
2025-04-01,2025-04-30,North East and Yorkshire,QHM,NHS NORTH EAST AND NORTH CUMBRIA INTEGRATED CARE BOARD,RX3,"TEES, ESK AND WEAR VALLEYS NHS FOUNDATION TRUST",MH067,TEWV North East and North Cumbria,B04,Calls abandoned in over 30 seconds and up to and including 60 seconds,57
2025-04-01,2025-04-30,North East and Yorkshire,QHM,NHS NORTH EAST AND NORTH CUMBRIA INTEGRATED CARE BOARD,RX3,"TEES, ESK AND WEAR VALLEYS NHS FOUNDATION TRUST",MH067,TEWV North East and North Cumbria,B05,Calls abandoned after 60 seconds,221
2025-04-01,2025-04-30,North East and Yorkshire,QHM,NHS NORTH EAST AND NORTH CUMBRIA INTEGRATED CARE BOARD,RX3,"TEES, ESK AND WEAR VALLEYS NHS FOUNDATION TRUST",MH067,TEWV North East and North Cumbria,B06,Total time to call answer (seconds),210174
2025-04-01,2025-04-30,North East and Yorkshire,QHM,NHS NORTH EAST AND NORTH CUMBRIA INTEGRATED CARE BOARD,RX3,"TEES, ESK AND WEAR VALLEYS NHS FOUNDATION TRUST",MH067,TEWV North East and North Cumbria,B07,95th centile call answer time (seconds),258
2025-04-01,2025-04-30,North East and Yorkshire,QHM,NHS NORTH EAST AND NORTH CUMBRIA INTEGRATED CARE BOARD,RX3,"TEES, ESK AND WEAR VALLEYS NHS FOUNDATION TRUST",MH067,TEWV North East and North Cumbria,B09,Total time of abandoned calls (seconds),48033
2025-04-01,2025-04-30,North East and Yorkshire,QOQ,NHS HUMBER AND NORTH YORKSHIRE INTEGRATED CARE BOARD,RX3,"TEES, ESK AND WEAR VALLEYS NHS FOUNDATION TRUST",MH077,TEWV Humber and North Yorkshire,A01,Number of calls received,2234
2025-04-01,2025-04-30,North East and Yorkshire,QOQ,NHS HUMBER AND NORTH YORKSHIRE INTEGRATED CARE BOARD,RX3,"TEES, ESK AND WEAR VALLEYS NHS FOUNDATION TRUST",MH077,TEWV Humber and North Yorkshire,A02,Calls routed through IVR,2233
2025-04-01,2025-04-30,North East and Yorkshire,QOQ,NHS HUMBER AND NORTH YORKSHIRE INTEGRATED CARE BOARD,RX3,"TEES, ESK AND WEAR VALLEYS NHS FOUNDATION TRUST",MH077,TEWV Humber and North Yorkshire,A03,Number of answered calls,1907
2025-04-01,2025-04-30,North East and Yorkshire,QOQ,NHS HUMBER AND NORTH YORKSHIRE INTEGRATED CARE BOARD,RX3,"TEES, ESK AND WEAR VALLEYS NHS FOUNDATION TRUST",MH077,TEWV Humber and North Yorkshire,B01,Number of calls answered within 60 seconds,1591
2025-04-01,2025-04-30,North East and Yorkshire,QOQ,NHS HUMBER AND NORTH YORKSHIRE INTEGRATED CARE BOARD,RX3,"TEES, ESK AND WEAR VALLEYS NHS FOUNDATION TRUST",MH077,TEWV Humber and North Yorkshire,B02,Number of calls abandoned,259
2025-04-01,2025-04-30,North East and Yorkshire,QOQ,NHS HUMBER AND NORTH YORKSHIRE INTEGRATED CARE BOARD,RX3,"TEES, ESK AND WEAR VALLEYS NHS FOUNDATION TRUST",MH077,TEWV Humber and North Yorkshire,B03,Calls abandoned in 30 seconds or less,34
2025-04-01,2025-04-30,North East and Yorkshire,QOQ,NHS HUMBER AND NORTH YORKSHIRE INTEGRATED CARE BOARD,RX3,"TEES, ESK AND WEAR VALLEYS NHS FOUNDATION TRUST",MH077,TEWV Humber and North Yorkshire,B04,Calls abandoned in over 30 seconds and up to and including 60 seconds,36
2025-04-01,2025-04-30,North East and Yorkshire,QOQ,NHS HUMBER AND NORTH YORKSHIRE INTEGRATED CARE BOARD,RX3,"TEES, ESK AND WEAR VALLEYS NHS FOUNDATION TRUST",MH077,TEWV Humber and North Yorkshire,B05,Calls abandoned after 60 seconds,189
2025-04-01,2025-04-30,North East and Yorkshire,QOQ,NHS HUMBER AND NORTH YORKSHIRE INTEGRATED CARE BOARD,RX3,"TEES, ESK AND WEAR VALLEYS NHS FOUNDATION TRUST",MH077,TEWV Humber and North Yorkshire,B06,Total time to call answer (seconds),135456
2025-04-01,2025-04-30,North East and Yorkshire,QOQ,NHS HUMBER AND NORTH YORKSHIRE INTEGRATED CARE BOARD,RX3,"TEES, ESK AND WEAR VALLEYS NHS FOUNDATION TRUST",MH077,TEWV Humber and North Yorkshire,B07,95th centile call answer time (seconds),419
2025-04-01,2025-04-30,North East and Yorkshire,QOQ,NHS HUMBER AND NORTH YORKSHIRE INTEGRATED CARE BOARD,RX3,"TEES, ESK AND WEAR VALLEYS NHS FOUNDATION TRUST",MH077,TEWV Humber and North Yorkshire,B09,Total time of abandoned calls (seconds),63715
2025-04-01,2025-04-30,South West,QT6,NHS CORNWALL AND THE ISLES OF SCILLY INTEGRATED CARE BOARD,RJ8,CORNWALL PARTNERSHIP NHS FOUNDATION TRUST,MH013,Cornwall Mental Health Crisis (MHCC),A01,Number of calls received,5404
2025-04-01,2025-04-30,South West,QT6,NHS CORNWALL AND THE ISLES OF SCILLY INTEGRATED CARE BOARD,RJ8,CORNWALL PARTNERSHIP NHS FOUNDATION TRUST,MH013,Cornwall Mental Health Crisis (MHCC),A02,Calls routed through IVR,5404
2025-04-01,2025-04-30,South West,QT6,NHS CORNWALL AND THE ISLES OF SCILLY INTEGRATED CARE BOARD,RJ8,CORNWALL PARTNERSHIP NHS FOUNDATION TRUST,MH013,Cornwall Mental Health Crisis (MHCC),A03,Number of answered calls,3503
2025-04-01,2025-04-30,South West,QT6,NHS CORNWALL AND THE ISLES OF SCILLY INTEGRATED CARE BOARD,RJ8,CORNWALL PARTNERSHIP NHS FOUNDATION TRUST,MH013,Cornwall Mental Health Crisis (MHCC),B01,Number of calls answered within 60 seconds,1783
2025-04-01,2025-04-30,South West,QT6,NHS CORNWALL AND THE ISLES OF SCILLY INTEGRATED CARE BOARD,RJ8,CORNWALL PARTNERSHIP NHS FOUNDATION TRUST,MH013,Cornwall Mental Health Crisis (MHCC),B02,Number of calls abandoned,603
2025-04-01,2025-04-30,South West,QT6,NHS CORNWALL AND THE ISLES OF SCILLY INTEGRATED CARE BOARD,RJ8,CORNWALL PARTNERSHIP NHS FOUNDATION TRUST,MH013,Cornwall Mental Health Crisis (MHCC),B03,Calls abandoned in 30 seconds or less,59
2025-04-01,2025-04-30,South West,QT6,NHS CORNWALL AND THE ISLES OF SCILLY INTEGRATED CARE BOARD,RJ8,CORNWALL PARTNERSHIP NHS FOUNDATION TRUST,MH013,Cornwall Mental Health Crisis (MHCC),B04,Calls abandoned in over 30 seconds and up to and including 60 seconds,96
2025-04-01,2025-04-30,South West,QT6,NHS CORNWALL AND THE ISLES OF SCILLY INTEGRATED CARE BOARD,RJ8,CORNWALL PARTNERSHIP NHS FOUNDATION TRUST,MH013,Cornwall Mental Health Crisis (MHCC),B05,Calls abandoned after 60 seconds,448
2025-04-01,2025-04-30,South West,QT6,NHS CORNWALL AND THE ISLES OF SCILLY INTEGRATED CARE BOARD,RJ8,CORNWALL PARTNERSHIP NHS FOUNDATION TRUST,MH013,Cornwall Mental Health Crisis (MHCC),B06,Total time to call answer (seconds),140416
2025-04-01,2025-04-30,South West,QT6,NHS CORNWALL AND THE ISLES OF SCILLY INTEGRATED CARE BOARD,RJ8,CORNWALL PARTNERSHIP NHS FOUNDATION TRUST,MH013,Cornwall Mental Health Crisis (MHCC),B07,95th centile call answer time (seconds),1819
2025-04-01,2025-04-30,South West,QT6,NHS CORNWALL AND THE ISLES OF SCILLY INTEGRATED CARE BOARD,RJ8,CORNWALL PARTNERSHIP NHS FOUNDATION TRUST,MH013,Cornwall Mental Health Crisis (MHCC),B09,Total time of abandoned calls (seconds),15210
2025-04-01,2025-04-30,North East and Yorkshire,QWO,NHS WEST YORKSHIRE INTEGRATED CARE BOARD,A74T,NOTTINGHAM COMMUNITY HOUSING ASSOCIATION LIMITED,MH073,"WY Helpline Calderdale, Kirklees, Leeds and Wakefield and Barnsley",A01,Number of calls received,3993
2025-04-01,2025-04-30,North East and Yorkshire,QWO,NHS WEST YORKSHIRE INTEGRATED CARE BOARD,A74T,NOTTINGHAM COMMUNITY HOUSING ASSOCIATION LIMITED,MH073,"WY Helpline Calderdale, Kirklees, Leeds and Wakefield and Barnsley",A02,Calls routed through IVR,3946
2025-04-01,2025-04-30,North East and Yorkshire,QWO,NHS WEST YORKSHIRE INTEGRATED CARE BOARD,A74T,NOTTINGHAM COMMUNITY HOUSING ASSOCIATION LIMITED,MH073,"WY Helpline Calderdale, Kirklees, Leeds and Wakefield and Barnsley",A03,Number of answered calls,3174
2025-04-01,2025-04-30,North East and Yorkshire,QWO,NHS WEST YORKSHIRE INTEGRATED CARE BOARD,A74T,NOTTINGHAM COMMUNITY HOUSING ASSOCIATION LIMITED,MH073,"WY Helpline Calderdale, Kirklees, Leeds and Wakefield and Barnsley",B01,Number of calls answered within 60 seconds,1507
2025-04-01,2025-04-30,North East and Yorkshire,QWO,NHS WEST YORKSHIRE INTEGRATED CARE BOARD,A74T,NOTTINGHAM COMMUNITY HOUSING ASSOCIATION LIMITED,MH073,"WY Helpline Calderdale, Kirklees, Leeds and Wakefield and Barnsley",B02,Number of calls abandoned,819
2025-04-01,2025-04-30,North East and Yorkshire,QWO,NHS WEST YORKSHIRE INTEGRATED CARE BOARD,A74T,NOTTINGHAM COMMUNITY HOUSING ASSOCIATION LIMITED,MH073,"WY Helpline Calderdale, Kirklees, Leeds and Wakefield and Barnsley",B03,Calls abandoned in 30 seconds or less,150
2025-04-01,2025-04-30,North East and Yorkshire,QWO,NHS WEST YORKSHIRE INTEGRATED CARE BOARD,A74T,NOTTINGHAM COMMUNITY HOUSING ASSOCIATION LIMITED,MH073,"WY Helpline Calderdale, Kirklees, Leeds and Wakefield and Barnsley",B04,Calls abandoned in over 30 seconds and up to and including 60 seconds,70
2025-04-01,2025-04-30,North East and Yorkshire,QWO,NHS WEST YORKSHIRE INTEGRATED CARE BOARD,A74T,NOTTINGHAM COMMUNITY HOUSING ASSOCIATION LIMITED,MH073,"WY Helpline Calderdale, Kirklees, Leeds and Wakefield and Barnsley",B05,Calls abandoned after 60 seconds,599
2025-04-01,2025-04-30,North East and Yorkshire,QWO,NHS WEST YORKSHIRE INTEGRATED CARE BOARD,A74T,NOTTINGHAM COMMUNITY HOUSING ASSOCIATION LIMITED,MH073,"WY Helpline Calderdale, Kirklees, Leeds and Wakefield and Barnsley",B06,Total time to call answer (seconds),635486
2025-04-01,2025-04-30,North East and Yorkshire,QWO,NHS WEST YORKSHIRE INTEGRATED CARE BOARD,A74T,NOTTINGHAM COMMUNITY HOUSING ASSOCIATION LIMITED,MH073,"WY Helpline Calderdale, Kirklees, Leeds and Wakefield and Barnsley",B07,95th centile call answer time (seconds),847
2025-04-01,2025-04-30,North East and Yorkshire,QWO,NHS WEST YORKSHIRE INTEGRATED CARE BOARD,A74T,NOTTINGHAM COMMUNITY HOUSING ASSOCIATION LIMITED,MH073,"WY Helpline Calderdale, Kirklees, Leeds and Wakefield and Barnsley",B09,Total time of abandoned calls (seconds),191319
2025-04-01,2025-04-30,North West,QYG,NHS CHESHIRE AND MERSEYSIDE INTEGRATED CARE BOARD,RW4,MERSEY CARE NHS FOUNDATION TRUST,MH035,All Age MH Crisis Service,A01,Number of calls received,6925
2025-04-01,2025-04-30,North West,QYG,NHS CHESHIRE AND MERSEYSIDE INTEGRATED CARE BOARD,RW4,MERSEY CARE NHS FOUNDATION TRUST,MH035,All Age MH Crisis Service,A02,Calls routed through IVR,-
2025-04-01,2025-04-30,North West,QYG,NHS CHESHIRE AND MERSEYSIDE INTEGRATED CARE BOARD,RW4,MERSEY CARE NHS FOUNDATION TRUST,MH035,All Age MH Crisis Service,A03,Number of answered calls,4200
2025-04-01,2025-04-30,North West,QYG,NHS CHESHIRE AND MERSEYSIDE INTEGRATED CARE BOARD,RW4,MERSEY CARE NHS FOUNDATION TRUST,MH035,All Age MH Crisis Service,B01,Number of calls answered within 60 seconds,3214
2025-04-01,2025-04-30,North West,QYG,NHS CHESHIRE AND MERSEYSIDE INTEGRATED CARE BOARD,RW4,MERSEY CARE NHS FOUNDATION TRUST,MH035,All Age MH Crisis Service,B02,Number of calls abandoned,1495
2025-04-01,2025-04-30,North West,QYG,NHS CHESHIRE AND MERSEYSIDE INTEGRATED CARE BOARD,RW4,MERSEY CARE NHS FOUNDATION TRUST,MH035,All Age MH Crisis Service,B03,Calls abandoned in 30 seconds or less,460
2025-04-01,2025-04-30,North West,QYG,NHS CHESHIRE AND MERSEYSIDE INTEGRATED CARE BOARD,RW4,MERSEY CARE NHS FOUNDATION TRUST,MH035,All Age MH Crisis Service,B04,Calls abandoned in over 30 seconds and up to and including 60 seconds,239
2025-04-01,2025-04-30,North West,QYG,NHS CHESHIRE AND MERSEYSIDE INTEGRATED CARE BOARD,RW4,MERSEY CARE NHS FOUNDATION TRUST,MH035,All Age MH Crisis Service,B05,Calls abandoned after 60 seconds,796
2025-04-01,2025-04-30,North West,QYG,NHS CHESHIRE AND MERSEYSIDE INTEGRATED CARE BOARD,RW4,MERSEY CARE NHS FOUNDATION TRUST,MH035,All Age MH Crisis Service,B06,Total time to call answer (seconds),1999200
2025-04-01,2025-04-30,North West,QYG,NHS CHESHIRE AND MERSEYSIDE INTEGRATED CARE BOARD,RW4,MERSEY CARE NHS FOUNDATION TRUST,MH035,All Age MH Crisis Service,B07,95th centile call answer time (seconds),-
2025-04-01,2025-04-30,North West,QYG,NHS CHESHIRE AND MERSEYSIDE INTEGRATED CARE BOARD,RW4,MERSEY CARE NHS FOUNDATION TRUST,MH035,All Age MH Crisis Service,B09,Total time of abandoned calls (seconds),572866
2025-04-01,2025-04-30,South West,QJK,NHS DEVON INTEGRATED CARE BOARD,RWV,DEVON PARTNERSHIP NHS TRUST,MH019,Devon Partnership NHS Trust All Age,A01,Number of calls received,1913
2025-04-01,2025-04-30,South West,QJK,NHS DEVON INTEGRATED CARE BOARD,RWV,DEVON PARTNERSHIP NHS TRUST,MH019,Devon Partnership NHS Trust All Age,A02,Calls routed through IVR,-
2025-04-01,2025-04-30,South West,QJK,NHS DEVON INTEGRATED CARE BOARD,RWV,DEVON PARTNERSHIP NHS TRUST,MH019,Devon Partnership NHS Trust All Age,A03,Number of answered calls,1547
2025-04-01,2025-04-30,South West,QJK,NHS DEVON INTEGRATED CARE BOARD,RWV,DEVON PARTNERSHIP NHS TRUST,MH019,Devon Partnership NHS Trust All Age,B01,Number of calls answered within 60 seconds,1092
2025-04-01,2025-04-30,South West,QJK,NHS DEVON INTEGRATED CARE BOARD,RWV,DEVON PARTNERSHIP NHS TRUST,MH019,Devon Partnership NHS Trust All Age,B02,Number of calls abandoned,366
2025-04-01,2025-04-30,South West,QJK,NHS DEVON INTEGRATED CARE BOARD,RWV,DEVON PARTNERSHIP NHS TRUST,MH019,Devon Partnership NHS Trust All Age,B03,Calls abandoned in 30 seconds or less,60
2025-04-01,2025-04-30,South West,QJK,NHS DEVON INTEGRATED CARE BOARD,RWV,DEVON PARTNERSHIP NHS TRUST,MH019,Devon Partnership NHS Trust All Age,B04,Calls abandoned in over 30 seconds and up to and including 60 seconds,38
2025-04-01,2025-04-30,South West,QJK,NHS DEVON INTEGRATED CARE BOARD,RWV,DEVON PARTNERSHIP NHS TRUST,MH019,Devon Partnership NHS Trust All Age,B05,Calls abandoned after 60 seconds,268
2025-04-01,2025-04-30,South West,QJK,NHS DEVON INTEGRATED CARE BOARD,RWV,DEVON PARTNERSHIP NHS TRUST,MH019,Devon Partnership NHS Trust All Age,B06,Total time to call answer (seconds),206667
2025-04-01,2025-04-30,South West,QJK,NHS DEVON INTEGRATED CARE BOARD,RWV,DEVON PARTNERSHIP NHS TRUST,MH019,Devon Partnership NHS Trust All Age,B07,95th centile call answer time (seconds),-
2025-04-01,2025-04-30,South West,QJK,NHS DEVON INTEGRATED CARE BOARD,RWV,DEVON PARTNERSHIP NHS TRUST,MH019,Devon Partnership NHS Trust All Age,B09,Total time of abandoned calls (seconds),84161
2025-04-01,2025-04-30,North East and Yorkshire,QF7,NHS SOUTH YORKSHIRE INTEGRATED CARE BOARD,RXE,ROTHERHAM DONCASTER AND SOUTH HUMBER NHS FOUNDATION TRUST,MH055,Doncaster RDASH,A01,Number of calls received,-
2025-04-01,2025-04-30,North East and Yorkshire,QF7,NHS SOUTH YORKSHIRE INTEGRATED CARE BOARD,RXE,ROTHERHAM DONCASTER AND SOUTH HUMBER NHS FOUNDATION TRUST,MH055,Doncaster RDASH,A02,Calls routed through IVR,335
2025-04-01,2025-04-30,North East and Yorkshire,QF7,NHS SOUTH YORKSHIRE INTEGRATED CARE BOARD,RXE,ROTHERHAM DONCASTER AND SOUTH HUMBER NHS FOUNDATION TRUST,MH055,Doncaster RDASH,A03,Number of answered calls,335
2025-04-01,2025-04-30,North East and Yorkshire,QF7,NHS SOUTH YORKSHIRE INTEGRATED CARE BOARD,RXE,ROTHERHAM DONCASTER AND SOUTH HUMBER NHS FOUNDATION TRUST,MH055,Doncaster RDASH,B01,Number of calls answered within 60 seconds,335
2025-04-01,2025-04-30,North East and Yorkshire,QF7,NHS SOUTH YORKSHIRE INTEGRATED CARE BOARD,RXE,ROTHERHAM DONCASTER AND SOUTH HUMBER NHS FOUNDATION TRUST,MH055,Doncaster RDASH,B02,Number of calls abandoned,0
2025-04-01,2025-04-30,North East and Yorkshire,QF7,NHS SOUTH YORKSHIRE INTEGRATED CARE BOARD,RXE,ROTHERHAM DONCASTER AND SOUTH HUMBER NHS FOUNDATION TRUST,MH055,Doncaster RDASH,B03,Calls abandoned in 30 seconds or less,-
2025-04-01,2025-04-30,North East and Yorkshire,QF7,NHS SOUTH YORKSHIRE INTEGRATED CARE BOARD,RXE,ROTHERHAM DONCASTER AND SOUTH HUMBER NHS FOUNDATION TRUST,MH055,Doncaster RDASH,B04,Calls abandoned in over 30 seconds and up to and including 60 seconds,-
2025-04-01,2025-04-30,North East and Yorkshire,QF7,NHS SOUTH YORKSHIRE INTEGRATED CARE BOARD,RXE,ROTHERHAM DONCASTER AND SOUTH HUMBER NHS FOUNDATION TRUST,MH055,Doncaster RDASH,B05,Calls abandoned after 60 seconds,-
2025-04-01,2025-04-30,North East and Yorkshire,QF7,NHS SOUTH YORKSHIRE INTEGRATED CARE BOARD,RXE,ROTHERHAM DONCASTER AND SOUTH HUMBER NHS FOUNDATION TRUST,MH055,Doncaster RDASH,B06,Total time to call answer (seconds),-
2025-04-01,2025-04-30,North East and Yorkshire,QF7,NHS SOUTH YORKSHIRE INTEGRATED CARE BOARD,RXE,ROTHERHAM DONCASTER AND SOUTH HUMBER NHS FOUNDATION TRUST,MH055,Doncaster RDASH,B07,95th centile call answer time (seconds),1
2025-04-01,2025-04-30,North East and Yorkshire,QF7,NHS SOUTH YORKSHIRE INTEGRATED CARE BOARD,RXE,ROTHERHAM DONCASTER AND SOUTH HUMBER NHS FOUNDATION TRUST,MH055,Doncaster RDASH,B09,Total time of abandoned calls (seconds),-
2025-04-01,2025-04-30,North East and Yorkshire,QF7,NHS SOUTH YORKSHIRE INTEGRATED CARE BOARD,RXE,ROTHERHAM DONCASTER AND SOUTH HUMBER NHS FOUNDATION TRUST,MH056,Rotherham RDASH,A01,Number of calls received,727
2025-04-01,2025-04-30,North East and Yorkshire,QF7,NHS SOUTH YORKSHIRE INTEGRATED CARE BOARD,RXE,ROTHERHAM DONCASTER AND SOUTH HUMBER NHS FOUNDATION TRUST,MH056,Rotherham RDASH,A02,Calls routed through IVR,265
2025-04-01,2025-04-30,North East and Yorkshire,QF7,NHS SOUTH YORKSHIRE INTEGRATED CARE BOARD,RXE,ROTHERHAM DONCASTER AND SOUTH HUMBER NHS FOUNDATION TRUST,MH056,Rotherham RDASH,A03,Number of answered calls,723
2025-04-01,2025-04-30,North East and Yorkshire,QF7,NHS SOUTH YORKSHIRE INTEGRATED CARE BOARD,RXE,ROTHERHAM DONCASTER AND SOUTH HUMBER NHS FOUNDATION TRUST,MH056,Rotherham RDASH,B01,Number of calls answered within 60 seconds,723
2025-04-01,2025-04-30,North East and Yorkshire,QF7,NHS SOUTH YORKSHIRE INTEGRATED CARE BOARD,RXE,ROTHERHAM DONCASTER AND SOUTH HUMBER NHS FOUNDATION TRUST,MH056,Rotherham RDASH,B02,Number of calls abandoned,4
2025-04-01,2025-04-30,North East and Yorkshire,QF7,NHS SOUTH YORKSHIRE INTEGRATED CARE BOARD,RXE,ROTHERHAM DONCASTER AND SOUTH HUMBER NHS FOUNDATION TRUST,MH056,Rotherham RDASH,B03,Calls abandoned in 30 seconds or less,-
2025-04-01,2025-04-30,North East and Yorkshire,QF7,NHS SOUTH YORKSHIRE INTEGRATED CARE BOARD,RXE,ROTHERHAM DONCASTER AND SOUTH HUMBER NHS FOUNDATION TRUST,MH056,Rotherham RDASH,B04,Calls abandoned in over 30 seconds and up to and including 60 seconds,-
2025-04-01,2025-04-30,North East and Yorkshire,QF7,NHS SOUTH YORKSHIRE INTEGRATED CARE BOARD,RXE,ROTHERHAM DONCASTER AND SOUTH HUMBER NHS FOUNDATION TRUST,MH056,Rotherham RDASH,B05,Calls abandoned after 60 seconds,-
2025-04-01,2025-04-30,North East and Yorkshire,QF7,NHS SOUTH YORKSHIRE INTEGRATED CARE BOARD,RXE,ROTHERHAM DONCASTER AND SOUTH HUMBER NHS FOUNDATION TRUST,MH056,Rotherham RDASH,B06,Total time to call answer (seconds),-
2025-04-01,2025-04-30,North East and Yorkshire,QF7,NHS SOUTH YORKSHIRE INTEGRATED CARE BOARD,RXE,ROTHERHAM DONCASTER AND SOUTH HUMBER NHS FOUNDATION TRUST,MH056,Rotherham RDASH,B07,95th centile call answer time (seconds),1
2025-04-01,2025-04-30,North East and Yorkshire,QF7,NHS SOUTH YORKSHIRE INTEGRATED CARE BOARD,RXE,ROTHERHAM DONCASTER AND SOUTH HUMBER NHS FOUNDATION TRUST,MH056,Rotherham RDASH,B09,Total time of abandoned calls (seconds),-
2025-04-01,2025-04-30,North East and Yorkshire,RXE,NHS HUMBER AND NORTH YORKSHIRE INTEGRATED CARE BOARD,RXE,ROTHERHAM DONCASTER AND SOUTH HUMBER NHS FOUNDATION TRUST,MH037,North Lincs RDASH,A01,Number of calls received,428
2025-04-01,2025-04-30,North East and Yorkshire,RXE,NHS HUMBER AND NORTH YORKSHIRE INTEGRATED CARE BOARD,RXE,ROTHERHAM DONCASTER AND SOUTH HUMBER NHS FOUNDATION TRUST,MH037,North Lincs RDASH,A02,Calls routed through IVR,167
2025-04-01,2025-04-30,North East and Yorkshire,RXE,NHS HUMBER AND NORTH YORKSHIRE INTEGRATED CARE BOARD,RXE,ROTHERHAM DONCASTER AND SOUTH HUMBER NHS FOUNDATION TRUST,MH037,North Lincs RDASH,A03,Number of answered calls,419
2025-04-01,2025-04-30,North East and Yorkshire,RXE,NHS HUMBER AND NORTH YORKSHIRE INTEGRATED CARE BOARD,RXE,ROTHERHAM DONCASTER AND SOUTH HUMBER NHS FOUNDATION TRUST,MH037,North Lincs RDASH,B01,Number of calls answered within 60 seconds,419
2025-04-01,2025-04-30,North East and Yorkshire,RXE,NHS HUMBER AND NORTH YORKSHIRE INTEGRATED CARE BOARD,RXE,ROTHERHAM DONCASTER AND SOUTH HUMBER NHS FOUNDATION TRUST,MH037,North Lincs RDASH,B02,Number of calls abandoned,3
2025-04-01,2025-04-30,North East and Yorkshire,RXE,NHS HUMBER AND NORTH YORKSHIRE INTEGRATED CARE BOARD,RXE,ROTHERHAM DONCASTER AND SOUTH HUMBER NHS FOUNDATION TRUST,MH037,North Lincs RDASH,B03,Calls abandoned in 30 seconds or less,-
2025-04-01,2025-04-30,North East and Yorkshire,RXE,NHS HUMBER AND NORTH YORKSHIRE INTEGRATED CARE BOARD,RXE,ROTHERHAM DONCASTER AND SOUTH HUMBER NHS FOUNDATION TRUST,MH037,North Lincs RDASH,B04,Calls abandoned in over 30 seconds and up to and including 60 seconds,-
2025-04-01,2025-04-30,North East and Yorkshire,RXE,NHS HUMBER AND NORTH YORKSHIRE INTEGRATED CARE BOARD,RXE,ROTHERHAM DONCASTER AND SOUTH HUMBER NHS FOUNDATION TRUST,MH037,North Lincs RDASH,B05,Calls abandoned after 60 seconds,-
2025-04-01,2025-04-30,North East and Yorkshire,RXE,NHS HUMBER AND NORTH YORKSHIRE INTEGRATED CARE BOARD,RXE,ROTHERHAM DONCASTER AND SOUTH HUMBER NHS FOUNDATION TRUST,MH037,North Lincs RDASH,B06,Total time to call answer (seconds),-
2025-04-01,2025-04-30,North East and Yorkshire,RXE,NHS HUMBER AND NORTH YORKSHIRE INTEGRATED CARE BOARD,RXE,ROTHERHAM DONCASTER AND SOUTH HUMBER NHS FOUNDATION TRUST,MH037,North Lincs RDASH,B07,95th centile call answer time (seconds),1
2025-04-01,2025-04-30,North East and Yorkshire,RXE,NHS HUMBER AND NORTH YORKSHIRE INTEGRATED CARE BOARD,RXE,ROTHERHAM DONCASTER AND SOUTH HUMBER NHS FOUNDATION TRUST,MH037,North Lincs RDASH,B09,Total time of abandoned calls (seconds),-
2025-04-01,2025-04-30,South East,QU9,"NHS BUCKINGHAMSHIRE, OXFORDSHIRE AND BERKSHIRE WEST INTEGRATED CARE BOARD",RYE,SOUTH CENTRAL AMBULANCE SERVICE NHS FOUNDATION TRUST,MH052,Oxford (SCAS),A01,Number of calls received,1086
2025-04-01,2025-04-30,South East,QU9,"NHS BUCKINGHAMSHIRE, OXFORDSHIRE AND BERKSHIRE WEST INTEGRATED CARE BOARD",RYE,SOUTH CENTRAL AMBULANCE SERVICE NHS FOUNDATION TRUST,MH052,Oxford (SCAS),A02,Calls routed through IVR,0
2025-04-01,2025-04-30,South East,QU9,"NHS BUCKINGHAMSHIRE, OXFORDSHIRE AND BERKSHIRE WEST INTEGRATED CARE BOARD",RYE,SOUTH CENTRAL AMBULANCE SERVICE NHS FOUNDATION TRUST,MH052,Oxford (SCAS),A03,Number of answered calls,1017
2025-04-01,2025-04-30,South East,QU9,"NHS BUCKINGHAMSHIRE, OXFORDSHIRE AND BERKSHIRE WEST INTEGRATED CARE BOARD",RYE,SOUTH CENTRAL AMBULANCE SERVICE NHS FOUNDATION TRUST,MH052,Oxford (SCAS),B01,Number of calls answered within 60 seconds,899
2025-04-01,2025-04-30,South East,QU9,"NHS BUCKINGHAMSHIRE, OXFORDSHIRE AND BERKSHIRE WEST INTEGRATED CARE BOARD",RYE,SOUTH CENTRAL AMBULANCE SERVICE NHS FOUNDATION TRUST,MH052,Oxford (SCAS),B02,Number of calls abandoned,69
2025-04-01,2025-04-30,South East,QU9,"NHS BUCKINGHAMSHIRE, OXFORDSHIRE AND BERKSHIRE WEST INTEGRATED CARE BOARD",RYE,SOUTH CENTRAL AMBULANCE SERVICE NHS FOUNDATION TRUST,MH052,Oxford (SCAS),B03,Calls abandoned in 30 seconds or less,26
2025-04-01,2025-04-30,South East,QU9,"NHS BUCKINGHAMSHIRE, OXFORDSHIRE AND BERKSHIRE WEST INTEGRATED CARE BOARD",RYE,SOUTH CENTRAL AMBULANCE SERVICE NHS FOUNDATION TRUST,MH052,Oxford (SCAS),B04,Calls abandoned in over 30 seconds and up to and including 60 seconds,11
2025-04-01,2025-04-30,South East,QU9,"NHS BUCKINGHAMSHIRE, OXFORDSHIRE AND BERKSHIRE WEST INTEGRATED CARE BOARD",RYE,SOUTH CENTRAL AMBULANCE SERVICE NHS FOUNDATION TRUST,MH052,Oxford (SCAS),B05,Calls abandoned after 60 seconds,32
2025-04-01,2025-04-30,South East,QU9,"NHS BUCKINGHAMSHIRE, OXFORDSHIRE AND BERKSHIRE WEST INTEGRATED CARE BOARD",RYE,SOUTH CENTRAL AMBULANCE SERVICE NHS FOUNDATION TRUST,MH052,Oxford (SCAS),B06,Total time to call answer (seconds),19808
2025-04-01,2025-04-30,South East,QU9,"NHS BUCKINGHAMSHIRE, OXFORDSHIRE AND BERKSHIRE WEST INTEGRATED CARE BOARD",RYE,SOUTH CENTRAL AMBULANCE SERVICE NHS FOUNDATION TRUST,MH052,Oxford (SCAS),B07,95th centile call answer time (seconds),132
2025-04-01,2025-04-30,South East,QU9,"NHS BUCKINGHAMSHIRE, OXFORDSHIRE AND BERKSHIRE WEST INTEGRATED CARE BOARD",RYE,SOUTH CENTRAL AMBULANCE SERVICE NHS FOUNDATION TRUST,MH052,Oxford (SCAS),B09,Total time of abandoned calls (seconds),5115
2025-04-01,2025-04-30,South East,QRL,NHS HAMPSHIRE AND ISLE OF WIGHT INTEGRATED CARE BOARD,RYE,SOUTH CENTRAL AMBULANCE SERVICE NHS FOUNDATION TRUST,MH063,Hampshire (SCAS),A01,Number of calls received,3309
2025-04-01,2025-04-30,South East,QRL,NHS HAMPSHIRE AND ISLE OF WIGHT INTEGRATED CARE BOARD,RYE,SOUTH CENTRAL AMBULANCE SERVICE NHS FOUNDATION TRUST,MH063,Hampshire (SCAS),A02,Calls routed through IVR,0
2025-04-01,2025-04-30,South East,QRL,NHS HAMPSHIRE AND ISLE OF WIGHT INTEGRATED CARE BOARD,RYE,SOUTH CENTRAL AMBULANCE SERVICE NHS FOUNDATION TRUST,MH063,Hampshire (SCAS),A03,Number of answered calls,3145
2025-04-01,2025-04-30,South East,QRL,NHS HAMPSHIRE AND ISLE OF WIGHT INTEGRATED CARE BOARD,RYE,SOUTH CENTRAL AMBULANCE SERVICE NHS FOUNDATION TRUST,MH063,Hampshire (SCAS),B01,Number of calls answered within 60 seconds,2752
2025-04-01,2025-04-30,South East,QRL,NHS HAMPSHIRE AND ISLE OF WIGHT INTEGRATED CARE BOARD,RYE,SOUTH CENTRAL AMBULANCE SERVICE NHS FOUNDATION TRUST,MH063,Hampshire (SCAS),B02,Number of calls abandoned,164
2025-04-01,2025-04-30,South East,QRL,NHS HAMPSHIRE AND ISLE OF WIGHT INTEGRATED CARE BOARD,RYE,SOUTH CENTRAL AMBULANCE SERVICE NHS FOUNDATION TRUST,MH063,Hampshire (SCAS),B03,Calls abandoned in 30 seconds or less,89
2025-04-01,2025-04-30,South East,QRL,NHS HAMPSHIRE AND ISLE OF WIGHT INTEGRATED CARE BOARD,RYE,SOUTH CENTRAL AMBULANCE SERVICE NHS FOUNDATION TRUST,MH063,Hampshire (SCAS),B04,Calls abandoned in over 30 seconds and up to and including 60 seconds,23
2025-04-01,2025-04-30,South East,QRL,NHS HAMPSHIRE AND ISLE OF WIGHT INTEGRATED CARE BOARD,RYE,SOUTH CENTRAL AMBULANCE SERVICE NHS FOUNDATION TRUST,MH063,Hampshire (SCAS),B05,Calls abandoned after 60 seconds,52
2025-04-01,2025-04-30,South East,QRL,NHS HAMPSHIRE AND ISLE OF WIGHT INTEGRATED CARE BOARD,RYE,SOUTH CENTRAL AMBULANCE SERVICE NHS FOUNDATION TRUST,MH063,Hampshire (SCAS),B06,Total time to call answer (seconds),77439
2025-04-01,2025-04-30,South East,QRL,NHS HAMPSHIRE AND ISLE OF WIGHT INTEGRATED CARE BOARD,RYE,SOUTH CENTRAL AMBULANCE SERVICE NHS FOUNDATION TRUST,MH063,Hampshire (SCAS),B07,95th centile call answer time (seconds),160
2025-04-01,2025-04-30,South East,QRL,NHS HAMPSHIRE AND ISLE OF WIGHT INTEGRATED CARE BOARD,RYE,SOUTH CENTRAL AMBULANCE SERVICE NHS FOUNDATION TRUST,MH063,Hampshire (SCAS),B09,Total time of abandoned calls (seconds),9716
2025-04-01,2025-04-30,South East,QU9,"NHS BUCKINGHAMSHIRE, OXFORDSHIRE AND BERKSHIRE WEST INTEGRATED CARE BOARD",RYE,SOUTH CENTRAL AMBULANCE SERVICE NHS FOUNDATION TRUST,MH005,Berkshire (SCAS),A01,Number of calls received,853
2025-04-01,2025-04-30,South East,QU9,"NHS BUCKINGHAMSHIRE, OXFORDSHIRE AND BERKSHIRE WEST INTEGRATED CARE BOARD",RYE,SOUTH CENTRAL AMBULANCE SERVICE NHS FOUNDATION TRUST,MH005,Berkshire (SCAS),A02,Calls routed through IVR,0
2025-04-01,2025-04-30,South East,QU9,"NHS BUCKINGHAMSHIRE, OXFORDSHIRE AND BERKSHIRE WEST INTEGRATED CARE BOARD",RYE,SOUTH CENTRAL AMBULANCE SERVICE NHS FOUNDATION TRUST,MH005,Berkshire (SCAS),A03,Number of answered calls,798
2025-04-01,2025-04-30,South East,QU9,"NHS BUCKINGHAMSHIRE, OXFORDSHIRE AND BERKSHIRE WEST INTEGRATED CARE BOARD",RYE,SOUTH CENTRAL AMBULANCE SERVICE NHS FOUNDATION TRUST,MH005,Berkshire (SCAS),B01,Number of calls answered within 60 seconds,700
2025-04-01,2025-04-30,South East,QU9,"NHS BUCKINGHAMSHIRE, OXFORDSHIRE AND BERKSHIRE WEST INTEGRATED CARE BOARD",RYE,SOUTH CENTRAL AMBULANCE SERVICE NHS FOUNDATION TRUST,MH005,Berkshire (SCAS),B02,Number of calls abandoned,55
2025-04-01,2025-04-30,South East,QU9,"NHS BUCKINGHAMSHIRE, OXFORDSHIRE AND BERKSHIRE WEST INTEGRATED CARE BOARD",RYE,SOUTH CENTRAL AMBULANCE SERVICE NHS FOUNDATION TRUST,MH005,Berkshire (SCAS),B03,Calls abandoned in 30 seconds or less,23
2025-04-01,2025-04-30,South East,QU9,"NHS BUCKINGHAMSHIRE, OXFORDSHIRE AND BERKSHIRE WEST INTEGRATED CARE BOARD",RYE,SOUTH CENTRAL AMBULANCE SERVICE NHS FOUNDATION TRUST,MH005,Berkshire (SCAS),B04,Calls abandoned in over 30 seconds and up to and including 60 seconds,10
2025-04-01,2025-04-30,South East,QU9,"NHS BUCKINGHAMSHIRE, OXFORDSHIRE AND BERKSHIRE WEST INTEGRATED CARE BOARD",RYE,SOUTH CENTRAL AMBULANCE SERVICE NHS FOUNDATION TRUST,MH005,Berkshire (SCAS),B05,Calls abandoned after 60 seconds,22
2025-04-01,2025-04-30,South East,QU9,"NHS BUCKINGHAMSHIRE, OXFORDSHIRE AND BERKSHIRE WEST INTEGRATED CARE BOARD",RYE,SOUTH CENTRAL AMBULANCE SERVICE NHS FOUNDATION TRUST,MH005,Berkshire (SCAS),B06,Total time to call answer (seconds),21423
2025-04-01,2025-04-30,South East,QU9,"NHS BUCKINGHAMSHIRE, OXFORDSHIRE AND BERKSHIRE WEST INTEGRATED CARE BOARD",RYE,SOUTH CENTRAL AMBULANCE SERVICE NHS FOUNDATION TRUST,MH005,Berkshire (SCAS),B07,95th centile call answer time (seconds),167
2025-04-01,2025-04-30,South East,QU9,"NHS BUCKINGHAMSHIRE, OXFORDSHIRE AND BERKSHIRE WEST INTEGRATED CARE BOARD",RYE,SOUTH CENTRAL AMBULANCE SERVICE NHS FOUNDATION TRUST,MH005,Berkshire (SCAS),B09,Total time of abandoned calls (seconds),4311
2025-04-01,2025-04-30,South East,QU9,"NHS BUCKINGHAMSHIRE, OXFORDSHIRE AND BERKSHIRE WEST INTEGRATED CARE BOARD",RYE,SOUTH CENTRAL AMBULANCE SERVICE NHS FOUNDATION TRUST,MH059,Buckinghamshire (SCAS),A01,Number of calls received,812
2025-04-01,2025-04-30,South East,QU9,"NHS BUCKINGHAMSHIRE, OXFORDSHIRE AND BERKSHIRE WEST INTEGRATED CARE BOARD",RYE,SOUTH CENTRAL AMBULANCE SERVICE NHS FOUNDATION TRUST,MH059,Buckinghamshire (SCAS),A02,Calls routed through IVR,0
2025-04-01,2025-04-30,South East,QU9,"NHS BUCKINGHAMSHIRE, OXFORDSHIRE AND BERKSHIRE WEST INTEGRATED CARE BOARD",RYE,SOUTH CENTRAL AMBULANCE SERVICE NHS FOUNDATION TRUST,MH059,Buckinghamshire (SCAS),A03,Number of answered calls,735
2025-04-01,2025-04-30,South East,QU9,"NHS BUCKINGHAMSHIRE, OXFORDSHIRE AND BERKSHIRE WEST INTEGRATED CARE BOARD",RYE,SOUTH CENTRAL AMBULANCE SERVICE NHS FOUNDATION TRUST,MH059,Buckinghamshire (SCAS),B01,Number of calls answered within 60 seconds,644
2025-04-01,2025-04-30,South East,QU9,"NHS BUCKINGHAMSHIRE, OXFORDSHIRE AND BERKSHIRE WEST INTEGRATED CARE BOARD",RYE,SOUTH CENTRAL AMBULANCE SERVICE NHS FOUNDATION TRUST,MH059,Buckinghamshire (SCAS),B02,Number of calls abandoned,77
2025-04-01,2025-04-30,South East,QU9,"NHS BUCKINGHAMSHIRE, OXFORDSHIRE AND BERKSHIRE WEST INTEGRATED CARE BOARD",RYE,SOUTH CENTRAL AMBULANCE SERVICE NHS FOUNDATION TRUST,MH059,Buckinghamshire (SCAS),B03,Calls abandoned in 30 seconds or less,53
2025-04-01,2025-04-30,South East,QU9,"NHS BUCKINGHAMSHIRE, OXFORDSHIRE AND BERKSHIRE WEST INTEGRATED CARE BOARD",RYE,SOUTH CENTRAL AMBULANCE SERVICE NHS FOUNDATION TRUST,MH059,Buckinghamshire (SCAS),B04,Calls abandoned in over 30 seconds and up to and including 60 seconds,12
2025-04-01,2025-04-30,South East,QU9,"NHS BUCKINGHAMSHIRE, OXFORDSHIRE AND BERKSHIRE WEST INTEGRATED CARE BOARD",RYE,SOUTH CENTRAL AMBULANCE SERVICE NHS FOUNDATION TRUST,MH059,Buckinghamshire (SCAS),B05,Calls abandoned after 60 seconds,12
2025-04-01,2025-04-30,South East,QU9,"NHS BUCKINGHAMSHIRE, OXFORDSHIRE AND BERKSHIRE WEST INTEGRATED CARE BOARD",RYE,SOUTH CENTRAL AMBULANCE SERVICE NHS FOUNDATION TRUST,MH059,Buckinghamshire (SCAS),B06,Total time to call answer (seconds),16936
2025-04-01,2025-04-30,South East,QU9,"NHS BUCKINGHAMSHIRE, OXFORDSHIRE AND BERKSHIRE WEST INTEGRATED CARE BOARD",RYE,SOUTH CENTRAL AMBULANCE SERVICE NHS FOUNDATION TRUST,MH059,Buckinghamshire (SCAS),B07,95th centile call answer time (seconds),135
2025-04-01,2025-04-30,South East,QU9,"NHS BUCKINGHAMSHIRE, OXFORDSHIRE AND BERKSHIRE WEST INTEGRATED CARE BOARD",RYE,SOUTH CENTRAL AMBULANCE SERVICE NHS FOUNDATION TRUST,MH059,Buckinghamshire (SCAS),B09,Total time of abandoned calls (seconds),2186
2025-04-01,2025-04-30,South East,QRL,NHS HAMPSHIRE AND ISLE OF WIGHT INTEGRATED CARE BOARD,RYE,SOUTH CENTRAL AMBULANCE SERVICE NHS FOUNDATION TRUST,MH064,Surrey (SCAS),A01,Number of calls received,39
2025-04-01,2025-04-30,South East,QRL,NHS HAMPSHIRE AND ISLE OF WIGHT INTEGRATED CARE BOARD,RYE,SOUTH CENTRAL AMBULANCE SERVICE NHS FOUNDATION TRUST,MH064,Surrey (SCAS),A02,Calls routed through IVR,0
2025-04-01,2025-04-30,South East,QRL,NHS HAMPSHIRE AND ISLE OF WIGHT INTEGRATED CARE BOARD,RYE,SOUTH CENTRAL AMBULANCE SERVICE NHS FOUNDATION TRUST,MH064,Surrey (SCAS),A03,Number of answered calls,34
2025-04-01,2025-04-30,South East,QRL,NHS HAMPSHIRE AND ISLE OF WIGHT INTEGRATED CARE BOARD,RYE,SOUTH CENTRAL AMBULANCE SERVICE NHS FOUNDATION TRUST,MH064,Surrey (SCAS),B01,Number of calls answered within 60 seconds,29
2025-04-01,2025-04-30,South East,QRL,NHS HAMPSHIRE AND ISLE OF WIGHT INTEGRATED CARE BOARD,RYE,SOUTH CENTRAL AMBULANCE SERVICE NHS FOUNDATION TRUST,MH064,Surrey (SCAS),B02,Number of calls abandoned,5
2025-04-01,2025-04-30,South East,QRL,NHS HAMPSHIRE AND ISLE OF WIGHT INTEGRATED CARE BOARD,RYE,SOUTH CENTRAL AMBULANCE SERVICE NHS FOUNDATION TRUST,MH064,Surrey (SCAS),B03,Calls abandoned in 30 seconds or less,1
2025-04-01,2025-04-30,South East,QRL,NHS HAMPSHIRE AND ISLE OF WIGHT INTEGRATED CARE BOARD,RYE,SOUTH CENTRAL AMBULANCE SERVICE NHS FOUNDATION TRUST,MH064,Surrey (SCAS),B04,Calls abandoned in over 30 seconds and up to and including 60 seconds,0
2025-04-01,2025-04-30,South East,QRL,NHS HAMPSHIRE AND ISLE OF WIGHT INTEGRATED CARE BOARD,RYE,SOUTH CENTRAL AMBULANCE SERVICE NHS FOUNDATION TRUST,MH064,Surrey (SCAS),B05,Calls abandoned after 60 seconds,4
2025-04-01,2025-04-30,South East,QRL,NHS HAMPSHIRE AND ISLE OF WIGHT INTEGRATED CARE BOARD,RYE,SOUTH CENTRAL AMBULANCE SERVICE NHS FOUNDATION TRUST,MH064,Surrey (SCAS),B06,Total time to call answer (seconds),681
2025-04-01,2025-04-30,South East,QRL,NHS HAMPSHIRE AND ISLE OF WIGHT INTEGRATED CARE BOARD,RYE,SOUTH CENTRAL AMBULANCE SERVICE NHS FOUNDATION TRUST,MH064,Surrey (SCAS),B07,95th centile call answer time (seconds),108
2025-04-01,2025-04-30,South East,QRL,NHS HAMPSHIRE AND ISLE OF WIGHT INTEGRATED CARE BOARD,RYE,SOUTH CENTRAL AMBULANCE SERVICE NHS FOUNDATION TRUST,MH064,Surrey (SCAS),B09,Total time of abandoned calls (seconds),940
2025-04-01,2025-04-30,Midlands,QGH,NHS HEREFORDSHIRE AND WORCESTERSHIRE ICB,R1A,HEREFORDSHIRE AND WORCESTERSHIRE HEALTH AND CARE NHS TRUST,MH031,Herefordshire and Worcestershire Health and Care NHS Trust (HWHC),A01,Number of calls received,2716
2025-04-01,2025-04-30,Midlands,QGH,NHS HEREFORDSHIRE AND WORCESTERSHIRE ICB,R1A,HEREFORDSHIRE AND WORCESTERSHIRE HEALTH AND CARE NHS TRUST,MH031,Herefordshire and Worcestershire Health and Care NHS Trust (HWHC),A02,Calls routed through IVR,598
2025-04-01,2025-04-30,Midlands,QGH,NHS HEREFORDSHIRE AND WORCESTERSHIRE ICB,R1A,HEREFORDSHIRE AND WORCESTERSHIRE HEALTH AND CARE NHS TRUST,MH031,Herefordshire and Worcestershire Health and Care NHS Trust (HWHC),A03,Number of answered calls,2187
2025-04-01,2025-04-30,Midlands,QGH,NHS HEREFORDSHIRE AND WORCESTERSHIRE ICB,R1A,HEREFORDSHIRE AND WORCESTERSHIRE HEALTH AND CARE NHS TRUST,MH031,Herefordshire and Worcestershire Health and Care NHS Trust (HWHC),B01,Number of calls answered within 60 seconds,1657
2025-04-01,2025-04-30,Midlands,QGH,NHS HEREFORDSHIRE AND WORCESTERSHIRE ICB,R1A,HEREFORDSHIRE AND WORCESTERSHIRE HEALTH AND CARE NHS TRUST,MH031,Herefordshire and Worcestershire Health and Care NHS Trust (HWHC),B02,Number of calls abandoned,529
2025-04-01,2025-04-30,Midlands,QGH,NHS HEREFORDSHIRE AND WORCESTERSHIRE ICB,R1A,HEREFORDSHIRE AND WORCESTERSHIRE HEALTH AND CARE NHS TRUST,MH031,Herefordshire and Worcestershire Health and Care NHS Trust (HWHC),B03,Calls abandoned in 30 seconds or less,83
2025-04-01,2025-04-30,Midlands,QGH,NHS HEREFORDSHIRE AND WORCESTERSHIRE ICB,R1A,HEREFORDSHIRE AND WORCESTERSHIRE HEALTH AND CARE NHS TRUST,MH031,Herefordshire and Worcestershire Health and Care NHS Trust (HWHC),B04,Calls abandoned in over 30 seconds and up to and including 60 seconds,80
2025-04-01,2025-04-30,Midlands,QGH,NHS HEREFORDSHIRE AND WORCESTERSHIRE ICB,R1A,HEREFORDSHIRE AND WORCESTERSHIRE HEALTH AND CARE NHS TRUST,MH031,Herefordshire and Worcestershire Health and Care NHS Trust (HWHC),B05,Calls abandoned after 60 seconds,366
2025-04-01,2025-04-30,Midlands,QGH,NHS HEREFORDSHIRE AND WORCESTERSHIRE ICB,R1A,HEREFORDSHIRE AND WORCESTERSHIRE HEALTH AND CARE NHS TRUST,MH031,Herefordshire and Worcestershire Health and Care NHS Trust (HWHC),B06,Total time to call answer (seconds),179633
2025-04-01,2025-04-30,Midlands,QGH,NHS HEREFORDSHIRE AND WORCESTERSHIRE ICB,R1A,HEREFORDSHIRE AND WORCESTERSHIRE HEALTH AND CARE NHS TRUST,MH031,Herefordshire and Worcestershire Health and Care NHS Trust (HWHC),B07,95th centile call answer time (seconds),355
2025-04-01,2025-04-30,Midlands,QGH,NHS HEREFORDSHIRE AND WORCESTERSHIRE ICB,R1A,HEREFORDSHIRE AND WORCESTERSHIRE HEALTH AND CARE NHS TRUST,MH031,Herefordshire and Worcestershire Health and Care NHS Trust (HWHC),B09,Total time of abandoned calls (seconds),115848
2025-04-01,2025-04-30,North West,QYG,NHS CHESHIRE AND MERSEYSIDE INTEGRATED CARE BOARD,RBS,ALDER HEY CHILDREN'S NHS FOUNDATION TRUST,MH001,AlderHey CAMHS Crisis Care (AlderHey),A01,Number of calls received,673
2025-04-01,2025-04-30,North West,QYG,NHS CHESHIRE AND MERSEYSIDE INTEGRATED CARE BOARD,RBS,ALDER HEY CHILDREN'S NHS FOUNDATION TRUST,MH001,AlderHey CAMHS Crisis Care (AlderHey),A02,Calls routed through IVR,0
2025-04-01,2025-04-30,North West,QYG,NHS CHESHIRE AND MERSEYSIDE INTEGRATED CARE BOARD,RBS,ALDER HEY CHILDREN'S NHS FOUNDATION TRUST,MH001,AlderHey CAMHS Crisis Care (AlderHey),A03,Number of answered calls,662
2025-04-01,2025-04-30,North West,QYG,NHS CHESHIRE AND MERSEYSIDE INTEGRATED CARE BOARD,RBS,ALDER HEY CHILDREN'S NHS FOUNDATION TRUST,MH001,AlderHey CAMHS Crisis Care (AlderHey),B01,Number of calls answered within 60 seconds,662
2025-04-01,2025-04-30,North West,QYG,NHS CHESHIRE AND MERSEYSIDE INTEGRATED CARE BOARD,RBS,ALDER HEY CHILDREN'S NHS FOUNDATION TRUST,MH001,AlderHey CAMHS Crisis Care (AlderHey),B02,Number of calls abandoned,11
2025-04-01,2025-04-30,North West,QYG,NHS CHESHIRE AND MERSEYSIDE INTEGRATED CARE BOARD,RBS,ALDER HEY CHILDREN'S NHS FOUNDATION TRUST,MH001,AlderHey CAMHS Crisis Care (AlderHey),B03,Calls abandoned in 30 seconds or less,9
2025-04-01,2025-04-30,North West,QYG,NHS CHESHIRE AND MERSEYSIDE INTEGRATED CARE BOARD,RBS,ALDER HEY CHILDREN'S NHS FOUNDATION TRUST,MH001,AlderHey CAMHS Crisis Care (AlderHey),B04,Calls abandoned in over 30 seconds and up to and including 60 seconds,0
2025-04-01,2025-04-30,North West,QYG,NHS CHESHIRE AND MERSEYSIDE INTEGRATED CARE BOARD,RBS,ALDER HEY CHILDREN'S NHS FOUNDATION TRUST,MH001,AlderHey CAMHS Crisis Care (AlderHey),B05,Calls abandoned after 60 seconds,2
2025-04-01,2025-04-30,North West,QYG,NHS CHESHIRE AND MERSEYSIDE INTEGRATED CARE BOARD,RBS,ALDER HEY CHILDREN'S NHS FOUNDATION TRUST,MH001,AlderHey CAMHS Crisis Care (AlderHey),B06,Total time to call answer (seconds),5040
2025-04-01,2025-04-30,North West,QYG,NHS CHESHIRE AND MERSEYSIDE INTEGRATED CARE BOARD,RBS,ALDER HEY CHILDREN'S NHS FOUNDATION TRUST,MH001,AlderHey CAMHS Crisis Care (AlderHey),B07,95th centile call answer time (seconds),0
2025-04-01,2025-04-30,North West,QYG,NHS CHESHIRE AND MERSEYSIDE INTEGRATED CARE BOARD,RBS,ALDER HEY CHILDREN'S NHS FOUNDATION TRUST,MH001,AlderHey CAMHS Crisis Care (AlderHey),B09,Total time of abandoned calls (seconds),420
2025-04-01,2025-04-30,North East and Yorkshire,QF7,NHS SOUTH YORKSHIRE INTEGRATED CARE BOARD,RCU,SHEFFIELD CHILDREN'S NHS FOUNDATION TRUST,MH075,Papyus,A01,Number of calls received,11
2025-04-01,2025-04-30,North East and Yorkshire,QF7,NHS SOUTH YORKSHIRE INTEGRATED CARE BOARD,RCU,SHEFFIELD CHILDREN'S NHS FOUNDATION TRUST,MH075,Papyus,A02,Calls routed through IVR,9
2025-04-01,2025-04-30,North East and Yorkshire,QF7,NHS SOUTH YORKSHIRE INTEGRATED CARE BOARD,RCU,SHEFFIELD CHILDREN'S NHS FOUNDATION TRUST,MH075,Papyus,A03,Number of answered calls,6
2025-04-01,2025-04-30,North East and Yorkshire,QF7,NHS SOUTH YORKSHIRE INTEGRATED CARE BOARD,RCU,SHEFFIELD CHILDREN'S NHS FOUNDATION TRUST,MH075,Papyus,B01,Number of calls answered within 60 seconds,5
2025-04-01,2025-04-30,North East and Yorkshire,QF7,NHS SOUTH YORKSHIRE INTEGRATED CARE BOARD,RCU,SHEFFIELD CHILDREN'S NHS FOUNDATION TRUST,MH075,Papyus,B02,Number of calls abandoned,5
2025-04-01,2025-04-30,North East and Yorkshire,QF7,NHS SOUTH YORKSHIRE INTEGRATED CARE BOARD,RCU,SHEFFIELD CHILDREN'S NHS FOUNDATION TRUST,MH075,Papyus,B03,Calls abandoned in 30 seconds or less,2
2025-04-01,2025-04-30,North East and Yorkshire,QF7,NHS SOUTH YORKSHIRE INTEGRATED CARE BOARD,RCU,SHEFFIELD CHILDREN'S NHS FOUNDATION TRUST,MH075,Papyus,B04,Calls abandoned in over 30 seconds and up to and including 60 seconds,2
2025-04-01,2025-04-30,North East and Yorkshire,QF7,NHS SOUTH YORKSHIRE INTEGRATED CARE BOARD,RCU,SHEFFIELD CHILDREN'S NHS FOUNDATION TRUST,MH075,Papyus,B05,Calls abandoned after 60 seconds,1
2025-04-01,2025-04-30,North East and Yorkshire,QF7,NHS SOUTH YORKSHIRE INTEGRATED CARE BOARD,RCU,SHEFFIELD CHILDREN'S NHS FOUNDATION TRUST,MH075,Papyus,B06,Total time to call answer (seconds),85
2025-04-01,2025-04-30,North East and Yorkshire,QF7,NHS SOUTH YORKSHIRE INTEGRATED CARE BOARD,RCU,SHEFFIELD CHILDREN'S NHS FOUNDATION TRUST,MH075,Papyus,B07,95th centile call answer time (seconds),11
2025-04-01,2025-04-30,North East and Yorkshire,QF7,NHS SOUTH YORKSHIRE INTEGRATED CARE BOARD,RCU,SHEFFIELD CHILDREN'S NHS FOUNDATION TRUST,MH075,Papyus,B09,Total time of abandoned calls (seconds),324
2025-04-01,2025-04-30,Midlands,QT1,NHS NOTTINGHAM AND NOTTINGHAMSHIRE INTEGRATED CARE BOARD,RHA,NOTTINGHAMSHIRE HEALTHCARE NHS FOUNDATION TRUST,MH051,Nottingham 24/7 Crisis line (NHFT),A01,Number of calls received,9067
2025-04-01,2025-04-30,Midlands,QT1,NHS NOTTINGHAM AND NOTTINGHAMSHIRE INTEGRATED CARE BOARD,RHA,NOTTINGHAMSHIRE HEALTHCARE NHS FOUNDATION TRUST,MH051,Nottingham 24/7 Crisis line (NHFT),A02,Calls routed through IVR,1394
2025-04-01,2025-04-30,Midlands,QT1,NHS NOTTINGHAM AND NOTTINGHAMSHIRE INTEGRATED CARE BOARD,RHA,NOTTINGHAMSHIRE HEALTHCARE NHS FOUNDATION TRUST,MH051,Nottingham 24/7 Crisis line (NHFT),A03,Number of answered calls,5703
2025-04-01,2025-04-30,Midlands,QT1,NHS NOTTINGHAM AND NOTTINGHAMSHIRE INTEGRATED CARE BOARD,RHA,NOTTINGHAMSHIRE HEALTHCARE NHS FOUNDATION TRUST,MH051,Nottingham 24/7 Crisis line (NHFT),B01,Number of calls answered within 60 seconds,3209
2025-04-01,2025-04-30,Midlands,QT1,NHS NOTTINGHAM AND NOTTINGHAMSHIRE INTEGRATED CARE BOARD,RHA,NOTTINGHAMSHIRE HEALTHCARE NHS FOUNDATION TRUST,MH051,Nottingham 24/7 Crisis line (NHFT),B02,Number of calls abandoned,2262
2025-04-01,2025-04-30,Midlands,QT1,NHS NOTTINGHAM AND NOTTINGHAMSHIRE INTEGRATED CARE BOARD,RHA,NOTTINGHAMSHIRE HEALTHCARE NHS FOUNDATION TRUST,MH051,Nottingham 24/7 Crisis line (NHFT),B03,Calls abandoned in 30 seconds or less,413
2025-04-01,2025-04-30,Midlands,QT1,NHS NOTTINGHAM AND NOTTINGHAMSHIRE INTEGRATED CARE BOARD,RHA,NOTTINGHAMSHIRE HEALTHCARE NHS FOUNDATION TRUST,MH051,Nottingham 24/7 Crisis line (NHFT),B04,Calls abandoned in over 30 seconds and up to and including 60 seconds,296
2025-04-01,2025-04-30,Midlands,QT1,NHS NOTTINGHAM AND NOTTINGHAMSHIRE INTEGRATED CARE BOARD,RHA,NOTTINGHAMSHIRE HEALTHCARE NHS FOUNDATION TRUST,MH051,Nottingham 24/7 Crisis line (NHFT),B05,Calls abandoned after 60 seconds,1553
2025-04-01,2025-04-30,Midlands,QT1,NHS NOTTINGHAM AND NOTTINGHAMSHIRE INTEGRATED CARE BOARD,RHA,NOTTINGHAMSHIRE HEALTHCARE NHS FOUNDATION TRUST,MH051,Nottingham 24/7 Crisis line (NHFT),B06,Total time to call answer (seconds),1290825
2025-04-01,2025-04-30,Midlands,QT1,NHS NOTTINGHAM AND NOTTINGHAMSHIRE INTEGRATED CARE BOARD,RHA,NOTTINGHAMSHIRE HEALTHCARE NHS FOUNDATION TRUST,MH051,Nottingham 24/7 Crisis line (NHFT),B07,95th centile call answer time (seconds),1093
2025-04-01,2025-04-30,Midlands,QT1,NHS NOTTINGHAM AND NOTTINGHAMSHIRE INTEGRATED CARE BOARD,RHA,NOTTINGHAMSHIRE HEALTHCARE NHS FOUNDATION TRUST,MH051,Nottingham 24/7 Crisis line (NHFT),B09,Total time of abandoned calls (seconds),484438
2025-04-01,2025-04-30,North East and Yorkshire,QWO,NHS WEST YORKSHIRE INTEGRATED CARE BOARD,RXG,SOUTH WEST YORKSHIRE PARTNERSHIP NHS FOUNDATION TRUST,MH069,CYP C&K (CKCAHMS),A01,Number of calls received,25
2025-04-01,2025-04-30,North East and Yorkshire,QWO,NHS WEST YORKSHIRE INTEGRATED CARE BOARD,RXG,SOUTH WEST YORKSHIRE PARTNERSHIP NHS FOUNDATION TRUST,MH069,CYP C&K (CKCAHMS),A02,Calls routed through IVR,0
2025-04-01,2025-04-30,North East and Yorkshire,QWO,NHS WEST YORKSHIRE INTEGRATED CARE BOARD,RXG,SOUTH WEST YORKSHIRE PARTNERSHIP NHS FOUNDATION TRUST,MH069,CYP C&K (CKCAHMS),A03,Number of answered calls,25
2025-04-01,2025-04-30,North East and Yorkshire,QWO,NHS WEST YORKSHIRE INTEGRATED CARE BOARD,RXG,SOUTH WEST YORKSHIRE PARTNERSHIP NHS FOUNDATION TRUST,MH069,CYP C&K (CKCAHMS),B01,Number of calls answered within 60 seconds,0
2025-04-01,2025-04-30,North East and Yorkshire,QWO,NHS WEST YORKSHIRE INTEGRATED CARE BOARD,RXG,SOUTH WEST YORKSHIRE PARTNERSHIP NHS FOUNDATION TRUST,MH069,CYP C&K (CKCAHMS),B02,Number of calls abandoned,0
2025-04-01,2025-04-30,North East and Yorkshire,QWO,NHS WEST YORKSHIRE INTEGRATED CARE BOARD,RXG,SOUTH WEST YORKSHIRE PARTNERSHIP NHS FOUNDATION TRUST,MH069,CYP C&K (CKCAHMS),B03,Calls abandoned in 30 seconds or less,0
2025-04-01,2025-04-30,North East and Yorkshire,QWO,NHS WEST YORKSHIRE INTEGRATED CARE BOARD,RXG,SOUTH WEST YORKSHIRE PARTNERSHIP NHS FOUNDATION TRUST,MH069,CYP C&K (CKCAHMS),B04,Calls abandoned in over 30 seconds and up to and including 60 seconds,0
2025-04-01,2025-04-30,North East and Yorkshire,QWO,NHS WEST YORKSHIRE INTEGRATED CARE BOARD,RXG,SOUTH WEST YORKSHIRE PARTNERSHIP NHS FOUNDATION TRUST,MH069,CYP C&K (CKCAHMS),B05,Calls abandoned after 60 seconds,0
2025-04-01,2025-04-30,North East and Yorkshire,QWO,NHS WEST YORKSHIRE INTEGRATED CARE BOARD,RXG,SOUTH WEST YORKSHIRE PARTNERSHIP NHS FOUNDATION TRUST,MH069,CYP C&K (CKCAHMS),B06,Total time to call answer (seconds),0
2025-04-01,2025-04-30,North East and Yorkshire,QWO,NHS WEST YORKSHIRE INTEGRATED CARE BOARD,RXG,SOUTH WEST YORKSHIRE PARTNERSHIP NHS FOUNDATION TRUST,MH069,CYP C&K (CKCAHMS),B07,95th centile call answer time (seconds),0
2025-04-01,2025-04-30,North East and Yorkshire,QWO,NHS WEST YORKSHIRE INTEGRATED CARE BOARD,RXG,SOUTH WEST YORKSHIRE PARTNERSHIP NHS FOUNDATION TRUST,MH069,CYP C&K (CKCAHMS),B09,Total time of abandoned calls (seconds),0
2025-04-01,2025-04-30,North East and Yorkshire,QWO,NHS WEST YORKSHIRE INTEGRATED CARE BOARD,RXG,SOUTH WEST YORKSHIRE PARTNERSHIP NHS FOUNDATION TRUST,MH070,CYP Wakefield (WCAHMS),A01,Number of calls received,0
2025-04-01,2025-04-30,North East and Yorkshire,QWO,NHS WEST YORKSHIRE INTEGRATED CARE BOARD,RXG,SOUTH WEST YORKSHIRE PARTNERSHIP NHS FOUNDATION TRUST,MH070,CYP Wakefield (WCAHMS),A02,Calls routed through IVR,0
2025-04-01,2025-04-30,North East and Yorkshire,QWO,NHS WEST YORKSHIRE INTEGRATED CARE BOARD,RXG,SOUTH WEST YORKSHIRE PARTNERSHIP NHS FOUNDATION TRUST,MH070,CYP Wakefield (WCAHMS),A03,Number of answered calls,0
2025-04-01,2025-04-30,North East and Yorkshire,QWO,NHS WEST YORKSHIRE INTEGRATED CARE BOARD,RXG,SOUTH WEST YORKSHIRE PARTNERSHIP NHS FOUNDATION TRUST,MH070,CYP Wakefield (WCAHMS),B01,Number of calls answered within 60 seconds,0
2025-04-01,2025-04-30,North East and Yorkshire,QWO,NHS WEST YORKSHIRE INTEGRATED CARE BOARD,RXG,SOUTH WEST YORKSHIRE PARTNERSHIP NHS FOUNDATION TRUST,MH070,CYP Wakefield (WCAHMS),B02,Number of calls abandoned,0
2025-04-01,2025-04-30,North East and Yorkshire,QWO,NHS WEST YORKSHIRE INTEGRATED CARE BOARD,RXG,SOUTH WEST YORKSHIRE PARTNERSHIP NHS FOUNDATION TRUST,MH070,CYP Wakefield (WCAHMS),B03,Calls abandoned in 30 seconds or less,0
2025-04-01,2025-04-30,North East and Yorkshire,QWO,NHS WEST YORKSHIRE INTEGRATED CARE BOARD,RXG,SOUTH WEST YORKSHIRE PARTNERSHIP NHS FOUNDATION TRUST,MH070,CYP Wakefield (WCAHMS),B04,Calls abandoned in over 30 seconds and up to and including 60 seconds,0
2025-04-01,2025-04-30,North East and Yorkshire,QWO,NHS WEST YORKSHIRE INTEGRATED CARE BOARD,RXG,SOUTH WEST YORKSHIRE PARTNERSHIP NHS FOUNDATION TRUST,MH070,CYP Wakefield (WCAHMS),B05,Calls abandoned after 60 seconds,0
2025-04-01,2025-04-30,North East and Yorkshire,QWO,NHS WEST YORKSHIRE INTEGRATED CARE BOARD,RXG,SOUTH WEST YORKSHIRE PARTNERSHIP NHS FOUNDATION TRUST,MH070,CYP Wakefield (WCAHMS),B06,Total time to call answer (seconds),0
2025-04-01,2025-04-30,North East and Yorkshire,QWO,NHS WEST YORKSHIRE INTEGRATED CARE BOARD,RXG,SOUTH WEST YORKSHIRE PARTNERSHIP NHS FOUNDATION TRUST,MH070,CYP Wakefield (WCAHMS),B07,95th centile call answer time (seconds),0
2025-04-01,2025-04-30,North East and Yorkshire,QWO,NHS WEST YORKSHIRE INTEGRATED CARE BOARD,RXG,SOUTH WEST YORKSHIRE PARTNERSHIP NHS FOUNDATION TRUST,MH070,CYP Wakefield (WCAHMS),B09,Total time of abandoned calls (seconds),0
2025-04-01,2025-04-30,Midlands,QWU,NHS COVENTRY AND WARWICKSHIRE INTEGRATED CARE BOARD,RYG,COVENTRY AND WARWICKSHIRE PARTNERSHIP NHS TRUST,MH014,Coventry and Warwickshire Adult Crisis Line (CWPNT),A01,Number of calls received,1960
2025-04-01,2025-04-30,Midlands,QWU,NHS COVENTRY AND WARWICKSHIRE INTEGRATED CARE BOARD,RYG,COVENTRY AND WARWICKSHIRE PARTNERSHIP NHS TRUST,MH014,Coventry and Warwickshire Adult Crisis Line (CWPNT),A02,Calls routed through IVR,1960
2025-04-01,2025-04-30,Midlands,QWU,NHS COVENTRY AND WARWICKSHIRE INTEGRATED CARE BOARD,RYG,COVENTRY AND WARWICKSHIRE PARTNERSHIP NHS TRUST,MH014,Coventry and Warwickshire Adult Crisis Line (CWPNT),A03,Number of answered calls,1799
2025-04-01,2025-04-30,Midlands,QWU,NHS COVENTRY AND WARWICKSHIRE INTEGRATED CARE BOARD,RYG,COVENTRY AND WARWICKSHIRE PARTNERSHIP NHS TRUST,MH014,Coventry and Warwickshire Adult Crisis Line (CWPNT),B01,Number of calls answered within 60 seconds,1606
2025-04-01,2025-04-30,Midlands,QWU,NHS COVENTRY AND WARWICKSHIRE INTEGRATED CARE BOARD,RYG,COVENTRY AND WARWICKSHIRE PARTNERSHIP NHS TRUST,MH014,Coventry and Warwickshire Adult Crisis Line (CWPNT),B02,Number of calls abandoned,161
2025-04-01,2025-04-30,Midlands,QWU,NHS COVENTRY AND WARWICKSHIRE INTEGRATED CARE BOARD,RYG,COVENTRY AND WARWICKSHIRE PARTNERSHIP NHS TRUST,MH014,Coventry and Warwickshire Adult Crisis Line (CWPNT),B03,Calls abandoned in 30 seconds or less,49
2025-04-01,2025-04-30,Midlands,QWU,NHS COVENTRY AND WARWICKSHIRE INTEGRATED CARE BOARD,RYG,COVENTRY AND WARWICKSHIRE PARTNERSHIP NHS TRUST,MH014,Coventry and Warwickshire Adult Crisis Line (CWPNT),B04,Calls abandoned in over 30 seconds and up to and including 60 seconds,15
2025-04-01,2025-04-30,Midlands,QWU,NHS COVENTRY AND WARWICKSHIRE INTEGRATED CARE BOARD,RYG,COVENTRY AND WARWICKSHIRE PARTNERSHIP NHS TRUST,MH014,Coventry and Warwickshire Adult Crisis Line (CWPNT),B05,Calls abandoned after 60 seconds,97
2025-04-01,2025-04-30,Midlands,QWU,NHS COVENTRY AND WARWICKSHIRE INTEGRATED CARE BOARD,RYG,COVENTRY AND WARWICKSHIRE PARTNERSHIP NHS TRUST,MH014,Coventry and Warwickshire Adult Crisis Line (CWPNT),B06,Total time to call answer (seconds),72575
2025-04-01,2025-04-30,Midlands,QWU,NHS COVENTRY AND WARWICKSHIRE INTEGRATED CARE BOARD,RYG,COVENTRY AND WARWICKSHIRE PARTNERSHIP NHS TRUST,MH014,Coventry and Warwickshire Adult Crisis Line (CWPNT),B07,95th centile call answer time (seconds),186
2025-04-01,2025-04-30,Midlands,QWU,NHS COVENTRY AND WARWICKSHIRE INTEGRATED CARE BOARD,RYG,COVENTRY AND WARWICKSHIRE PARTNERSHIP NHS TRUST,MH014,Coventry and Warwickshire Adult Crisis Line (CWPNT),B09,Total time of abandoned calls (seconds),24431
2025-04-01,2025-04-30,Midlands,QWU,NHS COVENTRY AND WARWICKSHIRE INTEGRATED CARE BOARD,RYG,COVENTRY AND WARWICKSHIRE PARTNERSHIP NHS TRUST,MH015,Coventry and Warwickshire CYP Crisis Line (CWPNT),A01,Number of calls received,95
2025-04-01,2025-04-30,Midlands,QWU,NHS COVENTRY AND WARWICKSHIRE INTEGRATED CARE BOARD,RYG,COVENTRY AND WARWICKSHIRE PARTNERSHIP NHS TRUST,MH015,Coventry and Warwickshire CYP Crisis Line (CWPNT),A02,Calls routed through IVR,95
2025-04-01,2025-04-30,Midlands,QWU,NHS COVENTRY AND WARWICKSHIRE INTEGRATED CARE BOARD,RYG,COVENTRY AND WARWICKSHIRE PARTNERSHIP NHS TRUST,MH015,Coventry and Warwickshire CYP Crisis Line (CWPNT),A03,Number of answered calls,90
2025-04-01,2025-04-30,Midlands,QWU,NHS COVENTRY AND WARWICKSHIRE INTEGRATED CARE BOARD,RYG,COVENTRY AND WARWICKSHIRE PARTNERSHIP NHS TRUST,MH015,Coventry and Warwickshire CYP Crisis Line (CWPNT),B01,Number of calls answered within 60 seconds,75
2025-04-01,2025-04-30,Midlands,QWU,NHS COVENTRY AND WARWICKSHIRE INTEGRATED CARE BOARD,RYG,COVENTRY AND WARWICKSHIRE PARTNERSHIP NHS TRUST,MH015,Coventry and Warwickshire CYP Crisis Line (CWPNT),B02,Number of calls abandoned,5
2025-04-01,2025-04-30,Midlands,QWU,NHS COVENTRY AND WARWICKSHIRE INTEGRATED CARE BOARD,RYG,COVENTRY AND WARWICKSHIRE PARTNERSHIP NHS TRUST,MH015,Coventry and Warwickshire CYP Crisis Line (CWPNT),B03,Calls abandoned in 30 seconds or less,4
2025-04-01,2025-04-30,Midlands,QWU,NHS COVENTRY AND WARWICKSHIRE INTEGRATED CARE BOARD,RYG,COVENTRY AND WARWICKSHIRE PARTNERSHIP NHS TRUST,MH015,Coventry and Warwickshire CYP Crisis Line (CWPNT),B04,Calls abandoned in over 30 seconds and up to and including 60 seconds,1
2025-04-01,2025-04-30,Midlands,QWU,NHS COVENTRY AND WARWICKSHIRE INTEGRATED CARE BOARD,RYG,COVENTRY AND WARWICKSHIRE PARTNERSHIP NHS TRUST,MH015,Coventry and Warwickshire CYP Crisis Line (CWPNT),B05,Calls abandoned after 60 seconds,0
2025-04-01,2025-04-30,Midlands,QWU,NHS COVENTRY AND WARWICKSHIRE INTEGRATED CARE BOARD,RYG,COVENTRY AND WARWICKSHIRE PARTNERSHIP NHS TRUST,MH015,Coventry and Warwickshire CYP Crisis Line (CWPNT),B06,Total time to call answer (seconds),6283
2025-04-01,2025-04-30,Midlands,QWU,NHS COVENTRY AND WARWICKSHIRE INTEGRATED CARE BOARD,RYG,COVENTRY AND WARWICKSHIRE PARTNERSHIP NHS TRUST,MH015,Coventry and Warwickshire CYP Crisis Line (CWPNT),B07,95th centile call answer time (seconds),212
2025-04-01,2025-04-30,Midlands,QWU,NHS COVENTRY AND WARWICKSHIRE INTEGRATED CARE BOARD,RYG,COVENTRY AND WARWICKSHIRE PARTNERSHIP NHS TRUST,MH015,Coventry and Warwickshire CYP Crisis Line (CWPNT),B09,Total time of abandoned calls (seconds),119
2025-04-01,2025-04-30,East of England,QJG,NHS SUFFOLK AND NORTH EAST ESSEX INTEGRATED CARE BOARD,R1L,ESSEX PARTNERSHIP UNIVERSITY NHS FOUNDATION TRUST,MH080,EPUT (North East Essex) MH Helpline,A01,Number of calls received,1697
2025-04-01,2025-04-30,East of England,QJG,NHS SUFFOLK AND NORTH EAST ESSEX INTEGRATED CARE BOARD,R1L,ESSEX PARTNERSHIP UNIVERSITY NHS FOUNDATION TRUST,MH080,EPUT (North East Essex) MH Helpline,A02,Calls routed through IVR,1406
2025-04-01,2025-04-30,East of England,QJG,NHS SUFFOLK AND NORTH EAST ESSEX INTEGRATED CARE BOARD,R1L,ESSEX PARTNERSHIP UNIVERSITY NHS FOUNDATION TRUST,MH080,EPUT (North East Essex) MH Helpline,A03,Number of answered calls,1478
2025-04-01,2025-04-30,East of England,QJG,NHS SUFFOLK AND NORTH EAST ESSEX INTEGRATED CARE BOARD,R1L,ESSEX PARTNERSHIP UNIVERSITY NHS FOUNDATION TRUST,MH080,EPUT (North East Essex) MH Helpline,B01,Number of calls answered within 60 seconds,1180
2025-04-01,2025-04-30,East of England,QJG,NHS SUFFOLK AND NORTH EAST ESSEX INTEGRATED CARE BOARD,R1L,ESSEX PARTNERSHIP UNIVERSITY NHS FOUNDATION TRUST,MH080,EPUT (North East Essex) MH Helpline,B02,Number of calls abandoned,219
2025-04-01,2025-04-30,East of England,QJG,NHS SUFFOLK AND NORTH EAST ESSEX INTEGRATED CARE BOARD,R1L,ESSEX PARTNERSHIP UNIVERSITY NHS FOUNDATION TRUST,MH080,EPUT (North East Essex) MH Helpline,B03,Calls abandoned in 30 seconds or less,125
2025-04-01,2025-04-30,East of England,QJG,NHS SUFFOLK AND NORTH EAST ESSEX INTEGRATED CARE BOARD,R1L,ESSEX PARTNERSHIP UNIVERSITY NHS FOUNDATION TRUST,MH080,EPUT (North East Essex) MH Helpline,B04,Calls abandoned in over 30 seconds and up to and including 60 seconds,22
2025-04-01,2025-04-30,East of England,QJG,NHS SUFFOLK AND NORTH EAST ESSEX INTEGRATED CARE BOARD,R1L,ESSEX PARTNERSHIP UNIVERSITY NHS FOUNDATION TRUST,MH080,EPUT (North East Essex) MH Helpline,B05,Calls abandoned after 60 seconds,72
2025-04-01,2025-04-30,East of England,QJG,NHS SUFFOLK AND NORTH EAST ESSEX INTEGRATED CARE BOARD,R1L,ESSEX PARTNERSHIP UNIVERSITY NHS FOUNDATION TRUST,MH080,EPUT (North East Essex) MH Helpline,B06,Total time to call answer (seconds),90674
2025-04-01,2025-04-30,East of England,QJG,NHS SUFFOLK AND NORTH EAST ESSEX INTEGRATED CARE BOARD,R1L,ESSEX PARTNERSHIP UNIVERSITY NHS FOUNDATION TRUST,MH080,EPUT (North East Essex) MH Helpline,B07,95th centile call answer time (seconds),264
2025-04-01,2025-04-30,East of England,QJG,NHS SUFFOLK AND NORTH EAST ESSEX INTEGRATED CARE BOARD,R1L,ESSEX PARTNERSHIP UNIVERSITY NHS FOUNDATION TRUST,MH080,EPUT (North East Essex) MH Helpline,B09,Total time of abandoned calls (seconds),29274
2025-04-01,2025-04-30,East of England,QH8,NHS MID AND SOUTH ESSEX INTEGRATED CARE BOARD,R1L,ESSEX PARTNERSHIP UNIVERSITY NHS FOUNDATION TRUST,MH081,EPUT (Mid and South Essex) MH Helpline,A01,Number of calls received,3311
2025-04-01,2025-04-30,East of England,QH8,NHS MID AND SOUTH ESSEX INTEGRATED CARE BOARD,R1L,ESSEX PARTNERSHIP UNIVERSITY NHS FOUNDATION TRUST,MH081,EPUT (Mid and South Essex) MH Helpline,A02,Calls routed through IVR,2734
2025-04-01,2025-04-30,East of England,QH8,NHS MID AND SOUTH ESSEX INTEGRATED CARE BOARD,R1L,ESSEX PARTNERSHIP UNIVERSITY NHS FOUNDATION TRUST,MH081,EPUT (Mid and South Essex) MH Helpline,A03,Number of answered calls,2910
2025-04-01,2025-04-30,East of England,QH8,NHS MID AND SOUTH ESSEX INTEGRATED CARE BOARD,R1L,ESSEX PARTNERSHIP UNIVERSITY NHS FOUNDATION TRUST,MH081,EPUT (Mid and South Essex) MH Helpline,B01,Number of calls answered within 60 seconds,2247
2025-04-01,2025-04-30,East of England,QH8,NHS MID AND SOUTH ESSEX INTEGRATED CARE BOARD,R1L,ESSEX PARTNERSHIP UNIVERSITY NHS FOUNDATION TRUST,MH081,EPUT (Mid and South Essex) MH Helpline,B02,Number of calls abandoned,401
2025-04-01,2025-04-30,East of England,QH8,NHS MID AND SOUTH ESSEX INTEGRATED CARE BOARD,R1L,ESSEX PARTNERSHIP UNIVERSITY NHS FOUNDATION TRUST,MH081,EPUT (Mid and South Essex) MH Helpline,B03,Calls abandoned in 30 seconds or less,255
2025-04-01,2025-04-30,East of England,QH8,NHS MID AND SOUTH ESSEX INTEGRATED CARE BOARD,R1L,ESSEX PARTNERSHIP UNIVERSITY NHS FOUNDATION TRUST,MH081,EPUT (Mid and South Essex) MH Helpline,B04,Calls abandoned in over 30 seconds and up to and including 60 seconds,32
2025-04-01,2025-04-30,East of England,QH8,NHS MID AND SOUTH ESSEX INTEGRATED CARE BOARD,R1L,ESSEX PARTNERSHIP UNIVERSITY NHS FOUNDATION TRUST,MH081,EPUT (Mid and South Essex) MH Helpline,B05,Calls abandoned after 60 seconds,114
2025-04-01,2025-04-30,East of England,QH8,NHS MID AND SOUTH ESSEX INTEGRATED CARE BOARD,R1L,ESSEX PARTNERSHIP UNIVERSITY NHS FOUNDATION TRUST,MH081,EPUT (Mid and South Essex) MH Helpline,B06,Total time to call answer (seconds),186427
2025-04-01,2025-04-30,East of England,QH8,NHS MID AND SOUTH ESSEX INTEGRATED CARE BOARD,R1L,ESSEX PARTNERSHIP UNIVERSITY NHS FOUNDATION TRUST,MH081,EPUT (Mid and South Essex) MH Helpline,B07,95th centile call answer time (seconds),273
2025-04-01,2025-04-30,East of England,QH8,NHS MID AND SOUTH ESSEX INTEGRATED CARE BOARD,R1L,ESSEX PARTNERSHIP UNIVERSITY NHS FOUNDATION TRUST,MH081,EPUT (Mid and South Essex) MH Helpline,B09,Total time of abandoned calls (seconds),30790
2025-04-01,2025-04-30,East of England,QM7,NHS HERTFORDSHIRE AND WEST ESSEX INTEGRATED CARE BOARD,R1L,ESSEX PARTNERSHIP UNIVERSITY NHS FOUNDATION TRUST,MH082,EPUT (West Essex) MH Helpline,A01,Number of calls received,522
2025-04-01,2025-04-30,East of England,QM7,NHS HERTFORDSHIRE AND WEST ESSEX INTEGRATED CARE BOARD,R1L,ESSEX PARTNERSHIP UNIVERSITY NHS FOUNDATION TRUST,MH082,EPUT (West Essex) MH Helpline,A02,Calls routed through IVR,397
2025-04-01,2025-04-30,East of England,QM7,NHS HERTFORDSHIRE AND WEST ESSEX INTEGRATED CARE BOARD,R1L,ESSEX PARTNERSHIP UNIVERSITY NHS FOUNDATION TRUST,MH082,EPUT (West Essex) MH Helpline,A03,Number of answered calls,467
2025-04-01,2025-04-30,East of England,QM7,NHS HERTFORDSHIRE AND WEST ESSEX INTEGRATED CARE BOARD,R1L,ESSEX PARTNERSHIP UNIVERSITY NHS FOUNDATION TRUST,MH082,EPUT (West Essex) MH Helpline,B01,Number of calls answered within 60 seconds,357
2025-04-01,2025-04-30,East of England,QM7,NHS HERTFORDSHIRE AND WEST ESSEX INTEGRATED CARE BOARD,R1L,ESSEX PARTNERSHIP UNIVERSITY NHS FOUNDATION TRUST,MH082,EPUT (West Essex) MH Helpline,B02,Number of calls abandoned,55
2025-04-01,2025-04-30,East of England,QM7,NHS HERTFORDSHIRE AND WEST ESSEX INTEGRATED CARE BOARD,R1L,ESSEX PARTNERSHIP UNIVERSITY NHS FOUNDATION TRUST,MH082,EPUT (West Essex) MH Helpline,B03,Calls abandoned in 30 seconds or less,41
2025-04-01,2025-04-30,East of England,QM7,NHS HERTFORDSHIRE AND WEST ESSEX INTEGRATED CARE BOARD,R1L,ESSEX PARTNERSHIP UNIVERSITY NHS FOUNDATION TRUST,MH082,EPUT (West Essex) MH Helpline,B04,Calls abandoned in over 30 seconds and up to and including 60 seconds,2
2025-04-01,2025-04-30,East of England,QM7,NHS HERTFORDSHIRE AND WEST ESSEX INTEGRATED CARE BOARD,R1L,ESSEX PARTNERSHIP UNIVERSITY NHS FOUNDATION TRUST,MH082,EPUT (West Essex) MH Helpline,B05,Calls abandoned after 60 seconds,12
2025-04-01,2025-04-30,East of England,QM7,NHS HERTFORDSHIRE AND WEST ESSEX INTEGRATED CARE BOARD,R1L,ESSEX PARTNERSHIP UNIVERSITY NHS FOUNDATION TRUST,MH082,EPUT (West Essex) MH Helpline,B06,Total time to call answer (seconds),28079
2025-04-01,2025-04-30,East of England,QM7,NHS HERTFORDSHIRE AND WEST ESSEX INTEGRATED CARE BOARD,R1L,ESSEX PARTNERSHIP UNIVERSITY NHS FOUNDATION TRUST,MH082,EPUT (West Essex) MH Helpline,B07,95th centile call answer time (seconds),250
2025-04-01,2025-04-30,East of England,QM7,NHS HERTFORDSHIRE AND WEST ESSEX INTEGRATED CARE BOARD,R1L,ESSEX PARTNERSHIP UNIVERSITY NHS FOUNDATION TRUST,MH082,EPUT (West Essex) MH Helpline,B09,Total time of abandoned calls (seconds),1980
2025-04-01,2025-04-30,London,QMF,NHS NORTH EAST LONDON INTEGRATED CARE BOARD,RAT,NORTH EAST LONDON NHS FOUNDATION TRUST,MH044,North East London Partnership - NELFT,A01,Number of calls received,1688
2025-04-01,2025-04-30,London,QMF,NHS NORTH EAST LONDON INTEGRATED CARE BOARD,RAT,NORTH EAST LONDON NHS FOUNDATION TRUST,MH044,North East London Partnership - NELFT,A02,Calls routed through IVR,0
2025-04-01,2025-04-30,London,QMF,NHS NORTH EAST LONDON INTEGRATED CARE BOARD,RAT,NORTH EAST LONDON NHS FOUNDATION TRUST,MH044,North East London Partnership - NELFT,A03,Number of answered calls,1605
2025-04-01,2025-04-30,London,QMF,NHS NORTH EAST LONDON INTEGRATED CARE BOARD,RAT,NORTH EAST LONDON NHS FOUNDATION TRUST,MH044,North East London Partnership - NELFT,B01,Number of calls answered within 60 seconds,1315
2025-04-01,2025-04-30,London,QMF,NHS NORTH EAST LONDON INTEGRATED CARE BOARD,RAT,NORTH EAST LONDON NHS FOUNDATION TRUST,MH044,North East London Partnership - NELFT,B02,Number of calls abandoned,83
2025-04-01,2025-04-30,London,QMF,NHS NORTH EAST LONDON INTEGRATED CARE BOARD,RAT,NORTH EAST LONDON NHS FOUNDATION TRUST,MH044,North East London Partnership - NELFT,B03,Calls abandoned in 30 seconds or less,2
2025-04-01,2025-04-30,London,QMF,NHS NORTH EAST LONDON INTEGRATED CARE BOARD,RAT,NORTH EAST LONDON NHS FOUNDATION TRUST,MH044,North East London Partnership - NELFT,B04,Calls abandoned in over 30 seconds and up to and including 60 seconds,26
2025-04-01,2025-04-30,London,QMF,NHS NORTH EAST LONDON INTEGRATED CARE BOARD,RAT,NORTH EAST LONDON NHS FOUNDATION TRUST,MH044,North East London Partnership - NELFT,B05,Calls abandoned after 60 seconds,55
2025-04-01,2025-04-30,London,QMF,NHS NORTH EAST LONDON INTEGRATED CARE BOARD,RAT,NORTH EAST LONDON NHS FOUNDATION TRUST,MH044,North East London Partnership - NELFT,B06,Total time to call answer (seconds),120216
2025-04-01,2025-04-30,London,QMF,NHS NORTH EAST LONDON INTEGRATED CARE BOARD,RAT,NORTH EAST LONDON NHS FOUNDATION TRUST,MH044,North East London Partnership - NELFT,B07,95th centile call answer time (seconds),287
2025-04-01,2025-04-30,London,QMF,NHS NORTH EAST LONDON INTEGRATED CARE BOARD,RAT,NORTH EAST LONDON NHS FOUNDATION TRUST,MH044,North East London Partnership - NELFT,B09,Total time of abandoned calls (seconds),23046
2025-04-01,2025-04-30,London,QMF,NHS NORTH EAST LONDON INTEGRATED CARE BOARD,RAT,NORTH EAST LONDON NHS FOUNDATION TRUST,MH045,Kent and Medway NELFT,A01,Number of calls received,70
2025-04-01,2025-04-30,London,QMF,NHS NORTH EAST LONDON INTEGRATED CARE BOARD,RAT,NORTH EAST LONDON NHS FOUNDATION TRUST,MH045,Kent and Medway NELFT,A02,Calls routed through IVR,0
2025-04-01,2025-04-30,London,QMF,NHS NORTH EAST LONDON INTEGRATED CARE BOARD,RAT,NORTH EAST LONDON NHS FOUNDATION TRUST,MH045,Kent and Medway NELFT,A03,Number of answered calls,69
2025-04-01,2025-04-30,London,QMF,NHS NORTH EAST LONDON INTEGRATED CARE BOARD,RAT,NORTH EAST LONDON NHS FOUNDATION TRUST,MH045,Kent and Medway NELFT,B01,Number of calls answered within 60 seconds,65
2025-04-01,2025-04-30,London,QMF,NHS NORTH EAST LONDON INTEGRATED CARE BOARD,RAT,NORTH EAST LONDON NHS FOUNDATION TRUST,MH045,Kent and Medway NELFT,B02,Number of calls abandoned,1
2025-04-01,2025-04-30,London,QMF,NHS NORTH EAST LONDON INTEGRATED CARE BOARD,RAT,NORTH EAST LONDON NHS FOUNDATION TRUST,MH045,Kent and Medway NELFT,B03,Calls abandoned in 30 seconds or less,1
2025-04-01,2025-04-30,London,QMF,NHS NORTH EAST LONDON INTEGRATED CARE BOARD,RAT,NORTH EAST LONDON NHS FOUNDATION TRUST,MH045,Kent and Medway NELFT,B04,Calls abandoned in over 30 seconds and up to and including 60 seconds,0
2025-04-01,2025-04-30,London,QMF,NHS NORTH EAST LONDON INTEGRATED CARE BOARD,RAT,NORTH EAST LONDON NHS FOUNDATION TRUST,MH045,Kent and Medway NELFT,B05,Calls abandoned after 60 seconds,0
2025-04-01,2025-04-30,London,QMF,NHS NORTH EAST LONDON INTEGRATED CARE BOARD,RAT,NORTH EAST LONDON NHS FOUNDATION TRUST,MH045,Kent and Medway NELFT,B06,Total time to call answer (seconds),2388
2025-04-01,2025-04-30,London,QMF,NHS NORTH EAST LONDON INTEGRATED CARE BOARD,RAT,NORTH EAST LONDON NHS FOUNDATION TRUST,MH045,Kent and Medway NELFT,B07,95th centile call answer time (seconds),70
2025-04-01,2025-04-30,London,QMF,NHS NORTH EAST LONDON INTEGRATED CARE BOARD,RAT,NORTH EAST LONDON NHS FOUNDATION TRUST,MH045,Kent and Medway NELFT,B09,Total time of abandoned calls (seconds),18
2025-04-01,2025-04-30,East of England,QJG,NHS SUFFOLK AND NORTH EAST ESSEX INTEGRATED CARE BOARD,RAT,NORTH EAST LONDON NHS FOUNDATION TRUST,MH046,North East Essex CYP,A01,Number of calls received,-
2025-04-01,2025-04-30,East of England,QJG,NHS SUFFOLK AND NORTH EAST ESSEX INTEGRATED CARE BOARD,RAT,NORTH EAST LONDON NHS FOUNDATION TRUST,MH046,North East Essex CYP,A02,Calls routed through IVR,-
2025-04-01,2025-04-30,East of England,QJG,NHS SUFFOLK AND NORTH EAST ESSEX INTEGRATED CARE BOARD,RAT,NORTH EAST LONDON NHS FOUNDATION TRUST,MH046,North East Essex CYP,A03,Number of answered calls,-
2025-04-01,2025-04-30,East of England,QJG,NHS SUFFOLK AND NORTH EAST ESSEX INTEGRATED CARE BOARD,RAT,NORTH EAST LONDON NHS FOUNDATION TRUST,MH046,North East Essex CYP,B01,Number of calls answered within 60 seconds,-
2025-04-01,2025-04-30,East of England,QJG,NHS SUFFOLK AND NORTH EAST ESSEX INTEGRATED CARE BOARD,RAT,NORTH EAST LONDON NHS FOUNDATION TRUST,MH046,North East Essex CYP,B02,Number of calls abandoned,-
2025-04-01,2025-04-30,East of England,QJG,NHS SUFFOLK AND NORTH EAST ESSEX INTEGRATED CARE BOARD,RAT,NORTH EAST LONDON NHS FOUNDATION TRUST,MH046,North East Essex CYP,B03,Calls abandoned in 30 seconds or less,-
2025-04-01,2025-04-30,East of England,QJG,NHS SUFFOLK AND NORTH EAST ESSEX INTEGRATED CARE BOARD,RAT,NORTH EAST LONDON NHS FOUNDATION TRUST,MH046,North East Essex CYP,B04,Calls abandoned in over 30 seconds and up to and including 60 seconds,-
2025-04-01,2025-04-30,East of England,QJG,NHS SUFFOLK AND NORTH EAST ESSEX INTEGRATED CARE BOARD,RAT,NORTH EAST LONDON NHS FOUNDATION TRUST,MH046,North East Essex CYP,B05,Calls abandoned after 60 seconds,-
2025-04-01,2025-04-30,East of England,QJG,NHS SUFFOLK AND NORTH EAST ESSEX INTEGRATED CARE BOARD,RAT,NORTH EAST LONDON NHS FOUNDATION TRUST,MH046,North East Essex CYP,B06,Total time to call answer (seconds),-
2025-04-01,2025-04-30,East of England,QJG,NHS SUFFOLK AND NORTH EAST ESSEX INTEGRATED CARE BOARD,RAT,NORTH EAST LONDON NHS FOUNDATION TRUST,MH046,North East Essex CYP,B07,95th centile call answer time (seconds),-
2025-04-01,2025-04-30,East of England,QJG,NHS SUFFOLK AND NORTH EAST ESSEX INTEGRATED CARE BOARD,RAT,NORTH EAST LONDON NHS FOUNDATION TRUST,MH046,North East Essex CYP,B09,Total time of abandoned calls (seconds),-
2025-04-01,2025-04-30,East of England,QH8,NHS MID AND SOUTH ESSEX INTEGRATED CARE BOARD,RAT,NORTH EAST LONDON NHS FOUNDATION TRUST,MH047,Mid and South Essex CYP,A01,Number of calls received,-
2025-04-01,2025-04-30,East of England,QH8,NHS MID AND SOUTH ESSEX INTEGRATED CARE BOARD,RAT,NORTH EAST LONDON NHS FOUNDATION TRUST,MH047,Mid and South Essex CYP,A02,Calls routed through IVR,-
2025-04-01,2025-04-30,East of England,QH8,NHS MID AND SOUTH ESSEX INTEGRATED CARE BOARD,RAT,NORTH EAST LONDON NHS FOUNDATION TRUST,MH047,Mid and South Essex CYP,A03,Number of answered calls,-
2025-04-01,2025-04-30,East of England,QH8,NHS MID AND SOUTH ESSEX INTEGRATED CARE BOARD,RAT,NORTH EAST LONDON NHS FOUNDATION TRUST,MH047,Mid and South Essex CYP,B01,Number of calls answered within 60 seconds,-
2025-04-01,2025-04-30,East of England,QH8,NHS MID AND SOUTH ESSEX INTEGRATED CARE BOARD,RAT,NORTH EAST LONDON NHS FOUNDATION TRUST,MH047,Mid and South Essex CYP,B02,Number of calls abandoned,-
2025-04-01,2025-04-30,East of England,QH8,NHS MID AND SOUTH ESSEX INTEGRATED CARE BOARD,RAT,NORTH EAST LONDON NHS FOUNDATION TRUST,MH047,Mid and South Essex CYP,B03,Calls abandoned in 30 seconds or less,-
2025-04-01,2025-04-30,East of England,QH8,NHS MID AND SOUTH ESSEX INTEGRATED CARE BOARD,RAT,NORTH EAST LONDON NHS FOUNDATION TRUST,MH047,Mid and South Essex CYP,B04,Calls abandoned in over 30 seconds and up to and including 60 seconds,-
2025-04-01,2025-04-30,East of England,QH8,NHS MID AND SOUTH ESSEX INTEGRATED CARE BOARD,RAT,NORTH EAST LONDON NHS FOUNDATION TRUST,MH047,Mid and South Essex CYP,B05,Calls abandoned after 60 seconds,-
2025-04-01,2025-04-30,East of England,QH8,NHS MID AND SOUTH ESSEX INTEGRATED CARE BOARD,RAT,NORTH EAST LONDON NHS FOUNDATION TRUST,MH047,Mid and South Essex CYP,B06,Total time to call answer (seconds),-
2025-04-01,2025-04-30,East of England,QH8,NHS MID AND SOUTH ESSEX INTEGRATED CARE BOARD,RAT,NORTH EAST LONDON NHS FOUNDATION TRUST,MH047,Mid and South Essex CYP,B07,95th centile call answer time (seconds),-
2025-04-01,2025-04-30,East of England,QH8,NHS MID AND SOUTH ESSEX INTEGRATED CARE BOARD,RAT,NORTH EAST LONDON NHS FOUNDATION TRUST,MH047,Mid and South Essex CYP,B09,Total time of abandoned calls (seconds),-
2025-04-01,2025-04-30,East of England,QM7,NHS HERTFORDSHIRE AND WEST ESSEX INTEGRATED CARE BOARD,RAT,NORTH EAST LONDON NHS FOUNDATION TRUST,MH048,West Essex CYP,A01,Number of calls received,-
2025-04-01,2025-04-30,East of England,QM7,NHS HERTFORDSHIRE AND WEST ESSEX INTEGRATED CARE BOARD,RAT,NORTH EAST LONDON NHS FOUNDATION TRUST,MH048,West Essex CYP,A02,Calls routed through IVR,-
2025-04-01,2025-04-30,East of England,QM7,NHS HERTFORDSHIRE AND WEST ESSEX INTEGRATED CARE BOARD,RAT,NORTH EAST LONDON NHS FOUNDATION TRUST,MH048,West Essex CYP,A03,Number of answered calls,-
2025-04-01,2025-04-30,East of England,QM7,NHS HERTFORDSHIRE AND WEST ESSEX INTEGRATED CARE BOARD,RAT,NORTH EAST LONDON NHS FOUNDATION TRUST,MH048,West Essex CYP,B01,Number of calls answered within 60 seconds,-
2025-04-01,2025-04-30,East of England,QM7,NHS HERTFORDSHIRE AND WEST ESSEX INTEGRATED CARE BOARD,RAT,NORTH EAST LONDON NHS FOUNDATION TRUST,MH048,West Essex CYP,B02,Number of calls abandoned,-
2025-04-01,2025-04-30,East of England,QM7,NHS HERTFORDSHIRE AND WEST ESSEX INTEGRATED CARE BOARD,RAT,NORTH EAST LONDON NHS FOUNDATION TRUST,MH048,West Essex CYP,B03,Calls abandoned in 30 seconds or less,-
2025-04-01,2025-04-30,East of England,QM7,NHS HERTFORDSHIRE AND WEST ESSEX INTEGRATED CARE BOARD,RAT,NORTH EAST LONDON NHS FOUNDATION TRUST,MH048,West Essex CYP,B04,Calls abandoned in over 30 seconds and up to and including 60 seconds,-
2025-04-01,2025-04-30,East of England,QM7,NHS HERTFORDSHIRE AND WEST ESSEX INTEGRATED CARE BOARD,RAT,NORTH EAST LONDON NHS FOUNDATION TRUST,MH048,West Essex CYP,B05,Calls abandoned after 60 seconds,-
2025-04-01,2025-04-30,East of England,QM7,NHS HERTFORDSHIRE AND WEST ESSEX INTEGRATED CARE BOARD,RAT,NORTH EAST LONDON NHS FOUNDATION TRUST,MH048,West Essex CYP,B06,Total time to call answer (seconds),-
2025-04-01,2025-04-30,East of England,QM7,NHS HERTFORDSHIRE AND WEST ESSEX INTEGRATED CARE BOARD,RAT,NORTH EAST LONDON NHS FOUNDATION TRUST,MH048,West Essex CYP,B07,95th centile call answer time (seconds),-
2025-04-01,2025-04-30,East of England,QM7,NHS HERTFORDSHIRE AND WEST ESSEX INTEGRATED CARE BOARD,RAT,NORTH EAST LONDON NHS FOUNDATION TRUST,MH048,West Essex CYP,B09,Total time of abandoned calls (seconds),-
2025-04-01,2025-04-30,Midlands,QOC,"NHS SHROPSHIRE, TELFORD AND WREKIN INTEGRATED CARE BOARD",RRE,MIDLANDS PARTNERSHIP UNIVERSITY NHS FOUNDATION TRUST,MH038,Shropshire Telford Wrekin (MPFT),A01,Number of calls received,2358
2025-04-01,2025-04-30,Midlands,QOC,"NHS SHROPSHIRE, TELFORD AND WREKIN INTEGRATED CARE BOARD",RRE,MIDLANDS PARTNERSHIP UNIVERSITY NHS FOUNDATION TRUST,MH038,Shropshire Telford Wrekin (MPFT),A02,Calls routed through IVR,400
2025-04-01,2025-04-30,Midlands,QOC,"NHS SHROPSHIRE, TELFORD AND WREKIN INTEGRATED CARE BOARD",RRE,MIDLANDS PARTNERSHIP UNIVERSITY NHS FOUNDATION TRUST,MH038,Shropshire Telford Wrekin (MPFT),A03,Number of answered calls,1655
2025-04-01,2025-04-30,Midlands,QOC,"NHS SHROPSHIRE, TELFORD AND WREKIN INTEGRATED CARE BOARD",RRE,MIDLANDS PARTNERSHIP UNIVERSITY NHS FOUNDATION TRUST,MH038,Shropshire Telford Wrekin (MPFT),B01,Number of calls answered within 60 seconds,1248
2025-04-01,2025-04-30,Midlands,QOC,"NHS SHROPSHIRE, TELFORD AND WREKIN INTEGRATED CARE BOARD",RRE,MIDLANDS PARTNERSHIP UNIVERSITY NHS FOUNDATION TRUST,MH038,Shropshire Telford Wrekin (MPFT),B02,Number of calls abandoned,447
2025-04-01,2025-04-30,Midlands,QOC,"NHS SHROPSHIRE, TELFORD AND WREKIN INTEGRATED CARE BOARD",RRE,MIDLANDS PARTNERSHIP UNIVERSITY NHS FOUNDATION TRUST,MH038,Shropshire Telford Wrekin (MPFT),B03,Calls abandoned in 30 seconds or less,51
2025-04-01,2025-04-30,Midlands,QOC,"NHS SHROPSHIRE, TELFORD AND WREKIN INTEGRATED CARE BOARD",RRE,MIDLANDS PARTNERSHIP UNIVERSITY NHS FOUNDATION TRUST,MH038,Shropshire Telford Wrekin (MPFT),B04,Calls abandoned in over 30 seconds and up to and including 60 seconds,49
2025-04-01,2025-04-30,Midlands,QOC,"NHS SHROPSHIRE, TELFORD AND WREKIN INTEGRATED CARE BOARD",RRE,MIDLANDS PARTNERSHIP UNIVERSITY NHS FOUNDATION TRUST,MH038,Shropshire Telford Wrekin (MPFT),B05,Calls abandoned after 60 seconds,347
2025-04-01,2025-04-30,Midlands,QOC,"NHS SHROPSHIRE, TELFORD AND WREKIN INTEGRATED CARE BOARD",RRE,MIDLANDS PARTNERSHIP UNIVERSITY NHS FOUNDATION TRUST,MH038,Shropshire Telford Wrekin (MPFT),B06,Total time to call answer (seconds),342686
2025-04-01,2025-04-30,Midlands,QOC,"NHS SHROPSHIRE, TELFORD AND WREKIN INTEGRATED CARE BOARD",RRE,MIDLANDS PARTNERSHIP UNIVERSITY NHS FOUNDATION TRUST,MH038,Shropshire Telford Wrekin (MPFT),B07,95th centile call answer time (seconds),699
2025-04-01,2025-04-30,Midlands,QOC,"NHS SHROPSHIRE, TELFORD AND WREKIN INTEGRATED CARE BOARD",RRE,MIDLANDS PARTNERSHIP UNIVERSITY NHS FOUNDATION TRUST,MH038,Shropshire Telford Wrekin (MPFT),B09,Total time of abandoned calls (seconds),166583
2025-04-01,2025-04-30,Midlands,QNC,NHS STAFFORDSHIRE AND STOKE-ON-TRENT INTEGRATED CARE BOARD,RRE,MIDLANDS PARTNERSHIP UNIVERSITY NHS FOUNDATION TRUST,MH039,Staffordshire and South Staffordshire (MPFT),A01,Number of calls received,4264
2025-04-01,2025-04-30,Midlands,QNC,NHS STAFFORDSHIRE AND STOKE-ON-TRENT INTEGRATED CARE BOARD,RRE,MIDLANDS PARTNERSHIP UNIVERSITY NHS FOUNDATION TRUST,MH039,Staffordshire and South Staffordshire (MPFT),A02,Calls routed through IVR,358
2025-04-01,2025-04-30,Midlands,QNC,NHS STAFFORDSHIRE AND STOKE-ON-TRENT INTEGRATED CARE BOARD,RRE,MIDLANDS PARTNERSHIP UNIVERSITY NHS FOUNDATION TRUST,MH039,Staffordshire and South Staffordshire (MPFT),A03,Number of answered calls,3107
2025-04-01,2025-04-30,Midlands,QNC,NHS STAFFORDSHIRE AND STOKE-ON-TRENT INTEGRATED CARE BOARD,RRE,MIDLANDS PARTNERSHIP UNIVERSITY NHS FOUNDATION TRUST,MH039,Staffordshire and South Staffordshire (MPFT),B01,Number of calls answered within 60 seconds,2005
2025-04-01,2025-04-30,Midlands,QNC,NHS STAFFORDSHIRE AND STOKE-ON-TRENT INTEGRATED CARE BOARD,RRE,MIDLANDS PARTNERSHIP UNIVERSITY NHS FOUNDATION TRUST,MH039,Staffordshire and South Staffordshire (MPFT),B02,Number of calls abandoned,1157
2025-04-01,2025-04-30,Midlands,QNC,NHS STAFFORDSHIRE AND STOKE-ON-TRENT INTEGRATED CARE BOARD,RRE,MIDLANDS PARTNERSHIP UNIVERSITY NHS FOUNDATION TRUST,MH039,Staffordshire and South Staffordshire (MPFT),B03,Calls abandoned in 30 seconds or less,159
2025-04-01,2025-04-30,Midlands,QNC,NHS STAFFORDSHIRE AND STOKE-ON-TRENT INTEGRATED CARE BOARD,RRE,MIDLANDS PARTNERSHIP UNIVERSITY NHS FOUNDATION TRUST,MH039,Staffordshire and South Staffordshire (MPFT),B04,Calls abandoned in over 30 seconds and up to and including 60 seconds,108
2025-04-01,2025-04-30,Midlands,QNC,NHS STAFFORDSHIRE AND STOKE-ON-TRENT INTEGRATED CARE BOARD,RRE,MIDLANDS PARTNERSHIP UNIVERSITY NHS FOUNDATION TRUST,MH039,Staffordshire and South Staffordshire (MPFT),B05,Calls abandoned after 60 seconds,890
2025-04-01,2025-04-30,Midlands,QNC,NHS STAFFORDSHIRE AND STOKE-ON-TRENT INTEGRATED CARE BOARD,RRE,MIDLANDS PARTNERSHIP UNIVERSITY NHS FOUNDATION TRUST,MH039,Staffordshire and South Staffordshire (MPFT),B06,Total time to call answer (seconds),542256
2025-04-01,2025-04-30,Midlands,QNC,NHS STAFFORDSHIRE AND STOKE-ON-TRENT INTEGRATED CARE BOARD,RRE,MIDLANDS PARTNERSHIP UNIVERSITY NHS FOUNDATION TRUST,MH039,Staffordshire and South Staffordshire (MPFT),B07,95th centile call answer time (seconds),875
2025-04-01,2025-04-30,Midlands,QNC,NHS STAFFORDSHIRE AND STOKE-ON-TRENT INTEGRATED CARE BOARD,RRE,MIDLANDS PARTNERSHIP UNIVERSITY NHS FOUNDATION TRUST,MH039,Staffordshire and South Staffordshire (MPFT),B09,Total time of abandoned calls (seconds),329184
2025-04-01,2025-04-30,East of England,QUE,NHS CAMBRIDGESHIRE AND PETERBOROUGH INTEGRATED CARE BOARD,RT1,CAMBRIDGESHIRE AND PETERBOROUGH NHS FOUNDATION TRUST,MH009,C&P First Response Service (FRS),A01,Number of calls received,2368
2025-04-01,2025-04-30,East of England,QUE,NHS CAMBRIDGESHIRE AND PETERBOROUGH INTEGRATED CARE BOARD,RT1,CAMBRIDGESHIRE AND PETERBOROUGH NHS FOUNDATION TRUST,MH009,C&P First Response Service (FRS),A02,Calls routed through IVR,2368
2025-04-01,2025-04-30,East of England,QUE,NHS CAMBRIDGESHIRE AND PETERBOROUGH INTEGRATED CARE BOARD,RT1,CAMBRIDGESHIRE AND PETERBOROUGH NHS FOUNDATION TRUST,MH009,C&P First Response Service (FRS),A03,Number of answered calls,1883
2025-04-01,2025-04-30,East of England,QUE,NHS CAMBRIDGESHIRE AND PETERBOROUGH INTEGRATED CARE BOARD,RT1,CAMBRIDGESHIRE AND PETERBOROUGH NHS FOUNDATION TRUST,MH009,C&P First Response Service (FRS),B01,Number of calls answered within 60 seconds,1279
2025-04-01,2025-04-30,East of England,QUE,NHS CAMBRIDGESHIRE AND PETERBOROUGH INTEGRATED CARE BOARD,RT1,CAMBRIDGESHIRE AND PETERBOROUGH NHS FOUNDATION TRUST,MH009,C&P First Response Service (FRS),B02,Number of calls abandoned,485
2025-04-01,2025-04-30,East of England,QUE,NHS CAMBRIDGESHIRE AND PETERBOROUGH INTEGRATED CARE BOARD,RT1,CAMBRIDGESHIRE AND PETERBOROUGH NHS FOUNDATION TRUST,MH009,C&P First Response Service (FRS),B03,Calls abandoned in 30 seconds or less,56
2025-04-01,2025-04-30,East of England,QUE,NHS CAMBRIDGESHIRE AND PETERBOROUGH INTEGRATED CARE BOARD,RT1,CAMBRIDGESHIRE AND PETERBOROUGH NHS FOUNDATION TRUST,MH009,C&P First Response Service (FRS),B04,Calls abandoned in over 30 seconds and up to and including 60 seconds,48
2025-04-01,2025-04-30,East of England,QUE,NHS CAMBRIDGESHIRE AND PETERBOROUGH INTEGRATED CARE BOARD,RT1,CAMBRIDGESHIRE AND PETERBOROUGH NHS FOUNDATION TRUST,MH009,C&P First Response Service (FRS),B05,Calls abandoned after 60 seconds,381
2025-04-01,2025-04-30,East of England,QUE,NHS CAMBRIDGESHIRE AND PETERBOROUGH INTEGRATED CARE BOARD,RT1,CAMBRIDGESHIRE AND PETERBOROUGH NHS FOUNDATION TRUST,MH009,C&P First Response Service (FRS),B06,Total time to call answer (seconds),551230
2025-04-01,2025-04-30,East of England,QUE,NHS CAMBRIDGESHIRE AND PETERBOROUGH INTEGRATED CARE BOARD,RT1,CAMBRIDGESHIRE AND PETERBOROUGH NHS FOUNDATION TRUST,MH009,C&P First Response Service (FRS),B07,95th centile call answer time (seconds),1619
2025-04-01,2025-04-30,East of England,QUE,NHS CAMBRIDGESHIRE AND PETERBOROUGH INTEGRATED CARE BOARD,RT1,CAMBRIDGESHIRE AND PETERBOROUGH NHS FOUNDATION TRUST,MH009,C&P First Response Service (FRS),B09,Total time of abandoned calls (seconds),164872
2025-04-01,2025-04-30,Midlands,QK1,"NHS LEICESTER, LEICESTERSHIRE AND RUTLAND INTEGRATED CARE BOARD",RT5,LEICESTERSHIRE PARTNERSHIP NHS TRUST,MH032,Leicestershire Mental Health Central Access Point (LPT),A01,Number of calls received,4998
2025-04-01,2025-04-30,Midlands,QK1,"NHS LEICESTER, LEICESTERSHIRE AND RUTLAND INTEGRATED CARE BOARD",RT5,LEICESTERSHIRE PARTNERSHIP NHS TRUST,MH032,Leicestershire Mental Health Central Access Point (LPT),A02,Calls routed through IVR,1912
2025-04-01,2025-04-30,Midlands,QK1,"NHS LEICESTER, LEICESTERSHIRE AND RUTLAND INTEGRATED CARE BOARD",RT5,LEICESTERSHIRE PARTNERSHIP NHS TRUST,MH032,Leicestershire Mental Health Central Access Point (LPT),A03,Number of answered calls,4062
2025-04-01,2025-04-30,Midlands,QK1,"NHS LEICESTER, LEICESTERSHIRE AND RUTLAND INTEGRATED CARE BOARD",RT5,LEICESTERSHIRE PARTNERSHIP NHS TRUST,MH032,Leicestershire Mental Health Central Access Point (LPT),B01,Number of calls answered within 60 seconds,3545
2025-04-01,2025-04-30,Midlands,QK1,"NHS LEICESTER, LEICESTERSHIRE AND RUTLAND INTEGRATED CARE BOARD",RT5,LEICESTERSHIRE PARTNERSHIP NHS TRUST,MH032,Leicestershire Mental Health Central Access Point (LPT),B02,Number of calls abandoned,729
2025-04-01,2025-04-30,Midlands,QK1,"NHS LEICESTER, LEICESTERSHIRE AND RUTLAND INTEGRATED CARE BOARD",RT5,LEICESTERSHIRE PARTNERSHIP NHS TRUST,MH032,Leicestershire Mental Health Central Access Point (LPT),B03,Calls abandoned in 30 seconds or less,112
2025-04-01,2025-04-30,Midlands,QK1,"NHS LEICESTER, LEICESTERSHIRE AND RUTLAND INTEGRATED CARE BOARD",RT5,LEICESTERSHIRE PARTNERSHIP NHS TRUST,MH032,Leicestershire Mental Health Central Access Point (LPT),B04,Calls abandoned in over 30 seconds and up to and including 60 seconds,128
2025-04-01,2025-04-30,Midlands,QK1,"NHS LEICESTER, LEICESTERSHIRE AND RUTLAND INTEGRATED CARE BOARD",RT5,LEICESTERSHIRE PARTNERSHIP NHS TRUST,MH032,Leicestershire Mental Health Central Access Point (LPT),B05,Calls abandoned after 60 seconds,489
2025-04-01,2025-04-30,Midlands,QK1,"NHS LEICESTER, LEICESTERSHIRE AND RUTLAND INTEGRATED CARE BOARD",RT5,LEICESTERSHIRE PARTNERSHIP NHS TRUST,MH032,Leicestershire Mental Health Central Access Point (LPT),B06,Total time to call answer (seconds),242150
2025-04-01,2025-04-30,Midlands,QK1,"NHS LEICESTER, LEICESTERSHIRE AND RUTLAND INTEGRATED CARE BOARD",RT5,LEICESTERSHIRE PARTNERSHIP NHS TRUST,MH032,Leicestershire Mental Health Central Access Point (LPT),B07,95th centile call answer time (seconds),290
2025-04-01,2025-04-30,Midlands,QK1,"NHS LEICESTER, LEICESTERSHIRE AND RUTLAND INTEGRATED CARE BOARD",RT5,LEICESTERSHIRE PARTNERSHIP NHS TRUST,MH032,Leicestershire Mental Health Central Access Point (LPT),B09,Total time of abandoned calls (seconds),130483
2025-04-01,2025-04-30,North East and Yorkshire,QWO,NHS WEST YORKSHIRE INTEGRATED CARE BOARD,TAD,BRADFORD DISTRICT CARE NHS FOUNDATION TRUST,MH008,Bradford First Response Service (BFRS),A01,Number of calls received,4033
2025-04-01,2025-04-30,North East and Yorkshire,QWO,NHS WEST YORKSHIRE INTEGRATED CARE BOARD,TAD,BRADFORD DISTRICT CARE NHS FOUNDATION TRUST,MH008,Bradford First Response Service (BFRS),A02,Calls routed through IVR,652
2025-04-01,2025-04-30,North East and Yorkshire,QWO,NHS WEST YORKSHIRE INTEGRATED CARE BOARD,TAD,BRADFORD DISTRICT CARE NHS FOUNDATION TRUST,MH008,Bradford First Response Service (BFRS),A03,Number of answered calls,1784
2025-04-01,2025-04-30,North East and Yorkshire,QWO,NHS WEST YORKSHIRE INTEGRATED CARE BOARD,TAD,BRADFORD DISTRICT CARE NHS FOUNDATION TRUST,MH008,Bradford First Response Service (BFRS),B01,Number of calls answered within 60 seconds,842
2025-04-01,2025-04-30,North East and Yorkshire,QWO,NHS WEST YORKSHIRE INTEGRATED CARE BOARD,TAD,BRADFORD DISTRICT CARE NHS FOUNDATION TRUST,MH008,Bradford First Response Service (BFRS),B02,Number of calls abandoned,2249
2025-04-01,2025-04-30,North East and Yorkshire,QWO,NHS WEST YORKSHIRE INTEGRATED CARE BOARD,TAD,BRADFORD DISTRICT CARE NHS FOUNDATION TRUST,MH008,Bradford First Response Service (BFRS),B03,Calls abandoned in 30 seconds or less,720
2025-04-01,2025-04-30,North East and Yorkshire,QWO,NHS WEST YORKSHIRE INTEGRATED CARE BOARD,TAD,BRADFORD DISTRICT CARE NHS FOUNDATION TRUST,MH008,Bradford First Response Service (BFRS),B04,Calls abandoned in over 30 seconds and up to and including 60 seconds,196
2025-04-01,2025-04-30,North East and Yorkshire,QWO,NHS WEST YORKSHIRE INTEGRATED CARE BOARD,TAD,BRADFORD DISTRICT CARE NHS FOUNDATION TRUST,MH008,Bradford First Response Service (BFRS),B05,Calls abandoned after 60 seconds,1333
2025-04-01,2025-04-30,North East and Yorkshire,QWO,NHS WEST YORKSHIRE INTEGRATED CARE BOARD,TAD,BRADFORD DISTRICT CARE NHS FOUNDATION TRUST,MH008,Bradford First Response Service (BFRS),B06,Total time to call answer (seconds),357808
2025-04-01,2025-04-30,North East and Yorkshire,QWO,NHS WEST YORKSHIRE INTEGRATED CARE BOARD,TAD,BRADFORD DISTRICT CARE NHS FOUNDATION TRUST,MH008,Bradford First Response Service (BFRS),B07,95th centile call answer time (seconds),-
2025-04-01,2025-04-30,North East and Yorkshire,QWO,NHS WEST YORKSHIRE INTEGRATED CARE BOARD,TAD,BRADFORD DISTRICT CARE NHS FOUNDATION TRUST,MH008,Bradford First Response Service (BFRS),B09,Total time of abandoned calls (seconds),572342
2025-04-01,2025-04-30,London,QVR,NHS NORTH WEST LONDON INTEGRATED CARE BOARD,RKL,WEST LONDON NHS TRUST,MH068,North West London West London NHS Trust (WLHT),A01,Number of calls received,470
2025-04-01,2025-04-30,London,QVR,NHS NORTH WEST LONDON INTEGRATED CARE BOARD,RKL,WEST LONDON NHS TRUST,MH068,North West London West London NHS Trust (WLHT),A02,Calls routed through IVR,467
2025-04-01,2025-04-30,London,QVR,NHS NORTH WEST LONDON INTEGRATED CARE BOARD,RKL,WEST LONDON NHS TRUST,MH068,North West London West London NHS Trust (WLHT),A03,Number of answered calls,356
2025-04-01,2025-04-30,London,QVR,NHS NORTH WEST LONDON INTEGRATED CARE BOARD,RKL,WEST LONDON NHS TRUST,MH068,North West London West London NHS Trust (WLHT),B01,Number of calls answered within 60 seconds,289
2025-04-01,2025-04-30,London,QVR,NHS NORTH WEST LONDON INTEGRATED CARE BOARD,RKL,WEST LONDON NHS TRUST,MH068,North West London West London NHS Trust (WLHT),B02,Number of calls abandoned,57
2025-04-01,2025-04-30,London,QVR,NHS NORTH WEST LONDON INTEGRATED CARE BOARD,RKL,WEST LONDON NHS TRUST,MH068,North West London West London NHS Trust (WLHT),B03,Calls abandoned in 30 seconds or less,17
2025-04-01,2025-04-30,London,QVR,NHS NORTH WEST LONDON INTEGRATED CARE BOARD,RKL,WEST LONDON NHS TRUST,MH068,North West London West London NHS Trust (WLHT),B04,Calls abandoned in over 30 seconds and up to and including 60 seconds,2
2025-04-01,2025-04-30,London,QVR,NHS NORTH WEST LONDON INTEGRATED CARE BOARD,RKL,WEST LONDON NHS TRUST,MH068,North West London West London NHS Trust (WLHT),B05,Calls abandoned after 60 seconds,38
2025-04-01,2025-04-30,London,QVR,NHS NORTH WEST LONDON INTEGRATED CARE BOARD,RKL,WEST LONDON NHS TRUST,MH068,North West London West London NHS Trust (WLHT),B06,Total time to call answer (seconds),28531
2025-04-01,2025-04-30,London,QVR,NHS NORTH WEST LONDON INTEGRATED CARE BOARD,RKL,WEST LONDON NHS TRUST,MH068,North West London West London NHS Trust (WLHT),B07,95th centile call answer time (seconds),-
2025-04-01,2025-04-30,London,QVR,NHS NORTH WEST LONDON INTEGRATED CARE BOARD,RKL,WEST LONDON NHS TRUST,MH068,North West London West London NHS Trust (WLHT),B09,Total time of abandoned calls (seconds),20512
2025-04-01,2025-04-30,London,QMJ,NHS NORTH CENTRAL LONDON INTEGRATED CARE BOARD,RRP,"BARNET, ENFIELD AND HARINGEY MENTAL HEALTH NHS TRUST",MH003,"North London MH Partnership Crisis Line - Barnet, Enfield and Haringey (NLP)",A01,Number of calls received,952
2025-04-01,2025-04-30,London,QMJ,NHS NORTH CENTRAL LONDON INTEGRATED CARE BOARD,RRP,"BARNET, ENFIELD AND HARINGEY MENTAL HEALTH NHS TRUST",MH003,"North London MH Partnership Crisis Line - Barnet, Enfield and Haringey (NLP)",A02,Calls routed through IVR,952
2025-04-01,2025-04-30,London,QMJ,NHS NORTH CENTRAL LONDON INTEGRATED CARE BOARD,RRP,"BARNET, ENFIELD AND HARINGEY MENTAL HEALTH NHS TRUST",MH003,"North London MH Partnership Crisis Line - Barnet, Enfield and Haringey (NLP)",A03,Number of answered calls,745
2025-04-01,2025-04-30,London,QMJ,NHS NORTH CENTRAL LONDON INTEGRATED CARE BOARD,RRP,"BARNET, ENFIELD AND HARINGEY MENTAL HEALTH NHS TRUST",MH003,"North London MH Partnership Crisis Line - Barnet, Enfield and Haringey (NLP)",B01,Number of calls answered within 60 seconds,247
2025-04-01,2025-04-30,London,QMJ,NHS NORTH CENTRAL LONDON INTEGRATED CARE BOARD,RRP,"BARNET, ENFIELD AND HARINGEY MENTAL HEALTH NHS TRUST",MH003,"North London MH Partnership Crisis Line - Barnet, Enfield and Haringey (NLP)",B02,Number of calls abandoned,207
2025-04-01,2025-04-30,London,QMJ,NHS NORTH CENTRAL LONDON INTEGRATED CARE BOARD,RRP,"BARNET, ENFIELD AND HARINGEY MENTAL HEALTH NHS TRUST",MH003,"North London MH Partnership Crisis Line - Barnet, Enfield and Haringey (NLP)",B03,Calls abandoned in 30 seconds or less,39
2025-04-01,2025-04-30,London,QMJ,NHS NORTH CENTRAL LONDON INTEGRATED CARE BOARD,RRP,"BARNET, ENFIELD AND HARINGEY MENTAL HEALTH NHS TRUST",MH003,"North London MH Partnership Crisis Line - Barnet, Enfield and Haringey (NLP)",B04,Calls abandoned in over 30 seconds and up to and including 60 seconds,17
2025-04-01,2025-04-30,London,QMJ,NHS NORTH CENTRAL LONDON INTEGRATED CARE BOARD,RRP,"BARNET, ENFIELD AND HARINGEY MENTAL HEALTH NHS TRUST",MH003,"North London MH Partnership Crisis Line - Barnet, Enfield and Haringey (NLP)",B05,Calls abandoned after 60 seconds,151
2025-04-01,2025-04-30,London,QMJ,NHS NORTH CENTRAL LONDON INTEGRATED CARE BOARD,RRP,"BARNET, ENFIELD AND HARINGEY MENTAL HEALTH NHS TRUST",MH003,"North London MH Partnership Crisis Line - Barnet, Enfield and Haringey (NLP)",B06,Total time to call answer (seconds),128288
2025-04-01,2025-04-30,London,QMJ,NHS NORTH CENTRAL LONDON INTEGRATED CARE BOARD,RRP,"BARNET, ENFIELD AND HARINGEY MENTAL HEALTH NHS TRUST",MH003,"North London MH Partnership Crisis Line - Barnet, Enfield and Haringey (NLP)",B07,95th centile call answer time (seconds),1267
2025-04-01,2025-04-30,London,QMJ,NHS NORTH CENTRAL LONDON INTEGRATED CARE BOARD,RRP,"BARNET, ENFIELD AND HARINGEY MENTAL HEALTH NHS TRUST",MH003,"North London MH Partnership Crisis Line - Barnet, Enfield and Haringey (NLP)",B09,Total time of abandoned calls (seconds),220733
2025-04-01,2025-04-30,London,QVR,NHS NORTH WEST LONDON INTEGRATED CARE BOARD,RV3,CENTRAL AND NORTH WEST LONDON NHS FOUNDATION TRUST,MH011,North West London - Central and North West London NHS Foundation Trust (CNWL),A01,Number of calls received,935
2025-04-01,2025-04-30,London,QVR,NHS NORTH WEST LONDON INTEGRATED CARE BOARD,RV3,CENTRAL AND NORTH WEST LONDON NHS FOUNDATION TRUST,MH011,North West London - Central and North West London NHS Foundation Trust (CNWL),A02,Calls routed through IVR,935
2025-04-01,2025-04-30,London,QVR,NHS NORTH WEST LONDON INTEGRATED CARE BOARD,RV3,CENTRAL AND NORTH WEST LONDON NHS FOUNDATION TRUST,MH011,North West London - Central and North West London NHS Foundation Trust (CNWL),A03,Number of answered calls,617
2025-04-01,2025-04-30,London,QVR,NHS NORTH WEST LONDON INTEGRATED CARE BOARD,RV3,CENTRAL AND NORTH WEST LONDON NHS FOUNDATION TRUST,MH011,North West London - Central and North West London NHS Foundation Trust (CNWL),B01,Number of calls answered within 60 seconds,437
2025-04-01,2025-04-30,London,QVR,NHS NORTH WEST LONDON INTEGRATED CARE BOARD,RV3,CENTRAL AND NORTH WEST LONDON NHS FOUNDATION TRUST,MH011,North West London - Central and North West London NHS Foundation Trust (CNWL),B02,Number of calls abandoned,98
2025-04-01,2025-04-30,London,QVR,NHS NORTH WEST LONDON INTEGRATED CARE BOARD,RV3,CENTRAL AND NORTH WEST LONDON NHS FOUNDATION TRUST,MH011,North West London - Central and North West London NHS Foundation Trust (CNWL),B03,Calls abandoned in 30 seconds or less,34
2025-04-01,2025-04-30,London,QVR,NHS NORTH WEST LONDON INTEGRATED CARE BOARD,RV3,CENTRAL AND NORTH WEST LONDON NHS FOUNDATION TRUST,MH011,North West London - Central and North West London NHS Foundation Trust (CNWL),B04,Calls abandoned in over 30 seconds and up to and including 60 seconds,20
2025-04-01,2025-04-30,London,QVR,NHS NORTH WEST LONDON INTEGRATED CARE BOARD,RV3,CENTRAL AND NORTH WEST LONDON NHS FOUNDATION TRUST,MH011,North West London - Central and North West London NHS Foundation Trust (CNWL),B05,Calls abandoned after 60 seconds,44
2025-04-01,2025-04-30,London,QVR,NHS NORTH WEST LONDON INTEGRATED CARE BOARD,RV3,CENTRAL AND NORTH WEST LONDON NHS FOUNDATION TRUST,MH011,North West London - Central and North West London NHS Foundation Trust (CNWL),B06,Total time to call answer (seconds),74803
2025-04-01,2025-04-30,London,QVR,NHS NORTH WEST LONDON INTEGRATED CARE BOARD,RV3,CENTRAL AND NORTH WEST LONDON NHS FOUNDATION TRUST,MH011,North West London - Central and North West London NHS Foundation Trust (CNWL),B07,95th centile call answer time (seconds),540
2025-04-01,2025-04-30,London,QVR,NHS NORTH WEST LONDON INTEGRATED CARE BOARD,RV3,CENTRAL AND NORTH WEST LONDON NHS FOUNDATION TRUST,MH011,North West London - Central and North West London NHS Foundation Trust (CNWL),B09,Total time of abandoned calls (seconds),15255
2025-04-01,2025-04-30,East of England,QHG,"NHS BEDFORDSHIRE, LUTON AND MILTON KEYNES INTEGRATED CARE BOARD",RV3,CENTRAL AND NORTH WEST LONDON NHS FOUNDATION TRUST,MH017,Milton Keynes MH Crisis Line,A01,Number of calls received,342
2025-04-01,2025-04-30,East of England,QHG,"NHS BEDFORDSHIRE, LUTON AND MILTON KEYNES INTEGRATED CARE BOARD",RV3,CENTRAL AND NORTH WEST LONDON NHS FOUNDATION TRUST,MH017,Milton Keynes MH Crisis Line,A02,Calls routed through IVR,342
2025-04-01,2025-04-30,East of England,QHG,"NHS BEDFORDSHIRE, LUTON AND MILTON KEYNES INTEGRATED CARE BOARD",RV3,CENTRAL AND NORTH WEST LONDON NHS FOUNDATION TRUST,MH017,Milton Keynes MH Crisis Line,A03,Number of answered calls,280
2025-04-01,2025-04-30,East of England,QHG,"NHS BEDFORDSHIRE, LUTON AND MILTON KEYNES INTEGRATED CARE BOARD",RV3,CENTRAL AND NORTH WEST LONDON NHS FOUNDATION TRUST,MH017,Milton Keynes MH Crisis Line,B01,Number of calls answered within 60 seconds,262
2025-04-01,2025-04-30,East of England,QHG,"NHS BEDFORDSHIRE, LUTON AND MILTON KEYNES INTEGRATED CARE BOARD",RV3,CENTRAL AND NORTH WEST LONDON NHS FOUNDATION TRUST,MH017,Milton Keynes MH Crisis Line,B02,Number of calls abandoned,25
2025-04-01,2025-04-30,East of England,QHG,"NHS BEDFORDSHIRE, LUTON AND MILTON KEYNES INTEGRATED CARE BOARD",RV3,CENTRAL AND NORTH WEST LONDON NHS FOUNDATION TRUST,MH017,Milton Keynes MH Crisis Line,B03,Calls abandoned in 30 seconds or less,7
2025-04-01,2025-04-30,East of England,QHG,"NHS BEDFORDSHIRE, LUTON AND MILTON KEYNES INTEGRATED CARE BOARD",RV3,CENTRAL AND NORTH WEST LONDON NHS FOUNDATION TRUST,MH017,Milton Keynes MH Crisis Line,B04,Calls abandoned in over 30 seconds and up to and including 60 seconds,6
2025-04-01,2025-04-30,East of England,QHG,"NHS BEDFORDSHIRE, LUTON AND MILTON KEYNES INTEGRATED CARE BOARD",RV3,CENTRAL AND NORTH WEST LONDON NHS FOUNDATION TRUST,MH017,Milton Keynes MH Crisis Line,B05,Calls abandoned after 60 seconds,12
2025-04-01,2025-04-30,East of England,QHG,"NHS BEDFORDSHIRE, LUTON AND MILTON KEYNES INTEGRATED CARE BOARD",RV3,CENTRAL AND NORTH WEST LONDON NHS FOUNDATION TRUST,MH017,Milton Keynes MH Crisis Line,B06,Total time to call answer (seconds),19112
2025-04-01,2025-04-30,East of England,QHG,"NHS BEDFORDSHIRE, LUTON AND MILTON KEYNES INTEGRATED CARE BOARD",RV3,CENTRAL AND NORTH WEST LONDON NHS FOUNDATION TRUST,MH017,Milton Keynes MH Crisis Line,B07,95th centile call answer time (seconds),1105
2025-04-01,2025-04-30,East of England,QHG,"NHS BEDFORDSHIRE, LUTON AND MILTON KEYNES INTEGRATED CARE BOARD",RV3,CENTRAL AND NORTH WEST LONDON NHS FOUNDATION TRUST,MH017,Milton Keynes MH Crisis Line,B09,Total time of abandoned calls (seconds),5188
2025-04-01,2025-04-30,East of England,QJG,NHS SUFFOLK AND NORTH EAST ESSEX INTEGRATED CARE BOARD,RMY,NORFOLK AND SUFFOLK NHS FOUNDATION TRUST,MH078,NSFT(Suffolk) MH Helpline,A01,Number of calls received,2756
2025-04-01,2025-04-30,East of England,QJG,NHS SUFFOLK AND NORTH EAST ESSEX INTEGRATED CARE BOARD,RMY,NORFOLK AND SUFFOLK NHS FOUNDATION TRUST,MH078,NSFT(Suffolk) MH Helpline,A02,Calls routed through IVR,2756
2025-04-01,2025-04-30,East of England,QJG,NHS SUFFOLK AND NORTH EAST ESSEX INTEGRATED CARE BOARD,RMY,NORFOLK AND SUFFOLK NHS FOUNDATION TRUST,MH078,NSFT(Suffolk) MH Helpline,A03,Number of answered calls,2089
2025-04-01,2025-04-30,East of England,QJG,NHS SUFFOLK AND NORTH EAST ESSEX INTEGRATED CARE BOARD,RMY,NORFOLK AND SUFFOLK NHS FOUNDATION TRUST,MH078,NSFT(Suffolk) MH Helpline,B01,Number of calls answered within 60 seconds,1468
2025-04-01,2025-04-30,East of England,QJG,NHS SUFFOLK AND NORTH EAST ESSEX INTEGRATED CARE BOARD,RMY,NORFOLK AND SUFFOLK NHS FOUNDATION TRUST,MH078,NSFT(Suffolk) MH Helpline,B02,Number of calls abandoned,667
2025-04-01,2025-04-30,East of England,QJG,NHS SUFFOLK AND NORTH EAST ESSEX INTEGRATED CARE BOARD,RMY,NORFOLK AND SUFFOLK NHS FOUNDATION TRUST,MH078,NSFT(Suffolk) MH Helpline,B03,Calls abandoned in 30 seconds or less,91
2025-04-01,2025-04-30,East of England,QJG,NHS SUFFOLK AND NORTH EAST ESSEX INTEGRATED CARE BOARD,RMY,NORFOLK AND SUFFOLK NHS FOUNDATION TRUST,MH078,NSFT(Suffolk) MH Helpline,B04,Calls abandoned in over 30 seconds and up to and including 60 seconds,81
2025-04-01,2025-04-30,East of England,QJG,NHS SUFFOLK AND NORTH EAST ESSEX INTEGRATED CARE BOARD,RMY,NORFOLK AND SUFFOLK NHS FOUNDATION TRUST,MH078,NSFT(Suffolk) MH Helpline,B05,Calls abandoned after 60 seconds,495
2025-04-01,2025-04-30,East of England,QJG,NHS SUFFOLK AND NORTH EAST ESSEX INTEGRATED CARE BOARD,RMY,NORFOLK AND SUFFOLK NHS FOUNDATION TRUST,MH078,NSFT(Suffolk) MH Helpline,B06,Total time to call answer (seconds),443289
2025-04-01,2025-04-30,East of England,QJG,NHS SUFFOLK AND NORTH EAST ESSEX INTEGRATED CARE BOARD,RMY,NORFOLK AND SUFFOLK NHS FOUNDATION TRUST,MH078,NSFT(Suffolk) MH Helpline,B07,95th centile call answer time (seconds),1177
2025-04-01,2025-04-30,East of England,QJG,NHS SUFFOLK AND NORTH EAST ESSEX INTEGRATED CARE BOARD,RMY,NORFOLK AND SUFFOLK NHS FOUNDATION TRUST,MH078,NSFT(Suffolk) MH Helpline,B09,Total time of abandoned calls (seconds),198962
2025-04-01,2025-04-30,East of England,QMM,NHS NORFOLK AND WAVENEY INTEGRATED CARE BOARD,RMY,NORFOLK AND SUFFOLK NHS FOUNDATION TRUST,MH079,NSFT(Norfolk) MH Helpline,A01,Number of calls received,3242
2025-04-01,2025-04-30,East of England,QMM,NHS NORFOLK AND WAVENEY INTEGRATED CARE BOARD,RMY,NORFOLK AND SUFFOLK NHS FOUNDATION TRUST,MH079,NSFT(Norfolk) MH Helpline,A02,Calls routed through IVR,3242
2025-04-01,2025-04-30,East of England,QMM,NHS NORFOLK AND WAVENEY INTEGRATED CARE BOARD,RMY,NORFOLK AND SUFFOLK NHS FOUNDATION TRUST,MH079,NSFT(Norfolk) MH Helpline,A03,Number of answered calls,2202
2025-04-01,2025-04-30,East of England,QMM,NHS NORFOLK AND WAVENEY INTEGRATED CARE BOARD,RMY,NORFOLK AND SUFFOLK NHS FOUNDATION TRUST,MH079,NSFT(Norfolk) MH Helpline,B01,Number of calls answered within 60 seconds,1317
2025-04-01,2025-04-30,East of England,QMM,NHS NORFOLK AND WAVENEY INTEGRATED CARE BOARD,RMY,NORFOLK AND SUFFOLK NHS FOUNDATION TRUST,MH079,NSFT(Norfolk) MH Helpline,B02,Number of calls abandoned,1040
2025-04-01,2025-04-30,East of England,QMM,NHS NORFOLK AND WAVENEY INTEGRATED CARE BOARD,RMY,NORFOLK AND SUFFOLK NHS FOUNDATION TRUST,MH079,NSFT(Norfolk) MH Helpline,B03,Calls abandoned in 30 seconds or less,279
2025-04-01,2025-04-30,East of England,QMM,NHS NORFOLK AND WAVENEY INTEGRATED CARE BOARD,RMY,NORFOLK AND SUFFOLK NHS FOUNDATION TRUST,MH079,NSFT(Norfolk) MH Helpline,B04,Calls abandoned in over 30 seconds and up to and including 60 seconds,75
2025-04-01,2025-04-30,East of England,QMM,NHS NORFOLK AND WAVENEY INTEGRATED CARE BOARD,RMY,NORFOLK AND SUFFOLK NHS FOUNDATION TRUST,MH079,NSFT(Norfolk) MH Helpline,B05,Calls abandoned after 60 seconds,686
2025-04-01,2025-04-30,East of England,QMM,NHS NORFOLK AND WAVENEY INTEGRATED CARE BOARD,RMY,NORFOLK AND SUFFOLK NHS FOUNDATION TRUST,MH079,NSFT(Norfolk) MH Helpline,B06,Total time to call answer (seconds),787147
2025-04-01,2025-04-30,East of England,QMM,NHS NORFOLK AND WAVENEY INTEGRATED CARE BOARD,RMY,NORFOLK AND SUFFOLK NHS FOUNDATION TRUST,MH079,NSFT(Norfolk) MH Helpline,B07,95th centile call answer time (seconds),1673
2025-04-01,2025-04-30,East of England,QMM,NHS NORFOLK AND WAVENEY INTEGRATED CARE BOARD,RMY,NORFOLK AND SUFFOLK NHS FOUNDATION TRUST,MH079,NSFT(Norfolk) MH Helpline,B09,Total time of abandoned calls (seconds),355871
2025-04-01,2025-04-30,North East and Yorkshire,QF7,NHS SOUTH YORKSHIRE INTEGRATED CARE BOARD,YGM59,SHEFFIELD HEALTH AND SOCIAL CARE NHS FOUNDATION TRUST (APPLICATION PROVIDER),MH058,NCHA,A01,Number of calls received,1338
2025-04-01,2025-04-30,North East and Yorkshire,QF7,NHS SOUTH YORKSHIRE INTEGRATED CARE BOARD,YGM59,SHEFFIELD HEALTH AND SOCIAL CARE NHS FOUNDATION TRUST (APPLICATION PROVIDER),MH058,NCHA,A02,Calls routed through IVR,-
2025-04-01,2025-04-30,North East and Yorkshire,QF7,NHS SOUTH YORKSHIRE INTEGRATED CARE BOARD,YGM59,SHEFFIELD HEALTH AND SOCIAL CARE NHS FOUNDATION TRUST (APPLICATION PROVIDER),MH058,NCHA,A03,Number of answered calls,1071
2025-04-01,2025-04-30,North East and Yorkshire,QF7,NHS SOUTH YORKSHIRE INTEGRATED CARE BOARD,YGM59,SHEFFIELD HEALTH AND SOCIAL CARE NHS FOUNDATION TRUST (APPLICATION PROVIDER),MH058,NCHA,B01,Number of calls answered within 60 seconds,480
2025-04-01,2025-04-30,North East and Yorkshire,QF7,NHS SOUTH YORKSHIRE INTEGRATED CARE BOARD,YGM59,SHEFFIELD HEALTH AND SOCIAL CARE NHS FOUNDATION TRUST (APPLICATION PROVIDER),MH058,NCHA,B02,Number of calls abandoned,267
2025-04-01,2025-04-30,North East and Yorkshire,QF7,NHS SOUTH YORKSHIRE INTEGRATED CARE BOARD,YGM59,SHEFFIELD HEALTH AND SOCIAL CARE NHS FOUNDATION TRUST (APPLICATION PROVIDER),MH058,NCHA,B03,Calls abandoned in 30 seconds or less,-
2025-04-01,2025-04-30,North East and Yorkshire,QF7,NHS SOUTH YORKSHIRE INTEGRATED CARE BOARD,YGM59,SHEFFIELD HEALTH AND SOCIAL CARE NHS FOUNDATION TRUST (APPLICATION PROVIDER),MH058,NCHA,B04,Calls abandoned in over 30 seconds and up to and including 60 seconds,-
2025-04-01,2025-04-30,North East and Yorkshire,QF7,NHS SOUTH YORKSHIRE INTEGRATED CARE BOARD,YGM59,SHEFFIELD HEALTH AND SOCIAL CARE NHS FOUNDATION TRUST (APPLICATION PROVIDER),MH058,NCHA,B05,Calls abandoned after 60 seconds,-
2025-04-01,2025-04-30,North East and Yorkshire,QF7,NHS SOUTH YORKSHIRE INTEGRATED CARE BOARD,YGM59,SHEFFIELD HEALTH AND SOCIAL CARE NHS FOUNDATION TRUST (APPLICATION PROVIDER),MH058,NCHA,B06,Total time to call answer (seconds),208176
2025-04-01,2025-04-30,North East and Yorkshire,QF7,NHS SOUTH YORKSHIRE INTEGRATED CARE BOARD,YGM59,SHEFFIELD HEALTH AND SOCIAL CARE NHS FOUNDATION TRUST (APPLICATION PROVIDER),MH058,NCHA,B07,95th centile call answer time (seconds),731
2025-04-01,2025-04-30,North East and Yorkshire,QF7,NHS SOUTH YORKSHIRE INTEGRATED CARE BOARD,YGM59,SHEFFIELD HEALTH AND SOCIAL CARE NHS FOUNDATION TRUST (APPLICATION PROVIDER),MH058,NCHA,B09,Total time of abandoned calls (seconds),-
2025-04-01,2025-04-30,South West,QUY,"NHS BRISTOL, NORTH SOMERSET AND SOUTH GLOUCESTERSHIRE INTEGRATED CARE BOARD",NBP,BRISDOC HEALTHCARE SERVICES LTD,MH076,Brisdoc MH Crisis Line,A01,Number of calls received,2823
2025-04-01,2025-04-30,South West,QUY,"NHS BRISTOL, NORTH SOMERSET AND SOUTH GLOUCESTERSHIRE INTEGRATED CARE BOARD",NBP,BRISDOC HEALTHCARE SERVICES LTD,MH076,Brisdoc MH Crisis Line,A02,Calls routed through IVR,0
2025-04-01,2025-04-30,South West,QUY,"NHS BRISTOL, NORTH SOMERSET AND SOUTH GLOUCESTERSHIRE INTEGRATED CARE BOARD",NBP,BRISDOC HEALTHCARE SERVICES LTD,MH076,Brisdoc MH Crisis Line,A03,Number of answered calls,2713
2025-04-01,2025-04-30,South West,QUY,"NHS BRISTOL, NORTH SOMERSET AND SOUTH GLOUCESTERSHIRE INTEGRATED CARE BOARD",NBP,BRISDOC HEALTHCARE SERVICES LTD,MH076,Brisdoc MH Crisis Line,B01,Number of calls answered within 60 seconds,2627
2025-04-01,2025-04-30,South West,QUY,"NHS BRISTOL, NORTH SOMERSET AND SOUTH GLOUCESTERSHIRE INTEGRATED CARE BOARD",NBP,BRISDOC HEALTHCARE SERVICES LTD,MH076,Brisdoc MH Crisis Line,B02,Number of calls abandoned,109
2025-04-01,2025-04-30,South West,QUY,"NHS BRISTOL, NORTH SOMERSET AND SOUTH GLOUCESTERSHIRE INTEGRATED CARE BOARD",NBP,BRISDOC HEALTHCARE SERVICES LTD,MH076,Brisdoc MH Crisis Line,B03,Calls abandoned in 30 seconds or less,50
2025-04-01,2025-04-30,South West,QUY,"NHS BRISTOL, NORTH SOMERSET AND SOUTH GLOUCESTERSHIRE INTEGRATED CARE BOARD",NBP,BRISDOC HEALTHCARE SERVICES LTD,MH076,Brisdoc MH Crisis Line,B04,Calls abandoned in over 30 seconds and up to and including 60 seconds,25
2025-04-01,2025-04-30,South West,QUY,"NHS BRISTOL, NORTH SOMERSET AND SOUTH GLOUCESTERSHIRE INTEGRATED CARE BOARD",NBP,BRISDOC HEALTHCARE SERVICES LTD,MH076,Brisdoc MH Crisis Line,B05,Calls abandoned after 60 seconds,34
2025-04-01,2025-04-30,South West,QUY,"NHS BRISTOL, NORTH SOMERSET AND SOUTH GLOUCESTERSHIRE INTEGRATED CARE BOARD",NBP,BRISDOC HEALTHCARE SERVICES LTD,MH076,Brisdoc MH Crisis Line,B06,Total time to call answer (seconds),52578
2025-04-01,2025-04-30,South West,QUY,"NHS BRISTOL, NORTH SOMERSET AND SOUTH GLOUCESTERSHIRE INTEGRATED CARE BOARD",NBP,BRISDOC HEALTHCARE SERVICES LTD,MH076,Brisdoc MH Crisis Line,B07,95th centile call answer time (seconds),98
2025-04-01,2025-04-30,South West,QUY,"NHS BRISTOL, NORTH SOMERSET AND SOUTH GLOUCESTERSHIRE INTEGRATED CARE BOARD",NBP,BRISDOC HEALTHCARE SERVICES LTD,MH076,Brisdoc MH Crisis Line,B09,Total time of abandoned calls (seconds),5426
2025-04-01,2025-04-30,London,QKK,NHS SOUTH EAST LONDON INTEGRATED CARE BOARD,RV5,SOUTH LONDON AND MAUDSLEY NHS FOUNDATION TRUST,MH061,South London and Maudsley NHS Foundation Trust (SLP),A01,Number of calls received,2249
2025-04-01,2025-04-30,London,QKK,NHS SOUTH EAST LONDON INTEGRATED CARE BOARD,RV5,SOUTH LONDON AND MAUDSLEY NHS FOUNDATION TRUST,MH061,South London and Maudsley NHS Foundation Trust (SLP),A02,Calls routed through IVR,2249
2025-04-01,2025-04-30,London,QKK,NHS SOUTH EAST LONDON INTEGRATED CARE BOARD,RV5,SOUTH LONDON AND MAUDSLEY NHS FOUNDATION TRUST,MH061,South London and Maudsley NHS Foundation Trust (SLP),A03,Number of answered calls,2196
2025-04-01,2025-04-30,London,QKK,NHS SOUTH EAST LONDON INTEGRATED CARE BOARD,RV5,SOUTH LONDON AND MAUDSLEY NHS FOUNDATION TRUST,MH061,South London and Maudsley NHS Foundation Trust (SLP),B01,Number of calls answered within 60 seconds,2103
2025-04-01,2025-04-30,London,QKK,NHS SOUTH EAST LONDON INTEGRATED CARE BOARD,RV5,SOUTH LONDON AND MAUDSLEY NHS FOUNDATION TRUST,MH061,South London and Maudsley NHS Foundation Trust (SLP),B02,Number of calls abandoned,53
2025-04-01,2025-04-30,London,QKK,NHS SOUTH EAST LONDON INTEGRATED CARE BOARD,RV5,SOUTH LONDON AND MAUDSLEY NHS FOUNDATION TRUST,MH061,South London and Maudsley NHS Foundation Trust (SLP),B03,Calls abandoned in 30 seconds or less,25
2025-04-01,2025-04-30,London,QKK,NHS SOUTH EAST LONDON INTEGRATED CARE BOARD,RV5,SOUTH LONDON AND MAUDSLEY NHS FOUNDATION TRUST,MH061,South London and Maudsley NHS Foundation Trust (SLP),B04,Calls abandoned in over 30 seconds and up to and including 60 seconds,8
2025-04-01,2025-04-30,London,QKK,NHS SOUTH EAST LONDON INTEGRATED CARE BOARD,RV5,SOUTH LONDON AND MAUDSLEY NHS FOUNDATION TRUST,MH061,South London and Maudsley NHS Foundation Trust (SLP),B05,Calls abandoned after 60 seconds,9
2025-04-01,2025-04-30,London,QKK,NHS SOUTH EAST LONDON INTEGRATED CARE BOARD,RV5,SOUTH LONDON AND MAUDSLEY NHS FOUNDATION TRUST,MH061,South London and Maudsley NHS Foundation Trust (SLP),B06,Total time to call answer (seconds),48239
2025-04-01,2025-04-30,London,QKK,NHS SOUTH EAST LONDON INTEGRATED CARE BOARD,RV5,SOUTH LONDON AND MAUDSLEY NHS FOUNDATION TRUST,MH061,South London and Maudsley NHS Foundation Trust (SLP),B07,95th centile call answer time (seconds),54
2025-04-01,2025-04-30,London,QKK,NHS SOUTH EAST LONDON INTEGRATED CARE BOARD,RV5,SOUTH LONDON AND MAUDSLEY NHS FOUNDATION TRUST,MH061,South London and Maudsley NHS Foundation Trust (SLP),B09,Total time of abandoned calls (seconds),5138
2025-04-01,2025-04-30,London,QKK,NHS SOUTH EAST LONDON INTEGRATED CARE BOARD,RV5,SOUTH LONDON AND MAUDSLEY NHS FOUNDATION TRUST,MH053,South London MH Partnership - Oxleas MH Crisis Line (SLP),A01,Number of calls received,0
2025-04-01,2025-04-30,London,QKK,NHS SOUTH EAST LONDON INTEGRATED CARE BOARD,RV5,SOUTH LONDON AND MAUDSLEY NHS FOUNDATION TRUST,MH053,South London MH Partnership - Oxleas MH Crisis Line (SLP),A02,Calls routed through IVR,0
2025-04-01,2025-04-30,London,QKK,NHS SOUTH EAST LONDON INTEGRATED CARE BOARD,RV5,SOUTH LONDON AND MAUDSLEY NHS FOUNDATION TRUST,MH053,South London MH Partnership - Oxleas MH Crisis Line (SLP),A03,Number of answered calls,0
2025-04-01,2025-04-30,London,QKK,NHS SOUTH EAST LONDON INTEGRATED CARE BOARD,RV5,SOUTH LONDON AND MAUDSLEY NHS FOUNDATION TRUST,MH053,South London MH Partnership - Oxleas MH Crisis Line (SLP),B01,Number of calls answered within 60 seconds,0
2025-04-01,2025-04-30,London,QKK,NHS SOUTH EAST LONDON INTEGRATED CARE BOARD,RV5,SOUTH LONDON AND MAUDSLEY NHS FOUNDATION TRUST,MH053,South London MH Partnership - Oxleas MH Crisis Line (SLP),B02,Number of calls abandoned,0
2025-04-01,2025-04-30,London,QKK,NHS SOUTH EAST LONDON INTEGRATED CARE BOARD,RV5,SOUTH LONDON AND MAUDSLEY NHS FOUNDATION TRUST,MH053,South London MH Partnership - Oxleas MH Crisis Line (SLP),B03,Calls abandoned in 30 seconds or less,0
2025-04-01,2025-04-30,London,QKK,NHS SOUTH EAST LONDON INTEGRATED CARE BOARD,RV5,SOUTH LONDON AND MAUDSLEY NHS FOUNDATION TRUST,MH053,South London MH Partnership - Oxleas MH Crisis Line (SLP),B04,Calls abandoned in over 30 seconds and up to and including 60 seconds,0
2025-04-01,2025-04-30,London,QKK,NHS SOUTH EAST LONDON INTEGRATED CARE BOARD,RV5,SOUTH LONDON AND MAUDSLEY NHS FOUNDATION TRUST,MH053,South London MH Partnership - Oxleas MH Crisis Line (SLP),B05,Calls abandoned after 60 seconds,0
2025-04-01,2025-04-30,London,QKK,NHS SOUTH EAST LONDON INTEGRATED CARE BOARD,RV5,SOUTH LONDON AND MAUDSLEY NHS FOUNDATION TRUST,MH053,South London MH Partnership - Oxleas MH Crisis Line (SLP),B06,Total time to call answer (seconds),0
2025-04-01,2025-04-30,London,QKK,NHS SOUTH EAST LONDON INTEGRATED CARE BOARD,RV5,SOUTH LONDON AND MAUDSLEY NHS FOUNDATION TRUST,MH053,South London MH Partnership - Oxleas MH Crisis Line (SLP),B07,95th centile call answer time (seconds),0
2025-04-01,2025-04-30,London,QKK,NHS SOUTH EAST LONDON INTEGRATED CARE BOARD,RV5,SOUTH LONDON AND MAUDSLEY NHS FOUNDATION TRUST,MH053,South London MH Partnership - Oxleas MH Crisis Line (SLP),B09,Total time of abandoned calls (seconds),0
2025-04-01,2025-04-30,London,QWE,NHS SOUTH WEST LONDON INTEGRATED CARE BOARD,RV5,SOUTH LONDON AND MAUDSLEY NHS FOUNDATION TRUST,MH062,South West London and St George's Mental Health NHS Trust (SLP),A01,Number of calls received,0
2025-04-01,2025-04-30,London,QWE,NHS SOUTH WEST LONDON INTEGRATED CARE BOARD,RV5,SOUTH LONDON AND MAUDSLEY NHS FOUNDATION TRUST,MH062,South West London and St George's Mental Health NHS Trust (SLP),A02,Calls routed through IVR,0
2025-04-01,2025-04-30,London,QWE,NHS SOUTH WEST LONDON INTEGRATED CARE BOARD,RV5,SOUTH LONDON AND MAUDSLEY NHS FOUNDATION TRUST,MH062,South West London and St George's Mental Health NHS Trust (SLP),A03,Number of answered calls,0
2025-04-01,2025-04-30,London,QWE,NHS SOUTH WEST LONDON INTEGRATED CARE BOARD,RV5,SOUTH LONDON AND MAUDSLEY NHS FOUNDATION TRUST,MH062,South West London and St George's Mental Health NHS Trust (SLP),B01,Number of calls answered within 60 seconds,0
2025-04-01,2025-04-30,London,QWE,NHS SOUTH WEST LONDON INTEGRATED CARE BOARD,RV5,SOUTH LONDON AND MAUDSLEY NHS FOUNDATION TRUST,MH062,South West London and St George's Mental Health NHS Trust (SLP),B02,Number of calls abandoned,0
2025-04-01,2025-04-30,London,QWE,NHS SOUTH WEST LONDON INTEGRATED CARE BOARD,RV5,SOUTH LONDON AND MAUDSLEY NHS FOUNDATION TRUST,MH062,South West London and St George's Mental Health NHS Trust (SLP),B03,Calls abandoned in 30 seconds or less,0
2025-04-01,2025-04-30,London,QWE,NHS SOUTH WEST LONDON INTEGRATED CARE BOARD,RV5,SOUTH LONDON AND MAUDSLEY NHS FOUNDATION TRUST,MH062,South West London and St George's Mental Health NHS Trust (SLP),B04,Calls abandoned in over 30 seconds and up to and including 60 seconds,0
2025-04-01,2025-04-30,London,QWE,NHS SOUTH WEST LONDON INTEGRATED CARE BOARD,RV5,SOUTH LONDON AND MAUDSLEY NHS FOUNDATION TRUST,MH062,South West London and St George's Mental Health NHS Trust (SLP),B05,Calls abandoned after 60 seconds,0
2025-04-01,2025-04-30,London,QWE,NHS SOUTH WEST LONDON INTEGRATED CARE BOARD,RV5,SOUTH LONDON AND MAUDSLEY NHS FOUNDATION TRUST,MH062,South West London and St George's Mental Health NHS Trust (SLP),B06,Total time to call answer (seconds),0
2025-04-01,2025-04-30,London,QWE,NHS SOUTH WEST LONDON INTEGRATED CARE BOARD,RV5,SOUTH LONDON AND MAUDSLEY NHS FOUNDATION TRUST,MH062,South West London and St George's Mental Health NHS Trust (SLP),B07,95th centile call answer time (seconds),0
2025-04-01,2025-04-30,London,QWE,NHS SOUTH WEST LONDON INTEGRATED CARE BOARD,RV5,SOUTH LONDON AND MAUDSLEY NHS FOUNDATION TRUST,MH062,South West London and St George's Mental Health NHS Trust (SLP),B09,Total time of abandoned calls (seconds),-
2025-04-01,2025-04-30,South East,QXU,NHS SURREY HEARTLANDS INTEGRATED CARE BOARD,RXX,SURREY AND BORDERS PARTNERSHIP NHS FOUNDATION TRUST,MH065,Surrey and Borders Partnership NHS Foundation Trust (SABP),A01,Number of calls received,4493
2025-04-01,2025-04-30,South East,QXU,NHS SURREY HEARTLANDS INTEGRATED CARE BOARD,RXX,SURREY AND BORDERS PARTNERSHIP NHS FOUNDATION TRUST,MH065,Surrey and Borders Partnership NHS Foundation Trust (SABP),A02,Calls routed through IVR,469
2025-04-01,2025-04-30,South East,QXU,NHS SURREY HEARTLANDS INTEGRATED CARE BOARD,RXX,SURREY AND BORDERS PARTNERSHIP NHS FOUNDATION TRUST,MH065,Surrey and Borders Partnership NHS Foundation Trust (SABP),A03,Number of answered calls,3453
2025-04-01,2025-04-30,South East,QXU,NHS SURREY HEARTLANDS INTEGRATED CARE BOARD,RXX,SURREY AND BORDERS PARTNERSHIP NHS FOUNDATION TRUST,MH065,Surrey and Borders Partnership NHS Foundation Trust (SABP),B01,Number of calls answered within 60 seconds,2642
2025-04-01,2025-04-30,South East,QXU,NHS SURREY HEARTLANDS INTEGRATED CARE BOARD,RXX,SURREY AND BORDERS PARTNERSHIP NHS FOUNDATION TRUST,MH065,Surrey and Borders Partnership NHS Foundation Trust (SABP),B02,Number of calls abandoned,1030
2025-04-01,2025-04-30,South East,QXU,NHS SURREY HEARTLANDS INTEGRATED CARE BOARD,RXX,SURREY AND BORDERS PARTNERSHIP NHS FOUNDATION TRUST,MH065,Surrey and Borders Partnership NHS Foundation Trust (SABP),B03,Calls abandoned in 30 seconds or less,519
2025-04-01,2025-04-30,South East,QXU,NHS SURREY HEARTLANDS INTEGRATED CARE BOARD,RXX,SURREY AND BORDERS PARTNERSHIP NHS FOUNDATION TRUST,MH065,Surrey and Borders Partnership NHS Foundation Trust (SABP),B04,Calls abandoned in over 30 seconds and up to and including 60 seconds,177
2025-04-01,2025-04-30,South East,QXU,NHS SURREY HEARTLANDS INTEGRATED CARE BOARD,RXX,SURREY AND BORDERS PARTNERSHIP NHS FOUNDATION TRUST,MH065,Surrey and Borders Partnership NHS Foundation Trust (SABP),B05,Calls abandoned after 60 seconds,334
2025-04-01,2025-04-30,South East,QXU,NHS SURREY HEARTLANDS INTEGRATED CARE BOARD,RXX,SURREY AND BORDERS PARTNERSHIP NHS FOUNDATION TRUST,MH065,Surrey and Borders Partnership NHS Foundation Trust (SABP),B06,Total time to call answer (seconds),243150
2025-04-01,2025-04-30,South East,QXU,NHS SURREY HEARTLANDS INTEGRATED CARE BOARD,RXX,SURREY AND BORDERS PARTNERSHIP NHS FOUNDATION TRUST,MH065,Surrey and Borders Partnership NHS Foundation Trust (SABP),B07,95th centile call answer time (seconds),364
2025-04-01,2025-04-30,South East,QXU,NHS SURREY HEARTLANDS INTEGRATED CARE BOARD,RXX,SURREY AND BORDERS PARTNERSHIP NHS FOUNDATION TRUST,MH065,Surrey and Borders Partnership NHS Foundation Trust (SABP),B09,Total time of abandoned calls (seconds),88326
