REPORTING_PERIOD_START,REPORTING_PERIOD_END,REGION,ICB_CODE,ICB_NAME,ORG_CODE,ORG_NAME,CONTRACT_CODE,CONTRACT_NAME,METRIC_ID,METRIC_NAME,METRIC_VALUE
2025-11-01,2025-11-30,Midlands,QPM,NHS NORTHAMPTONSHIRE INTEGRATED CARE BOARD,RP1,NORTHAMPTONSHIRE HEALTHCARE NHS FOUNDATION TRUST,MH050,Mental Health Northants (VCSE) Collaboration. (NMH),A01,Number of calls received,9094
2025-11-01,2025-11-30,Midlands,QPM,NHS NORTHAMPTONSHIRE INTEGRATED CARE BOARD,RP1,NORTHAMPTONSHIRE HEALTHCARE NHS FOUNDATION TRUST,MH050,Mental Health Northants (VCSE) Collaboration. (NMH),A02,Calls routed through IVR,654
2025-11-01,2025-11-30,Midlands,QPM,NHS NORTHAMPTONSHIRE INTEGRATED CARE BOARD,RP1,NORTHAMPTONSHIRE HEALTHCARE NHS FOUNDATION TRUST,MH050,Mental Health Northants (VCSE) Collaboration. (NMH),A03,Number of answered calls,5080
2025-11-01,2025-11-30,Midlands,QPM,NHS NORTHAMPTONSHIRE INTEGRATED CARE BOARD,RP1,NORTHAMPTONSHIRE HEALTHCARE NHS FOUNDATION TRUST,MH050,Mental Health Northants (VCSE) Collaboration. (NMH),B01,Number of calls answered within 60 seconds,2568
2025-11-01,2025-11-30,Midlands,QPM,NHS NORTHAMPTONSHIRE INTEGRATED CARE BOARD,RP1,NORTHAMPTONSHIRE HEALTHCARE NHS FOUNDATION TRUST,MH050,Mental Health Northants (VCSE) Collaboration. (NMH),B02,Number of calls abandoned,4014
2025-11-01,2025-11-30,Midlands,QPM,NHS NORTHAMPTONSHIRE INTEGRATED CARE BOARD,RP1,NORTHAMPTONSHIRE HEALTHCARE NHS FOUNDATION TRUST,MH050,Mental Health Northants (VCSE) Collaboration. (NMH),B03,Calls abandoned in 30 seconds or less,1450
2025-11-01,2025-11-30,Midlands,QPM,NHS NORTHAMPTONSHIRE INTEGRATED CARE BOARD,RP1,NORTHAMPTONSHIRE HEALTHCARE NHS FOUNDATION TRUST,MH050,Mental Health Northants (VCSE) Collaboration. (NMH),B04,Calls abandoned in over 30 seconds and up to and including 60 seconds,601
2025-11-01,2025-11-30,Midlands,QPM,NHS NORTHAMPTONSHIRE INTEGRATED CARE BOARD,RP1,NORTHAMPTONSHIRE HEALTHCARE NHS FOUNDATION TRUST,MH050,Mental Health Northants (VCSE) Collaboration. (NMH),B05,Calls abandoned after 60 seconds,1963
2025-11-01,2025-11-30,Midlands,QPM,NHS NORTHAMPTONSHIRE INTEGRATED CARE BOARD,RP1,NORTHAMPTONSHIRE HEALTHCARE NHS FOUNDATION TRUST,MH050,Mental Health Northants (VCSE) Collaboration. (NMH),B06,Total time to call answer (seconds),2115581
2025-11-01,2025-11-30,Midlands,QPM,NHS NORTHAMPTONSHIRE INTEGRATED CARE BOARD,RP1,NORTHAMPTONSHIRE HEALTHCARE NHS FOUNDATION TRUST,MH050,Mental Health Northants (VCSE) Collaboration. (NMH),B07,95th centile call answer time (seconds),1964
2025-11-01,2025-11-30,Midlands,QPM,NHS NORTHAMPTONSHIRE INTEGRATED CARE BOARD,RP1,NORTHAMPTONSHIRE HEALTHCARE NHS FOUNDATION TRUST,MH050,Mental Health Northants (VCSE) Collaboration. (NMH),B09,Total time of abandoned calls (seconds),1201586
2025-11-01,2025-11-30,North East and Yorkshire,QOQ,NHS HUMBER AND NORTH YORKSHIRE INTEGRATED CARE BOARD,RV9,HUMBER TEACHING NHS FOUNDATION TRUST,MH027,HTFT CYP,A01,Number of calls received,837
2025-11-01,2025-11-30,North East and Yorkshire,QOQ,NHS HUMBER AND NORTH YORKSHIRE INTEGRATED CARE BOARD,RV9,HUMBER TEACHING NHS FOUNDATION TRUST,MH027,HTFT CYP,A02,Calls routed through IVR,1
2025-11-01,2025-11-30,North East and Yorkshire,QOQ,NHS HUMBER AND NORTH YORKSHIRE INTEGRATED CARE BOARD,RV9,HUMBER TEACHING NHS FOUNDATION TRUST,MH027,HTFT CYP,A03,Number of answered calls,563
2025-11-01,2025-11-30,North East and Yorkshire,QOQ,NHS HUMBER AND NORTH YORKSHIRE INTEGRATED CARE BOARD,RV9,HUMBER TEACHING NHS FOUNDATION TRUST,MH027,HTFT CYP,B01,Number of calls answered within 60 seconds,537
2025-11-01,2025-11-30,North East and Yorkshire,QOQ,NHS HUMBER AND NORTH YORKSHIRE INTEGRATED CARE BOARD,RV9,HUMBER TEACHING NHS FOUNDATION TRUST,MH027,HTFT CYP,B02,Number of calls abandoned,274
2025-11-01,2025-11-30,North East and Yorkshire,QOQ,NHS HUMBER AND NORTH YORKSHIRE INTEGRATED CARE BOARD,RV9,HUMBER TEACHING NHS FOUNDATION TRUST,MH027,HTFT CYP,B03,Calls abandoned in 30 seconds or less,229
2025-11-01,2025-11-30,North East and Yorkshire,QOQ,NHS HUMBER AND NORTH YORKSHIRE INTEGRATED CARE BOARD,RV9,HUMBER TEACHING NHS FOUNDATION TRUST,MH027,HTFT CYP,B04,Calls abandoned in over 30 seconds and up to and including 60 seconds,40
2025-11-01,2025-11-30,North East and Yorkshire,QOQ,NHS HUMBER AND NORTH YORKSHIRE INTEGRATED CARE BOARD,RV9,HUMBER TEACHING NHS FOUNDATION TRUST,MH027,HTFT CYP,B05,Calls abandoned after 60 seconds,5
2025-11-01,2025-11-30,North East and Yorkshire,QOQ,NHS HUMBER AND NORTH YORKSHIRE INTEGRATED CARE BOARD,RV9,HUMBER TEACHING NHS FOUNDATION TRUST,MH027,HTFT CYP,B06,Total time to call answer (seconds),17908
2025-11-01,2025-11-30,North East and Yorkshire,QOQ,NHS HUMBER AND NORTH YORKSHIRE INTEGRATED CARE BOARD,RV9,HUMBER TEACHING NHS FOUNDATION TRUST,MH027,HTFT CYP,B07,95th centile call answer time (seconds),54
2025-11-01,2025-11-30,North East and Yorkshire,QOQ,NHS HUMBER AND NORTH YORKSHIRE INTEGRATED CARE BOARD,RV9,HUMBER TEACHING NHS FOUNDATION TRUST,MH027,HTFT CYP,B09,Total time of abandoned calls (seconds),4471
2025-11-01,2025-11-30,North East and Yorkshire,QOQ,NHS HUMBER AND NORTH YORKSHIRE INTEGRATED CARE BOARD,RV9,HUMBER TEACHING NHS FOUNDATION TRUST,MH028,HTFT Adults,A01,Number of calls received,1819
2025-11-01,2025-11-30,North East and Yorkshire,QOQ,NHS HUMBER AND NORTH YORKSHIRE INTEGRATED CARE BOARD,RV9,HUMBER TEACHING NHS FOUNDATION TRUST,MH028,HTFT Adults,A02,Calls routed through IVR,823
2025-11-01,2025-11-30,North East and Yorkshire,QOQ,NHS HUMBER AND NORTH YORKSHIRE INTEGRATED CARE BOARD,RV9,HUMBER TEACHING NHS FOUNDATION TRUST,MH028,HTFT Adults,A03,Number of answered calls,1388
2025-11-01,2025-11-30,North East and Yorkshire,QOQ,NHS HUMBER AND NORTH YORKSHIRE INTEGRATED CARE BOARD,RV9,HUMBER TEACHING NHS FOUNDATION TRUST,MH028,HTFT Adults,B01,Number of calls answered within 60 seconds,964
2025-11-01,2025-11-30,North East and Yorkshire,QOQ,NHS HUMBER AND NORTH YORKSHIRE INTEGRATED CARE BOARD,RV9,HUMBER TEACHING NHS FOUNDATION TRUST,MH028,HTFT Adults,B02,Number of calls abandoned,431
2025-11-01,2025-11-30,North East and Yorkshire,QOQ,NHS HUMBER AND NORTH YORKSHIRE INTEGRATED CARE BOARD,RV9,HUMBER TEACHING NHS FOUNDATION TRUST,MH028,HTFT Adults,B03,Calls abandoned in 30 seconds or less,127
2025-11-01,2025-11-30,North East and Yorkshire,QOQ,NHS HUMBER AND NORTH YORKSHIRE INTEGRATED CARE BOARD,RV9,HUMBER TEACHING NHS FOUNDATION TRUST,MH028,HTFT Adults,B04,Calls abandoned in over 30 seconds and up to and including 60 seconds,63
2025-11-01,2025-11-30,North East and Yorkshire,QOQ,NHS HUMBER AND NORTH YORKSHIRE INTEGRATED CARE BOARD,RV9,HUMBER TEACHING NHS FOUNDATION TRUST,MH028,HTFT Adults,B05,Calls abandoned after 60 seconds,241
2025-11-01,2025-11-30,North East and Yorkshire,QOQ,NHS HUMBER AND NORTH YORKSHIRE INTEGRATED CARE BOARD,RV9,HUMBER TEACHING NHS FOUNDATION TRUST,MH028,HTFT Adults,B06,Total time to call answer (seconds),165493
2025-11-01,2025-11-30,North East and Yorkshire,QOQ,NHS HUMBER AND NORTH YORKSHIRE INTEGRATED CARE BOARD,RV9,HUMBER TEACHING NHS FOUNDATION TRUST,MH028,HTFT Adults,B07,95th centile call answer time (seconds),545
2025-11-01,2025-11-30,North East and Yorkshire,QOQ,NHS HUMBER AND NORTH YORKSHIRE INTEGRATED CARE BOARD,RV9,HUMBER TEACHING NHS FOUNDATION TRUST,MH028,HTFT Adults,B09,Total time of abandoned calls (seconds),83441
2025-11-01,2025-11-30,North East and Yorkshire,QWO,NHS WEST YORKSHIRE INTEGRATED CARE BOARD,RY6,LEEDS COMMUNITY HEALTHCARE NHS TRUST,MH071,CYP Crisis Line - Leeds (LCAHMS),A01,Number of calls received,315
2025-11-01,2025-11-30,North East and Yorkshire,QWO,NHS WEST YORKSHIRE INTEGRATED CARE BOARD,RY6,LEEDS COMMUNITY HEALTHCARE NHS TRUST,MH071,CYP Crisis Line - Leeds (LCAHMS),A02,Calls routed through IVR,-
2025-11-01,2025-11-30,North East and Yorkshire,QWO,NHS WEST YORKSHIRE INTEGRATED CARE BOARD,RY6,LEEDS COMMUNITY HEALTHCARE NHS TRUST,MH071,CYP Crisis Line - Leeds (LCAHMS),A03,Number of answered calls,267
2025-11-01,2025-11-30,North East and Yorkshire,QWO,NHS WEST YORKSHIRE INTEGRATED CARE BOARD,RY6,LEEDS COMMUNITY HEALTHCARE NHS TRUST,MH071,CYP Crisis Line - Leeds (LCAHMS),B01,Number of calls answered within 60 seconds,199
2025-11-01,2025-11-30,North East and Yorkshire,QWO,NHS WEST YORKSHIRE INTEGRATED CARE BOARD,RY6,LEEDS COMMUNITY HEALTHCARE NHS TRUST,MH071,CYP Crisis Line - Leeds (LCAHMS),B02,Number of calls abandoned,48
2025-11-01,2025-11-30,North East and Yorkshire,QWO,NHS WEST YORKSHIRE INTEGRATED CARE BOARD,RY6,LEEDS COMMUNITY HEALTHCARE NHS TRUST,MH071,CYP Crisis Line - Leeds (LCAHMS),B03,Calls abandoned in 30 seconds or less,22
2025-11-01,2025-11-30,North East and Yorkshire,QWO,NHS WEST YORKSHIRE INTEGRATED CARE BOARD,RY6,LEEDS COMMUNITY HEALTHCARE NHS TRUST,MH071,CYP Crisis Line - Leeds (LCAHMS),B04,Calls abandoned in over 30 seconds and up to and including 60 seconds,5
2025-11-01,2025-11-30,North East and Yorkshire,QWO,NHS WEST YORKSHIRE INTEGRATED CARE BOARD,RY6,LEEDS COMMUNITY HEALTHCARE NHS TRUST,MH071,CYP Crisis Line - Leeds (LCAHMS),B05,Calls abandoned after 60 seconds,21
2025-11-01,2025-11-30,North East and Yorkshire,QWO,NHS WEST YORKSHIRE INTEGRATED CARE BOARD,RY6,LEEDS COMMUNITY HEALTHCARE NHS TRUST,MH071,CYP Crisis Line - Leeds (LCAHMS),B06,Total time to call answer (seconds),21360
2025-11-01,2025-11-30,North East and Yorkshire,QWO,NHS WEST YORKSHIRE INTEGRATED CARE BOARD,RY6,LEEDS COMMUNITY HEALTHCARE NHS TRUST,MH071,CYP Crisis Line - Leeds (LCAHMS),B07,95th centile call answer time (seconds),-
2025-11-01,2025-11-30,North East and Yorkshire,QWO,NHS WEST YORKSHIRE INTEGRATED CARE BOARD,RY6,LEEDS COMMUNITY HEALTHCARE NHS TRUST,MH071,CYP Crisis Line - Leeds (LCAHMS),B09,Total time of abandoned calls (seconds),12864
2025-11-01,2025-11-30,South West,QJK,NHS DEVON INTEGRATED CARE BOARD,RWV,DEVON PARTNERSHIP NHS TRUST,MH019,Devon Partnership NHS Trust All Age,A01,Number of calls received,2183
2025-11-01,2025-11-30,South West,QJK,NHS DEVON INTEGRATED CARE BOARD,RWV,DEVON PARTNERSHIP NHS TRUST,MH019,Devon Partnership NHS Trust All Age,A02,Calls routed through IVR,-
2025-11-01,2025-11-30,South West,QJK,NHS DEVON INTEGRATED CARE BOARD,RWV,DEVON PARTNERSHIP NHS TRUST,MH019,Devon Partnership NHS Trust All Age,A03,Number of answered calls,1869
2025-11-01,2025-11-30,South West,QJK,NHS DEVON INTEGRATED CARE BOARD,RWV,DEVON PARTNERSHIP NHS TRUST,MH019,Devon Partnership NHS Trust All Age,B01,Number of calls answered within 60 seconds,1194
2025-11-01,2025-11-30,South West,QJK,NHS DEVON INTEGRATED CARE BOARD,RWV,DEVON PARTNERSHIP NHS TRUST,MH019,Devon Partnership NHS Trust All Age,B02,Number of calls abandoned,310
2025-11-01,2025-11-30,South West,QJK,NHS DEVON INTEGRATED CARE BOARD,RWV,DEVON PARTNERSHIP NHS TRUST,MH019,Devon Partnership NHS Trust All Age,B03,Calls abandoned in 30 seconds or less,70
2025-11-01,2025-11-30,South West,QJK,NHS DEVON INTEGRATED CARE BOARD,RWV,DEVON PARTNERSHIP NHS TRUST,MH019,Devon Partnership NHS Trust All Age,B04,Calls abandoned in over 30 seconds and up to and including 60 seconds,42
2025-11-01,2025-11-30,South West,QJK,NHS DEVON INTEGRATED CARE BOARD,RWV,DEVON PARTNERSHIP NHS TRUST,MH019,Devon Partnership NHS Trust All Age,B05,Calls abandoned after 60 seconds,198
2025-11-01,2025-11-30,South West,QJK,NHS DEVON INTEGRATED CARE BOARD,RWV,DEVON PARTNERSHIP NHS TRUST,MH019,Devon Partnership NHS Trust All Age,B06,Total time to call answer (seconds),342308
2025-11-01,2025-11-30,South West,QJK,NHS DEVON INTEGRATED CARE BOARD,RWV,DEVON PARTNERSHIP NHS TRUST,MH019,Devon Partnership NHS Trust All Age,B07,95th centile call answer time (seconds),923
2025-11-01,2025-11-30,South West,QJK,NHS DEVON INTEGRATED CARE BOARD,RWV,DEVON PARTNERSHIP NHS TRUST,MH019,Devon Partnership NHS Trust All Age,B09,Total time of abandoned calls (seconds),105126
2025-11-01,2025-11-30,South East,QNX,NHS SUSSEX INTEGRATED CARE BOARD,RX2,SUSSEX PARTNERSHIP NHS FOUNDATION TRUST,MH066,Sussex Partnership NHS Foundation Trust (SPFT),A01,Number of calls received,4642
2025-11-01,2025-11-30,South East,QNX,NHS SUSSEX INTEGRATED CARE BOARD,RX2,SUSSEX PARTNERSHIP NHS FOUNDATION TRUST,MH066,Sussex Partnership NHS Foundation Trust (SPFT),A02,Calls routed through IVR,-
2025-11-01,2025-11-30,South East,QNX,NHS SUSSEX INTEGRATED CARE BOARD,RX2,SUSSEX PARTNERSHIP NHS FOUNDATION TRUST,MH066,Sussex Partnership NHS Foundation Trust (SPFT),A03,Number of answered calls,2384
2025-11-01,2025-11-30,South East,QNX,NHS SUSSEX INTEGRATED CARE BOARD,RX2,SUSSEX PARTNERSHIP NHS FOUNDATION TRUST,MH066,Sussex Partnership NHS Foundation Trust (SPFT),B01,Number of calls answered within 60 seconds,562
2025-11-01,2025-11-30,South East,QNX,NHS SUSSEX INTEGRATED CARE BOARD,RX2,SUSSEX PARTNERSHIP NHS FOUNDATION TRUST,MH066,Sussex Partnership NHS Foundation Trust (SPFT),B02,Number of calls abandoned,2258
2025-11-01,2025-11-30,South East,QNX,NHS SUSSEX INTEGRATED CARE BOARD,RX2,SUSSEX PARTNERSHIP NHS FOUNDATION TRUST,MH066,Sussex Partnership NHS Foundation Trust (SPFT),B03,Calls abandoned in 30 seconds or less,253
2025-11-01,2025-11-30,South East,QNX,NHS SUSSEX INTEGRATED CARE BOARD,RX2,SUSSEX PARTNERSHIP NHS FOUNDATION TRUST,MH066,Sussex Partnership NHS Foundation Trust (SPFT),B04,Calls abandoned in over 30 seconds and up to and including 60 seconds,153
2025-11-01,2025-11-30,South East,QNX,NHS SUSSEX INTEGRATED CARE BOARD,RX2,SUSSEX PARTNERSHIP NHS FOUNDATION TRUST,MH066,Sussex Partnership NHS Foundation Trust (SPFT),B05,Calls abandoned after 60 seconds,1852
2025-11-01,2025-11-30,South East,QNX,NHS SUSSEX INTEGRATED CARE BOARD,RX2,SUSSEX PARTNERSHIP NHS FOUNDATION TRUST,MH066,Sussex Partnership NHS Foundation Trust (SPFT),B06,Total time to call answer (seconds),2868176
2025-11-01,2025-11-30,South East,QNX,NHS SUSSEX INTEGRATED CARE BOARD,RX2,SUSSEX PARTNERSHIP NHS FOUNDATION TRUST,MH066,Sussex Partnership NHS Foundation Trust (SPFT),B07,95th centile call answer time (seconds),3945
2025-11-01,2025-11-30,South East,QNX,NHS SUSSEX INTEGRATED CARE BOARD,RX2,SUSSEX PARTNERSHIP NHS FOUNDATION TRUST,MH066,Sussex Partnership NHS Foundation Trust (SPFT),B09,Total time of abandoned calls (seconds),1226690
2025-11-01,2025-11-30,North East and Yorkshire,QWO,NHS WEST YORKSHIRE INTEGRATED CARE BOARD,RXG,SOUTH WEST YORKSHIRE PARTNERSHIP NHS FOUNDATION TRUST,MH069,CYP C&K (CKCAHMS),A01,Number of calls received,5
2025-11-01,2025-11-30,North East and Yorkshire,QWO,NHS WEST YORKSHIRE INTEGRATED CARE BOARD,RXG,SOUTH WEST YORKSHIRE PARTNERSHIP NHS FOUNDATION TRUST,MH069,CYP C&K (CKCAHMS),A02,Calls routed through IVR,0
2025-11-01,2025-11-30,North East and Yorkshire,QWO,NHS WEST YORKSHIRE INTEGRATED CARE BOARD,RXG,SOUTH WEST YORKSHIRE PARTNERSHIP NHS FOUNDATION TRUST,MH069,CYP C&K (CKCAHMS),A03,Number of answered calls,5
2025-11-01,2025-11-30,North East and Yorkshire,QWO,NHS WEST YORKSHIRE INTEGRATED CARE BOARD,RXG,SOUTH WEST YORKSHIRE PARTNERSHIP NHS FOUNDATION TRUST,MH069,CYP C&K (CKCAHMS),B01,Number of calls answered within 60 seconds,0
2025-11-01,2025-11-30,North East and Yorkshire,QWO,NHS WEST YORKSHIRE INTEGRATED CARE BOARD,RXG,SOUTH WEST YORKSHIRE PARTNERSHIP NHS FOUNDATION TRUST,MH069,CYP C&K (CKCAHMS),B02,Number of calls abandoned,0
2025-11-01,2025-11-30,North East and Yorkshire,QWO,NHS WEST YORKSHIRE INTEGRATED CARE BOARD,RXG,SOUTH WEST YORKSHIRE PARTNERSHIP NHS FOUNDATION TRUST,MH069,CYP C&K (CKCAHMS),B03,Calls abandoned in 30 seconds or less,0
2025-11-01,2025-11-30,North East and Yorkshire,QWO,NHS WEST YORKSHIRE INTEGRATED CARE BOARD,RXG,SOUTH WEST YORKSHIRE PARTNERSHIP NHS FOUNDATION TRUST,MH069,CYP C&K (CKCAHMS),B04,Calls abandoned in over 30 seconds and up to and including 60 seconds,0
2025-11-01,2025-11-30,North East and Yorkshire,QWO,NHS WEST YORKSHIRE INTEGRATED CARE BOARD,RXG,SOUTH WEST YORKSHIRE PARTNERSHIP NHS FOUNDATION TRUST,MH069,CYP C&K (CKCAHMS),B05,Calls abandoned after 60 seconds,0
2025-11-01,2025-11-30,North East and Yorkshire,QWO,NHS WEST YORKSHIRE INTEGRATED CARE BOARD,RXG,SOUTH WEST YORKSHIRE PARTNERSHIP NHS FOUNDATION TRUST,MH069,CYP C&K (CKCAHMS),B06,Total time to call answer (seconds),0
2025-11-01,2025-11-30,North East and Yorkshire,QWO,NHS WEST YORKSHIRE INTEGRATED CARE BOARD,RXG,SOUTH WEST YORKSHIRE PARTNERSHIP NHS FOUNDATION TRUST,MH069,CYP C&K (CKCAHMS),B07,95th centile call answer time (seconds),0
2025-11-01,2025-11-30,North East and Yorkshire,QWO,NHS WEST YORKSHIRE INTEGRATED CARE BOARD,RXG,SOUTH WEST YORKSHIRE PARTNERSHIP NHS FOUNDATION TRUST,MH069,CYP C&K (CKCAHMS),B09,Total time of abandoned calls (seconds),0
2025-11-01,2025-11-30,North East and Yorkshire,QWO,NHS WEST YORKSHIRE INTEGRATED CARE BOARD,RXG,SOUTH WEST YORKSHIRE PARTNERSHIP NHS FOUNDATION TRUST,MH070,CYP Wakefield (WCAHMS),A01,Number of calls received,0
2025-11-01,2025-11-30,North East and Yorkshire,QWO,NHS WEST YORKSHIRE INTEGRATED CARE BOARD,RXG,SOUTH WEST YORKSHIRE PARTNERSHIP NHS FOUNDATION TRUST,MH070,CYP Wakefield (WCAHMS),A02,Calls routed through IVR,0
2025-11-01,2025-11-30,North East and Yorkshire,QWO,NHS WEST YORKSHIRE INTEGRATED CARE BOARD,RXG,SOUTH WEST YORKSHIRE PARTNERSHIP NHS FOUNDATION TRUST,MH070,CYP Wakefield (WCAHMS),A03,Number of answered calls,0
2025-11-01,2025-11-30,North East and Yorkshire,QWO,NHS WEST YORKSHIRE INTEGRATED CARE BOARD,RXG,SOUTH WEST YORKSHIRE PARTNERSHIP NHS FOUNDATION TRUST,MH070,CYP Wakefield (WCAHMS),B01,Number of calls answered within 60 seconds,0
2025-11-01,2025-11-30,North East and Yorkshire,QWO,NHS WEST YORKSHIRE INTEGRATED CARE BOARD,RXG,SOUTH WEST YORKSHIRE PARTNERSHIP NHS FOUNDATION TRUST,MH070,CYP Wakefield (WCAHMS),B02,Number of calls abandoned,0
2025-11-01,2025-11-30,North East and Yorkshire,QWO,NHS WEST YORKSHIRE INTEGRATED CARE BOARD,RXG,SOUTH WEST YORKSHIRE PARTNERSHIP NHS FOUNDATION TRUST,MH070,CYP Wakefield (WCAHMS),B03,Calls abandoned in 30 seconds or less,0
2025-11-01,2025-11-30,North East and Yorkshire,QWO,NHS WEST YORKSHIRE INTEGRATED CARE BOARD,RXG,SOUTH WEST YORKSHIRE PARTNERSHIP NHS FOUNDATION TRUST,MH070,CYP Wakefield (WCAHMS),B04,Calls abandoned in over 30 seconds and up to and including 60 seconds,0
2025-11-01,2025-11-30,North East and Yorkshire,QWO,NHS WEST YORKSHIRE INTEGRATED CARE BOARD,RXG,SOUTH WEST YORKSHIRE PARTNERSHIP NHS FOUNDATION TRUST,MH070,CYP Wakefield (WCAHMS),B05,Calls abandoned after 60 seconds,0
2025-11-01,2025-11-30,North East and Yorkshire,QWO,NHS WEST YORKSHIRE INTEGRATED CARE BOARD,RXG,SOUTH WEST YORKSHIRE PARTNERSHIP NHS FOUNDATION TRUST,MH070,CYP Wakefield (WCAHMS),B06,Total time to call answer (seconds),0
2025-11-01,2025-11-30,North East and Yorkshire,QWO,NHS WEST YORKSHIRE INTEGRATED CARE BOARD,RXG,SOUTH WEST YORKSHIRE PARTNERSHIP NHS FOUNDATION TRUST,MH070,CYP Wakefield (WCAHMS),B07,95th centile call answer time (seconds),0
2025-11-01,2025-11-30,North East and Yorkshire,QWO,NHS WEST YORKSHIRE INTEGRATED CARE BOARD,RXG,SOUTH WEST YORKSHIRE PARTNERSHIP NHS FOUNDATION TRUST,MH070,CYP Wakefield (WCAHMS),B09,Total time of abandoned calls (seconds),0
2025-11-01,2025-11-30,North East and Yorkshire,QWO,NHS WEST YORKSHIRE INTEGRATED CARE BOARD,A74T,NOTTINGHAM COMMUNITY HOUSING ASSOCIATION LIMITED,MH073,"WY Helpline Calderdale, Kirklees, Leeds and Wakefield and Barnsley",A01,Number of calls received,4016
2025-11-01,2025-11-30,North East and Yorkshire,QWO,NHS WEST YORKSHIRE INTEGRATED CARE BOARD,A74T,NOTTINGHAM COMMUNITY HOUSING ASSOCIATION LIMITED,MH073,"WY Helpline Calderdale, Kirklees, Leeds and Wakefield and Barnsley",A02,Calls routed through IVR,4016
2025-11-01,2025-11-30,North East and Yorkshire,QWO,NHS WEST YORKSHIRE INTEGRATED CARE BOARD,A74T,NOTTINGHAM COMMUNITY HOUSING ASSOCIATION LIMITED,MH073,"WY Helpline Calderdale, Kirklees, Leeds and Wakefield and Barnsley",A03,Number of answered calls,2932
2025-11-01,2025-11-30,North East and Yorkshire,QWO,NHS WEST YORKSHIRE INTEGRATED CARE BOARD,A74T,NOTTINGHAM COMMUNITY HOUSING ASSOCIATION LIMITED,MH073,"WY Helpline Calderdale, Kirklees, Leeds and Wakefield and Barnsley",B01,Number of calls answered within 60 seconds,1105
2025-11-01,2025-11-30,North East and Yorkshire,QWO,NHS WEST YORKSHIRE INTEGRATED CARE BOARD,A74T,NOTTINGHAM COMMUNITY HOUSING ASSOCIATION LIMITED,MH073,"WY Helpline Calderdale, Kirklees, Leeds and Wakefield and Barnsley",B02,Number of calls abandoned,1084
2025-11-01,2025-11-30,North East and Yorkshire,QWO,NHS WEST YORKSHIRE INTEGRATED CARE BOARD,A74T,NOTTINGHAM COMMUNITY HOUSING ASSOCIATION LIMITED,MH073,"WY Helpline Calderdale, Kirklees, Leeds and Wakefield and Barnsley",B03,Calls abandoned in 30 seconds or less,131
2025-11-01,2025-11-30,North East and Yorkshire,QWO,NHS WEST YORKSHIRE INTEGRATED CARE BOARD,A74T,NOTTINGHAM COMMUNITY HOUSING ASSOCIATION LIMITED,MH073,"WY Helpline Calderdale, Kirklees, Leeds and Wakefield and Barnsley",B04,Calls abandoned in over 30 seconds and up to and including 60 seconds,120
2025-11-01,2025-11-30,North East and Yorkshire,QWO,NHS WEST YORKSHIRE INTEGRATED CARE BOARD,A74T,NOTTINGHAM COMMUNITY HOUSING ASSOCIATION LIMITED,MH073,"WY Helpline Calderdale, Kirklees, Leeds and Wakefield and Barnsley",B05,Calls abandoned after 60 seconds,833
2025-11-01,2025-11-30,North East and Yorkshire,QWO,NHS WEST YORKSHIRE INTEGRATED CARE BOARD,A74T,NOTTINGHAM COMMUNITY HOUSING ASSOCIATION LIMITED,MH073,"WY Helpline Calderdale, Kirklees, Leeds and Wakefield and Barnsley",B06,Total time to call answer (seconds),844132
2025-11-01,2025-11-30,North East and Yorkshire,QWO,NHS WEST YORKSHIRE INTEGRATED CARE BOARD,A74T,NOTTINGHAM COMMUNITY HOUSING ASSOCIATION LIMITED,MH073,"WY Helpline Calderdale, Kirklees, Leeds and Wakefield and Barnsley",B07,95th centile call answer time (seconds),1160
2025-11-01,2025-11-30,North East and Yorkshire,QWO,NHS WEST YORKSHIRE INTEGRATED CARE BOARD,A74T,NOTTINGHAM COMMUNITY HOUSING ASSOCIATION LIMITED,MH073,"WY Helpline Calderdale, Kirklees, Leeds and Wakefield and Barnsley",B09,Total time of abandoned calls (seconds),327373
2025-11-01,2025-11-30,North East and Yorkshire,QF7,NHS SOUTH YORKSHIRE INTEGRATED CARE BOARD,RXE,ROTHERHAM DONCASTER AND SOUTH HUMBER NHS FOUNDATION TRUST,MH055,Doncaster RDASH,A01,Number of calls received,342
2025-11-01,2025-11-30,North East and Yorkshire,QF7,NHS SOUTH YORKSHIRE INTEGRATED CARE BOARD,RXE,ROTHERHAM DONCASTER AND SOUTH HUMBER NHS FOUNDATION TRUST,MH055,Doncaster RDASH,A02,Calls routed through IVR,342
2025-11-01,2025-11-30,North East and Yorkshire,QF7,NHS SOUTH YORKSHIRE INTEGRATED CARE BOARD,RXE,ROTHERHAM DONCASTER AND SOUTH HUMBER NHS FOUNDATION TRUST,MH055,Doncaster RDASH,A03,Number of answered calls,342
2025-11-01,2025-11-30,North East and Yorkshire,QF7,NHS SOUTH YORKSHIRE INTEGRATED CARE BOARD,RXE,ROTHERHAM DONCASTER AND SOUTH HUMBER NHS FOUNDATION TRUST,MH055,Doncaster RDASH,B01,Number of calls answered within 60 seconds,342
2025-11-01,2025-11-30,North East and Yorkshire,QF7,NHS SOUTH YORKSHIRE INTEGRATED CARE BOARD,RXE,ROTHERHAM DONCASTER AND SOUTH HUMBER NHS FOUNDATION TRUST,MH055,Doncaster RDASH,B02,Number of calls abandoned,0
2025-11-01,2025-11-30,North East and Yorkshire,QF7,NHS SOUTH YORKSHIRE INTEGRATED CARE BOARD,RXE,ROTHERHAM DONCASTER AND SOUTH HUMBER NHS FOUNDATION TRUST,MH055,Doncaster RDASH,B03,Calls abandoned in 30 seconds or less,-
2025-11-01,2025-11-30,North East and Yorkshire,QF7,NHS SOUTH YORKSHIRE INTEGRATED CARE BOARD,RXE,ROTHERHAM DONCASTER AND SOUTH HUMBER NHS FOUNDATION TRUST,MH055,Doncaster RDASH,B04,Calls abandoned in over 30 seconds and up to and including 60 seconds,-
2025-11-01,2025-11-30,North East and Yorkshire,QF7,NHS SOUTH YORKSHIRE INTEGRATED CARE BOARD,RXE,ROTHERHAM DONCASTER AND SOUTH HUMBER NHS FOUNDATION TRUST,MH055,Doncaster RDASH,B05,Calls abandoned after 60 seconds,-
2025-11-01,2025-11-30,North East and Yorkshire,QF7,NHS SOUTH YORKSHIRE INTEGRATED CARE BOARD,RXE,ROTHERHAM DONCASTER AND SOUTH HUMBER NHS FOUNDATION TRUST,MH055,Doncaster RDASH,B06,Total time to call answer (seconds),-
2025-11-01,2025-11-30,North East and Yorkshire,QF7,NHS SOUTH YORKSHIRE INTEGRATED CARE BOARD,RXE,ROTHERHAM DONCASTER AND SOUTH HUMBER NHS FOUNDATION TRUST,MH055,Doncaster RDASH,B07,95th centile call answer time (seconds),1
2025-11-01,2025-11-30,North East and Yorkshire,QF7,NHS SOUTH YORKSHIRE INTEGRATED CARE BOARD,RXE,ROTHERHAM DONCASTER AND SOUTH HUMBER NHS FOUNDATION TRUST,MH055,Doncaster RDASH,B09,Total time of abandoned calls (seconds),-
2025-11-01,2025-11-30,North East and Yorkshire,QF7,NHS SOUTH YORKSHIRE INTEGRATED CARE BOARD,RXE,ROTHERHAM DONCASTER AND SOUTH HUMBER NHS FOUNDATION TRUST,MH056,Rotherham RDASH,A01,Number of calls received,319
2025-11-01,2025-11-30,North East and Yorkshire,QF7,NHS SOUTH YORKSHIRE INTEGRATED CARE BOARD,RXE,ROTHERHAM DONCASTER AND SOUTH HUMBER NHS FOUNDATION TRUST,MH056,Rotherham RDASH,A02,Calls routed through IVR,319
2025-11-01,2025-11-30,North East and Yorkshire,QF7,NHS SOUTH YORKSHIRE INTEGRATED CARE BOARD,RXE,ROTHERHAM DONCASTER AND SOUTH HUMBER NHS FOUNDATION TRUST,MH056,Rotherham RDASH,A03,Number of answered calls,319
2025-11-01,2025-11-30,North East and Yorkshire,QF7,NHS SOUTH YORKSHIRE INTEGRATED CARE BOARD,RXE,ROTHERHAM DONCASTER AND SOUTH HUMBER NHS FOUNDATION TRUST,MH056,Rotherham RDASH,B01,Number of calls answered within 60 seconds,319
2025-11-01,2025-11-30,North East and Yorkshire,QF7,NHS SOUTH YORKSHIRE INTEGRATED CARE BOARD,RXE,ROTHERHAM DONCASTER AND SOUTH HUMBER NHS FOUNDATION TRUST,MH056,Rotherham RDASH,B02,Number of calls abandoned,0
2025-11-01,2025-11-30,North East and Yorkshire,QF7,NHS SOUTH YORKSHIRE INTEGRATED CARE BOARD,RXE,ROTHERHAM DONCASTER AND SOUTH HUMBER NHS FOUNDATION TRUST,MH056,Rotherham RDASH,B03,Calls abandoned in 30 seconds or less,-
2025-11-01,2025-11-30,North East and Yorkshire,QF7,NHS SOUTH YORKSHIRE INTEGRATED CARE BOARD,RXE,ROTHERHAM DONCASTER AND SOUTH HUMBER NHS FOUNDATION TRUST,MH056,Rotherham RDASH,B04,Calls abandoned in over 30 seconds and up to and including 60 seconds,-
2025-11-01,2025-11-30,North East and Yorkshire,QF7,NHS SOUTH YORKSHIRE INTEGRATED CARE BOARD,RXE,ROTHERHAM DONCASTER AND SOUTH HUMBER NHS FOUNDATION TRUST,MH056,Rotherham RDASH,B05,Calls abandoned after 60 seconds,-
2025-11-01,2025-11-30,North East and Yorkshire,QF7,NHS SOUTH YORKSHIRE INTEGRATED CARE BOARD,RXE,ROTHERHAM DONCASTER AND SOUTH HUMBER NHS FOUNDATION TRUST,MH056,Rotherham RDASH,B06,Total time to call answer (seconds),-
2025-11-01,2025-11-30,North East and Yorkshire,QF7,NHS SOUTH YORKSHIRE INTEGRATED CARE BOARD,RXE,ROTHERHAM DONCASTER AND SOUTH HUMBER NHS FOUNDATION TRUST,MH056,Rotherham RDASH,B07,95th centile call answer time (seconds),1
2025-11-01,2025-11-30,North East and Yorkshire,QF7,NHS SOUTH YORKSHIRE INTEGRATED CARE BOARD,RXE,ROTHERHAM DONCASTER AND SOUTH HUMBER NHS FOUNDATION TRUST,MH056,Rotherham RDASH,B09,Total time of abandoned calls (seconds),-
2025-11-01,2025-11-30,North East and Yorkshire,RXE,NHS HUMBER AND NORTH YORKSHIRE INTEGRATED CARE BOARD,RXE,ROTHERHAM DONCASTER AND SOUTH HUMBER NHS FOUNDATION TRUST,MH037,North Lincs RDASH,A01,Number of calls received,197
2025-11-01,2025-11-30,North East and Yorkshire,RXE,NHS HUMBER AND NORTH YORKSHIRE INTEGRATED CARE BOARD,RXE,ROTHERHAM DONCASTER AND SOUTH HUMBER NHS FOUNDATION TRUST,MH037,North Lincs RDASH,A02,Calls routed through IVR,197
2025-11-01,2025-11-30,North East and Yorkshire,RXE,NHS HUMBER AND NORTH YORKSHIRE INTEGRATED CARE BOARD,RXE,ROTHERHAM DONCASTER AND SOUTH HUMBER NHS FOUNDATION TRUST,MH037,North Lincs RDASH,A03,Number of answered calls,197
2025-11-01,2025-11-30,North East and Yorkshire,RXE,NHS HUMBER AND NORTH YORKSHIRE INTEGRATED CARE BOARD,RXE,ROTHERHAM DONCASTER AND SOUTH HUMBER NHS FOUNDATION TRUST,MH037,North Lincs RDASH,B01,Number of calls answered within 60 seconds,197
2025-11-01,2025-11-30,North East and Yorkshire,RXE,NHS HUMBER AND NORTH YORKSHIRE INTEGRATED CARE BOARD,RXE,ROTHERHAM DONCASTER AND SOUTH HUMBER NHS FOUNDATION TRUST,MH037,North Lincs RDASH,B02,Number of calls abandoned,0
2025-11-01,2025-11-30,North East and Yorkshire,RXE,NHS HUMBER AND NORTH YORKSHIRE INTEGRATED CARE BOARD,RXE,ROTHERHAM DONCASTER AND SOUTH HUMBER NHS FOUNDATION TRUST,MH037,North Lincs RDASH,B03,Calls abandoned in 30 seconds or less,-
2025-11-01,2025-11-30,North East and Yorkshire,RXE,NHS HUMBER AND NORTH YORKSHIRE INTEGRATED CARE BOARD,RXE,ROTHERHAM DONCASTER AND SOUTH HUMBER NHS FOUNDATION TRUST,MH037,North Lincs RDASH,B04,Calls abandoned in over 30 seconds and up to and including 60 seconds,-
2025-11-01,2025-11-30,North East and Yorkshire,RXE,NHS HUMBER AND NORTH YORKSHIRE INTEGRATED CARE BOARD,RXE,ROTHERHAM DONCASTER AND SOUTH HUMBER NHS FOUNDATION TRUST,MH037,North Lincs RDASH,B05,Calls abandoned after 60 seconds,-
2025-11-01,2025-11-30,North East and Yorkshire,RXE,NHS HUMBER AND NORTH YORKSHIRE INTEGRATED CARE BOARD,RXE,ROTHERHAM DONCASTER AND SOUTH HUMBER NHS FOUNDATION TRUST,MH037,North Lincs RDASH,B06,Total time to call answer (seconds),-
2025-11-01,2025-11-30,North East and Yorkshire,RXE,NHS HUMBER AND NORTH YORKSHIRE INTEGRATED CARE BOARD,RXE,ROTHERHAM DONCASTER AND SOUTH HUMBER NHS FOUNDATION TRUST,MH037,North Lincs RDASH,B07,95th centile call answer time (seconds),1
2025-11-01,2025-11-30,North East and Yorkshire,RXE,NHS HUMBER AND NORTH YORKSHIRE INTEGRATED CARE BOARD,RXE,ROTHERHAM DONCASTER AND SOUTH HUMBER NHS FOUNDATION TRUST,MH037,North Lincs RDASH,B09,Total time of abandoned calls (seconds),-
2025-11-01,2025-11-30,East of England,QJG,NHS SUFFOLK AND NORTH EAST ESSEX INTEGRATED CARE BOARD,RMY,NORFOLK AND SUFFOLK NHS FOUNDATION TRUST,MH078,NSFT(Suffolk) MH Helpline,A01,Number of calls received,2561
2025-11-01,2025-11-30,East of England,QJG,NHS SUFFOLK AND NORTH EAST ESSEX INTEGRATED CARE BOARD,RMY,NORFOLK AND SUFFOLK NHS FOUNDATION TRUST,MH078,NSFT(Suffolk) MH Helpline,A02,Calls routed through IVR,2561
2025-11-01,2025-11-30,East of England,QJG,NHS SUFFOLK AND NORTH EAST ESSEX INTEGRATED CARE BOARD,RMY,NORFOLK AND SUFFOLK NHS FOUNDATION TRUST,MH078,NSFT(Suffolk) MH Helpline,A03,Number of answered calls,1724
2025-11-01,2025-11-30,East of England,QJG,NHS SUFFOLK AND NORTH EAST ESSEX INTEGRATED CARE BOARD,RMY,NORFOLK AND SUFFOLK NHS FOUNDATION TRUST,MH078,NSFT(Suffolk) MH Helpline,B01,Number of calls answered within 60 seconds,1109
2025-11-01,2025-11-30,East of England,QJG,NHS SUFFOLK AND NORTH EAST ESSEX INTEGRATED CARE BOARD,RMY,NORFOLK AND SUFFOLK NHS FOUNDATION TRUST,MH078,NSFT(Suffolk) MH Helpline,B02,Number of calls abandoned,837
2025-11-01,2025-11-30,East of England,QJG,NHS SUFFOLK AND NORTH EAST ESSEX INTEGRATED CARE BOARD,RMY,NORFOLK AND SUFFOLK NHS FOUNDATION TRUST,MH078,NSFT(Suffolk) MH Helpline,B03,Calls abandoned in 30 seconds or less,157
2025-11-01,2025-11-30,East of England,QJG,NHS SUFFOLK AND NORTH EAST ESSEX INTEGRATED CARE BOARD,RMY,NORFOLK AND SUFFOLK NHS FOUNDATION TRUST,MH078,NSFT(Suffolk) MH Helpline,B04,Calls abandoned in over 30 seconds and up to and including 60 seconds,81
2025-11-01,2025-11-30,East of England,QJG,NHS SUFFOLK AND NORTH EAST ESSEX INTEGRATED CARE BOARD,RMY,NORFOLK AND SUFFOLK NHS FOUNDATION TRUST,MH078,NSFT(Suffolk) MH Helpline,B05,Calls abandoned after 60 seconds,599
2025-11-01,2025-11-30,East of England,QJG,NHS SUFFOLK AND NORTH EAST ESSEX INTEGRATED CARE BOARD,RMY,NORFOLK AND SUFFOLK NHS FOUNDATION TRUST,MH078,NSFT(Suffolk) MH Helpline,B06,Total time to call answer (seconds),587219
2025-11-01,2025-11-30,East of England,QJG,NHS SUFFOLK AND NORTH EAST ESSEX INTEGRATED CARE BOARD,RMY,NORFOLK AND SUFFOLK NHS FOUNDATION TRUST,MH078,NSFT(Suffolk) MH Helpline,B07,95th centile call answer time (seconds),1780
2025-11-01,2025-11-30,East of England,QJG,NHS SUFFOLK AND NORTH EAST ESSEX INTEGRATED CARE BOARD,RMY,NORFOLK AND SUFFOLK NHS FOUNDATION TRUST,MH078,NSFT(Suffolk) MH Helpline,B09,Total time of abandoned calls (seconds),331142
2025-11-01,2025-11-30,East of England,QMM,NHS NORFOLK AND WAVENEY INTEGRATED CARE BOARD,RMY,NORFOLK AND SUFFOLK NHS FOUNDATION TRUST,MH079,NSFT(Norfolk) MH Helpline,A01,Number of calls received,3525
2025-11-01,2025-11-30,East of England,QMM,NHS NORFOLK AND WAVENEY INTEGRATED CARE BOARD,RMY,NORFOLK AND SUFFOLK NHS FOUNDATION TRUST,MH079,NSFT(Norfolk) MH Helpline,A02,Calls routed through IVR,3525
2025-11-01,2025-11-30,East of England,QMM,NHS NORFOLK AND WAVENEY INTEGRATED CARE BOARD,RMY,NORFOLK AND SUFFOLK NHS FOUNDATION TRUST,MH079,NSFT(Norfolk) MH Helpline,A03,Number of answered calls,2488
2025-11-01,2025-11-30,East of England,QMM,NHS NORFOLK AND WAVENEY INTEGRATED CARE BOARD,RMY,NORFOLK AND SUFFOLK NHS FOUNDATION TRUST,MH079,NSFT(Norfolk) MH Helpline,B01,Number of calls answered within 60 seconds,1549
2025-11-01,2025-11-30,East of England,QMM,NHS NORFOLK AND WAVENEY INTEGRATED CARE BOARD,RMY,NORFOLK AND SUFFOLK NHS FOUNDATION TRUST,MH079,NSFT(Norfolk) MH Helpline,B02,Number of calls abandoned,1037
2025-11-01,2025-11-30,East of England,QMM,NHS NORFOLK AND WAVENEY INTEGRATED CARE BOARD,RMY,NORFOLK AND SUFFOLK NHS FOUNDATION TRUST,MH079,NSFT(Norfolk) MH Helpline,B03,Calls abandoned in 30 seconds or less,219
2025-11-01,2025-11-30,East of England,QMM,NHS NORFOLK AND WAVENEY INTEGRATED CARE BOARD,RMY,NORFOLK AND SUFFOLK NHS FOUNDATION TRUST,MH079,NSFT(Norfolk) MH Helpline,B04,Calls abandoned in over 30 seconds and up to and including 60 seconds,104
2025-11-01,2025-11-30,East of England,QMM,NHS NORFOLK AND WAVENEY INTEGRATED CARE BOARD,RMY,NORFOLK AND SUFFOLK NHS FOUNDATION TRUST,MH079,NSFT(Norfolk) MH Helpline,B05,Calls abandoned after 60 seconds,714
2025-11-01,2025-11-30,East of England,QMM,NHS NORFOLK AND WAVENEY INTEGRATED CARE BOARD,RMY,NORFOLK AND SUFFOLK NHS FOUNDATION TRUST,MH079,NSFT(Norfolk) MH Helpline,B06,Total time to call answer (seconds),736241
2025-11-01,2025-11-30,East of England,QMM,NHS NORFOLK AND WAVENEY INTEGRATED CARE BOARD,RMY,NORFOLK AND SUFFOLK NHS FOUNDATION TRUST,MH079,NSFT(Norfolk) MH Helpline,B07,95th centile call answer time (seconds),1471
2025-11-01,2025-11-30,East of England,QMM,NHS NORFOLK AND WAVENEY INTEGRATED CARE BOARD,RMY,NORFOLK AND SUFFOLK NHS FOUNDATION TRUST,MH079,NSFT(Norfolk) MH Helpline,B09,Total time of abandoned calls (seconds),355533
2025-11-01,2025-11-30,Midlands,QJM,NHS LINCOLNSHIRE INTEGRATED CARE BOARD,RP7,LINCOLNSHIRE PARTNERSHIP NHS FOUNDATION TRUST,MH033,LPFT,A01,Number of calls received,2021
2025-11-01,2025-11-30,Midlands,QJM,NHS LINCOLNSHIRE INTEGRATED CARE BOARD,RP7,LINCOLNSHIRE PARTNERSHIP NHS FOUNDATION TRUST,MH033,LPFT,A02,Calls routed through IVR,-
2025-11-01,2025-11-30,Midlands,QJM,NHS LINCOLNSHIRE INTEGRATED CARE BOARD,RP7,LINCOLNSHIRE PARTNERSHIP NHS FOUNDATION TRUST,MH033,LPFT,A03,Number of answered calls,1465
2025-11-01,2025-11-30,Midlands,QJM,NHS LINCOLNSHIRE INTEGRATED CARE BOARD,RP7,LINCOLNSHIRE PARTNERSHIP NHS FOUNDATION TRUST,MH033,LPFT,B01,Number of calls answered within 60 seconds,1267
2025-11-01,2025-11-30,Midlands,QJM,NHS LINCOLNSHIRE INTEGRATED CARE BOARD,RP7,LINCOLNSHIRE PARTNERSHIP NHS FOUNDATION TRUST,MH033,LPFT,B02,Number of calls abandoned,180
2025-11-01,2025-11-30,Midlands,QJM,NHS LINCOLNSHIRE INTEGRATED CARE BOARD,RP7,LINCOLNSHIRE PARTNERSHIP NHS FOUNDATION TRUST,MH033,LPFT,B03,Calls abandoned in 30 seconds or less,71
2025-11-01,2025-11-30,Midlands,QJM,NHS LINCOLNSHIRE INTEGRATED CARE BOARD,RP7,LINCOLNSHIRE PARTNERSHIP NHS FOUNDATION TRUST,MH033,LPFT,B04,Calls abandoned in over 30 seconds and up to and including 60 seconds,10
2025-11-01,2025-11-30,Midlands,QJM,NHS LINCOLNSHIRE INTEGRATED CARE BOARD,RP7,LINCOLNSHIRE PARTNERSHIP NHS FOUNDATION TRUST,MH033,LPFT,B05,Calls abandoned after 60 seconds,99
2025-11-01,2025-11-30,Midlands,QJM,NHS LINCOLNSHIRE INTEGRATED CARE BOARD,RP7,LINCOLNSHIRE PARTNERSHIP NHS FOUNDATION TRUST,MH033,LPFT,B06,Total time to call answer (seconds),116464
2025-11-01,2025-11-30,Midlands,QJM,NHS LINCOLNSHIRE INTEGRATED CARE BOARD,RP7,LINCOLNSHIRE PARTNERSHIP NHS FOUNDATION TRUST,MH033,LPFT,B07,95th centile call answer time (seconds),462
2025-11-01,2025-11-30,Midlands,QJM,NHS LINCOLNSHIRE INTEGRATED CARE BOARD,RP7,LINCOLNSHIRE PARTNERSHIP NHS FOUNDATION TRUST,MH033,LPFT,B09,Total time of abandoned calls (seconds),36583
2025-11-01,2025-11-30,South West,QR1,NHS GLOUCESTERSHIRE INTEGRATED CARE BOARD,RTQ,GLOUCESTERSHIRE HEALTH AND CARE NHS FOUNDATION TRUST,MH024,Gloucestershire MH Crisis Line (GHC),A01,Number of calls received,6739
2025-11-01,2025-11-30,South West,QR1,NHS GLOUCESTERSHIRE INTEGRATED CARE BOARD,RTQ,GLOUCESTERSHIRE HEALTH AND CARE NHS FOUNDATION TRUST,MH024,Gloucestershire MH Crisis Line (GHC),A02,Calls routed through IVR,6739
2025-11-01,2025-11-30,South West,QR1,NHS GLOUCESTERSHIRE INTEGRATED CARE BOARD,RTQ,GLOUCESTERSHIRE HEALTH AND CARE NHS FOUNDATION TRUST,MH024,Gloucestershire MH Crisis Line (GHC),A03,Number of answered calls,3319
2025-11-01,2025-11-30,South West,QR1,NHS GLOUCESTERSHIRE INTEGRATED CARE BOARD,RTQ,GLOUCESTERSHIRE HEALTH AND CARE NHS FOUNDATION TRUST,MH024,Gloucestershire MH Crisis Line (GHC),B01,Number of calls answered within 60 seconds,1442
2025-11-01,2025-11-30,South West,QR1,NHS GLOUCESTERSHIRE INTEGRATED CARE BOARD,RTQ,GLOUCESTERSHIRE HEALTH AND CARE NHS FOUNDATION TRUST,MH024,Gloucestershire MH Crisis Line (GHC),B02,Number of calls abandoned,3420
2025-11-01,2025-11-30,South West,QR1,NHS GLOUCESTERSHIRE INTEGRATED CARE BOARD,RTQ,GLOUCESTERSHIRE HEALTH AND CARE NHS FOUNDATION TRUST,MH024,Gloucestershire MH Crisis Line (GHC),B03,Calls abandoned in 30 seconds or less,1313
2025-11-01,2025-11-30,South West,QR1,NHS GLOUCESTERSHIRE INTEGRATED CARE BOARD,RTQ,GLOUCESTERSHIRE HEALTH AND CARE NHS FOUNDATION TRUST,MH024,Gloucestershire MH Crisis Line (GHC),B04,Calls abandoned in over 30 seconds and up to and including 60 seconds,272
2025-11-01,2025-11-30,South West,QR1,NHS GLOUCESTERSHIRE INTEGRATED CARE BOARD,RTQ,GLOUCESTERSHIRE HEALTH AND CARE NHS FOUNDATION TRUST,MH024,Gloucestershire MH Crisis Line (GHC),B05,Calls abandoned after 60 seconds,1835
2025-11-01,2025-11-30,South West,QR1,NHS GLOUCESTERSHIRE INTEGRATED CARE BOARD,RTQ,GLOUCESTERSHIRE HEALTH AND CARE NHS FOUNDATION TRUST,MH024,Gloucestershire MH Crisis Line (GHC),B06,Total time to call answer (seconds),1465226
2025-11-01,2025-11-30,South West,QR1,NHS GLOUCESTERSHIRE INTEGRATED CARE BOARD,RTQ,GLOUCESTERSHIRE HEALTH AND CARE NHS FOUNDATION TRUST,MH024,Gloucestershire MH Crisis Line (GHC),B07,95th centile call answer time (seconds),120
2025-11-01,2025-11-30,South West,QR1,NHS GLOUCESTERSHIRE INTEGRATED CARE BOARD,RTQ,GLOUCESTERSHIRE HEALTH AND CARE NHS FOUNDATION TRUST,MH024,Gloucestershire MH Crisis Line (GHC),B09,Total time of abandoned calls (seconds),1051647
2025-11-01,2025-11-30,North West,QE1,NHS LANCASHIRE AND SOUTH CUMBRIA INTEGRATED CARE BOARD,RW5,LANCASHIRE & SOUTH CUMBRIA NHS FOUNDATION TRUST,MH030,LSCFT IRS,A01,Number of calls received,1887
2025-11-01,2025-11-30,North West,QE1,NHS LANCASHIRE AND SOUTH CUMBRIA INTEGRATED CARE BOARD,RW5,LANCASHIRE & SOUTH CUMBRIA NHS FOUNDATION TRUST,MH030,LSCFT IRS,A02,Calls routed through IVR,1887
2025-11-01,2025-11-30,North West,QE1,NHS LANCASHIRE AND SOUTH CUMBRIA INTEGRATED CARE BOARD,RW5,LANCASHIRE & SOUTH CUMBRIA NHS FOUNDATION TRUST,MH030,LSCFT IRS,A03,Number of answered calls,1362
2025-11-01,2025-11-30,North West,QE1,NHS LANCASHIRE AND SOUTH CUMBRIA INTEGRATED CARE BOARD,RW5,LANCASHIRE & SOUTH CUMBRIA NHS FOUNDATION TRUST,MH030,LSCFT IRS,B01,Number of calls answered within 60 seconds,873
2025-11-01,2025-11-30,North West,QE1,NHS LANCASHIRE AND SOUTH CUMBRIA INTEGRATED CARE BOARD,RW5,LANCASHIRE & SOUTH CUMBRIA NHS FOUNDATION TRUST,MH030,LSCFT IRS,B02,Number of calls abandoned,525
2025-11-01,2025-11-30,North West,QE1,NHS LANCASHIRE AND SOUTH CUMBRIA INTEGRATED CARE BOARD,RW5,LANCASHIRE & SOUTH CUMBRIA NHS FOUNDATION TRUST,MH030,LSCFT IRS,B03,Calls abandoned in 30 seconds or less,162
2025-11-01,2025-11-30,North West,QE1,NHS LANCASHIRE AND SOUTH CUMBRIA INTEGRATED CARE BOARD,RW5,LANCASHIRE & SOUTH CUMBRIA NHS FOUNDATION TRUST,MH030,LSCFT IRS,B04,Calls abandoned in over 30 seconds and up to and including 60 seconds,36
2025-11-01,2025-11-30,North West,QE1,NHS LANCASHIRE AND SOUTH CUMBRIA INTEGRATED CARE BOARD,RW5,LANCASHIRE & SOUTH CUMBRIA NHS FOUNDATION TRUST,MH030,LSCFT IRS,B05,Calls abandoned after 60 seconds,327
2025-11-01,2025-11-30,North West,QE1,NHS LANCASHIRE AND SOUTH CUMBRIA INTEGRATED CARE BOARD,RW5,LANCASHIRE & SOUTH CUMBRIA NHS FOUNDATION TRUST,MH030,LSCFT IRS,B06,Total time to call answer (seconds),226529
2025-11-01,2025-11-30,North West,QE1,NHS LANCASHIRE AND SOUTH CUMBRIA INTEGRATED CARE BOARD,RW5,LANCASHIRE & SOUTH CUMBRIA NHS FOUNDATION TRUST,MH030,LSCFT IRS,B07,95th centile call answer time (seconds),756
2025-11-01,2025-11-30,North West,QE1,NHS LANCASHIRE AND SOUTH CUMBRIA INTEGRATED CARE BOARD,RW5,LANCASHIRE & SOUTH CUMBRIA NHS FOUNDATION TRUST,MH030,LSCFT IRS,B09,Total time of abandoned calls (seconds),130049
2025-11-01,2025-11-30,South West,QVV,NHS DORSET INTEGRATED CARE BOARD,RDY,DORSET HEALTHCARE UNIVERSITY NHS FOUNDATION TRUST,MH021,Dorset 24/7 Connection (DHC),A01,Number of calls received,877
2025-11-01,2025-11-30,South West,QVV,NHS DORSET INTEGRATED CARE BOARD,RDY,DORSET HEALTHCARE UNIVERSITY NHS FOUNDATION TRUST,MH021,Dorset 24/7 Connection (DHC),A02,Calls routed through IVR,-
2025-11-01,2025-11-30,South West,QVV,NHS DORSET INTEGRATED CARE BOARD,RDY,DORSET HEALTHCARE UNIVERSITY NHS FOUNDATION TRUST,MH021,Dorset 24/7 Connection (DHC),A03,Number of answered calls,742
2025-11-01,2025-11-30,South West,QVV,NHS DORSET INTEGRATED CARE BOARD,RDY,DORSET HEALTHCARE UNIVERSITY NHS FOUNDATION TRUST,MH021,Dorset 24/7 Connection (DHC),B01,Number of calls answered within 60 seconds,-
2025-11-01,2025-11-30,South West,QVV,NHS DORSET INTEGRATED CARE BOARD,RDY,DORSET HEALTHCARE UNIVERSITY NHS FOUNDATION TRUST,MH021,Dorset 24/7 Connection (DHC),B02,Number of calls abandoned,135
2025-11-01,2025-11-30,South West,QVV,NHS DORSET INTEGRATED CARE BOARD,RDY,DORSET HEALTHCARE UNIVERSITY NHS FOUNDATION TRUST,MH021,Dorset 24/7 Connection (DHC),B03,Calls abandoned in 30 seconds or less,-
2025-11-01,2025-11-30,South West,QVV,NHS DORSET INTEGRATED CARE BOARD,RDY,DORSET HEALTHCARE UNIVERSITY NHS FOUNDATION TRUST,MH021,Dorset 24/7 Connection (DHC),B04,Calls abandoned in over 30 seconds and up to and including 60 seconds,-
2025-11-01,2025-11-30,South West,QVV,NHS DORSET INTEGRATED CARE BOARD,RDY,DORSET HEALTHCARE UNIVERSITY NHS FOUNDATION TRUST,MH021,Dorset 24/7 Connection (DHC),B05,Calls abandoned after 60 seconds,-
2025-11-01,2025-11-30,South West,QVV,NHS DORSET INTEGRATED CARE BOARD,RDY,DORSET HEALTHCARE UNIVERSITY NHS FOUNDATION TRUST,MH021,Dorset 24/7 Connection (DHC),B06,Total time to call answer (seconds),-
2025-11-01,2025-11-30,South West,QVV,NHS DORSET INTEGRATED CARE BOARD,RDY,DORSET HEALTHCARE UNIVERSITY NHS FOUNDATION TRUST,MH021,Dorset 24/7 Connection (DHC),B07,95th centile call answer time (seconds),-
2025-11-01,2025-11-30,South West,QVV,NHS DORSET INTEGRATED CARE BOARD,RDY,DORSET HEALTHCARE UNIVERSITY NHS FOUNDATION TRUST,MH021,Dorset 24/7 Connection (DHC),B09,Total time of abandoned calls (seconds),-
2025-11-01,2025-11-30,North West,QOP,NHS GREATER MANCHESTER INTEGRATED CARE BOARD,RXV,GREATER MANCHESTER MENTAL HEALTH NHS FOUNDATION TRUST,MH025,GMMH 24/7 All Age MH Crisis Helpline,A01,Number of calls received,7886
2025-11-01,2025-11-30,North West,QOP,NHS GREATER MANCHESTER INTEGRATED CARE BOARD,RXV,GREATER MANCHESTER MENTAL HEALTH NHS FOUNDATION TRUST,MH025,GMMH 24/7 All Age MH Crisis Helpline,A02,Calls routed through IVR,7886
2025-11-01,2025-11-30,North West,QOP,NHS GREATER MANCHESTER INTEGRATED CARE BOARD,RXV,GREATER MANCHESTER MENTAL HEALTH NHS FOUNDATION TRUST,MH025,GMMH 24/7 All Age MH Crisis Helpline,A03,Number of answered calls,3117
2025-11-01,2025-11-30,North West,QOP,NHS GREATER MANCHESTER INTEGRATED CARE BOARD,RXV,GREATER MANCHESTER MENTAL HEALTH NHS FOUNDATION TRUST,MH025,GMMH 24/7 All Age MH Crisis Helpline,B01,Number of calls answered within 60 seconds,982
2025-11-01,2025-11-30,North West,QOP,NHS GREATER MANCHESTER INTEGRATED CARE BOARD,RXV,GREATER MANCHESTER MENTAL HEALTH NHS FOUNDATION TRUST,MH025,GMMH 24/7 All Age MH Crisis Helpline,B02,Number of calls abandoned,4769
2025-11-01,2025-11-30,North West,QOP,NHS GREATER MANCHESTER INTEGRATED CARE BOARD,RXV,GREATER MANCHESTER MENTAL HEALTH NHS FOUNDATION TRUST,MH025,GMMH 24/7 All Age MH Crisis Helpline,B03,Calls abandoned in 30 seconds or less,1169
2025-11-01,2025-11-30,North West,QOP,NHS GREATER MANCHESTER INTEGRATED CARE BOARD,RXV,GREATER MANCHESTER MENTAL HEALTH NHS FOUNDATION TRUST,MH025,GMMH 24/7 All Age MH Crisis Helpline,B04,Calls abandoned in over 30 seconds and up to and including 60 seconds,305
2025-11-01,2025-11-30,North West,QOP,NHS GREATER MANCHESTER INTEGRATED CARE BOARD,RXV,GREATER MANCHESTER MENTAL HEALTH NHS FOUNDATION TRUST,MH025,GMMH 24/7 All Age MH Crisis Helpline,B05,Calls abandoned after 60 seconds,3295
2025-11-01,2025-11-30,North West,QOP,NHS GREATER MANCHESTER INTEGRATED CARE BOARD,RXV,GREATER MANCHESTER MENTAL HEALTH NHS FOUNDATION TRUST,MH025,GMMH 24/7 All Age MH Crisis Helpline,B06,Total time to call answer (seconds),1928672
2025-11-01,2025-11-30,North West,QOP,NHS GREATER MANCHESTER INTEGRATED CARE BOARD,RXV,GREATER MANCHESTER MENTAL HEALTH NHS FOUNDATION TRUST,MH025,GMMH 24/7 All Age MH Crisis Helpline,B07,95th centile call answer time (seconds),1810
2025-11-01,2025-11-30,North West,QOP,NHS GREATER MANCHESTER INTEGRATED CARE BOARD,RXV,GREATER MANCHESTER MENTAL HEALTH NHS FOUNDATION TRUST,MH025,GMMH 24/7 All Age MH Crisis Helpline,B09,Total time of abandoned calls (seconds),1784843
2025-11-01,2025-11-30,South West,QSL,NHS SOMERSET INTEGRATED CARE BOARD,RH5,SOMERSET NHS FOUNDATION TRUST,MH060,Somerset NHS Foundation Trust (MIND),A01,Number of calls received,7760
2025-11-01,2025-11-30,South West,QSL,NHS SOMERSET INTEGRATED CARE BOARD,RH5,SOMERSET NHS FOUNDATION TRUST,MH060,Somerset NHS Foundation Trust (MIND),A02,Calls routed through IVR,513
2025-11-01,2025-11-30,South West,QSL,NHS SOMERSET INTEGRATED CARE BOARD,RH5,SOMERSET NHS FOUNDATION TRUST,MH060,Somerset NHS Foundation Trust (MIND),A03,Number of answered calls,4719
2025-11-01,2025-11-30,South West,QSL,NHS SOMERSET INTEGRATED CARE BOARD,RH5,SOMERSET NHS FOUNDATION TRUST,MH060,Somerset NHS Foundation Trust (MIND),B01,Number of calls answered within 60 seconds,3669
2025-11-01,2025-11-30,South West,QSL,NHS SOMERSET INTEGRATED CARE BOARD,RH5,SOMERSET NHS FOUNDATION TRUST,MH060,Somerset NHS Foundation Trust (MIND),B02,Number of calls abandoned,1707
2025-11-01,2025-11-30,South West,QSL,NHS SOMERSET INTEGRATED CARE BOARD,RH5,SOMERSET NHS FOUNDATION TRUST,MH060,Somerset NHS Foundation Trust (MIND),B03,Calls abandoned in 30 seconds or less,713
2025-11-01,2025-11-30,South West,QSL,NHS SOMERSET INTEGRATED CARE BOARD,RH5,SOMERSET NHS FOUNDATION TRUST,MH060,Somerset NHS Foundation Trust (MIND),B04,Calls abandoned in over 30 seconds and up to and including 60 seconds,306
2025-11-01,2025-11-30,South West,QSL,NHS SOMERSET INTEGRATED CARE BOARD,RH5,SOMERSET NHS FOUNDATION TRUST,MH060,Somerset NHS Foundation Trust (MIND),B05,Calls abandoned after 60 seconds,688
2025-11-01,2025-11-30,South West,QSL,NHS SOMERSET INTEGRATED CARE BOARD,RH5,SOMERSET NHS FOUNDATION TRUST,MH060,Somerset NHS Foundation Trust (MIND),B06,Total time to call answer (seconds),823705
2025-11-01,2025-11-30,South West,QSL,NHS SOMERSET INTEGRATED CARE BOARD,RH5,SOMERSET NHS FOUNDATION TRUST,MH060,Somerset NHS Foundation Trust (MIND),B07,95th centile call answer time (seconds),884
2025-11-01,2025-11-30,South West,QSL,NHS SOMERSET INTEGRATED CARE BOARD,RH5,SOMERSET NHS FOUNDATION TRUST,MH060,Somerset NHS Foundation Trust (MIND),B09,Total time of abandoned calls (seconds),273809
2025-11-01,2025-11-30,Midlands,QGH,NHS HEREFORDSHIRE AND WORCESTERSHIRE ICB,R1A,HEREFORDSHIRE AND WORCESTERSHIRE HEALTH AND CARE NHS TRUST,MH031,Herefordshire and Worcestershire Health and Care NHS Trust (HWHC),A01,Number of calls received,3007
2025-11-01,2025-11-30,Midlands,QGH,NHS HEREFORDSHIRE AND WORCESTERSHIRE ICB,R1A,HEREFORDSHIRE AND WORCESTERSHIRE HEALTH AND CARE NHS TRUST,MH031,Herefordshire and Worcestershire Health and Care NHS Trust (HWHC),A02,Calls routed through IVR,742
2025-11-01,2025-11-30,Midlands,QGH,NHS HEREFORDSHIRE AND WORCESTERSHIRE ICB,R1A,HEREFORDSHIRE AND WORCESTERSHIRE HEALTH AND CARE NHS TRUST,MH031,Herefordshire and Worcestershire Health and Care NHS Trust (HWHC),A03,Number of answered calls,2364
2025-11-01,2025-11-30,Midlands,QGH,NHS HEREFORDSHIRE AND WORCESTERSHIRE ICB,R1A,HEREFORDSHIRE AND WORCESTERSHIRE HEALTH AND CARE NHS TRUST,MH031,Herefordshire and Worcestershire Health and Care NHS Trust (HWHC),B01,Number of calls answered within 60 seconds,1771
2025-11-01,2025-11-30,Midlands,QGH,NHS HEREFORDSHIRE AND WORCESTERSHIRE ICB,R1A,HEREFORDSHIRE AND WORCESTERSHIRE HEALTH AND CARE NHS TRUST,MH031,Herefordshire and Worcestershire Health and Care NHS Trust (HWHC),B02,Number of calls abandoned,643
2025-11-01,2025-11-30,Midlands,QGH,NHS HEREFORDSHIRE AND WORCESTERSHIRE ICB,R1A,HEREFORDSHIRE AND WORCESTERSHIRE HEALTH AND CARE NHS TRUST,MH031,Herefordshire and Worcestershire Health and Care NHS Trust (HWHC),B03,Calls abandoned in 30 seconds or less,88
2025-11-01,2025-11-30,Midlands,QGH,NHS HEREFORDSHIRE AND WORCESTERSHIRE ICB,R1A,HEREFORDSHIRE AND WORCESTERSHIRE HEALTH AND CARE NHS TRUST,MH031,Herefordshire and Worcestershire Health and Care NHS Trust (HWHC),B04,Calls abandoned in over 30 seconds and up to and including 60 seconds,101
2025-11-01,2025-11-30,Midlands,QGH,NHS HEREFORDSHIRE AND WORCESTERSHIRE ICB,R1A,HEREFORDSHIRE AND WORCESTERSHIRE HEALTH AND CARE NHS TRUST,MH031,Herefordshire and Worcestershire Health and Care NHS Trust (HWHC),B05,Calls abandoned after 60 seconds,454
2025-11-01,2025-11-30,Midlands,QGH,NHS HEREFORDSHIRE AND WORCESTERSHIRE ICB,R1A,HEREFORDSHIRE AND WORCESTERSHIRE HEALTH AND CARE NHS TRUST,MH031,Herefordshire and Worcestershire Health and Care NHS Trust (HWHC),B06,Total time to call answer (seconds),239068
2025-11-01,2025-11-30,Midlands,QGH,NHS HEREFORDSHIRE AND WORCESTERSHIRE ICB,R1A,HEREFORDSHIRE AND WORCESTERSHIRE HEALTH AND CARE NHS TRUST,MH031,Herefordshire and Worcestershire Health and Care NHS Trust (HWHC),B07,95th centile call answer time (seconds),482
2025-11-01,2025-11-30,Midlands,QGH,NHS HEREFORDSHIRE AND WORCESTERSHIRE ICB,R1A,HEREFORDSHIRE AND WORCESTERSHIRE HEALTH AND CARE NHS TRUST,MH031,Herefordshire and Worcestershire Health and Care NHS Trust (HWHC),B09,Total time of abandoned calls (seconds),152133
2025-11-01,2025-11-30,South West,QJK,NHS DEVON INTEGRATED CARE BOARD,NR5,LIVEWELL SOUTHWEST,MH034,Livewell Southwest MH Crisis Line (Livewell),A01,Number of calls received,2227
2025-11-01,2025-11-30,South West,QJK,NHS DEVON INTEGRATED CARE BOARD,NR5,LIVEWELL SOUTHWEST,MH034,Livewell Southwest MH Crisis Line (Livewell),A02,Calls routed through IVR,1634
2025-11-01,2025-11-30,South West,QJK,NHS DEVON INTEGRATED CARE BOARD,NR5,LIVEWELL SOUTHWEST,MH034,Livewell Southwest MH Crisis Line (Livewell),A03,Number of answered calls,1418
2025-11-01,2025-11-30,South West,QJK,NHS DEVON INTEGRATED CARE BOARD,NR5,LIVEWELL SOUTHWEST,MH034,Livewell Southwest MH Crisis Line (Livewell),B01,Number of calls answered within 60 seconds,971
2025-11-01,2025-11-30,South West,QJK,NHS DEVON INTEGRATED CARE BOARD,NR5,LIVEWELL SOUTHWEST,MH034,Livewell Southwest MH Crisis Line (Livewell),B02,Number of calls abandoned,201
2025-11-01,2025-11-30,South West,QJK,NHS DEVON INTEGRATED CARE BOARD,NR5,LIVEWELL SOUTHWEST,MH034,Livewell Southwest MH Crisis Line (Livewell),B03,Calls abandoned in 30 seconds or less,39
2025-11-01,2025-11-30,South West,QJK,NHS DEVON INTEGRATED CARE BOARD,NR5,LIVEWELL SOUTHWEST,MH034,Livewell Southwest MH Crisis Line (Livewell),B04,Calls abandoned in over 30 seconds and up to and including 60 seconds,15
2025-11-01,2025-11-30,South West,QJK,NHS DEVON INTEGRATED CARE BOARD,NR5,LIVEWELL SOUTHWEST,MH034,Livewell Southwest MH Crisis Line (Livewell),B05,Calls abandoned after 60 seconds,147
2025-11-01,2025-11-30,South West,QJK,NHS DEVON INTEGRATED CARE BOARD,NR5,LIVEWELL SOUTHWEST,MH034,Livewell Southwest MH Crisis Line (Livewell),B06,Total time to call answer (seconds),210804
2025-11-01,2025-11-30,South West,QJK,NHS DEVON INTEGRATED CARE BOARD,NR5,LIVEWELL SOUTHWEST,MH034,Livewell Southwest MH Crisis Line (Livewell),B07,95th centile call answer time (seconds),828
2025-11-01,2025-11-30,South West,QJK,NHS DEVON INTEGRATED CARE BOARD,NR5,LIVEWELL SOUTHWEST,MH034,Livewell Southwest MH Crisis Line (Livewell),B09,Total time of abandoned calls (seconds),57546
2025-11-01,2025-11-30,Midlands,QT1,NHS NOTTINGHAM AND NOTTINGHAMSHIRE INTEGRATED CARE BOARD,RHA,NOTTINGHAMSHIRE HEALTHCARE NHS FOUNDATION TRUST,MH051,Nottingham 24/7 Crisis line (NHFT),A01,Number of calls received,8806
2025-11-01,2025-11-30,Midlands,QT1,NHS NOTTINGHAM AND NOTTINGHAMSHIRE INTEGRATED CARE BOARD,RHA,NOTTINGHAMSHIRE HEALTHCARE NHS FOUNDATION TRUST,MH051,Nottingham 24/7 Crisis line (NHFT),A02,Calls routed through IVR,1442
2025-11-01,2025-11-30,Midlands,QT1,NHS NOTTINGHAM AND NOTTINGHAMSHIRE INTEGRATED CARE BOARD,RHA,NOTTINGHAMSHIRE HEALTHCARE NHS FOUNDATION TRUST,MH051,Nottingham 24/7 Crisis line (NHFT),A03,Number of answered calls,5670
2025-11-01,2025-11-30,Midlands,QT1,NHS NOTTINGHAM AND NOTTINGHAMSHIRE INTEGRATED CARE BOARD,RHA,NOTTINGHAMSHIRE HEALTHCARE NHS FOUNDATION TRUST,MH051,Nottingham 24/7 Crisis line (NHFT),B01,Number of calls answered within 60 seconds,2969
2025-11-01,2025-11-30,Midlands,QT1,NHS NOTTINGHAM AND NOTTINGHAMSHIRE INTEGRATED CARE BOARD,RHA,NOTTINGHAMSHIRE HEALTHCARE NHS FOUNDATION TRUST,MH051,Nottingham 24/7 Crisis line (NHFT),B02,Number of calls abandoned,2165
2025-11-01,2025-11-30,Midlands,QT1,NHS NOTTINGHAM AND NOTTINGHAMSHIRE INTEGRATED CARE BOARD,RHA,NOTTINGHAMSHIRE HEALTHCARE NHS FOUNDATION TRUST,MH051,Nottingham 24/7 Crisis line (NHFT),B03,Calls abandoned in 30 seconds or less,371
2025-11-01,2025-11-30,Midlands,QT1,NHS NOTTINGHAM AND NOTTINGHAMSHIRE INTEGRATED CARE BOARD,RHA,NOTTINGHAMSHIRE HEALTHCARE NHS FOUNDATION TRUST,MH051,Nottingham 24/7 Crisis line (NHFT),B04,Calls abandoned in over 30 seconds and up to and including 60 seconds,245
2025-11-01,2025-11-30,Midlands,QT1,NHS NOTTINGHAM AND NOTTINGHAMSHIRE INTEGRATED CARE BOARD,RHA,NOTTINGHAMSHIRE HEALTHCARE NHS FOUNDATION TRUST,MH051,Nottingham 24/7 Crisis line (NHFT),B05,Calls abandoned after 60 seconds,1549
2025-11-01,2025-11-30,Midlands,QT1,NHS NOTTINGHAM AND NOTTINGHAMSHIRE INTEGRATED CARE BOARD,RHA,NOTTINGHAMSHIRE HEALTHCARE NHS FOUNDATION TRUST,MH051,Nottingham 24/7 Crisis line (NHFT),B06,Total time to call answer (seconds),1640494
2025-11-01,2025-11-30,Midlands,QT1,NHS NOTTINGHAM AND NOTTINGHAMSHIRE INTEGRATED CARE BOARD,RHA,NOTTINGHAMSHIRE HEALTHCARE NHS FOUNDATION TRUST,MH051,Nottingham 24/7 Crisis line (NHFT),B07,95th centile call answer time (seconds),1412
2025-11-01,2025-11-30,Midlands,QT1,NHS NOTTINGHAM AND NOTTINGHAMSHIRE INTEGRATED CARE BOARD,RHA,NOTTINGHAMSHIRE HEALTHCARE NHS FOUNDATION TRUST,MH051,Nottingham 24/7 Crisis line (NHFT),B09,Total time of abandoned calls (seconds),616278
2025-11-01,2025-11-30,London,QVR,NHS NORTH WEST LONDON INTEGRATED CARE BOARD,RV3,CENTRAL AND NORTH WEST LONDON NHS FOUNDATION TRUST,MH011,North West London - Central and North West London NHS Foundation Trust (CNWL),A01,Number of calls received,1070
2025-11-01,2025-11-30,London,QVR,NHS NORTH WEST LONDON INTEGRATED CARE BOARD,RV3,CENTRAL AND NORTH WEST LONDON NHS FOUNDATION TRUST,MH011,North West London - Central and North West London NHS Foundation Trust (CNWL),A02,Calls routed through IVR,1070
2025-11-01,2025-11-30,London,QVR,NHS NORTH WEST LONDON INTEGRATED CARE BOARD,RV3,CENTRAL AND NORTH WEST LONDON NHS FOUNDATION TRUST,MH011,North West London - Central and North West London NHS Foundation Trust (CNWL),A03,Number of answered calls,674
2025-11-01,2025-11-30,London,QVR,NHS NORTH WEST LONDON INTEGRATED CARE BOARD,RV3,CENTRAL AND NORTH WEST LONDON NHS FOUNDATION TRUST,MH011,North West London - Central and North West London NHS Foundation Trust (CNWL),B01,Number of calls answered within 60 seconds,460
2025-11-01,2025-11-30,London,QVR,NHS NORTH WEST LONDON INTEGRATED CARE BOARD,RV3,CENTRAL AND NORTH WEST LONDON NHS FOUNDATION TRUST,MH011,North West London - Central and North West London NHS Foundation Trust (CNWL),B02,Number of calls abandoned,112
2025-11-01,2025-11-30,London,QVR,NHS NORTH WEST LONDON INTEGRATED CARE BOARD,RV3,CENTRAL AND NORTH WEST LONDON NHS FOUNDATION TRUST,MH011,North West London - Central and North West London NHS Foundation Trust (CNWL),B03,Calls abandoned in 30 seconds or less,32
2025-11-01,2025-11-30,London,QVR,NHS NORTH WEST LONDON INTEGRATED CARE BOARD,RV3,CENTRAL AND NORTH WEST LONDON NHS FOUNDATION TRUST,MH011,North West London - Central and North West London NHS Foundation Trust (CNWL),B04,Calls abandoned in over 30 seconds and up to and including 60 seconds,23
2025-11-01,2025-11-30,London,QVR,NHS NORTH WEST LONDON INTEGRATED CARE BOARD,RV3,CENTRAL AND NORTH WEST LONDON NHS FOUNDATION TRUST,MH011,North West London - Central and North West London NHS Foundation Trust (CNWL),B05,Calls abandoned after 60 seconds,57
2025-11-01,2025-11-30,London,QVR,NHS NORTH WEST LONDON INTEGRATED CARE BOARD,RV3,CENTRAL AND NORTH WEST LONDON NHS FOUNDATION TRUST,MH011,North West London - Central and North West London NHS Foundation Trust (CNWL),B06,Total time to call answer (seconds),79581
2025-11-01,2025-11-30,London,QVR,NHS NORTH WEST LONDON INTEGRATED CARE BOARD,RV3,CENTRAL AND NORTH WEST LONDON NHS FOUNDATION TRUST,MH011,North West London - Central and North West London NHS Foundation Trust (CNWL),B07,95th centile call answer time (seconds),465
2025-11-01,2025-11-30,London,QVR,NHS NORTH WEST LONDON INTEGRATED CARE BOARD,RV3,CENTRAL AND NORTH WEST LONDON NHS FOUNDATION TRUST,MH011,North West London - Central and North West London NHS Foundation Trust (CNWL),B09,Total time of abandoned calls (seconds),19134
2025-11-01,2025-11-30,East of England,QHG,"NHS BEDFORDSHIRE, LUTON AND MILTON KEYNES INTEGRATED CARE BOARD",RV3,CENTRAL AND NORTH WEST LONDON NHS FOUNDATION TRUST,MH017,Milton Keynes MH Crisis Line,A01,Number of calls received,324
2025-11-01,2025-11-30,East of England,QHG,"NHS BEDFORDSHIRE, LUTON AND MILTON KEYNES INTEGRATED CARE BOARD",RV3,CENTRAL AND NORTH WEST LONDON NHS FOUNDATION TRUST,MH017,Milton Keynes MH Crisis Line,A02,Calls routed through IVR,324
2025-11-01,2025-11-30,East of England,QHG,"NHS BEDFORDSHIRE, LUTON AND MILTON KEYNES INTEGRATED CARE BOARD",RV3,CENTRAL AND NORTH WEST LONDON NHS FOUNDATION TRUST,MH017,Milton Keynes MH Crisis Line,A03,Number of answered calls,254
2025-11-01,2025-11-30,East of England,QHG,"NHS BEDFORDSHIRE, LUTON AND MILTON KEYNES INTEGRATED CARE BOARD",RV3,CENTRAL AND NORTH WEST LONDON NHS FOUNDATION TRUST,MH017,Milton Keynes MH Crisis Line,B01,Number of calls answered within 60 seconds,217
2025-11-01,2025-11-30,East of England,QHG,"NHS BEDFORDSHIRE, LUTON AND MILTON KEYNES INTEGRATED CARE BOARD",RV3,CENTRAL AND NORTH WEST LONDON NHS FOUNDATION TRUST,MH017,Milton Keynes MH Crisis Line,B02,Number of calls abandoned,24
2025-11-01,2025-11-30,East of England,QHG,"NHS BEDFORDSHIRE, LUTON AND MILTON KEYNES INTEGRATED CARE BOARD",RV3,CENTRAL AND NORTH WEST LONDON NHS FOUNDATION TRUST,MH017,Milton Keynes MH Crisis Line,B03,Calls abandoned in 30 seconds or less,7
2025-11-01,2025-11-30,East of England,QHG,"NHS BEDFORDSHIRE, LUTON AND MILTON KEYNES INTEGRATED CARE BOARD",RV3,CENTRAL AND NORTH WEST LONDON NHS FOUNDATION TRUST,MH017,Milton Keynes MH Crisis Line,B04,Calls abandoned in over 30 seconds and up to and including 60 seconds,5
2025-11-01,2025-11-30,East of England,QHG,"NHS BEDFORDSHIRE, LUTON AND MILTON KEYNES INTEGRATED CARE BOARD",RV3,CENTRAL AND NORTH WEST LONDON NHS FOUNDATION TRUST,MH017,Milton Keynes MH Crisis Line,B05,Calls abandoned after 60 seconds,12
2025-11-01,2025-11-30,East of England,QHG,"NHS BEDFORDSHIRE, LUTON AND MILTON KEYNES INTEGRATED CARE BOARD",RV3,CENTRAL AND NORTH WEST LONDON NHS FOUNDATION TRUST,MH017,Milton Keynes MH Crisis Line,B06,Total time to call answer (seconds),22304
2025-11-01,2025-11-30,East of England,QHG,"NHS BEDFORDSHIRE, LUTON AND MILTON KEYNES INTEGRATED CARE BOARD",RV3,CENTRAL AND NORTH WEST LONDON NHS FOUNDATION TRUST,MH017,Milton Keynes MH Crisis Line,B07,95th centile call answer time (seconds),1170
2025-11-01,2025-11-30,East of England,QHG,"NHS BEDFORDSHIRE, LUTON AND MILTON KEYNES INTEGRATED CARE BOARD",RV3,CENTRAL AND NORTH WEST LONDON NHS FOUNDATION TRUST,MH017,Milton Keynes MH Crisis Line,B09,Total time of abandoned calls (seconds),5724
2025-11-01,2025-11-30,Midlands,QJ2,NHS DERBY AND DERBYSHIRE INTEGRATED CARE BOARD,RXM,DERBYSHIRE HEALTHCARE NHS FOUNDATION TRUST,MH018,Derbyshire Mental Health Helpline and Support Service (DHFT),A01,Number of calls received,5617
2025-11-01,2025-11-30,Midlands,QJ2,NHS DERBY AND DERBYSHIRE INTEGRATED CARE BOARD,RXM,DERBYSHIRE HEALTHCARE NHS FOUNDATION TRUST,MH018,Derbyshire Mental Health Helpline and Support Service (DHFT),A02,Calls routed through IVR,1727
2025-11-01,2025-11-30,Midlands,QJ2,NHS DERBY AND DERBYSHIRE INTEGRATED CARE BOARD,RXM,DERBYSHIRE HEALTHCARE NHS FOUNDATION TRUST,MH018,Derbyshire Mental Health Helpline and Support Service (DHFT),A03,Number of answered calls,3263
2025-11-01,2025-11-30,Midlands,QJ2,NHS DERBY AND DERBYSHIRE INTEGRATED CARE BOARD,RXM,DERBYSHIRE HEALTHCARE NHS FOUNDATION TRUST,MH018,Derbyshire Mental Health Helpline and Support Service (DHFT),B01,Number of calls answered within 60 seconds,1639
2025-11-01,2025-11-30,Midlands,QJ2,NHS DERBY AND DERBYSHIRE INTEGRATED CARE BOARD,RXM,DERBYSHIRE HEALTHCARE NHS FOUNDATION TRUST,MH018,Derbyshire Mental Health Helpline and Support Service (DHFT),B02,Number of calls abandoned,2333
2025-11-01,2025-11-30,Midlands,QJ2,NHS DERBY AND DERBYSHIRE INTEGRATED CARE BOARD,RXM,DERBYSHIRE HEALTHCARE NHS FOUNDATION TRUST,MH018,Derbyshire Mental Health Helpline and Support Service (DHFT),B03,Calls abandoned in 30 seconds or less,604
2025-11-01,2025-11-30,Midlands,QJ2,NHS DERBY AND DERBYSHIRE INTEGRATED CARE BOARD,RXM,DERBYSHIRE HEALTHCARE NHS FOUNDATION TRUST,MH018,Derbyshire Mental Health Helpline and Support Service (DHFT),B04,Calls abandoned in over 30 seconds and up to and including 60 seconds,251
2025-11-01,2025-11-30,Midlands,QJ2,NHS DERBY AND DERBYSHIRE INTEGRATED CARE BOARD,RXM,DERBYSHIRE HEALTHCARE NHS FOUNDATION TRUST,MH018,Derbyshire Mental Health Helpline and Support Service (DHFT),B05,Calls abandoned after 60 seconds,1478
2025-11-01,2025-11-30,Midlands,QJ2,NHS DERBY AND DERBYSHIRE INTEGRATED CARE BOARD,RXM,DERBYSHIRE HEALTHCARE NHS FOUNDATION TRUST,MH018,Derbyshire Mental Health Helpline and Support Service (DHFT),B06,Total time to call answer (seconds),325497
2025-11-01,2025-11-30,Midlands,QJ2,NHS DERBY AND DERBYSHIRE INTEGRATED CARE BOARD,RXM,DERBYSHIRE HEALTHCARE NHS FOUNDATION TRUST,MH018,Derbyshire Mental Health Helpline and Support Service (DHFT),B07,95th centile call answer time (seconds),-
2025-11-01,2025-11-30,Midlands,QJ2,NHS DERBY AND DERBYSHIRE INTEGRATED CARE BOARD,RXM,DERBYSHIRE HEALTHCARE NHS FOUNDATION TRUST,MH018,Derbyshire Mental Health Helpline and Support Service (DHFT),B09,Total time of abandoned calls (seconds),507870
2025-11-01,2025-11-30,South West,QT6,NHS CORNWALL AND THE ISLES OF SCILLY INTEGRATED CARE BOARD,RJ8,CORNWALL PARTNERSHIP NHS FOUNDATION TRUST,MH013,Cornwall Mental Health Crisis (MHCC),A01,Number of calls received,6681
2025-11-01,2025-11-30,South West,QT6,NHS CORNWALL AND THE ISLES OF SCILLY INTEGRATED CARE BOARD,RJ8,CORNWALL PARTNERSHIP NHS FOUNDATION TRUST,MH013,Cornwall Mental Health Crisis (MHCC),A02,Calls routed through IVR,6681
2025-11-01,2025-11-30,South West,QT6,NHS CORNWALL AND THE ISLES OF SCILLY INTEGRATED CARE BOARD,RJ8,CORNWALL PARTNERSHIP NHS FOUNDATION TRUST,MH013,Cornwall Mental Health Crisis (MHCC),A03,Number of answered calls,4055
2025-11-01,2025-11-30,South West,QT6,NHS CORNWALL AND THE ISLES OF SCILLY INTEGRATED CARE BOARD,RJ8,CORNWALL PARTNERSHIP NHS FOUNDATION TRUST,MH013,Cornwall Mental Health Crisis (MHCC),B01,Number of calls answered within 60 seconds,1728
2025-11-01,2025-11-30,South West,QT6,NHS CORNWALL AND THE ISLES OF SCILLY INTEGRATED CARE BOARD,RJ8,CORNWALL PARTNERSHIP NHS FOUNDATION TRUST,MH013,Cornwall Mental Health Crisis (MHCC),B02,Number of calls abandoned,792
2025-11-01,2025-11-30,South West,QT6,NHS CORNWALL AND THE ISLES OF SCILLY INTEGRATED CARE BOARD,RJ8,CORNWALL PARTNERSHIP NHS FOUNDATION TRUST,MH013,Cornwall Mental Health Crisis (MHCC),B03,Calls abandoned in 30 seconds or less,101
2025-11-01,2025-11-30,South West,QT6,NHS CORNWALL AND THE ISLES OF SCILLY INTEGRATED CARE BOARD,RJ8,CORNWALL PARTNERSHIP NHS FOUNDATION TRUST,MH013,Cornwall Mental Health Crisis (MHCC),B04,Calls abandoned in over 30 seconds and up to and including 60 seconds,119
2025-11-01,2025-11-30,South West,QT6,NHS CORNWALL AND THE ISLES OF SCILLY INTEGRATED CARE BOARD,RJ8,CORNWALL PARTNERSHIP NHS FOUNDATION TRUST,MH013,Cornwall Mental Health Crisis (MHCC),B05,Calls abandoned after 60 seconds,572
2025-11-01,2025-11-30,South West,QT6,NHS CORNWALL AND THE ISLES OF SCILLY INTEGRATED CARE BOARD,RJ8,CORNWALL PARTNERSHIP NHS FOUNDATION TRUST,MH013,Cornwall Mental Health Crisis (MHCC),B06,Total time to call answer (seconds),2207700
2025-11-01,2025-11-30,South West,QT6,NHS CORNWALL AND THE ISLES OF SCILLY INTEGRATED CARE BOARD,RJ8,CORNWALL PARTNERSHIP NHS FOUNDATION TRUST,MH013,Cornwall Mental Health Crisis (MHCC),B07,95th centile call answer time (seconds),2280
2025-11-01,2025-11-30,South West,QT6,NHS CORNWALL AND THE ISLES OF SCILLY INTEGRATED CARE BOARD,RJ8,CORNWALL PARTNERSHIP NHS FOUNDATION TRUST,MH013,Cornwall Mental Health Crisis (MHCC),B09,Total time of abandoned calls (seconds),175607
2025-11-01,2025-11-30,North East and Yorkshire,QHM,NHS NORTH EAST AND NORTH CUMBRIA INTEGRATED CARE BOARD,RX3,"TEES, ESK AND WEAR VALLEYS NHS FOUNDATION TRUST",MH067,TEWV North East and North Cumbria,A01,Number of calls received,5277
2025-11-01,2025-11-30,North East and Yorkshire,QHM,NHS NORTH EAST AND NORTH CUMBRIA INTEGRATED CARE BOARD,RX3,"TEES, ESK AND WEAR VALLEYS NHS FOUNDATION TRUST",MH067,TEWV North East and North Cumbria,A02,Calls routed through IVR,5270
2025-11-01,2025-11-30,North East and Yorkshire,QHM,NHS NORTH EAST AND NORTH CUMBRIA INTEGRATED CARE BOARD,RX3,"TEES, ESK AND WEAR VALLEYS NHS FOUNDATION TRUST",MH067,TEWV North East and North Cumbria,A03,Number of answered calls,5058
2025-11-01,2025-11-30,North East and Yorkshire,QHM,NHS NORTH EAST AND NORTH CUMBRIA INTEGRATED CARE BOARD,RX3,"TEES, ESK AND WEAR VALLEYS NHS FOUNDATION TRUST",MH067,TEWV North East and North Cumbria,B01,Number of calls answered within 60 seconds,4531
2025-11-01,2025-11-30,North East and Yorkshire,QHM,NHS NORTH EAST AND NORTH CUMBRIA INTEGRATED CARE BOARD,RX3,"TEES, ESK AND WEAR VALLEYS NHS FOUNDATION TRUST",MH067,TEWV North East and North Cumbria,B02,Number of calls abandoned,208
2025-11-01,2025-11-30,North East and Yorkshire,QHM,NHS NORTH EAST AND NORTH CUMBRIA INTEGRATED CARE BOARD,RX3,"TEES, ESK AND WEAR VALLEYS NHS FOUNDATION TRUST",MH067,TEWV North East and North Cumbria,B03,Calls abandoned in 30 seconds or less,83
2025-11-01,2025-11-30,North East and Yorkshire,QHM,NHS NORTH EAST AND NORTH CUMBRIA INTEGRATED CARE BOARD,RX3,"TEES, ESK AND WEAR VALLEYS NHS FOUNDATION TRUST",MH067,TEWV North East and North Cumbria,B04,Calls abandoned in over 30 seconds and up to and including 60 seconds,28
2025-11-01,2025-11-30,North East and Yorkshire,QHM,NHS NORTH EAST AND NORTH CUMBRIA INTEGRATED CARE BOARD,RX3,"TEES, ESK AND WEAR VALLEYS NHS FOUNDATION TRUST",MH067,TEWV North East and North Cumbria,B05,Calls abandoned after 60 seconds,97
2025-11-01,2025-11-30,North East and Yorkshire,QHM,NHS NORTH EAST AND NORTH CUMBRIA INTEGRATED CARE BOARD,RX3,"TEES, ESK AND WEAR VALLEYS NHS FOUNDATION TRUST",MH067,TEWV North East and North Cumbria,B06,Total time to call answer (seconds),156478
2025-11-01,2025-11-30,North East and Yorkshire,QHM,NHS NORTH EAST AND NORTH CUMBRIA INTEGRATED CARE BOARD,RX3,"TEES, ESK AND WEAR VALLEYS NHS FOUNDATION TRUST",MH067,TEWV North East and North Cumbria,B07,95th centile call answer time (seconds),171
2025-11-01,2025-11-30,North East and Yorkshire,QHM,NHS NORTH EAST AND NORTH CUMBRIA INTEGRATED CARE BOARD,RX3,"TEES, ESK AND WEAR VALLEYS NHS FOUNDATION TRUST",MH067,TEWV North East and North Cumbria,B09,Total time of abandoned calls (seconds),20854
2025-11-01,2025-11-30,North East and Yorkshire,QOQ,NHS HUMBER AND NORTH YORKSHIRE INTEGRATED CARE BOARD,RX3,"TEES, ESK AND WEAR VALLEYS NHS FOUNDATION TRUST",MH077,TEWV Humber and North Yorkshire,A01,Number of calls received,2576
2025-11-01,2025-11-30,North East and Yorkshire,QOQ,NHS HUMBER AND NORTH YORKSHIRE INTEGRATED CARE BOARD,RX3,"TEES, ESK AND WEAR VALLEYS NHS FOUNDATION TRUST",MH077,TEWV Humber and North Yorkshire,A02,Calls routed through IVR,2569
2025-11-01,2025-11-30,North East and Yorkshire,QOQ,NHS HUMBER AND NORTH YORKSHIRE INTEGRATED CARE BOARD,RX3,"TEES, ESK AND WEAR VALLEYS NHS FOUNDATION TRUST",MH077,TEWV Humber and North Yorkshire,A03,Number of answered calls,1997
2025-11-01,2025-11-30,North East and Yorkshire,QOQ,NHS HUMBER AND NORTH YORKSHIRE INTEGRATED CARE BOARD,RX3,"TEES, ESK AND WEAR VALLEYS NHS FOUNDATION TRUST",MH077,TEWV Humber and North Yorkshire,B01,Number of calls answered within 60 seconds,1544
2025-11-01,2025-11-30,North East and Yorkshire,QOQ,NHS HUMBER AND NORTH YORKSHIRE INTEGRATED CARE BOARD,RX3,"TEES, ESK AND WEAR VALLEYS NHS FOUNDATION TRUST",MH077,TEWV Humber and North Yorkshire,B02,Number of calls abandoned,424
2025-11-01,2025-11-30,North East and Yorkshire,QOQ,NHS HUMBER AND NORTH YORKSHIRE INTEGRATED CARE BOARD,RX3,"TEES, ESK AND WEAR VALLEYS NHS FOUNDATION TRUST",MH077,TEWV Humber and North Yorkshire,B03,Calls abandoned in 30 seconds or less,76
2025-11-01,2025-11-30,North East and Yorkshire,QOQ,NHS HUMBER AND NORTH YORKSHIRE INTEGRATED CARE BOARD,RX3,"TEES, ESK AND WEAR VALLEYS NHS FOUNDATION TRUST",MH077,TEWV Humber and North Yorkshire,B04,Calls abandoned in over 30 seconds and up to and including 60 seconds,63
2025-11-01,2025-11-30,North East and Yorkshire,QOQ,NHS HUMBER AND NORTH YORKSHIRE INTEGRATED CARE BOARD,RX3,"TEES, ESK AND WEAR VALLEYS NHS FOUNDATION TRUST",MH077,TEWV Humber and North Yorkshire,B05,Calls abandoned after 60 seconds,285
2025-11-01,2025-11-30,North East and Yorkshire,QOQ,NHS HUMBER AND NORTH YORKSHIRE INTEGRATED CARE BOARD,RX3,"TEES, ESK AND WEAR VALLEYS NHS FOUNDATION TRUST",MH077,TEWV Humber and North Yorkshire,B06,Total time to call answer (seconds),182328
2025-11-01,2025-11-30,North East and Yorkshire,QOQ,NHS HUMBER AND NORTH YORKSHIRE INTEGRATED CARE BOARD,RX3,"TEES, ESK AND WEAR VALLEYS NHS FOUNDATION TRUST",MH077,TEWV Humber and North Yorkshire,B07,95th centile call answer time (seconds),460
2025-11-01,2025-11-30,North East and Yorkshire,QOQ,NHS HUMBER AND NORTH YORKSHIRE INTEGRATED CARE BOARD,RX3,"TEES, ESK AND WEAR VALLEYS NHS FOUNDATION TRUST",MH077,TEWV Humber and North Yorkshire,B09,Total time of abandoned calls (seconds),85565
2025-11-01,2025-11-30,Midlands,QNC,NHS STAFFORDSHIRE AND STOKE-ON-TRENT INTEGRATED CARE BOARD,RLY,NORTH STAFFORDSHIRE COMBINED HEALTHCARE NHS TRUST,MH049,Crisis Care Centre (NSCHT),A01,Number of calls received,2981
2025-11-01,2025-11-30,Midlands,QNC,NHS STAFFORDSHIRE AND STOKE-ON-TRENT INTEGRATED CARE BOARD,RLY,NORTH STAFFORDSHIRE COMBINED HEALTHCARE NHS TRUST,MH049,Crisis Care Centre (NSCHT),A02,Calls routed through IVR,394
2025-11-01,2025-11-30,Midlands,QNC,NHS STAFFORDSHIRE AND STOKE-ON-TRENT INTEGRATED CARE BOARD,RLY,NORTH STAFFORDSHIRE COMBINED HEALTHCARE NHS TRUST,MH049,Crisis Care Centre (NSCHT),A03,Number of answered calls,2321
2025-11-01,2025-11-30,Midlands,QNC,NHS STAFFORDSHIRE AND STOKE-ON-TRENT INTEGRATED CARE BOARD,RLY,NORTH STAFFORDSHIRE COMBINED HEALTHCARE NHS TRUST,MH049,Crisis Care Centre (NSCHT),B01,Number of calls answered within 60 seconds,2225
2025-11-01,2025-11-30,Midlands,QNC,NHS STAFFORDSHIRE AND STOKE-ON-TRENT INTEGRATED CARE BOARD,RLY,NORTH STAFFORDSHIRE COMBINED HEALTHCARE NHS TRUST,MH049,Crisis Care Centre (NSCHT),B02,Number of calls abandoned,659
2025-11-01,2025-11-30,Midlands,QNC,NHS STAFFORDSHIRE AND STOKE-ON-TRENT INTEGRATED CARE BOARD,RLY,NORTH STAFFORDSHIRE COMBINED HEALTHCARE NHS TRUST,MH049,Crisis Care Centre (NSCHT),B03,Calls abandoned in 30 seconds or less,78
2025-11-01,2025-11-30,Midlands,QNC,NHS STAFFORDSHIRE AND STOKE-ON-TRENT INTEGRATED CARE BOARD,RLY,NORTH STAFFORDSHIRE COMBINED HEALTHCARE NHS TRUST,MH049,Crisis Care Centre (NSCHT),B04,Calls abandoned in over 30 seconds and up to and including 60 seconds,67
2025-11-01,2025-11-30,Midlands,QNC,NHS STAFFORDSHIRE AND STOKE-ON-TRENT INTEGRATED CARE BOARD,RLY,NORTH STAFFORDSHIRE COMBINED HEALTHCARE NHS TRUST,MH049,Crisis Care Centre (NSCHT),B05,Calls abandoned after 60 seconds,514
2025-11-01,2025-11-30,Midlands,QNC,NHS STAFFORDSHIRE AND STOKE-ON-TRENT INTEGRATED CARE BOARD,RLY,NORTH STAFFORDSHIRE COMBINED HEALTHCARE NHS TRUST,MH049,Crisis Care Centre (NSCHT),B06,Total time to call answer (seconds),384319
2025-11-01,2025-11-30,Midlands,QNC,NHS STAFFORDSHIRE AND STOKE-ON-TRENT INTEGRATED CARE BOARD,RLY,NORTH STAFFORDSHIRE COMBINED HEALTHCARE NHS TRUST,MH049,Crisis Care Centre (NSCHT),B07,95th centile call answer time (seconds),1202
2025-11-01,2025-11-30,Midlands,QNC,NHS STAFFORDSHIRE AND STOKE-ON-TRENT INTEGRATED CARE BOARD,RLY,NORTH STAFFORDSHIRE COMBINED HEALTHCARE NHS TRUST,MH049,Crisis Care Centre (NSCHT),B09,Total time of abandoned calls (seconds),331189
2025-11-01,2025-11-30,North East and Yorkshire,QOQ,NHS HUMBER AND NORTH YORKSHIRE INTEGRATED CARE BOARD,NQL,NAVIGO HEALTH AND SOCIAL CARE CIC,MH040,Navigo from Adult to All Age,A01,Number of calls received,4608
2025-11-01,2025-11-30,North East and Yorkshire,QOQ,NHS HUMBER AND NORTH YORKSHIRE INTEGRATED CARE BOARD,NQL,NAVIGO HEALTH AND SOCIAL CARE CIC,MH040,Navigo from Adult to All Age,A02,Calls routed through IVR,199
2025-11-01,2025-11-30,North East and Yorkshire,QOQ,NHS HUMBER AND NORTH YORKSHIRE INTEGRATED CARE BOARD,NQL,NAVIGO HEALTH AND SOCIAL CARE CIC,MH040,Navigo from Adult to All Age,A03,Number of answered calls,2459
2025-11-01,2025-11-30,North East and Yorkshire,QOQ,NHS HUMBER AND NORTH YORKSHIRE INTEGRATED CARE BOARD,NQL,NAVIGO HEALTH AND SOCIAL CARE CIC,MH040,Navigo from Adult to All Age,B01,Number of calls answered within 60 seconds,1313
2025-11-01,2025-11-30,North East and Yorkshire,QOQ,NHS HUMBER AND NORTH YORKSHIRE INTEGRATED CARE BOARD,NQL,NAVIGO HEALTH AND SOCIAL CARE CIC,MH040,Navigo from Adult to All Age,B02,Number of calls abandoned,1323
2025-11-01,2025-11-30,North East and Yorkshire,QOQ,NHS HUMBER AND NORTH YORKSHIRE INTEGRATED CARE BOARD,NQL,NAVIGO HEALTH AND SOCIAL CARE CIC,MH040,Navigo from Adult to All Age,B03,Calls abandoned in 30 seconds or less,938
2025-11-01,2025-11-30,North East and Yorkshire,QOQ,NHS HUMBER AND NORTH YORKSHIRE INTEGRATED CARE BOARD,NQL,NAVIGO HEALTH AND SOCIAL CARE CIC,MH040,Navigo from Adult to All Age,B04,Calls abandoned in over 30 seconds and up to and including 60 seconds,67
2025-11-01,2025-11-30,North East and Yorkshire,QOQ,NHS HUMBER AND NORTH YORKSHIRE INTEGRATED CARE BOARD,NQL,NAVIGO HEALTH AND SOCIAL CARE CIC,MH040,Navigo from Adult to All Age,B05,Calls abandoned after 60 seconds,318
2025-11-01,2025-11-30,North East and Yorkshire,QOQ,NHS HUMBER AND NORTH YORKSHIRE INTEGRATED CARE BOARD,NQL,NAVIGO HEALTH AND SOCIAL CARE CIC,MH040,Navigo from Adult to All Age,B06,Total time to call answer (seconds),554201
2025-11-01,2025-11-30,North East and Yorkshire,QOQ,NHS HUMBER AND NORTH YORKSHIRE INTEGRATED CARE BOARD,NQL,NAVIGO HEALTH AND SOCIAL CARE CIC,MH040,Navigo from Adult to All Age,B07,95th centile call answer time (seconds),616
2025-11-01,2025-11-30,North East and Yorkshire,QOQ,NHS HUMBER AND NORTH YORKSHIRE INTEGRATED CARE BOARD,NQL,NAVIGO HEALTH AND SOCIAL CARE CIC,MH040,Navigo from Adult to All Age,B09,Total time of abandoned calls (seconds),103368
2025-11-01,2025-11-30,North East and Yorkshire,QF7,NHS SOUTH YORKSHIRE INTEGRATED CARE BOARD,RCU,SHEFFIELD CHILDREN'S NHS FOUNDATION TRUST,MH075,Papyus,A01,Number of calls received,12
2025-11-01,2025-11-30,North East and Yorkshire,QF7,NHS SOUTH YORKSHIRE INTEGRATED CARE BOARD,RCU,SHEFFIELD CHILDREN'S NHS FOUNDATION TRUST,MH075,Papyus,A02,Calls routed through IVR,9
2025-11-01,2025-11-30,North East and Yorkshire,QF7,NHS SOUTH YORKSHIRE INTEGRATED CARE BOARD,RCU,SHEFFIELD CHILDREN'S NHS FOUNDATION TRUST,MH075,Papyus,A03,Number of answered calls,9
2025-11-01,2025-11-30,North East and Yorkshire,QF7,NHS SOUTH YORKSHIRE INTEGRATED CARE BOARD,RCU,SHEFFIELD CHILDREN'S NHS FOUNDATION TRUST,MH075,Papyus,B01,Number of calls answered within 60 seconds,6
2025-11-01,2025-11-30,North East and Yorkshire,QF7,NHS SOUTH YORKSHIRE INTEGRATED CARE BOARD,RCU,SHEFFIELD CHILDREN'S NHS FOUNDATION TRUST,MH075,Papyus,B02,Number of calls abandoned,3
2025-11-01,2025-11-30,North East and Yorkshire,QF7,NHS SOUTH YORKSHIRE INTEGRATED CARE BOARD,RCU,SHEFFIELD CHILDREN'S NHS FOUNDATION TRUST,MH075,Papyus,B03,Calls abandoned in 30 seconds or less,2
2025-11-01,2025-11-30,North East and Yorkshire,QF7,NHS SOUTH YORKSHIRE INTEGRATED CARE BOARD,RCU,SHEFFIELD CHILDREN'S NHS FOUNDATION TRUST,MH075,Papyus,B04,Calls abandoned in over 30 seconds and up to and including 60 seconds,1
2025-11-01,2025-11-30,North East and Yorkshire,QF7,NHS SOUTH YORKSHIRE INTEGRATED CARE BOARD,RCU,SHEFFIELD CHILDREN'S NHS FOUNDATION TRUST,MH075,Papyus,B05,Calls abandoned after 60 seconds,0
2025-11-01,2025-11-30,North East and Yorkshire,QF7,NHS SOUTH YORKSHIRE INTEGRATED CARE BOARD,RCU,SHEFFIELD CHILDREN'S NHS FOUNDATION TRUST,MH075,Papyus,B06,Total time to call answer (seconds),729
2025-11-01,2025-11-30,North East and Yorkshire,QF7,NHS SOUTH YORKSHIRE INTEGRATED CARE BOARD,RCU,SHEFFIELD CHILDREN'S NHS FOUNDATION TRUST,MH075,Papyus,B07,95th centile call answer time (seconds),255
2025-11-01,2025-11-30,North East and Yorkshire,QF7,NHS SOUTH YORKSHIRE INTEGRATED CARE BOARD,RCU,SHEFFIELD CHILDREN'S NHS FOUNDATION TRUST,MH075,Papyus,B09,Total time of abandoned calls (seconds),100
2025-11-01,2025-11-30,Midlands,QOC,"NHS SHROPSHIRE, TELFORD AND WREKIN INTEGRATED CARE BOARD",RRE,MIDLANDS PARTNERSHIP UNIVERSITY NHS FOUNDATION TRUST,MH038,Shropshire Telford Wrekin (MPFT),A01,Number of calls received,2208
2025-11-01,2025-11-30,Midlands,QOC,"NHS SHROPSHIRE, TELFORD AND WREKIN INTEGRATED CARE BOARD",RRE,MIDLANDS PARTNERSHIP UNIVERSITY NHS FOUNDATION TRUST,MH038,Shropshire Telford Wrekin (MPFT),A02,Calls routed through IVR,431
2025-11-01,2025-11-30,Midlands,QOC,"NHS SHROPSHIRE, TELFORD AND WREKIN INTEGRATED CARE BOARD",RRE,MIDLANDS PARTNERSHIP UNIVERSITY NHS FOUNDATION TRUST,MH038,Shropshire Telford Wrekin (MPFT),A03,Number of answered calls,1527
2025-11-01,2025-11-30,Midlands,QOC,"NHS SHROPSHIRE, TELFORD AND WREKIN INTEGRATED CARE BOARD",RRE,MIDLANDS PARTNERSHIP UNIVERSITY NHS FOUNDATION TRUST,MH038,Shropshire Telford Wrekin (MPFT),B01,Number of calls answered within 60 seconds,1095
2025-11-01,2025-11-30,Midlands,QOC,"NHS SHROPSHIRE, TELFORD AND WREKIN INTEGRATED CARE BOARD",RRE,MIDLANDS PARTNERSHIP UNIVERSITY NHS FOUNDATION TRUST,MH038,Shropshire Telford Wrekin (MPFT),B02,Number of calls abandoned,408
2025-11-01,2025-11-30,Midlands,QOC,"NHS SHROPSHIRE, TELFORD AND WREKIN INTEGRATED CARE BOARD",RRE,MIDLANDS PARTNERSHIP UNIVERSITY NHS FOUNDATION TRUST,MH038,Shropshire Telford Wrekin (MPFT),B03,Calls abandoned in 30 seconds or less,62
2025-11-01,2025-11-30,Midlands,QOC,"NHS SHROPSHIRE, TELFORD AND WREKIN INTEGRATED CARE BOARD",RRE,MIDLANDS PARTNERSHIP UNIVERSITY NHS FOUNDATION TRUST,MH038,Shropshire Telford Wrekin (MPFT),B04,Calls abandoned in over 30 seconds and up to and including 60 seconds,25
2025-11-01,2025-11-30,Midlands,QOC,"NHS SHROPSHIRE, TELFORD AND WREKIN INTEGRATED CARE BOARD",RRE,MIDLANDS PARTNERSHIP UNIVERSITY NHS FOUNDATION TRUST,MH038,Shropshire Telford Wrekin (MPFT),B05,Calls abandoned after 60 seconds,321
2025-11-01,2025-11-30,Midlands,QOC,"NHS SHROPSHIRE, TELFORD AND WREKIN INTEGRATED CARE BOARD",RRE,MIDLANDS PARTNERSHIP UNIVERSITY NHS FOUNDATION TRUST,MH038,Shropshire Telford Wrekin (MPFT),B06,Total time to call answer (seconds),356071
2025-11-01,2025-11-30,Midlands,QOC,"NHS SHROPSHIRE, TELFORD AND WREKIN INTEGRATED CARE BOARD",RRE,MIDLANDS PARTNERSHIP UNIVERSITY NHS FOUNDATION TRUST,MH038,Shropshire Telford Wrekin (MPFT),B07,95th centile call answer time (seconds),729
2025-11-01,2025-11-30,Midlands,QOC,"NHS SHROPSHIRE, TELFORD AND WREKIN INTEGRATED CARE BOARD",RRE,MIDLANDS PARTNERSHIP UNIVERSITY NHS FOUNDATION TRUST,MH038,Shropshire Telford Wrekin (MPFT),B09,Total time of abandoned calls (seconds),154230
2025-11-01,2025-11-30,Midlands,QNC,NHS STAFFORDSHIRE AND STOKE-ON-TRENT INTEGRATED CARE BOARD,RRE,MIDLANDS PARTNERSHIP UNIVERSITY NHS FOUNDATION TRUST,MH039,Staffordshire and South Staffordshire (MPFT),A01,Number of calls received,4530
2025-11-01,2025-11-30,Midlands,QNC,NHS STAFFORDSHIRE AND STOKE-ON-TRENT INTEGRATED CARE BOARD,RRE,MIDLANDS PARTNERSHIP UNIVERSITY NHS FOUNDATION TRUST,MH039,Staffordshire and South Staffordshire (MPFT),A02,Calls routed through IVR,423
2025-11-01,2025-11-30,Midlands,QNC,NHS STAFFORDSHIRE AND STOKE-ON-TRENT INTEGRATED CARE BOARD,RRE,MIDLANDS PARTNERSHIP UNIVERSITY NHS FOUNDATION TRUST,MH039,Staffordshire and South Staffordshire (MPFT),A03,Number of answered calls,2990
2025-11-01,2025-11-30,Midlands,QNC,NHS STAFFORDSHIRE AND STOKE-ON-TRENT INTEGRATED CARE BOARD,RRE,MIDLANDS PARTNERSHIP UNIVERSITY NHS FOUNDATION TRUST,MH039,Staffordshire and South Staffordshire (MPFT),B01,Number of calls answered within 60 seconds,1585
2025-11-01,2025-11-30,Midlands,QNC,NHS STAFFORDSHIRE AND STOKE-ON-TRENT INTEGRATED CARE BOARD,RRE,MIDLANDS PARTNERSHIP UNIVERSITY NHS FOUNDATION TRUST,MH039,Staffordshire and South Staffordshire (MPFT),B02,Number of calls abandoned,1540
2025-11-01,2025-11-30,Midlands,QNC,NHS STAFFORDSHIRE AND STOKE-ON-TRENT INTEGRATED CARE BOARD,RRE,MIDLANDS PARTNERSHIP UNIVERSITY NHS FOUNDATION TRUST,MH039,Staffordshire and South Staffordshire (MPFT),B03,Calls abandoned in 30 seconds or less,184
2025-11-01,2025-11-30,Midlands,QNC,NHS STAFFORDSHIRE AND STOKE-ON-TRENT INTEGRATED CARE BOARD,RRE,MIDLANDS PARTNERSHIP UNIVERSITY NHS FOUNDATION TRUST,MH039,Staffordshire and South Staffordshire (MPFT),B04,Calls abandoned in over 30 seconds and up to and including 60 seconds,126
2025-11-01,2025-11-30,Midlands,QNC,NHS STAFFORDSHIRE AND STOKE-ON-TRENT INTEGRATED CARE BOARD,RRE,MIDLANDS PARTNERSHIP UNIVERSITY NHS FOUNDATION TRUST,MH039,Staffordshire and South Staffordshire (MPFT),B05,Calls abandoned after 60 seconds,1230
2025-11-01,2025-11-30,Midlands,QNC,NHS STAFFORDSHIRE AND STOKE-ON-TRENT INTEGRATED CARE BOARD,RRE,MIDLANDS PARTNERSHIP UNIVERSITY NHS FOUNDATION TRUST,MH039,Staffordshire and South Staffordshire (MPFT),B06,Total time to call answer (seconds),846369
2025-11-01,2025-11-30,Midlands,QNC,NHS STAFFORDSHIRE AND STOKE-ON-TRENT INTEGRATED CARE BOARD,RRE,MIDLANDS PARTNERSHIP UNIVERSITY NHS FOUNDATION TRUST,MH039,Staffordshire and South Staffordshire (MPFT),B07,95th centile call answer time (seconds),1209
2025-11-01,2025-11-30,Midlands,QNC,NHS STAFFORDSHIRE AND STOKE-ON-TRENT INTEGRATED CARE BOARD,RRE,MIDLANDS PARTNERSHIP UNIVERSITY NHS FOUNDATION TRUST,MH039,Staffordshire and South Staffordshire (MPFT),B09,Total time of abandoned calls (seconds),478099
2025-11-01,2025-11-30,Midlands,QHL,NHS BIRMINGHAM AND SOLIHULL INTEGRATED CARE BOARD,RXT,BIRMINGHAM AND SOLIHULL MENTAL HEALTH NHS FOUNDATION TRUST,MH006,Birmingham and Solihull Urgent Mental Health Helpline (BSOLMH),A01,Number of calls received,1358
2025-11-01,2025-11-30,Midlands,QHL,NHS BIRMINGHAM AND SOLIHULL INTEGRATED CARE BOARD,RXT,BIRMINGHAM AND SOLIHULL MENTAL HEALTH NHS FOUNDATION TRUST,MH006,Birmingham and Solihull Urgent Mental Health Helpline (BSOLMH),A02,Calls routed through IVR,1358
2025-11-01,2025-11-30,Midlands,QHL,NHS BIRMINGHAM AND SOLIHULL INTEGRATED CARE BOARD,RXT,BIRMINGHAM AND SOLIHULL MENTAL HEALTH NHS FOUNDATION TRUST,MH006,Birmingham and Solihull Urgent Mental Health Helpline (BSOLMH),A03,Number of answered calls,993
2025-11-01,2025-11-30,Midlands,QHL,NHS BIRMINGHAM AND SOLIHULL INTEGRATED CARE BOARD,RXT,BIRMINGHAM AND SOLIHULL MENTAL HEALTH NHS FOUNDATION TRUST,MH006,Birmingham and Solihull Urgent Mental Health Helpline (BSOLMH),B01,Number of calls answered within 60 seconds,754
2025-11-01,2025-11-30,Midlands,QHL,NHS BIRMINGHAM AND SOLIHULL INTEGRATED CARE BOARD,RXT,BIRMINGHAM AND SOLIHULL MENTAL HEALTH NHS FOUNDATION TRUST,MH006,Birmingham and Solihull Urgent Mental Health Helpline (BSOLMH),B02,Number of calls abandoned,172
2025-11-01,2025-11-30,Midlands,QHL,NHS BIRMINGHAM AND SOLIHULL INTEGRATED CARE BOARD,RXT,BIRMINGHAM AND SOLIHULL MENTAL HEALTH NHS FOUNDATION TRUST,MH006,Birmingham and Solihull Urgent Mental Health Helpline (BSOLMH),B03,Calls abandoned in 30 seconds or less,41
2025-11-01,2025-11-30,Midlands,QHL,NHS BIRMINGHAM AND SOLIHULL INTEGRATED CARE BOARD,RXT,BIRMINGHAM AND SOLIHULL MENTAL HEALTH NHS FOUNDATION TRUST,MH006,Birmingham and Solihull Urgent Mental Health Helpline (BSOLMH),B04,Calls abandoned in over 30 seconds and up to and including 60 seconds,19
2025-11-01,2025-11-30,Midlands,QHL,NHS BIRMINGHAM AND SOLIHULL INTEGRATED CARE BOARD,RXT,BIRMINGHAM AND SOLIHULL MENTAL HEALTH NHS FOUNDATION TRUST,MH006,Birmingham and Solihull Urgent Mental Health Helpline (BSOLMH),B05,Calls abandoned after 60 seconds,112
2025-11-01,2025-11-30,Midlands,QHL,NHS BIRMINGHAM AND SOLIHULL INTEGRATED CARE BOARD,RXT,BIRMINGHAM AND SOLIHULL MENTAL HEALTH NHS FOUNDATION TRUST,MH006,Birmingham and Solihull Urgent Mental Health Helpline (BSOLMH),B06,Total time to call answer (seconds),124403
2025-11-01,2025-11-30,Midlands,QHL,NHS BIRMINGHAM AND SOLIHULL INTEGRATED CARE BOARD,RXT,BIRMINGHAM AND SOLIHULL MENTAL HEALTH NHS FOUNDATION TRUST,MH006,Birmingham and Solihull Urgent Mental Health Helpline (BSOLMH),B07,95th centile call answer time (seconds),622
2025-11-01,2025-11-30,Midlands,QHL,NHS BIRMINGHAM AND SOLIHULL INTEGRATED CARE BOARD,RXT,BIRMINGHAM AND SOLIHULL MENTAL HEALTH NHS FOUNDATION TRUST,MH006,Birmingham and Solihull Urgent Mental Health Helpline (BSOLMH),B09,Total time of abandoned calls (seconds),43287
2025-11-01,2025-11-30,South East,QKS,NHS KENT AND MEDWAY INTEGRATED CARE BOARD,RXY,KENT AND MEDWAY MENTAL HEALTH NHS TRUST,MH029,KMPT,A01,Number of calls received,2838
2025-11-01,2025-11-30,South East,QKS,NHS KENT AND MEDWAY INTEGRATED CARE BOARD,RXY,KENT AND MEDWAY MENTAL HEALTH NHS TRUST,MH029,KMPT,A02,Calls routed through IVR,2838
2025-11-01,2025-11-30,South East,QKS,NHS KENT AND MEDWAY INTEGRATED CARE BOARD,RXY,KENT AND MEDWAY MENTAL HEALTH NHS TRUST,MH029,KMPT,A03,Number of answered calls,2243
2025-11-01,2025-11-30,South East,QKS,NHS KENT AND MEDWAY INTEGRATED CARE BOARD,RXY,KENT AND MEDWAY MENTAL HEALTH NHS TRUST,MH029,KMPT,B01,Number of calls answered within 60 seconds,1381
2025-11-01,2025-11-30,South East,QKS,NHS KENT AND MEDWAY INTEGRATED CARE BOARD,RXY,KENT AND MEDWAY MENTAL HEALTH NHS TRUST,MH029,KMPT,B02,Number of calls abandoned,595
2025-11-01,2025-11-30,South East,QKS,NHS KENT AND MEDWAY INTEGRATED CARE BOARD,RXY,KENT AND MEDWAY MENTAL HEALTH NHS TRUST,MH029,KMPT,B03,Calls abandoned in 30 seconds or less,124
2025-11-01,2025-11-30,South East,QKS,NHS KENT AND MEDWAY INTEGRATED CARE BOARD,RXY,KENT AND MEDWAY MENTAL HEALTH NHS TRUST,MH029,KMPT,B04,Calls abandoned in over 30 seconds and up to and including 60 seconds,61
2025-11-01,2025-11-30,South East,QKS,NHS KENT AND MEDWAY INTEGRATED CARE BOARD,RXY,KENT AND MEDWAY MENTAL HEALTH NHS TRUST,MH029,KMPT,B05,Calls abandoned after 60 seconds,410
2025-11-01,2025-11-30,South East,QKS,NHS KENT AND MEDWAY INTEGRATED CARE BOARD,RXY,KENT AND MEDWAY MENTAL HEALTH NHS TRUST,MH029,KMPT,B06,Total time to call answer (seconds),506649
2025-11-01,2025-11-30,South East,QKS,NHS KENT AND MEDWAY INTEGRATED CARE BOARD,RXY,KENT AND MEDWAY MENTAL HEALTH NHS TRUST,MH029,KMPT,B07,95th centile call answer time (seconds),1067
2025-11-01,2025-11-30,South East,QKS,NHS KENT AND MEDWAY INTEGRATED CARE BOARD,RXY,KENT AND MEDWAY MENTAL HEALTH NHS TRUST,MH029,KMPT,B09,Total time of abandoned calls (seconds),166514
2025-11-01,2025-11-30,South East,QU9,"NHS BUCKINGHAMSHIRE, OXFORDSHIRE AND BERKSHIRE WEST INTEGRATED CARE BOARD",RYE,SOUTH CENTRAL AMBULANCE SERVICE NHS FOUNDATION TRUST,MH052,Oxford (SCAS),A01,Number of calls received,1020
2025-11-01,2025-11-30,South East,QU9,"NHS BUCKINGHAMSHIRE, OXFORDSHIRE AND BERKSHIRE WEST INTEGRATED CARE BOARD",RYE,SOUTH CENTRAL AMBULANCE SERVICE NHS FOUNDATION TRUST,MH052,Oxford (SCAS),A02,Calls routed through IVR,0
2025-11-01,2025-11-30,South East,QU9,"NHS BUCKINGHAMSHIRE, OXFORDSHIRE AND BERKSHIRE WEST INTEGRATED CARE BOARD",RYE,SOUTH CENTRAL AMBULANCE SERVICE NHS FOUNDATION TRUST,MH052,Oxford (SCAS),A03,Number of answered calls,868
2025-11-01,2025-11-30,South East,QU9,"NHS BUCKINGHAMSHIRE, OXFORDSHIRE AND BERKSHIRE WEST INTEGRATED CARE BOARD",RYE,SOUTH CENTRAL AMBULANCE SERVICE NHS FOUNDATION TRUST,MH052,Oxford (SCAS),B01,Number of calls answered within 60 seconds,592
2025-11-01,2025-11-30,South East,QU9,"NHS BUCKINGHAMSHIRE, OXFORDSHIRE AND BERKSHIRE WEST INTEGRATED CARE BOARD",RYE,SOUTH CENTRAL AMBULANCE SERVICE NHS FOUNDATION TRUST,MH052,Oxford (SCAS),B02,Number of calls abandoned,152
2025-11-01,2025-11-30,South East,QU9,"NHS BUCKINGHAMSHIRE, OXFORDSHIRE AND BERKSHIRE WEST INTEGRATED CARE BOARD",RYE,SOUTH CENTRAL AMBULANCE SERVICE NHS FOUNDATION TRUST,MH052,Oxford (SCAS),B03,Calls abandoned in 30 seconds or less,47
2025-11-01,2025-11-30,South East,QU9,"NHS BUCKINGHAMSHIRE, OXFORDSHIRE AND BERKSHIRE WEST INTEGRATED CARE BOARD",RYE,SOUTH CENTRAL AMBULANCE SERVICE NHS FOUNDATION TRUST,MH052,Oxford (SCAS),B04,Calls abandoned in over 30 seconds and up to and including 60 seconds,28
2025-11-01,2025-11-30,South East,QU9,"NHS BUCKINGHAMSHIRE, OXFORDSHIRE AND BERKSHIRE WEST INTEGRATED CARE BOARD",RYE,SOUTH CENTRAL AMBULANCE SERVICE NHS FOUNDATION TRUST,MH052,Oxford (SCAS),B05,Calls abandoned after 60 seconds,77
2025-11-01,2025-11-30,South East,QU9,"NHS BUCKINGHAMSHIRE, OXFORDSHIRE AND BERKSHIRE WEST INTEGRATED CARE BOARD",RYE,SOUTH CENTRAL AMBULANCE SERVICE NHS FOUNDATION TRUST,MH052,Oxford (SCAS),B06,Total time to call answer (seconds),63442
2025-11-01,2025-11-30,South East,QU9,"NHS BUCKINGHAMSHIRE, OXFORDSHIRE AND BERKSHIRE WEST INTEGRATED CARE BOARD",RYE,SOUTH CENTRAL AMBULANCE SERVICE NHS FOUNDATION TRUST,MH052,Oxford (SCAS),B07,95th centile call answer time (seconds),343
2025-11-01,2025-11-30,South East,QU9,"NHS BUCKINGHAMSHIRE, OXFORDSHIRE AND BERKSHIRE WEST INTEGRATED CARE BOARD",RYE,SOUTH CENTRAL AMBULANCE SERVICE NHS FOUNDATION TRUST,MH052,Oxford (SCAS),B09,Total time of abandoned calls (seconds),16990
2025-11-01,2025-11-30,South East,QRL,NHS HAMPSHIRE AND ISLE OF WIGHT INTEGRATED CARE BOARD,RYE,SOUTH CENTRAL AMBULANCE SERVICE NHS FOUNDATION TRUST,MH063,Hampshire (SCAS),A01,Number of calls received,3569
2025-11-01,2025-11-30,South East,QRL,NHS HAMPSHIRE AND ISLE OF WIGHT INTEGRATED CARE BOARD,RYE,SOUTH CENTRAL AMBULANCE SERVICE NHS FOUNDATION TRUST,MH063,Hampshire (SCAS),A02,Calls routed through IVR,0
2025-11-01,2025-11-30,South East,QRL,NHS HAMPSHIRE AND ISLE OF WIGHT INTEGRATED CARE BOARD,RYE,SOUTH CENTRAL AMBULANCE SERVICE NHS FOUNDATION TRUST,MH063,Hampshire (SCAS),A03,Number of answered calls,3157
2025-11-01,2025-11-30,South East,QRL,NHS HAMPSHIRE AND ISLE OF WIGHT INTEGRATED CARE BOARD,RYE,SOUTH CENTRAL AMBULANCE SERVICE NHS FOUNDATION TRUST,MH063,Hampshire (SCAS),B01,Number of calls answered within 60 seconds,2181
2025-11-01,2025-11-30,South East,QRL,NHS HAMPSHIRE AND ISLE OF WIGHT INTEGRATED CARE BOARD,RYE,SOUTH CENTRAL AMBULANCE SERVICE NHS FOUNDATION TRUST,MH063,Hampshire (SCAS),B02,Number of calls abandoned,412
2025-11-01,2025-11-30,South East,QRL,NHS HAMPSHIRE AND ISLE OF WIGHT INTEGRATED CARE BOARD,RYE,SOUTH CENTRAL AMBULANCE SERVICE NHS FOUNDATION TRUST,MH063,Hampshire (SCAS),B03,Calls abandoned in 30 seconds or less,140
2025-11-01,2025-11-30,South East,QRL,NHS HAMPSHIRE AND ISLE OF WIGHT INTEGRATED CARE BOARD,RYE,SOUTH CENTRAL AMBULANCE SERVICE NHS FOUNDATION TRUST,MH063,Hampshire (SCAS),B04,Calls abandoned in over 30 seconds and up to and including 60 seconds,58
2025-11-01,2025-11-30,South East,QRL,NHS HAMPSHIRE AND ISLE OF WIGHT INTEGRATED CARE BOARD,RYE,SOUTH CENTRAL AMBULANCE SERVICE NHS FOUNDATION TRUST,MH063,Hampshire (SCAS),B05,Calls abandoned after 60 seconds,214
2025-11-01,2025-11-30,South East,QRL,NHS HAMPSHIRE AND ISLE OF WIGHT INTEGRATED CARE BOARD,RYE,SOUTH CENTRAL AMBULANCE SERVICE NHS FOUNDATION TRUST,MH063,Hampshire (SCAS),B06,Total time to call answer (seconds),242777
2025-11-01,2025-11-30,South East,QRL,NHS HAMPSHIRE AND ISLE OF WIGHT INTEGRATED CARE BOARD,RYE,SOUTH CENTRAL AMBULANCE SERVICE NHS FOUNDATION TRUST,MH063,Hampshire (SCAS),B07,95th centile call answer time (seconds),379
2025-11-01,2025-11-30,South East,QRL,NHS HAMPSHIRE AND ISLE OF WIGHT INTEGRATED CARE BOARD,RYE,SOUTH CENTRAL AMBULANCE SERVICE NHS FOUNDATION TRUST,MH063,Hampshire (SCAS),B09,Total time of abandoned calls (seconds),46396
2025-11-01,2025-11-30,South East,QU9,"NHS BUCKINGHAMSHIRE, OXFORDSHIRE AND BERKSHIRE WEST INTEGRATED CARE BOARD",RYE,SOUTH CENTRAL AMBULANCE SERVICE NHS FOUNDATION TRUST,MH005,Berkshire (SCAS),A01,Number of calls received,919
2025-11-01,2025-11-30,South East,QU9,"NHS BUCKINGHAMSHIRE, OXFORDSHIRE AND BERKSHIRE WEST INTEGRATED CARE BOARD",RYE,SOUTH CENTRAL AMBULANCE SERVICE NHS FOUNDATION TRUST,MH005,Berkshire (SCAS),A02,Calls routed through IVR,0
2025-11-01,2025-11-30,South East,QU9,"NHS BUCKINGHAMSHIRE, OXFORDSHIRE AND BERKSHIRE WEST INTEGRATED CARE BOARD",RYE,SOUTH CENTRAL AMBULANCE SERVICE NHS FOUNDATION TRUST,MH005,Berkshire (SCAS),A03,Number of answered calls,816
2025-11-01,2025-11-30,South East,QU9,"NHS BUCKINGHAMSHIRE, OXFORDSHIRE AND BERKSHIRE WEST INTEGRATED CARE BOARD",RYE,SOUTH CENTRAL AMBULANCE SERVICE NHS FOUNDATION TRUST,MH005,Berkshire (SCAS),B01,Number of calls answered within 60 seconds,556
2025-11-01,2025-11-30,South East,QU9,"NHS BUCKINGHAMSHIRE, OXFORDSHIRE AND BERKSHIRE WEST INTEGRATED CARE BOARD",RYE,SOUTH CENTRAL AMBULANCE SERVICE NHS FOUNDATION TRUST,MH005,Berkshire (SCAS),B02,Number of calls abandoned,103
2025-11-01,2025-11-30,South East,QU9,"NHS BUCKINGHAMSHIRE, OXFORDSHIRE AND BERKSHIRE WEST INTEGRATED CARE BOARD",RYE,SOUTH CENTRAL AMBULANCE SERVICE NHS FOUNDATION TRUST,MH005,Berkshire (SCAS),B03,Calls abandoned in 30 seconds or less,24
2025-11-01,2025-11-30,South East,QU9,"NHS BUCKINGHAMSHIRE, OXFORDSHIRE AND BERKSHIRE WEST INTEGRATED CARE BOARD",RYE,SOUTH CENTRAL AMBULANCE SERVICE NHS FOUNDATION TRUST,MH005,Berkshire (SCAS),B04,Calls abandoned in over 30 seconds and up to and including 60 seconds,19
2025-11-01,2025-11-30,South East,QU9,"NHS BUCKINGHAMSHIRE, OXFORDSHIRE AND BERKSHIRE WEST INTEGRATED CARE BOARD",RYE,SOUTH CENTRAL AMBULANCE SERVICE NHS FOUNDATION TRUST,MH005,Berkshire (SCAS),B05,Calls abandoned after 60 seconds,60
2025-11-01,2025-11-30,South East,QU9,"NHS BUCKINGHAMSHIRE, OXFORDSHIRE AND BERKSHIRE WEST INTEGRATED CARE BOARD",RYE,SOUTH CENTRAL AMBULANCE SERVICE NHS FOUNDATION TRUST,MH005,Berkshire (SCAS),B06,Total time to call answer (seconds),64042
2025-11-01,2025-11-30,South East,QU9,"NHS BUCKINGHAMSHIRE, OXFORDSHIRE AND BERKSHIRE WEST INTEGRATED CARE BOARD",RYE,SOUTH CENTRAL AMBULANCE SERVICE NHS FOUNDATION TRUST,MH005,Berkshire (SCAS),B07,95th centile call answer time (seconds),382
2025-11-01,2025-11-30,South East,QU9,"NHS BUCKINGHAMSHIRE, OXFORDSHIRE AND BERKSHIRE WEST INTEGRATED CARE BOARD",RYE,SOUTH CENTRAL AMBULANCE SERVICE NHS FOUNDATION TRUST,MH005,Berkshire (SCAS),B09,Total time of abandoned calls (seconds),12841
2025-11-01,2025-11-30,South East,QU9,"NHS BUCKINGHAMSHIRE, OXFORDSHIRE AND BERKSHIRE WEST INTEGRATED CARE BOARD",RYE,SOUTH CENTRAL AMBULANCE SERVICE NHS FOUNDATION TRUST,MH059,Buckinghamshire (SCAS),A01,Number of calls received,758
2025-11-01,2025-11-30,South East,QU9,"NHS BUCKINGHAMSHIRE, OXFORDSHIRE AND BERKSHIRE WEST INTEGRATED CARE BOARD",RYE,SOUTH CENTRAL AMBULANCE SERVICE NHS FOUNDATION TRUST,MH059,Buckinghamshire (SCAS),A02,Calls routed through IVR,0
2025-11-01,2025-11-30,South East,QU9,"NHS BUCKINGHAMSHIRE, OXFORDSHIRE AND BERKSHIRE WEST INTEGRATED CARE BOARD",RYE,SOUTH CENTRAL AMBULANCE SERVICE NHS FOUNDATION TRUST,MH059,Buckinghamshire (SCAS),A03,Number of answered calls,634
2025-11-01,2025-11-30,South East,QU9,"NHS BUCKINGHAMSHIRE, OXFORDSHIRE AND BERKSHIRE WEST INTEGRATED CARE BOARD",RYE,SOUTH CENTRAL AMBULANCE SERVICE NHS FOUNDATION TRUST,MH059,Buckinghamshire (SCAS),B01,Number of calls answered within 60 seconds,443
2025-11-01,2025-11-30,South East,QU9,"NHS BUCKINGHAMSHIRE, OXFORDSHIRE AND BERKSHIRE WEST INTEGRATED CARE BOARD",RYE,SOUTH CENTRAL AMBULANCE SERVICE NHS FOUNDATION TRUST,MH059,Buckinghamshire (SCAS),B02,Number of calls abandoned,124
2025-11-01,2025-11-30,South East,QU9,"NHS BUCKINGHAMSHIRE, OXFORDSHIRE AND BERKSHIRE WEST INTEGRATED CARE BOARD",RYE,SOUTH CENTRAL AMBULANCE SERVICE NHS FOUNDATION TRUST,MH059,Buckinghamshire (SCAS),B03,Calls abandoned in 30 seconds or less,60
2025-11-01,2025-11-30,South East,QU9,"NHS BUCKINGHAMSHIRE, OXFORDSHIRE AND BERKSHIRE WEST INTEGRATED CARE BOARD",RYE,SOUTH CENTRAL AMBULANCE SERVICE NHS FOUNDATION TRUST,MH059,Buckinghamshire (SCAS),B04,Calls abandoned in over 30 seconds and up to and including 60 seconds,23
2025-11-01,2025-11-30,South East,QU9,"NHS BUCKINGHAMSHIRE, OXFORDSHIRE AND BERKSHIRE WEST INTEGRATED CARE BOARD",RYE,SOUTH CENTRAL AMBULANCE SERVICE NHS FOUNDATION TRUST,MH059,Buckinghamshire (SCAS),B05,Calls abandoned after 60 seconds,41
2025-11-01,2025-11-30,South East,QU9,"NHS BUCKINGHAMSHIRE, OXFORDSHIRE AND BERKSHIRE WEST INTEGRATED CARE BOARD",RYE,SOUTH CENTRAL AMBULANCE SERVICE NHS FOUNDATION TRUST,MH059,Buckinghamshire (SCAS),B06,Total time to call answer (seconds),40924
2025-11-01,2025-11-30,South East,QU9,"NHS BUCKINGHAMSHIRE, OXFORDSHIRE AND BERKSHIRE WEST INTEGRATED CARE BOARD",RYE,SOUTH CENTRAL AMBULANCE SERVICE NHS FOUNDATION TRUST,MH059,Buckinghamshire (SCAS),B07,95th centile call answer time (seconds),311
2025-11-01,2025-11-30,South East,QU9,"NHS BUCKINGHAMSHIRE, OXFORDSHIRE AND BERKSHIRE WEST INTEGRATED CARE BOARD",RYE,SOUTH CENTRAL AMBULANCE SERVICE NHS FOUNDATION TRUST,MH059,Buckinghamshire (SCAS),B09,Total time of abandoned calls (seconds),9861
2025-11-01,2025-11-30,South East,QRL,NHS HAMPSHIRE AND ISLE OF WIGHT INTEGRATED CARE BOARD,RYE,SOUTH CENTRAL AMBULANCE SERVICE NHS FOUNDATION TRUST,MH064,Surrey (SCAS),A01,Number of calls received,56
2025-11-01,2025-11-30,South East,QRL,NHS HAMPSHIRE AND ISLE OF WIGHT INTEGRATED CARE BOARD,RYE,SOUTH CENTRAL AMBULANCE SERVICE NHS FOUNDATION TRUST,MH064,Surrey (SCAS),A02,Calls routed through IVR,0
2025-11-01,2025-11-30,South East,QRL,NHS HAMPSHIRE AND ISLE OF WIGHT INTEGRATED CARE BOARD,RYE,SOUTH CENTRAL AMBULANCE SERVICE NHS FOUNDATION TRUST,MH064,Surrey (SCAS),A03,Number of answered calls,51
2025-11-01,2025-11-30,South East,QRL,NHS HAMPSHIRE AND ISLE OF WIGHT INTEGRATED CARE BOARD,RYE,SOUTH CENTRAL AMBULANCE SERVICE NHS FOUNDATION TRUST,MH064,Surrey (SCAS),B01,Number of calls answered within 60 seconds,31
2025-11-01,2025-11-30,South East,QRL,NHS HAMPSHIRE AND ISLE OF WIGHT INTEGRATED CARE BOARD,RYE,SOUTH CENTRAL AMBULANCE SERVICE NHS FOUNDATION TRUST,MH064,Surrey (SCAS),B02,Number of calls abandoned,5
2025-11-01,2025-11-30,South East,QRL,NHS HAMPSHIRE AND ISLE OF WIGHT INTEGRATED CARE BOARD,RYE,SOUTH CENTRAL AMBULANCE SERVICE NHS FOUNDATION TRUST,MH064,Surrey (SCAS),B03,Calls abandoned in 30 seconds or less,0
2025-11-01,2025-11-30,South East,QRL,NHS HAMPSHIRE AND ISLE OF WIGHT INTEGRATED CARE BOARD,RYE,SOUTH CENTRAL AMBULANCE SERVICE NHS FOUNDATION TRUST,MH064,Surrey (SCAS),B04,Calls abandoned in over 30 seconds and up to and including 60 seconds,1
2025-11-01,2025-11-30,South East,QRL,NHS HAMPSHIRE AND ISLE OF WIGHT INTEGRATED CARE BOARD,RYE,SOUTH CENTRAL AMBULANCE SERVICE NHS FOUNDATION TRUST,MH064,Surrey (SCAS),B05,Calls abandoned after 60 seconds,4
2025-11-01,2025-11-30,South East,QRL,NHS HAMPSHIRE AND ISLE OF WIGHT INTEGRATED CARE BOARD,RYE,SOUTH CENTRAL AMBULANCE SERVICE NHS FOUNDATION TRUST,MH064,Surrey (SCAS),B06,Total time to call answer (seconds),4867
2025-11-01,2025-11-30,South East,QRL,NHS HAMPSHIRE AND ISLE OF WIGHT INTEGRATED CARE BOARD,RYE,SOUTH CENTRAL AMBULANCE SERVICE NHS FOUNDATION TRUST,MH064,Surrey (SCAS),B07,95th centile call answer time (seconds),317
2025-11-01,2025-11-30,South East,QRL,NHS HAMPSHIRE AND ISLE OF WIGHT INTEGRATED CARE BOARD,RYE,SOUTH CENTRAL AMBULANCE SERVICE NHS FOUNDATION TRUST,MH064,Surrey (SCAS),B09,Total time of abandoned calls (seconds),548
2025-11-01,2025-11-30,North West,QYG,NHS CHESHIRE AND MERSEYSIDE INTEGRATED CARE BOARD,RBS,ALDER HEY CHILDREN'S NHS FOUNDATION TRUST,MH001,AlderHey CAMHS Crisis Care (AlderHey),A01,Number of calls received,1010
2025-11-01,2025-11-30,North West,QYG,NHS CHESHIRE AND MERSEYSIDE INTEGRATED CARE BOARD,RBS,ALDER HEY CHILDREN'S NHS FOUNDATION TRUST,MH001,AlderHey CAMHS Crisis Care (AlderHey),A02,Calls routed through IVR,0
2025-11-01,2025-11-30,North West,QYG,NHS CHESHIRE AND MERSEYSIDE INTEGRATED CARE BOARD,RBS,ALDER HEY CHILDREN'S NHS FOUNDATION TRUST,MH001,AlderHey CAMHS Crisis Care (AlderHey),A03,Number of answered calls,989
2025-11-01,2025-11-30,North West,QYG,NHS CHESHIRE AND MERSEYSIDE INTEGRATED CARE BOARD,RBS,ALDER HEY CHILDREN'S NHS FOUNDATION TRUST,MH001,AlderHey CAMHS Crisis Care (AlderHey),B01,Number of calls answered within 60 seconds,987
2025-11-01,2025-11-30,North West,QYG,NHS CHESHIRE AND MERSEYSIDE INTEGRATED CARE BOARD,RBS,ALDER HEY CHILDREN'S NHS FOUNDATION TRUST,MH001,AlderHey CAMHS Crisis Care (AlderHey),B02,Number of calls abandoned,21
2025-11-01,2025-11-30,North West,QYG,NHS CHESHIRE AND MERSEYSIDE INTEGRATED CARE BOARD,RBS,ALDER HEY CHILDREN'S NHS FOUNDATION TRUST,MH001,AlderHey CAMHS Crisis Care (AlderHey),B03,Calls abandoned in 30 seconds or less,15
2025-11-01,2025-11-30,North West,QYG,NHS CHESHIRE AND MERSEYSIDE INTEGRATED CARE BOARD,RBS,ALDER HEY CHILDREN'S NHS FOUNDATION TRUST,MH001,AlderHey CAMHS Crisis Care (AlderHey),B04,Calls abandoned in over 30 seconds and up to and including 60 seconds,1
2025-11-01,2025-11-30,North West,QYG,NHS CHESHIRE AND MERSEYSIDE INTEGRATED CARE BOARD,RBS,ALDER HEY CHILDREN'S NHS FOUNDATION TRUST,MH001,AlderHey CAMHS Crisis Care (AlderHey),B05,Calls abandoned after 60 seconds,5
2025-11-01,2025-11-30,North West,QYG,NHS CHESHIRE AND MERSEYSIDE INTEGRATED CARE BOARD,RBS,ALDER HEY CHILDREN'S NHS FOUNDATION TRUST,MH001,AlderHey CAMHS Crisis Care (AlderHey),B06,Total time to call answer (seconds),8700
2025-11-01,2025-11-30,North West,QYG,NHS CHESHIRE AND MERSEYSIDE INTEGRATED CARE BOARD,RBS,ALDER HEY CHILDREN'S NHS FOUNDATION TRUST,MH001,AlderHey CAMHS Crisis Care (AlderHey),B07,95th centile call answer time (seconds),0
2025-11-01,2025-11-30,North West,QYG,NHS CHESHIRE AND MERSEYSIDE INTEGRATED CARE BOARD,RBS,ALDER HEY CHILDREN'S NHS FOUNDATION TRUST,MH001,AlderHey CAMHS Crisis Care (AlderHey),B09,Total time of abandoned calls (seconds),1740
2025-11-01,2025-11-30,North West,QYG,NHS CHESHIRE AND MERSEYSIDE INTEGRATED CARE BOARD,RW4,MERSEY CARE NHS FOUNDATION TRUST,MH035,All Age MH Crisis Service,A01,Number of calls received,5515
2025-11-01,2025-11-30,North West,QYG,NHS CHESHIRE AND MERSEYSIDE INTEGRATED CARE BOARD,RW4,MERSEY CARE NHS FOUNDATION TRUST,MH035,All Age MH Crisis Service,A02,Calls routed through IVR,-
2025-11-01,2025-11-30,North West,QYG,NHS CHESHIRE AND MERSEYSIDE INTEGRATED CARE BOARD,RW4,MERSEY CARE NHS FOUNDATION TRUST,MH035,All Age MH Crisis Service,A03,Number of answered calls,3351
2025-11-01,2025-11-30,North West,QYG,NHS CHESHIRE AND MERSEYSIDE INTEGRATED CARE BOARD,RW4,MERSEY CARE NHS FOUNDATION TRUST,MH035,All Age MH Crisis Service,B01,Number of calls answered within 60 seconds,2477
2025-11-01,2025-11-30,North West,QYG,NHS CHESHIRE AND MERSEYSIDE INTEGRATED CARE BOARD,RW4,MERSEY CARE NHS FOUNDATION TRUST,MH035,All Age MH Crisis Service,B02,Number of calls abandoned,745
2025-11-01,2025-11-30,North West,QYG,NHS CHESHIRE AND MERSEYSIDE INTEGRATED CARE BOARD,RW4,MERSEY CARE NHS FOUNDATION TRUST,MH035,All Age MH Crisis Service,B03,Calls abandoned in 30 seconds or less,119
2025-11-01,2025-11-30,North West,QYG,NHS CHESHIRE AND MERSEYSIDE INTEGRATED CARE BOARD,RW4,MERSEY CARE NHS FOUNDATION TRUST,MH035,All Age MH Crisis Service,B04,Calls abandoned in over 30 seconds and up to and including 60 seconds,60
2025-11-01,2025-11-30,North West,QYG,NHS CHESHIRE AND MERSEYSIDE INTEGRATED CARE BOARD,RW4,MERSEY CARE NHS FOUNDATION TRUST,MH035,All Age MH Crisis Service,B05,Calls abandoned after 60 seconds,566
2025-11-01,2025-11-30,North West,QYG,NHS CHESHIRE AND MERSEYSIDE INTEGRATED CARE BOARD,RW4,MERSEY CARE NHS FOUNDATION TRUST,MH035,All Age MH Crisis Service,B06,Total time to call answer (seconds),1501248
2025-11-01,2025-11-30,North West,QYG,NHS CHESHIRE AND MERSEYSIDE INTEGRATED CARE BOARD,RW4,MERSEY CARE NHS FOUNDATION TRUST,MH035,All Age MH Crisis Service,B07,95th centile call answer time (seconds),-
2025-11-01,2025-11-30,North West,QYG,NHS CHESHIRE AND MERSEYSIDE INTEGRATED CARE BOARD,RW4,MERSEY CARE NHS FOUNDATION TRUST,MH035,All Age MH Crisis Service,B09,Total time of abandoned calls (seconds),323330
2025-11-01,2025-11-30,Midlands,QWU,NHS COVENTRY AND WARWICKSHIRE INTEGRATED CARE BOARD,RYG,COVENTRY AND WARWICKSHIRE PARTNERSHIP NHS TRUST,MH014,Coventry and Warwickshire Adult Crisis Line (CWPNT),A01,Number of calls received,2052
2025-11-01,2025-11-30,Midlands,QWU,NHS COVENTRY AND WARWICKSHIRE INTEGRATED CARE BOARD,RYG,COVENTRY AND WARWICKSHIRE PARTNERSHIP NHS TRUST,MH014,Coventry and Warwickshire Adult Crisis Line (CWPNT),A02,Calls routed through IVR,2052
2025-11-01,2025-11-30,Midlands,QWU,NHS COVENTRY AND WARWICKSHIRE INTEGRATED CARE BOARD,RYG,COVENTRY AND WARWICKSHIRE PARTNERSHIP NHS TRUST,MH014,Coventry and Warwickshire Adult Crisis Line (CWPNT),A03,Number of answered calls,1786
2025-11-01,2025-11-30,Midlands,QWU,NHS COVENTRY AND WARWICKSHIRE INTEGRATED CARE BOARD,RYG,COVENTRY AND WARWICKSHIRE PARTNERSHIP NHS TRUST,MH014,Coventry and Warwickshire Adult Crisis Line (CWPNT),B01,Number of calls answered within 60 seconds,1466
2025-11-01,2025-11-30,Midlands,QWU,NHS COVENTRY AND WARWICKSHIRE INTEGRATED CARE BOARD,RYG,COVENTRY AND WARWICKSHIRE PARTNERSHIP NHS TRUST,MH014,Coventry and Warwickshire Adult Crisis Line (CWPNT),B02,Number of calls abandoned,266
2025-11-01,2025-11-30,Midlands,QWU,NHS COVENTRY AND WARWICKSHIRE INTEGRATED CARE BOARD,RYG,COVENTRY AND WARWICKSHIRE PARTNERSHIP NHS TRUST,MH014,Coventry and Warwickshire Adult Crisis Line (CWPNT),B03,Calls abandoned in 30 seconds or less,58
2025-11-01,2025-11-30,Midlands,QWU,NHS COVENTRY AND WARWICKSHIRE INTEGRATED CARE BOARD,RYG,COVENTRY AND WARWICKSHIRE PARTNERSHIP NHS TRUST,MH014,Coventry and Warwickshire Adult Crisis Line (CWPNT),B04,Calls abandoned in over 30 seconds and up to and including 60 seconds,37
2025-11-01,2025-11-30,Midlands,QWU,NHS COVENTRY AND WARWICKSHIRE INTEGRATED CARE BOARD,RYG,COVENTRY AND WARWICKSHIRE PARTNERSHIP NHS TRUST,MH014,Coventry and Warwickshire Adult Crisis Line (CWPNT),B05,Calls abandoned after 60 seconds,171
2025-11-01,2025-11-30,Midlands,QWU,NHS COVENTRY AND WARWICKSHIRE INTEGRATED CARE BOARD,RYG,COVENTRY AND WARWICKSHIRE PARTNERSHIP NHS TRUST,MH014,Coventry and Warwickshire Adult Crisis Line (CWPNT),B06,Total time to call answer (seconds),124381
2025-11-01,2025-11-30,Midlands,QWU,NHS COVENTRY AND WARWICKSHIRE INTEGRATED CARE BOARD,RYG,COVENTRY AND WARWICKSHIRE PARTNERSHIP NHS TRUST,MH014,Coventry and Warwickshire Adult Crisis Line (CWPNT),B07,95th centile call answer time (seconds),407
2025-11-01,2025-11-30,Midlands,QWU,NHS COVENTRY AND WARWICKSHIRE INTEGRATED CARE BOARD,RYG,COVENTRY AND WARWICKSHIRE PARTNERSHIP NHS TRUST,MH014,Coventry and Warwickshire Adult Crisis Line (CWPNT),B09,Total time of abandoned calls (seconds),45998
2025-11-01,2025-11-30,Midlands,QWU,NHS COVENTRY AND WARWICKSHIRE INTEGRATED CARE BOARD,RYG,COVENTRY AND WARWICKSHIRE PARTNERSHIP NHS TRUST,MH015,Coventry and Warwickshire CYP Crisis Line (CWPNT),A01,Number of calls received,236
2025-11-01,2025-11-30,Midlands,QWU,NHS COVENTRY AND WARWICKSHIRE INTEGRATED CARE BOARD,RYG,COVENTRY AND WARWICKSHIRE PARTNERSHIP NHS TRUST,MH015,Coventry and Warwickshire CYP Crisis Line (CWPNT),A02,Calls routed through IVR,236
2025-11-01,2025-11-30,Midlands,QWU,NHS COVENTRY AND WARWICKSHIRE INTEGRATED CARE BOARD,RYG,COVENTRY AND WARWICKSHIRE PARTNERSHIP NHS TRUST,MH015,Coventry and Warwickshire CYP Crisis Line (CWPNT),A03,Number of answered calls,200
2025-11-01,2025-11-30,Midlands,QWU,NHS COVENTRY AND WARWICKSHIRE INTEGRATED CARE BOARD,RYG,COVENTRY AND WARWICKSHIRE PARTNERSHIP NHS TRUST,MH015,Coventry and Warwickshire CYP Crisis Line (CWPNT),B01,Number of calls answered within 60 seconds,133
2025-11-01,2025-11-30,Midlands,QWU,NHS COVENTRY AND WARWICKSHIRE INTEGRATED CARE BOARD,RYG,COVENTRY AND WARWICKSHIRE PARTNERSHIP NHS TRUST,MH015,Coventry and Warwickshire CYP Crisis Line (CWPNT),B02,Number of calls abandoned,36
2025-11-01,2025-11-30,Midlands,QWU,NHS COVENTRY AND WARWICKSHIRE INTEGRATED CARE BOARD,RYG,COVENTRY AND WARWICKSHIRE PARTNERSHIP NHS TRUST,MH015,Coventry and Warwickshire CYP Crisis Line (CWPNT),B03,Calls abandoned in 30 seconds or less,6
2025-11-01,2025-11-30,Midlands,QWU,NHS COVENTRY AND WARWICKSHIRE INTEGRATED CARE BOARD,RYG,COVENTRY AND WARWICKSHIRE PARTNERSHIP NHS TRUST,MH015,Coventry and Warwickshire CYP Crisis Line (CWPNT),B04,Calls abandoned in over 30 seconds and up to and including 60 seconds,4
2025-11-01,2025-11-30,Midlands,QWU,NHS COVENTRY AND WARWICKSHIRE INTEGRATED CARE BOARD,RYG,COVENTRY AND WARWICKSHIRE PARTNERSHIP NHS TRUST,MH015,Coventry and Warwickshire CYP Crisis Line (CWPNT),B05,Calls abandoned after 60 seconds,26
2025-11-01,2025-11-30,Midlands,QWU,NHS COVENTRY AND WARWICKSHIRE INTEGRATED CARE BOARD,RYG,COVENTRY AND WARWICKSHIRE PARTNERSHIP NHS TRUST,MH015,Coventry and Warwickshire CYP Crisis Line (CWPNT),B06,Total time to call answer (seconds),39072
2025-11-01,2025-11-30,Midlands,QWU,NHS COVENTRY AND WARWICKSHIRE INTEGRATED CARE BOARD,RYG,COVENTRY AND WARWICKSHIRE PARTNERSHIP NHS TRUST,MH015,Coventry and Warwickshire CYP Crisis Line (CWPNT),B07,95th centile call answer time (seconds),560
2025-11-01,2025-11-30,Midlands,QWU,NHS COVENTRY AND WARWICKSHIRE INTEGRATED CARE BOARD,RYG,COVENTRY AND WARWICKSHIRE PARTNERSHIP NHS TRUST,MH015,Coventry and Warwickshire CYP Crisis Line (CWPNT),B09,Total time of abandoned calls (seconds),18598
2025-11-01,2025-11-30,London,QVR,NHS NORTH WEST LONDON INTEGRATED CARE BOARD,RKL,WEST LONDON NHS TRUST,MH068,North West London West London NHS Trust (WLHT),A01,Number of calls received,602
2025-11-01,2025-11-30,London,QVR,NHS NORTH WEST LONDON INTEGRATED CARE BOARD,RKL,WEST LONDON NHS TRUST,MH068,North West London West London NHS Trust (WLHT),A02,Calls routed through IVR,607
2025-11-01,2025-11-30,London,QVR,NHS NORTH WEST LONDON INTEGRATED CARE BOARD,RKL,WEST LONDON NHS TRUST,MH068,North West London West London NHS Trust (WLHT),A03,Number of answered calls,520
2025-11-01,2025-11-30,London,QVR,NHS NORTH WEST LONDON INTEGRATED CARE BOARD,RKL,WEST LONDON NHS TRUST,MH068,North West London West London NHS Trust (WLHT),B01,Number of calls answered within 60 seconds,287
2025-11-01,2025-11-30,London,QVR,NHS NORTH WEST LONDON INTEGRATED CARE BOARD,RKL,WEST LONDON NHS TRUST,MH068,North West London West London NHS Trust (WLHT),B02,Number of calls abandoned,77
2025-11-01,2025-11-30,London,QVR,NHS NORTH WEST LONDON INTEGRATED CARE BOARD,RKL,WEST LONDON NHS TRUST,MH068,North West London West London NHS Trust (WLHT),B03,Calls abandoned in 30 seconds or less,18
2025-11-01,2025-11-30,London,QVR,NHS NORTH WEST LONDON INTEGRATED CARE BOARD,RKL,WEST LONDON NHS TRUST,MH068,North West London West London NHS Trust (WLHT),B04,Calls abandoned in over 30 seconds and up to and including 60 seconds,9
2025-11-01,2025-11-30,London,QVR,NHS NORTH WEST LONDON INTEGRATED CARE BOARD,RKL,WEST LONDON NHS TRUST,MH068,North West London West London NHS Trust (WLHT),B05,Calls abandoned after 60 seconds,50
2025-11-01,2025-11-30,London,QVR,NHS NORTH WEST LONDON INTEGRATED CARE BOARD,RKL,WEST LONDON NHS TRUST,MH068,North West London West London NHS Trust (WLHT),B06,Total time to call answer (seconds),1006
2025-11-01,2025-11-30,London,QVR,NHS NORTH WEST LONDON INTEGRATED CARE BOARD,RKL,WEST LONDON NHS TRUST,MH068,North West London West London NHS Trust (WLHT),B07,95th centile call answer time (seconds),-
2025-11-01,2025-11-30,London,QVR,NHS NORTH WEST LONDON INTEGRATED CARE BOARD,RKL,WEST LONDON NHS TRUST,MH068,North West London West London NHS Trust (WLHT),B09,Total time of abandoned calls (seconds),708
2025-11-01,2025-11-30,Midlands,QUA,NHS BLACK COUNTRY INTEGRATED CARE BOARD,TAJ,BLACK COUNTRY HEALTHCARE NHS FOUNDATION TRUST,MH007,Rethink Mental Illness (Rethink),A01,Number of calls received,1234
2025-11-01,2025-11-30,Midlands,QUA,NHS BLACK COUNTRY INTEGRATED CARE BOARD,TAJ,BLACK COUNTRY HEALTHCARE NHS FOUNDATION TRUST,MH007,Rethink Mental Illness (Rethink),A02,Calls routed through IVR,1234
2025-11-01,2025-11-30,Midlands,QUA,NHS BLACK COUNTRY INTEGRATED CARE BOARD,TAJ,BLACK COUNTRY HEALTHCARE NHS FOUNDATION TRUST,MH007,Rethink Mental Illness (Rethink),A03,Number of answered calls,404
2025-11-01,2025-11-30,Midlands,QUA,NHS BLACK COUNTRY INTEGRATED CARE BOARD,TAJ,BLACK COUNTRY HEALTHCARE NHS FOUNDATION TRUST,MH007,Rethink Mental Illness (Rethink),B01,Number of calls answered within 60 seconds,142
2025-11-01,2025-11-30,Midlands,QUA,NHS BLACK COUNTRY INTEGRATED CARE BOARD,TAJ,BLACK COUNTRY HEALTHCARE NHS FOUNDATION TRUST,MH007,Rethink Mental Illness (Rethink),B02,Number of calls abandoned,93
2025-11-01,2025-11-30,Midlands,QUA,NHS BLACK COUNTRY INTEGRATED CARE BOARD,TAJ,BLACK COUNTRY HEALTHCARE NHS FOUNDATION TRUST,MH007,Rethink Mental Illness (Rethink),B03,Calls abandoned in 30 seconds or less,55
2025-11-01,2025-11-30,Midlands,QUA,NHS BLACK COUNTRY INTEGRATED CARE BOARD,TAJ,BLACK COUNTRY HEALTHCARE NHS FOUNDATION TRUST,MH007,Rethink Mental Illness (Rethink),B04,Calls abandoned in over 30 seconds and up to and including 60 seconds,38
2025-11-01,2025-11-30,Midlands,QUA,NHS BLACK COUNTRY INTEGRATED CARE BOARD,TAJ,BLACK COUNTRY HEALTHCARE NHS FOUNDATION TRUST,MH007,Rethink Mental Illness (Rethink),B05,Calls abandoned after 60 seconds,0
2025-11-01,2025-11-30,Midlands,QUA,NHS BLACK COUNTRY INTEGRATED CARE BOARD,TAJ,BLACK COUNTRY HEALTHCARE NHS FOUNDATION TRUST,MH007,Rethink Mental Illness (Rethink),B06,Total time to call answer (seconds),-
2025-11-01,2025-11-30,Midlands,QUA,NHS BLACK COUNTRY INTEGRATED CARE BOARD,TAJ,BLACK COUNTRY HEALTHCARE NHS FOUNDATION TRUST,MH007,Rethink Mental Illness (Rethink),B07,95th centile call answer time (seconds),-
2025-11-01,2025-11-30,Midlands,QUA,NHS BLACK COUNTRY INTEGRATED CARE BOARD,TAJ,BLACK COUNTRY HEALTHCARE NHS FOUNDATION TRUST,MH007,Rethink Mental Illness (Rethink),B09,Total time of abandoned calls (seconds),0
2025-11-01,2025-11-30,North West,QYG,NHS CHESHIRE AND MERSEYSIDE INTEGRATED CARE BOARD,RXA,CHESHIRE AND WIRRAL PARTNERSHIP NHS FOUNDATION TRUST,MH012,Cheshire and Wirral Mental Health Crisis (CWP),A01,Number of calls received,7928
2025-11-01,2025-11-30,North West,QYG,NHS CHESHIRE AND MERSEYSIDE INTEGRATED CARE BOARD,RXA,CHESHIRE AND WIRRAL PARTNERSHIP NHS FOUNDATION TRUST,MH012,Cheshire and Wirral Mental Health Crisis (CWP),A02,Calls routed through IVR,2051
2025-11-01,2025-11-30,North West,QYG,NHS CHESHIRE AND MERSEYSIDE INTEGRATED CARE BOARD,RXA,CHESHIRE AND WIRRAL PARTNERSHIP NHS FOUNDATION TRUST,MH012,Cheshire and Wirral Mental Health Crisis (CWP),A03,Number of answered calls,4610
2025-11-01,2025-11-30,North West,QYG,NHS CHESHIRE AND MERSEYSIDE INTEGRATED CARE BOARD,RXA,CHESHIRE AND WIRRAL PARTNERSHIP NHS FOUNDATION TRUST,MH012,Cheshire and Wirral Mental Health Crisis (CWP),B01,Number of calls answered within 60 seconds,1662
2025-11-01,2025-11-30,North West,QYG,NHS CHESHIRE AND MERSEYSIDE INTEGRATED CARE BOARD,RXA,CHESHIRE AND WIRRAL PARTNERSHIP NHS FOUNDATION TRUST,MH012,Cheshire and Wirral Mental Health Crisis (CWP),B02,Number of calls abandoned,3318
2025-11-01,2025-11-30,North West,QYG,NHS CHESHIRE AND MERSEYSIDE INTEGRATED CARE BOARD,RXA,CHESHIRE AND WIRRAL PARTNERSHIP NHS FOUNDATION TRUST,MH012,Cheshire and Wirral Mental Health Crisis (CWP),B03,Calls abandoned in 30 seconds or less,1731
2025-11-01,2025-11-30,North West,QYG,NHS CHESHIRE AND MERSEYSIDE INTEGRATED CARE BOARD,RXA,CHESHIRE AND WIRRAL PARTNERSHIP NHS FOUNDATION TRUST,MH012,Cheshire and Wirral Mental Health Crisis (CWP),B04,Calls abandoned in over 30 seconds and up to and including 60 seconds,182
2025-11-01,2025-11-30,North West,QYG,NHS CHESHIRE AND MERSEYSIDE INTEGRATED CARE BOARD,RXA,CHESHIRE AND WIRRAL PARTNERSHIP NHS FOUNDATION TRUST,MH012,Cheshire and Wirral Mental Health Crisis (CWP),B05,Calls abandoned after 60 seconds,1405
2025-11-01,2025-11-30,North West,QYG,NHS CHESHIRE AND MERSEYSIDE INTEGRATED CARE BOARD,RXA,CHESHIRE AND WIRRAL PARTNERSHIP NHS FOUNDATION TRUST,MH012,Cheshire and Wirral Mental Health Crisis (CWP),B06,Total time to call answer (seconds),2134616
2025-11-01,2025-11-30,North West,QYG,NHS CHESHIRE AND MERSEYSIDE INTEGRATED CARE BOARD,RXA,CHESHIRE AND WIRRAL PARTNERSHIP NHS FOUNDATION TRUST,MH012,Cheshire and Wirral Mental Health Crisis (CWP),B07,95th centile call answer time (seconds),1875
2025-11-01,2025-11-30,North West,QYG,NHS CHESHIRE AND MERSEYSIDE INTEGRATED CARE BOARD,RXA,CHESHIRE AND WIRRAL PARTNERSHIP NHS FOUNDATION TRUST,MH012,Cheshire and Wirral Mental Health Crisis (CWP),B09,Total time of abandoned calls (seconds),662126
2025-11-01,2025-11-30,London,QMF,NHS NORTH EAST LONDON INTEGRATED CARE BOARD,RWK,EAST LONDON NHS FOUNDATION TRUST,MH022,North East London Partnership - ELFT,A01,Number of calls received,1053
2025-11-01,2025-11-30,London,QMF,NHS NORTH EAST LONDON INTEGRATED CARE BOARD,RWK,EAST LONDON NHS FOUNDATION TRUST,MH022,North East London Partnership - ELFT,A02,Calls routed through IVR,0
2025-11-01,2025-11-30,London,QMF,NHS NORTH EAST LONDON INTEGRATED CARE BOARD,RWK,EAST LONDON NHS FOUNDATION TRUST,MH022,North East London Partnership - ELFT,A03,Number of answered calls,914
2025-11-01,2025-11-30,London,QMF,NHS NORTH EAST LONDON INTEGRATED CARE BOARD,RWK,EAST LONDON NHS FOUNDATION TRUST,MH022,North East London Partnership - ELFT,B01,Number of calls answered within 60 seconds,612
2025-11-01,2025-11-30,London,QMF,NHS NORTH EAST LONDON INTEGRATED CARE BOARD,RWK,EAST LONDON NHS FOUNDATION TRUST,MH022,North East London Partnership - ELFT,B02,Number of calls abandoned,139
2025-11-01,2025-11-30,London,QMF,NHS NORTH EAST LONDON INTEGRATED CARE BOARD,RWK,EAST LONDON NHS FOUNDATION TRUST,MH022,North East London Partnership - ELFT,B03,Calls abandoned in 30 seconds or less,9
2025-11-01,2025-11-30,London,QMF,NHS NORTH EAST LONDON INTEGRATED CARE BOARD,RWK,EAST LONDON NHS FOUNDATION TRUST,MH022,North East London Partnership - ELFT,B04,Calls abandoned in over 30 seconds and up to and including 60 seconds,54
2025-11-01,2025-11-30,London,QMF,NHS NORTH EAST LONDON INTEGRATED CARE BOARD,RWK,EAST LONDON NHS FOUNDATION TRUST,MH022,North East London Partnership - ELFT,B05,Calls abandoned after 60 seconds,76
2025-11-01,2025-11-30,London,QMF,NHS NORTH EAST LONDON INTEGRATED CARE BOARD,RWK,EAST LONDON NHS FOUNDATION TRUST,MH022,North East London Partnership - ELFT,B06,Total time to call answer (seconds),87672
2025-11-01,2025-11-30,London,QMF,NHS NORTH EAST LONDON INTEGRATED CARE BOARD,RWK,EAST LONDON NHS FOUNDATION TRUST,MH022,North East London Partnership - ELFT,B07,95th centile call answer time (seconds),357
2025-11-01,2025-11-30,London,QMF,NHS NORTH EAST LONDON INTEGRATED CARE BOARD,RWK,EAST LONDON NHS FOUNDATION TRUST,MH022,North East London Partnership - ELFT,B09,Total time of abandoned calls (seconds),21261
2025-11-01,2025-11-30,East of England,QHG,"NHS BEDFORDSHIRE, LUTON AND MILTON KEYNES INTEGRATED CARE BOARD",RWK,EAST LONDON NHS FOUNDATION TRUST,MH004,Bedfordshire and Luton Mental Health and Wellbeing Services (ELFT),A01,Number of calls received,1136
2025-11-01,2025-11-30,East of England,QHG,"NHS BEDFORDSHIRE, LUTON AND MILTON KEYNES INTEGRATED CARE BOARD",RWK,EAST LONDON NHS FOUNDATION TRUST,MH004,Bedfordshire and Luton Mental Health and Wellbeing Services (ELFT),A02,Calls routed through IVR,0
2025-11-01,2025-11-30,East of England,QHG,"NHS BEDFORDSHIRE, LUTON AND MILTON KEYNES INTEGRATED CARE BOARD",RWK,EAST LONDON NHS FOUNDATION TRUST,MH004,Bedfordshire and Luton Mental Health and Wellbeing Services (ELFT),A03,Number of answered calls,784
2025-11-01,2025-11-30,East of England,QHG,"NHS BEDFORDSHIRE, LUTON AND MILTON KEYNES INTEGRATED CARE BOARD",RWK,EAST LONDON NHS FOUNDATION TRUST,MH004,Bedfordshire and Luton Mental Health and Wellbeing Services (ELFT),B01,Number of calls answered within 60 seconds,337
2025-11-01,2025-11-30,East of England,QHG,"NHS BEDFORDSHIRE, LUTON AND MILTON KEYNES INTEGRATED CARE BOARD",RWK,EAST LONDON NHS FOUNDATION TRUST,MH004,Bedfordshire and Luton Mental Health and Wellbeing Services (ELFT),B02,Number of calls abandoned,350
2025-11-01,2025-11-30,East of England,QHG,"NHS BEDFORDSHIRE, LUTON AND MILTON KEYNES INTEGRATED CARE BOARD",RWK,EAST LONDON NHS FOUNDATION TRUST,MH004,Bedfordshire and Luton Mental Health and Wellbeing Services (ELFT),B03,Calls abandoned in 30 seconds or less,3
2025-11-01,2025-11-30,East of England,QHG,"NHS BEDFORDSHIRE, LUTON AND MILTON KEYNES INTEGRATED CARE BOARD",RWK,EAST LONDON NHS FOUNDATION TRUST,MH004,Bedfordshire and Luton Mental Health and Wellbeing Services (ELFT),B04,Calls abandoned in over 30 seconds and up to and including 60 seconds,20
2025-11-01,2025-11-30,East of England,QHG,"NHS BEDFORDSHIRE, LUTON AND MILTON KEYNES INTEGRATED CARE BOARD",RWK,EAST LONDON NHS FOUNDATION TRUST,MH004,Bedfordshire and Luton Mental Health and Wellbeing Services (ELFT),B05,Calls abandoned after 60 seconds,327
2025-11-01,2025-11-30,East of England,QHG,"NHS BEDFORDSHIRE, LUTON AND MILTON KEYNES INTEGRATED CARE BOARD",RWK,EAST LONDON NHS FOUNDATION TRUST,MH004,Bedfordshire and Luton Mental Health and Wellbeing Services (ELFT),B06,Total time to call answer (seconds),303058
2025-11-01,2025-11-30,East of England,QHG,"NHS BEDFORDSHIRE, LUTON AND MILTON KEYNES INTEGRATED CARE BOARD",RWK,EAST LONDON NHS FOUNDATION TRUST,MH004,Bedfordshire and Luton Mental Health and Wellbeing Services (ELFT),B07,95th centile call answer time (seconds),1919
2025-11-01,2025-11-30,East of England,QHG,"NHS BEDFORDSHIRE, LUTON AND MILTON KEYNES INTEGRATED CARE BOARD",RWK,EAST LONDON NHS FOUNDATION TRUST,MH004,Bedfordshire and Luton Mental Health and Wellbeing Services (ELFT),B09,Total time of abandoned calls (seconds),190486
2025-11-01,2025-11-30,North East and Yorkshire,QHM,NHS NORTH EAST AND NORTH CUMBRIA INTEGRATED CARE BOARD,RX4,"CUMBRIA, NORTHUMBERLAND, TYNE AND WEAR NHS FOUNDATION TRUST",MH016,"Cumbria, Northumberland, Tyne and Wear Crisis Line (CNTW)",A01,Number of calls received,8222
2025-11-01,2025-11-30,North East and Yorkshire,QHM,NHS NORTH EAST AND NORTH CUMBRIA INTEGRATED CARE BOARD,RX4,"CUMBRIA, NORTHUMBERLAND, TYNE AND WEAR NHS FOUNDATION TRUST",MH016,"Cumbria, Northumberland, Tyne and Wear Crisis Line (CNTW)",A02,Calls routed through IVR,8222
2025-11-01,2025-11-30,North East and Yorkshire,QHM,NHS NORTH EAST AND NORTH CUMBRIA INTEGRATED CARE BOARD,RX4,"CUMBRIA, NORTHUMBERLAND, TYNE AND WEAR NHS FOUNDATION TRUST",MH016,"Cumbria, Northumberland, Tyne and Wear Crisis Line (CNTW)",A03,Number of answered calls,7632
2025-11-01,2025-11-30,North East and Yorkshire,QHM,NHS NORTH EAST AND NORTH CUMBRIA INTEGRATED CARE BOARD,RX4,"CUMBRIA, NORTHUMBERLAND, TYNE AND WEAR NHS FOUNDATION TRUST",MH016,"Cumbria, Northumberland, Tyne and Wear Crisis Line (CNTW)",B01,Number of calls answered within 60 seconds,5838
2025-11-01,2025-11-30,North East and Yorkshire,QHM,NHS NORTH EAST AND NORTH CUMBRIA INTEGRATED CARE BOARD,RX4,"CUMBRIA, NORTHUMBERLAND, TYNE AND WEAR NHS FOUNDATION TRUST",MH016,"Cumbria, Northumberland, Tyne and Wear Crisis Line (CNTW)",B02,Number of calls abandoned,590
2025-11-01,2025-11-30,North East and Yorkshire,QHM,NHS NORTH EAST AND NORTH CUMBRIA INTEGRATED CARE BOARD,RX4,"CUMBRIA, NORTHUMBERLAND, TYNE AND WEAR NHS FOUNDATION TRUST",MH016,"Cumbria, Northumberland, Tyne and Wear Crisis Line (CNTW)",B03,Calls abandoned in 30 seconds or less,221
2025-11-01,2025-11-30,North East and Yorkshire,QHM,NHS NORTH EAST AND NORTH CUMBRIA INTEGRATED CARE BOARD,RX4,"CUMBRIA, NORTHUMBERLAND, TYNE AND WEAR NHS FOUNDATION TRUST",MH016,"Cumbria, Northumberland, Tyne and Wear Crisis Line (CNTW)",B04,Calls abandoned in over 30 seconds and up to and including 60 seconds,79
2025-11-01,2025-11-30,North East and Yorkshire,QHM,NHS NORTH EAST AND NORTH CUMBRIA INTEGRATED CARE BOARD,RX4,"CUMBRIA, NORTHUMBERLAND, TYNE AND WEAR NHS FOUNDATION TRUST",MH016,"Cumbria, Northumberland, Tyne and Wear Crisis Line (CNTW)",B05,Calls abandoned after 60 seconds,290
2025-11-01,2025-11-30,North East and Yorkshire,QHM,NHS NORTH EAST AND NORTH CUMBRIA INTEGRATED CARE BOARD,RX4,"CUMBRIA, NORTHUMBERLAND, TYNE AND WEAR NHS FOUNDATION TRUST",MH016,"Cumbria, Northumberland, Tyne and Wear Crisis Line (CNTW)",B06,Total time to call answer (seconds),653844
2025-11-01,2025-11-30,North East and Yorkshire,QHM,NHS NORTH EAST AND NORTH CUMBRIA INTEGRATED CARE BOARD,RX4,"CUMBRIA, NORTHUMBERLAND, TYNE AND WEAR NHS FOUNDATION TRUST",MH016,"Cumbria, Northumberland, Tyne and Wear Crisis Line (CNTW)",B07,95th centile call answer time (seconds),438
2025-11-01,2025-11-30,North East and Yorkshire,QHM,NHS NORTH EAST AND NORTH CUMBRIA INTEGRATED CARE BOARD,RX4,"CUMBRIA, NORTHUMBERLAND, TYNE AND WEAR NHS FOUNDATION TRUST",MH016,"Cumbria, Northumberland, Tyne and Wear Crisis Line (CNTW)",B09,Total time of abandoned calls (seconds),91650
2025-11-01,2025-11-30,North East and Yorkshire,QWO,NHS WEST YORKSHIRE INTEGRATED CARE BOARD,8JF48,LEEDS SURVIVOR LED CRISIS SERVICES,MH072,Night Owls - CYP West Yorkshire,A01,Number of calls received,506
2025-11-01,2025-11-30,North East and Yorkshire,QWO,NHS WEST YORKSHIRE INTEGRATED CARE BOARD,8JF48,LEEDS SURVIVOR LED CRISIS SERVICES,MH072,Night Owls - CYP West Yorkshire,A02,Calls routed through IVR,114
2025-11-01,2025-11-30,North East and Yorkshire,QWO,NHS WEST YORKSHIRE INTEGRATED CARE BOARD,8JF48,LEEDS SURVIVOR LED CRISIS SERVICES,MH072,Night Owls - CYP West Yorkshire,A03,Number of answered calls,152
2025-11-01,2025-11-30,North East and Yorkshire,QWO,NHS WEST YORKSHIRE INTEGRATED CARE BOARD,8JF48,LEEDS SURVIVOR LED CRISIS SERVICES,MH072,Night Owls - CYP West Yorkshire,B01,Number of calls answered within 60 seconds,118
2025-11-01,2025-11-30,North East and Yorkshire,QWO,NHS WEST YORKSHIRE INTEGRATED CARE BOARD,8JF48,LEEDS SURVIVOR LED CRISIS SERVICES,MH072,Night Owls - CYP West Yorkshire,B02,Number of calls abandoned,107
2025-11-01,2025-11-30,North East and Yorkshire,QWO,NHS WEST YORKSHIRE INTEGRATED CARE BOARD,8JF48,LEEDS SURVIVOR LED CRISIS SERVICES,MH072,Night Owls - CYP West Yorkshire,B03,Calls abandoned in 30 seconds or less,52
2025-11-01,2025-11-30,North East and Yorkshire,QWO,NHS WEST YORKSHIRE INTEGRATED CARE BOARD,8JF48,LEEDS SURVIVOR LED CRISIS SERVICES,MH072,Night Owls - CYP West Yorkshire,B04,Calls abandoned in over 30 seconds and up to and including 60 seconds,6
2025-11-01,2025-11-30,North East and Yorkshire,QWO,NHS WEST YORKSHIRE INTEGRATED CARE BOARD,8JF48,LEEDS SURVIVOR LED CRISIS SERVICES,MH072,Night Owls - CYP West Yorkshire,B05,Calls abandoned after 60 seconds,49
2025-11-01,2025-11-30,North East and Yorkshire,QWO,NHS WEST YORKSHIRE INTEGRATED CARE BOARD,8JF48,LEEDS SURVIVOR LED CRISIS SERVICES,MH072,Night Owls - CYP West Yorkshire,B06,Total time to call answer (seconds),42293
2025-11-01,2025-11-30,North East and Yorkshire,QWO,NHS WEST YORKSHIRE INTEGRATED CARE BOARD,8JF48,LEEDS SURVIVOR LED CRISIS SERVICES,MH072,Night Owls - CYP West Yorkshire,B07,95th centile call answer time (seconds),1770
2025-11-01,2025-11-30,North East and Yorkshire,QWO,NHS WEST YORKSHIRE INTEGRATED CARE BOARD,8JF48,LEEDS SURVIVOR LED CRISIS SERVICES,MH072,Night Owls - CYP West Yorkshire,B09,Total time of abandoned calls (seconds),52420
2025-11-01,2025-11-30,Midlands,QK1,"NHS LEICESTER, LEICESTERSHIRE AND RUTLAND INTEGRATED CARE BOARD",RT5,LEICESTERSHIRE PARTNERSHIP NHS TRUST,MH032,Leicestershire Mental Health Central Access Point (LPT),A01,Number of calls received,5642
2025-11-01,2025-11-30,Midlands,QK1,"NHS LEICESTER, LEICESTERSHIRE AND RUTLAND INTEGRATED CARE BOARD",RT5,LEICESTERSHIRE PARTNERSHIP NHS TRUST,MH032,Leicestershire Mental Health Central Access Point (LPT),A02,Calls routed through IVR,5638
2025-11-01,2025-11-30,Midlands,QK1,"NHS LEICESTER, LEICESTERSHIRE AND RUTLAND INTEGRATED CARE BOARD",RT5,LEICESTERSHIRE PARTNERSHIP NHS TRUST,MH032,Leicestershire Mental Health Central Access Point (LPT),A03,Number of answered calls,4169
2025-11-01,2025-11-30,Midlands,QK1,"NHS LEICESTER, LEICESTERSHIRE AND RUTLAND INTEGRATED CARE BOARD",RT5,LEICESTERSHIRE PARTNERSHIP NHS TRUST,MH032,Leicestershire Mental Health Central Access Point (LPT),B01,Number of calls answered within 60 seconds,3205
2025-11-01,2025-11-30,Midlands,QK1,"NHS LEICESTER, LEICESTERSHIRE AND RUTLAND INTEGRATED CARE BOARD",RT5,LEICESTERSHIRE PARTNERSHIP NHS TRUST,MH032,Leicestershire Mental Health Central Access Point (LPT),B02,Number of calls abandoned,1088
2025-11-01,2025-11-30,Midlands,QK1,"NHS LEICESTER, LEICESTERSHIRE AND RUTLAND INTEGRATED CARE BOARD",RT5,LEICESTERSHIRE PARTNERSHIP NHS TRUST,MH032,Leicestershire Mental Health Central Access Point (LPT),B03,Calls abandoned in 30 seconds or less,130
2025-11-01,2025-11-30,Midlands,QK1,"NHS LEICESTER, LEICESTERSHIRE AND RUTLAND INTEGRATED CARE BOARD",RT5,LEICESTERSHIRE PARTNERSHIP NHS TRUST,MH032,Leicestershire Mental Health Central Access Point (LPT),B04,Calls abandoned in over 30 seconds and up to and including 60 seconds,184
2025-11-01,2025-11-30,Midlands,QK1,"NHS LEICESTER, LEICESTERSHIRE AND RUTLAND INTEGRATED CARE BOARD",RT5,LEICESTERSHIRE PARTNERSHIP NHS TRUST,MH032,Leicestershire Mental Health Central Access Point (LPT),B05,Calls abandoned after 60 seconds,774
2025-11-01,2025-11-30,Midlands,QK1,"NHS LEICESTER, LEICESTERSHIRE AND RUTLAND INTEGRATED CARE BOARD",RT5,LEICESTERSHIRE PARTNERSHIP NHS TRUST,MH032,Leicestershire Mental Health Central Access Point (LPT),B06,Total time to call answer (seconds),423686
2025-11-01,2025-11-30,Midlands,QK1,"NHS LEICESTER, LEICESTERSHIRE AND RUTLAND INTEGRATED CARE BOARD",RT5,LEICESTERSHIRE PARTNERSHIP NHS TRUST,MH032,Leicestershire Mental Health Central Access Point (LPT),B07,95th centile call answer time (seconds),555
2025-11-01,2025-11-30,Midlands,QK1,"NHS LEICESTER, LEICESTERSHIRE AND RUTLAND INTEGRATED CARE BOARD",RT5,LEICESTERSHIRE PARTNERSHIP NHS TRUST,MH032,Leicestershire Mental Health Central Access Point (LPT),B09,Total time of abandoned calls (seconds),257778
2025-11-01,2025-11-30,London,QKK,NHS SOUTH EAST LONDON INTEGRATED CARE BOARD,RV5,SOUTH LONDON AND MAUDSLEY NHS FOUNDATION TRUST,MH061,South London and Maudsley NHS Foundation Trust (SLP),A01,Number of calls received,2614
2025-11-01,2025-11-30,London,QKK,NHS SOUTH EAST LONDON INTEGRATED CARE BOARD,RV5,SOUTH LONDON AND MAUDSLEY NHS FOUNDATION TRUST,MH061,South London and Maudsley NHS Foundation Trust (SLP),A02,Calls routed through IVR,2614
2025-11-01,2025-11-30,London,QKK,NHS SOUTH EAST LONDON INTEGRATED CARE BOARD,RV5,SOUTH LONDON AND MAUDSLEY NHS FOUNDATION TRUST,MH061,South London and Maudsley NHS Foundation Trust (SLP),A03,Number of answered calls,2543
2025-11-01,2025-11-30,London,QKK,NHS SOUTH EAST LONDON INTEGRATED CARE BOARD,RV5,SOUTH LONDON AND MAUDSLEY NHS FOUNDATION TRUST,MH061,South London and Maudsley NHS Foundation Trust (SLP),B01,Number of calls answered within 60 seconds,2464
2025-11-01,2025-11-30,London,QKK,NHS SOUTH EAST LONDON INTEGRATED CARE BOARD,RV5,SOUTH LONDON AND MAUDSLEY NHS FOUNDATION TRUST,MH061,South London and Maudsley NHS Foundation Trust (SLP),B02,Number of calls abandoned,71
2025-11-01,2025-11-30,London,QKK,NHS SOUTH EAST LONDON INTEGRATED CARE BOARD,RV5,SOUTH LONDON AND MAUDSLEY NHS FOUNDATION TRUST,MH061,South London and Maudsley NHS Foundation Trust (SLP),B03,Calls abandoned in 30 seconds or less,35
2025-11-01,2025-11-30,London,QKK,NHS SOUTH EAST LONDON INTEGRATED CARE BOARD,RV5,SOUTH LONDON AND MAUDSLEY NHS FOUNDATION TRUST,MH061,South London and Maudsley NHS Foundation Trust (SLP),B04,Calls abandoned in over 30 seconds and up to and including 60 seconds,6
2025-11-01,2025-11-30,London,QKK,NHS SOUTH EAST LONDON INTEGRATED CARE BOARD,RV5,SOUTH LONDON AND MAUDSLEY NHS FOUNDATION TRUST,MH061,South London and Maudsley NHS Foundation Trust (SLP),B05,Calls abandoned after 60 seconds,30
2025-11-01,2025-11-30,London,QKK,NHS SOUTH EAST LONDON INTEGRATED CARE BOARD,RV5,SOUTH LONDON AND MAUDSLEY NHS FOUNDATION TRUST,MH061,South London and Maudsley NHS Foundation Trust (SLP),B06,Total time to call answer (seconds),48612
2025-11-01,2025-11-30,London,QKK,NHS SOUTH EAST LONDON INTEGRATED CARE BOARD,RV5,SOUTH LONDON AND MAUDSLEY NHS FOUNDATION TRUST,MH061,South London and Maudsley NHS Foundation Trust (SLP),B07,95th centile call answer time (seconds),45
2025-11-01,2025-11-30,London,QKK,NHS SOUTH EAST LONDON INTEGRATED CARE BOARD,RV5,SOUTH LONDON AND MAUDSLEY NHS FOUNDATION TRUST,MH061,South London and Maudsley NHS Foundation Trust (SLP),B09,Total time of abandoned calls (seconds),7743
2025-11-01,2025-11-30,London,QKK,NHS SOUTH EAST LONDON INTEGRATED CARE BOARD,RV5,SOUTH LONDON AND MAUDSLEY NHS FOUNDATION TRUST,MH053,South London MH Partnership - Oxleas MH Crisis Line (SLP),A01,Number of calls received,0
2025-11-01,2025-11-30,London,QKK,NHS SOUTH EAST LONDON INTEGRATED CARE BOARD,RV5,SOUTH LONDON AND MAUDSLEY NHS FOUNDATION TRUST,MH053,South London MH Partnership - Oxleas MH Crisis Line (SLP),A02,Calls routed through IVR,0
2025-11-01,2025-11-30,London,QKK,NHS SOUTH EAST LONDON INTEGRATED CARE BOARD,RV5,SOUTH LONDON AND MAUDSLEY NHS FOUNDATION TRUST,MH053,South London MH Partnership - Oxleas MH Crisis Line (SLP),A03,Number of answered calls,0
2025-11-01,2025-11-30,London,QKK,NHS SOUTH EAST LONDON INTEGRATED CARE BOARD,RV5,SOUTH LONDON AND MAUDSLEY NHS FOUNDATION TRUST,MH053,South London MH Partnership - Oxleas MH Crisis Line (SLP),B01,Number of calls answered within 60 seconds,0
2025-11-01,2025-11-30,London,QKK,NHS SOUTH EAST LONDON INTEGRATED CARE BOARD,RV5,SOUTH LONDON AND MAUDSLEY NHS FOUNDATION TRUST,MH053,South London MH Partnership - Oxleas MH Crisis Line (SLP),B02,Number of calls abandoned,0
2025-11-01,2025-11-30,London,QKK,NHS SOUTH EAST LONDON INTEGRATED CARE BOARD,RV5,SOUTH LONDON AND MAUDSLEY NHS FOUNDATION TRUST,MH053,South London MH Partnership - Oxleas MH Crisis Line (SLP),B03,Calls abandoned in 30 seconds or less,0
2025-11-01,2025-11-30,London,QKK,NHS SOUTH EAST LONDON INTEGRATED CARE BOARD,RV5,SOUTH LONDON AND MAUDSLEY NHS FOUNDATION TRUST,MH053,South London MH Partnership - Oxleas MH Crisis Line (SLP),B04,Calls abandoned in over 30 seconds and up to and including 60 seconds,0
2025-11-01,2025-11-30,London,QKK,NHS SOUTH EAST LONDON INTEGRATED CARE BOARD,RV5,SOUTH LONDON AND MAUDSLEY NHS FOUNDATION TRUST,MH053,South London MH Partnership - Oxleas MH Crisis Line (SLP),B05,Calls abandoned after 60 seconds,0
2025-11-01,2025-11-30,London,QKK,NHS SOUTH EAST LONDON INTEGRATED CARE BOARD,RV5,SOUTH LONDON AND MAUDSLEY NHS FOUNDATION TRUST,MH053,South London MH Partnership - Oxleas MH Crisis Line (SLP),B06,Total time to call answer (seconds),0
2025-11-01,2025-11-30,London,QKK,NHS SOUTH EAST LONDON INTEGRATED CARE BOARD,RV5,SOUTH LONDON AND MAUDSLEY NHS FOUNDATION TRUST,MH053,South London MH Partnership - Oxleas MH Crisis Line (SLP),B07,95th centile call answer time (seconds),0
2025-11-01,2025-11-30,London,QKK,NHS SOUTH EAST LONDON INTEGRATED CARE BOARD,RV5,SOUTH LONDON AND MAUDSLEY NHS FOUNDATION TRUST,MH053,South London MH Partnership - Oxleas MH Crisis Line (SLP),B09,Total time of abandoned calls (seconds),0
2025-11-01,2025-11-30,London,QWE,NHS SOUTH WEST LONDON INTEGRATED CARE BOARD,RV5,SOUTH LONDON AND MAUDSLEY NHS FOUNDATION TRUST,MH062,South West London and St George's Mental Health NHS Trust (SLP),A01,Number of calls received,0
2025-11-01,2025-11-30,London,QWE,NHS SOUTH WEST LONDON INTEGRATED CARE BOARD,RV5,SOUTH LONDON AND MAUDSLEY NHS FOUNDATION TRUST,MH062,South West London and St George's Mental Health NHS Trust (SLP),A02,Calls routed through IVR,0
2025-11-01,2025-11-30,London,QWE,NHS SOUTH WEST LONDON INTEGRATED CARE BOARD,RV5,SOUTH LONDON AND MAUDSLEY NHS FOUNDATION TRUST,MH062,South West London and St George's Mental Health NHS Trust (SLP),A03,Number of answered calls,0
2025-11-01,2025-11-30,London,QWE,NHS SOUTH WEST LONDON INTEGRATED CARE BOARD,RV5,SOUTH LONDON AND MAUDSLEY NHS FOUNDATION TRUST,MH062,South West London and St George's Mental Health NHS Trust (SLP),B01,Number of calls answered within 60 seconds,0
2025-11-01,2025-11-30,London,QWE,NHS SOUTH WEST LONDON INTEGRATED CARE BOARD,RV5,SOUTH LONDON AND MAUDSLEY NHS FOUNDATION TRUST,MH062,South West London and St George's Mental Health NHS Trust (SLP),B02,Number of calls abandoned,0
2025-11-01,2025-11-30,London,QWE,NHS SOUTH WEST LONDON INTEGRATED CARE BOARD,RV5,SOUTH LONDON AND MAUDSLEY NHS FOUNDATION TRUST,MH062,South West London and St George's Mental Health NHS Trust (SLP),B03,Calls abandoned in 30 seconds or less,0
2025-11-01,2025-11-30,London,QWE,NHS SOUTH WEST LONDON INTEGRATED CARE BOARD,RV5,SOUTH LONDON AND MAUDSLEY NHS FOUNDATION TRUST,MH062,South West London and St George's Mental Health NHS Trust (SLP),B04,Calls abandoned in over 30 seconds and up to and including 60 seconds,0
2025-11-01,2025-11-30,London,QWE,NHS SOUTH WEST LONDON INTEGRATED CARE BOARD,RV5,SOUTH LONDON AND MAUDSLEY NHS FOUNDATION TRUST,MH062,South West London and St George's Mental Health NHS Trust (SLP),B05,Calls abandoned after 60 seconds,0
2025-11-01,2025-11-30,London,QWE,NHS SOUTH WEST LONDON INTEGRATED CARE BOARD,RV5,SOUTH LONDON AND MAUDSLEY NHS FOUNDATION TRUST,MH062,South West London and St George's Mental Health NHS Trust (SLP),B06,Total time to call answer (seconds),0
2025-11-01,2025-11-30,London,QWE,NHS SOUTH WEST LONDON INTEGRATED CARE BOARD,RV5,SOUTH LONDON AND MAUDSLEY NHS FOUNDATION TRUST,MH062,South West London and St George's Mental Health NHS Trust (SLP),B07,95th centile call answer time (seconds),0
2025-11-01,2025-11-30,London,QWE,NHS SOUTH WEST LONDON INTEGRATED CARE BOARD,RV5,SOUTH LONDON AND MAUDSLEY NHS FOUNDATION TRUST,MH062,South West London and St George's Mental Health NHS Trust (SLP),B09,Total time of abandoned calls (seconds),0
2025-11-01,2025-11-30,North East and Yorkshire,QWO,NHS WEST YORKSHIRE INTEGRATED CARE BOARD,TAD,BRADFORD DISTRICT CARE NHS FOUNDATION TRUST,MH008,Bradford First Response Service (BFRS),A01,Number of calls received,4475
2025-11-01,2025-11-30,North East and Yorkshire,QWO,NHS WEST YORKSHIRE INTEGRATED CARE BOARD,TAD,BRADFORD DISTRICT CARE NHS FOUNDATION TRUST,MH008,Bradford First Response Service (BFRS),A02,Calls routed through IVR,719
2025-11-01,2025-11-30,North East and Yorkshire,QWO,NHS WEST YORKSHIRE INTEGRATED CARE BOARD,TAD,BRADFORD DISTRICT CARE NHS FOUNDATION TRUST,MH008,Bradford First Response Service (BFRS),A03,Number of answered calls,1731
2025-11-01,2025-11-30,North East and Yorkshire,QWO,NHS WEST YORKSHIRE INTEGRATED CARE BOARD,TAD,BRADFORD DISTRICT CARE NHS FOUNDATION TRUST,MH008,Bradford First Response Service (BFRS),B01,Number of calls answered within 60 seconds,741
2025-11-01,2025-11-30,North East and Yorkshire,QWO,NHS WEST YORKSHIRE INTEGRATED CARE BOARD,TAD,BRADFORD DISTRICT CARE NHS FOUNDATION TRUST,MH008,Bradford First Response Service (BFRS),B02,Number of calls abandoned,2738
2025-11-01,2025-11-30,North East and Yorkshire,QWO,NHS WEST YORKSHIRE INTEGRATED CARE BOARD,TAD,BRADFORD DISTRICT CARE NHS FOUNDATION TRUST,MH008,Bradford First Response Service (BFRS),B03,Calls abandoned in 30 seconds or less,930
2025-11-01,2025-11-30,North East and Yorkshire,QWO,NHS WEST YORKSHIRE INTEGRATED CARE BOARD,TAD,BRADFORD DISTRICT CARE NHS FOUNDATION TRUST,MH008,Bradford First Response Service (BFRS),B04,Calls abandoned in over 30 seconds and up to and including 60 seconds,203
2025-11-01,2025-11-30,North East and Yorkshire,QWO,NHS WEST YORKSHIRE INTEGRATED CARE BOARD,TAD,BRADFORD DISTRICT CARE NHS FOUNDATION TRUST,MH008,Bradford First Response Service (BFRS),B05,Calls abandoned after 60 seconds,1605
2025-11-01,2025-11-30,North East and Yorkshire,QWO,NHS WEST YORKSHIRE INTEGRATED CARE BOARD,TAD,BRADFORD DISTRICT CARE NHS FOUNDATION TRUST,MH008,Bradford First Response Service (BFRS),B06,Total time to call answer (seconds),452247
2025-11-01,2025-11-30,North East and Yorkshire,QWO,NHS WEST YORKSHIRE INTEGRATED CARE BOARD,TAD,BRADFORD DISTRICT CARE NHS FOUNDATION TRUST,MH008,Bradford First Response Service (BFRS),B07,95th centile call answer time (seconds),-
2025-11-01,2025-11-30,North East and Yorkshire,QWO,NHS WEST YORKSHIRE INTEGRATED CARE BOARD,TAD,BRADFORD DISTRICT CARE NHS FOUNDATION TRUST,MH008,Bradford First Response Service (BFRS),B09,Total time of abandoned calls (seconds),854836
2025-11-01,2025-11-30,South West,QUY,"NHS BRISTOL, NORTH SOMERSET AND SOUTH GLOUCESTERSHIRE INTEGRATED CARE BOARD",NBP,BRISDOC HEALTHCARE SERVICES LTD,MH076,Brisdoc MH Crisis Line,A01,Number of calls received,2937
2025-11-01,2025-11-30,South West,QUY,"NHS BRISTOL, NORTH SOMERSET AND SOUTH GLOUCESTERSHIRE INTEGRATED CARE BOARD",NBP,BRISDOC HEALTHCARE SERVICES LTD,MH076,Brisdoc MH Crisis Line,A02,Calls routed through IVR,0
2025-11-01,2025-11-30,South West,QUY,"NHS BRISTOL, NORTH SOMERSET AND SOUTH GLOUCESTERSHIRE INTEGRATED CARE BOARD",NBP,BRISDOC HEALTHCARE SERVICES LTD,MH076,Brisdoc MH Crisis Line,A03,Number of answered calls,2765
2025-11-01,2025-11-30,South West,QUY,"NHS BRISTOL, NORTH SOMERSET AND SOUTH GLOUCESTERSHIRE INTEGRATED CARE BOARD",NBP,BRISDOC HEALTHCARE SERVICES LTD,MH076,Brisdoc MH Crisis Line,B01,Number of calls answered within 60 seconds,2643
2025-11-01,2025-11-30,South West,QUY,"NHS BRISTOL, NORTH SOMERSET AND SOUTH GLOUCESTERSHIRE INTEGRATED CARE BOARD",NBP,BRISDOC HEALTHCARE SERVICES LTD,MH076,Brisdoc MH Crisis Line,B02,Number of calls abandoned,172
2025-11-01,2025-11-30,South West,QUY,"NHS BRISTOL, NORTH SOMERSET AND SOUTH GLOUCESTERSHIRE INTEGRATED CARE BOARD",NBP,BRISDOC HEALTHCARE SERVICES LTD,MH076,Brisdoc MH Crisis Line,B03,Calls abandoned in 30 seconds or less,67
2025-11-01,2025-11-30,South West,QUY,"NHS BRISTOL, NORTH SOMERSET AND SOUTH GLOUCESTERSHIRE INTEGRATED CARE BOARD",NBP,BRISDOC HEALTHCARE SERVICES LTD,MH076,Brisdoc MH Crisis Line,B04,Calls abandoned in over 30 seconds and up to and including 60 seconds,31
2025-11-01,2025-11-30,South West,QUY,"NHS BRISTOL, NORTH SOMERSET AND SOUTH GLOUCESTERSHIRE INTEGRATED CARE BOARD",NBP,BRISDOC HEALTHCARE SERVICES LTD,MH076,Brisdoc MH Crisis Line,B05,Calls abandoned after 60 seconds,74
2025-11-01,2025-11-30,South West,QUY,"NHS BRISTOL, NORTH SOMERSET AND SOUTH GLOUCESTERSHIRE INTEGRATED CARE BOARD",NBP,BRISDOC HEALTHCARE SERVICES LTD,MH076,Brisdoc MH Crisis Line,B06,Total time to call answer (seconds),64910
2025-11-01,2025-11-30,South West,QUY,"NHS BRISTOL, NORTH SOMERSET AND SOUTH GLOUCESTERSHIRE INTEGRATED CARE BOARD",NBP,BRISDOC HEALTHCARE SERVICES LTD,MH076,Brisdoc MH Crisis Line,B07,95th centile call answer time (seconds),114
2025-11-01,2025-11-30,South West,QUY,"NHS BRISTOL, NORTH SOMERSET AND SOUTH GLOUCESTERSHIRE INTEGRATED CARE BOARD",NBP,BRISDOC HEALTHCARE SERVICES LTD,MH076,Brisdoc MH Crisis Line,B09,Total time of abandoned calls (seconds),11996
2025-11-01,2025-11-30,London,QMF,NHS NORTH EAST LONDON INTEGRATED CARE BOARD,RAT,NORTH EAST LONDON NHS FOUNDATION TRUST,MH044,North East London Partnership - NELFT,A01,Number of calls received,1684
2025-11-01,2025-11-30,London,QMF,NHS NORTH EAST LONDON INTEGRATED CARE BOARD,RAT,NORTH EAST LONDON NHS FOUNDATION TRUST,MH044,North East London Partnership - NELFT,A02,Calls routed through IVR,0
2025-11-01,2025-11-30,London,QMF,NHS NORTH EAST LONDON INTEGRATED CARE BOARD,RAT,NORTH EAST LONDON NHS FOUNDATION TRUST,MH044,North East London Partnership - NELFT,A03,Number of answered calls,1497
2025-11-01,2025-11-30,London,QMF,NHS NORTH EAST LONDON INTEGRATED CARE BOARD,RAT,NORTH EAST LONDON NHS FOUNDATION TRUST,MH044,North East London Partnership - NELFT,B01,Number of calls answered within 60 seconds,1045
2025-11-01,2025-11-30,London,QMF,NHS NORTH EAST LONDON INTEGRATED CARE BOARD,RAT,NORTH EAST LONDON NHS FOUNDATION TRUST,MH044,North East London Partnership - NELFT,B02,Number of calls abandoned,187
2025-11-01,2025-11-30,London,QMF,NHS NORTH EAST LONDON INTEGRATED CARE BOARD,RAT,NORTH EAST LONDON NHS FOUNDATION TRUST,MH044,North East London Partnership - NELFT,B03,Calls abandoned in 30 seconds or less,12
2025-11-01,2025-11-30,London,QMF,NHS NORTH EAST LONDON INTEGRATED CARE BOARD,RAT,NORTH EAST LONDON NHS FOUNDATION TRUST,MH044,North East London Partnership - NELFT,B04,Calls abandoned in over 30 seconds and up to and including 60 seconds,54
2025-11-01,2025-11-30,London,QMF,NHS NORTH EAST LONDON INTEGRATED CARE BOARD,RAT,NORTH EAST LONDON NHS FOUNDATION TRUST,MH044,North East London Partnership - NELFT,B05,Calls abandoned after 60 seconds,121
2025-11-01,2025-11-30,London,QMF,NHS NORTH EAST LONDON INTEGRATED CARE BOARD,RAT,NORTH EAST LONDON NHS FOUNDATION TRUST,MH044,North East London Partnership - NELFT,B06,Total time to call answer (seconds),148018
2025-11-01,2025-11-30,London,QMF,NHS NORTH EAST LONDON INTEGRATED CARE BOARD,RAT,NORTH EAST LONDON NHS FOUNDATION TRUST,MH044,North East London Partnership - NELFT,B07,95th centile call answer time (seconds),405
2025-11-01,2025-11-30,London,QMF,NHS NORTH EAST LONDON INTEGRATED CARE BOARD,RAT,NORTH EAST LONDON NHS FOUNDATION TRUST,MH044,North East London Partnership - NELFT,B09,Total time of abandoned calls (seconds),33138
2025-11-01,2025-11-30,London,QMF,NHS NORTH EAST LONDON INTEGRATED CARE BOARD,RAT,NORTH EAST LONDON NHS FOUNDATION TRUST,MH045,Kent and Medway NELFT,A01,Number of calls received,97
2025-11-01,2025-11-30,London,QMF,NHS NORTH EAST LONDON INTEGRATED CARE BOARD,RAT,NORTH EAST LONDON NHS FOUNDATION TRUST,MH045,Kent and Medway NELFT,A02,Calls routed through IVR,0
2025-11-01,2025-11-30,London,QMF,NHS NORTH EAST LONDON INTEGRATED CARE BOARD,RAT,NORTH EAST LONDON NHS FOUNDATION TRUST,MH045,Kent and Medway NELFT,A03,Number of answered calls,96
2025-11-01,2025-11-30,London,QMF,NHS NORTH EAST LONDON INTEGRATED CARE BOARD,RAT,NORTH EAST LONDON NHS FOUNDATION TRUST,MH045,Kent and Medway NELFT,B01,Number of calls answered within 60 seconds,94
2025-11-01,2025-11-30,London,QMF,NHS NORTH EAST LONDON INTEGRATED CARE BOARD,RAT,NORTH EAST LONDON NHS FOUNDATION TRUST,MH045,Kent and Medway NELFT,B02,Number of calls abandoned,1
2025-11-01,2025-11-30,London,QMF,NHS NORTH EAST LONDON INTEGRATED CARE BOARD,RAT,NORTH EAST LONDON NHS FOUNDATION TRUST,MH045,Kent and Medway NELFT,B03,Calls abandoned in 30 seconds or less,1
2025-11-01,2025-11-30,London,QMF,NHS NORTH EAST LONDON INTEGRATED CARE BOARD,RAT,NORTH EAST LONDON NHS FOUNDATION TRUST,MH045,Kent and Medway NELFT,B04,Calls abandoned in over 30 seconds and up to and including 60 seconds,0
2025-11-01,2025-11-30,London,QMF,NHS NORTH EAST LONDON INTEGRATED CARE BOARD,RAT,NORTH EAST LONDON NHS FOUNDATION TRUST,MH045,Kent and Medway NELFT,B05,Calls abandoned after 60 seconds,0
2025-11-01,2025-11-30,London,QMF,NHS NORTH EAST LONDON INTEGRATED CARE BOARD,RAT,NORTH EAST LONDON NHS FOUNDATION TRUST,MH045,Kent and Medway NELFT,B06,Total time to call answer (seconds),1702
2025-11-01,2025-11-30,London,QMF,NHS NORTH EAST LONDON INTEGRATED CARE BOARD,RAT,NORTH EAST LONDON NHS FOUNDATION TRUST,MH045,Kent and Medway NELFT,B07,95th centile call answer time (seconds),34
2025-11-01,2025-11-30,London,QMF,NHS NORTH EAST LONDON INTEGRATED CARE BOARD,RAT,NORTH EAST LONDON NHS FOUNDATION TRUST,MH045,Kent and Medway NELFT,B09,Total time of abandoned calls (seconds),0
2025-11-01,2025-11-30,East of England,QM7,NHS HERTFORDSHIRE AND WEST ESSEX INTEGRATED CARE BOARD,RAT,NORTH EAST LONDON NHS FOUNDATION TRUST,MH083,Greater Essex CYP,A01,Number of calls received,71
2025-11-01,2025-11-30,East of England,QM7,NHS HERTFORDSHIRE AND WEST ESSEX INTEGRATED CARE BOARD,RAT,NORTH EAST LONDON NHS FOUNDATION TRUST,MH083,Greater Essex CYP,A02,Calls routed through IVR,0
2025-11-01,2025-11-30,East of England,QM7,NHS HERTFORDSHIRE AND WEST ESSEX INTEGRATED CARE BOARD,RAT,NORTH EAST LONDON NHS FOUNDATION TRUST,MH083,Greater Essex CYP,A03,Number of answered calls,66
2025-11-01,2025-11-30,East of England,QM7,NHS HERTFORDSHIRE AND WEST ESSEX INTEGRATED CARE BOARD,RAT,NORTH EAST LONDON NHS FOUNDATION TRUST,MH083,Greater Essex CYP,B01,Number of calls answered within 60 seconds,55
2025-11-01,2025-11-30,East of England,QM7,NHS HERTFORDSHIRE AND WEST ESSEX INTEGRATED CARE BOARD,RAT,NORTH EAST LONDON NHS FOUNDATION TRUST,MH083,Greater Essex CYP,B02,Number of calls abandoned,5
2025-11-01,2025-11-30,East of England,QM7,NHS HERTFORDSHIRE AND WEST ESSEX INTEGRATED CARE BOARD,RAT,NORTH EAST LONDON NHS FOUNDATION TRUST,MH083,Greater Essex CYP,B03,Calls abandoned in 30 seconds or less,0
2025-11-01,2025-11-30,East of England,QM7,NHS HERTFORDSHIRE AND WEST ESSEX INTEGRATED CARE BOARD,RAT,NORTH EAST LONDON NHS FOUNDATION TRUST,MH083,Greater Essex CYP,B04,Calls abandoned in over 30 seconds and up to and including 60 seconds,0
2025-11-01,2025-11-30,East of England,QM7,NHS HERTFORDSHIRE AND WEST ESSEX INTEGRATED CARE BOARD,RAT,NORTH EAST LONDON NHS FOUNDATION TRUST,MH083,Greater Essex CYP,B05,Calls abandoned after 60 seconds,5
2025-11-01,2025-11-30,East of England,QM7,NHS HERTFORDSHIRE AND WEST ESSEX INTEGRATED CARE BOARD,RAT,NORTH EAST LONDON NHS FOUNDATION TRUST,MH083,Greater Essex CYP,B06,Total time to call answer (seconds),4195
2025-11-01,2025-11-30,East of England,QM7,NHS HERTFORDSHIRE AND WEST ESSEX INTEGRATED CARE BOARD,RAT,NORTH EAST LONDON NHS FOUNDATION TRUST,MH083,Greater Essex CYP,B07,95th centile call answer time (seconds),246
2025-11-01,2025-11-30,East of England,QM7,NHS HERTFORDSHIRE AND WEST ESSEX INTEGRATED CARE BOARD,RAT,NORTH EAST LONDON NHS FOUNDATION TRUST,MH083,Greater Essex CYP,B09,Total time of abandoned calls (seconds),748
2025-11-01,2025-11-30,East of England,QUE,NHS CAMBRIDGESHIRE AND PETERBOROUGH INTEGRATED CARE BOARD,RT1,CAMBRIDGESHIRE AND PETERBOROUGH NHS FOUNDATION TRUST,MH009,C&P First Response Service (FRS),A01,Number of calls received,2502
2025-11-01,2025-11-30,East of England,QUE,NHS CAMBRIDGESHIRE AND PETERBOROUGH INTEGRATED CARE BOARD,RT1,CAMBRIDGESHIRE AND PETERBOROUGH NHS FOUNDATION TRUST,MH009,C&P First Response Service (FRS),A02,Calls routed through IVR,2502
2025-11-01,2025-11-30,East of England,QUE,NHS CAMBRIDGESHIRE AND PETERBOROUGH INTEGRATED CARE BOARD,RT1,CAMBRIDGESHIRE AND PETERBOROUGH NHS FOUNDATION TRUST,MH009,C&P First Response Service (FRS),A03,Number of answered calls,1815
2025-11-01,2025-11-30,East of England,QUE,NHS CAMBRIDGESHIRE AND PETERBOROUGH INTEGRATED CARE BOARD,RT1,CAMBRIDGESHIRE AND PETERBOROUGH NHS FOUNDATION TRUST,MH009,C&P First Response Service (FRS),B01,Number of calls answered within 60 seconds,1081
2025-11-01,2025-11-30,East of England,QUE,NHS CAMBRIDGESHIRE AND PETERBOROUGH INTEGRATED CARE BOARD,RT1,CAMBRIDGESHIRE AND PETERBOROUGH NHS FOUNDATION TRUST,MH009,C&P First Response Service (FRS),B02,Number of calls abandoned,687
2025-11-01,2025-11-30,East of England,QUE,NHS CAMBRIDGESHIRE AND PETERBOROUGH INTEGRATED CARE BOARD,RT1,CAMBRIDGESHIRE AND PETERBOROUGH NHS FOUNDATION TRUST,MH009,C&P First Response Service (FRS),B03,Calls abandoned in 30 seconds or less,69
2025-11-01,2025-11-30,East of England,QUE,NHS CAMBRIDGESHIRE AND PETERBOROUGH INTEGRATED CARE BOARD,RT1,CAMBRIDGESHIRE AND PETERBOROUGH NHS FOUNDATION TRUST,MH009,C&P First Response Service (FRS),B04,Calls abandoned in over 30 seconds and up to and including 60 seconds,73
2025-11-01,2025-11-30,East of England,QUE,NHS CAMBRIDGESHIRE AND PETERBOROUGH INTEGRATED CARE BOARD,RT1,CAMBRIDGESHIRE AND PETERBOROUGH NHS FOUNDATION TRUST,MH009,C&P First Response Service (FRS),B05,Calls abandoned after 60 seconds,545
2025-11-01,2025-11-30,East of England,QUE,NHS CAMBRIDGESHIRE AND PETERBOROUGH INTEGRATED CARE BOARD,RT1,CAMBRIDGESHIRE AND PETERBOROUGH NHS FOUNDATION TRUST,MH009,C&P First Response Service (FRS),B06,Total time to call answer (seconds),704467
2025-11-01,2025-11-30,East of England,QUE,NHS CAMBRIDGESHIRE AND PETERBOROUGH INTEGRATED CARE BOARD,RT1,CAMBRIDGESHIRE AND PETERBOROUGH NHS FOUNDATION TRUST,MH009,C&P First Response Service (FRS),B07,95th centile call answer time (seconds),2146
2025-11-01,2025-11-30,East of England,QUE,NHS CAMBRIDGESHIRE AND PETERBOROUGH INTEGRATED CARE BOARD,RT1,CAMBRIDGESHIRE AND PETERBOROUGH NHS FOUNDATION TRUST,MH009,C&P First Response Service (FRS),B09,Total time of abandoned calls (seconds),245147
2025-11-01,2025-11-30,East of England,QJG,NHS SUFFOLK AND NORTH EAST ESSEX INTEGRATED CARE BOARD,R1L,ESSEX PARTNERSHIP UNIVERSITY NHS FOUNDATION TRUST,MH080,EPUT (North East Essex) MH Helpline,A01,Number of calls received,1559
2025-11-01,2025-11-30,East of England,QJG,NHS SUFFOLK AND NORTH EAST ESSEX INTEGRATED CARE BOARD,R1L,ESSEX PARTNERSHIP UNIVERSITY NHS FOUNDATION TRUST,MH080,EPUT (North East Essex) MH Helpline,A02,Calls routed through IVR,1271
2025-11-01,2025-11-30,East of England,QJG,NHS SUFFOLK AND NORTH EAST ESSEX INTEGRATED CARE BOARD,R1L,ESSEX PARTNERSHIP UNIVERSITY NHS FOUNDATION TRUST,MH080,EPUT (North East Essex) MH Helpline,A03,Number of answered calls,1366
2025-11-01,2025-11-30,East of England,QJG,NHS SUFFOLK AND NORTH EAST ESSEX INTEGRATED CARE BOARD,R1L,ESSEX PARTNERSHIP UNIVERSITY NHS FOUNDATION TRUST,MH080,EPUT (North East Essex) MH Helpline,B01,Number of calls answered within 60 seconds,1011
2025-11-01,2025-11-30,East of England,QJG,NHS SUFFOLK AND NORTH EAST ESSEX INTEGRATED CARE BOARD,R1L,ESSEX PARTNERSHIP UNIVERSITY NHS FOUNDATION TRUST,MH080,EPUT (North East Essex) MH Helpline,B02,Number of calls abandoned,193
2025-11-01,2025-11-30,East of England,QJG,NHS SUFFOLK AND NORTH EAST ESSEX INTEGRATED CARE BOARD,R1L,ESSEX PARTNERSHIP UNIVERSITY NHS FOUNDATION TRUST,MH080,EPUT (North East Essex) MH Helpline,B03,Calls abandoned in 30 seconds or less,88
2025-11-01,2025-11-30,East of England,QJG,NHS SUFFOLK AND NORTH EAST ESSEX INTEGRATED CARE BOARD,R1L,ESSEX PARTNERSHIP UNIVERSITY NHS FOUNDATION TRUST,MH080,EPUT (North East Essex) MH Helpline,B04,Calls abandoned in over 30 seconds and up to and including 60 seconds,30
2025-11-01,2025-11-30,East of England,QJG,NHS SUFFOLK AND NORTH EAST ESSEX INTEGRATED CARE BOARD,R1L,ESSEX PARTNERSHIP UNIVERSITY NHS FOUNDATION TRUST,MH080,EPUT (North East Essex) MH Helpline,B05,Calls abandoned after 60 seconds,75
2025-11-01,2025-11-30,East of England,QJG,NHS SUFFOLK AND NORTH EAST ESSEX INTEGRATED CARE BOARD,R1L,ESSEX PARTNERSHIP UNIVERSITY NHS FOUNDATION TRUST,MH080,EPUT (North East Essex) MH Helpline,B06,Total time to call answer (seconds),109209
2025-11-01,2025-11-30,East of England,QJG,NHS SUFFOLK AND NORTH EAST ESSEX INTEGRATED CARE BOARD,R1L,ESSEX PARTNERSHIP UNIVERSITY NHS FOUNDATION TRUST,MH080,EPUT (North East Essex) MH Helpline,B07,95th centile call answer time (seconds),328
2025-11-01,2025-11-30,East of England,QJG,NHS SUFFOLK AND NORTH EAST ESSEX INTEGRATED CARE BOARD,R1L,ESSEX PARTNERSHIP UNIVERSITY NHS FOUNDATION TRUST,MH080,EPUT (North East Essex) MH Helpline,B09,Total time of abandoned calls (seconds),22261
2025-11-01,2025-11-30,East of England,QH8,NHS MID AND SOUTH ESSEX INTEGRATED CARE BOARD,R1L,ESSEX PARTNERSHIP UNIVERSITY NHS FOUNDATION TRUST,MH081,EPUT (Mid and South Essex) MH Helpline,A01,Number of calls received,2856
2025-11-01,2025-11-30,East of England,QH8,NHS MID AND SOUTH ESSEX INTEGRATED CARE BOARD,R1L,ESSEX PARTNERSHIP UNIVERSITY NHS FOUNDATION TRUST,MH081,EPUT (Mid and South Essex) MH Helpline,A02,Calls routed through IVR,2394
2025-11-01,2025-11-30,East of England,QH8,NHS MID AND SOUTH ESSEX INTEGRATED CARE BOARD,R1L,ESSEX PARTNERSHIP UNIVERSITY NHS FOUNDATION TRUST,MH081,EPUT (Mid and South Essex) MH Helpline,A03,Number of answered calls,2446
2025-11-01,2025-11-30,East of England,QH8,NHS MID AND SOUTH ESSEX INTEGRATED CARE BOARD,R1L,ESSEX PARTNERSHIP UNIVERSITY NHS FOUNDATION TRUST,MH081,EPUT (Mid and South Essex) MH Helpline,B01,Number of calls answered within 60 seconds,1870
2025-11-01,2025-11-30,East of England,QH8,NHS MID AND SOUTH ESSEX INTEGRATED CARE BOARD,R1L,ESSEX PARTNERSHIP UNIVERSITY NHS FOUNDATION TRUST,MH081,EPUT (Mid and South Essex) MH Helpline,B02,Number of calls abandoned,410
2025-11-01,2025-11-30,East of England,QH8,NHS MID AND SOUTH ESSEX INTEGRATED CARE BOARD,R1L,ESSEX PARTNERSHIP UNIVERSITY NHS FOUNDATION TRUST,MH081,EPUT (Mid and South Essex) MH Helpline,B03,Calls abandoned in 30 seconds or less,265
2025-11-01,2025-11-30,East of England,QH8,NHS MID AND SOUTH ESSEX INTEGRATED CARE BOARD,R1L,ESSEX PARTNERSHIP UNIVERSITY NHS FOUNDATION TRUST,MH081,EPUT (Mid and South Essex) MH Helpline,B04,Calls abandoned in over 30 seconds and up to and including 60 seconds,37
2025-11-01,2025-11-30,East of England,QH8,NHS MID AND SOUTH ESSEX INTEGRATED CARE BOARD,R1L,ESSEX PARTNERSHIP UNIVERSITY NHS FOUNDATION TRUST,MH081,EPUT (Mid and South Essex) MH Helpline,B05,Calls abandoned after 60 seconds,108
2025-11-01,2025-11-30,East of England,QH8,NHS MID AND SOUTH ESSEX INTEGRATED CARE BOARD,R1L,ESSEX PARTNERSHIP UNIVERSITY NHS FOUNDATION TRUST,MH081,EPUT (Mid and South Essex) MH Helpline,B06,Total time to call answer (seconds),167854
2025-11-01,2025-11-30,East of England,QH8,NHS MID AND SOUTH ESSEX INTEGRATED CARE BOARD,R1L,ESSEX PARTNERSHIP UNIVERSITY NHS FOUNDATION TRUST,MH081,EPUT (Mid and South Essex) MH Helpline,B07,95th centile call answer time (seconds),299
2025-11-01,2025-11-30,East of England,QH8,NHS MID AND SOUTH ESSEX INTEGRATED CARE BOARD,R1L,ESSEX PARTNERSHIP UNIVERSITY NHS FOUNDATION TRUST,MH081,EPUT (Mid and South Essex) MH Helpline,B09,Total time of abandoned calls (seconds),35112
2025-11-01,2025-11-30,East of England,QM7,NHS HERTFORDSHIRE AND WEST ESSEX INTEGRATED CARE BOARD,R1L,ESSEX PARTNERSHIP UNIVERSITY NHS FOUNDATION TRUST,MH082,EPUT (West Essex) MH Helpline,A01,Number of calls received,563
2025-11-01,2025-11-30,East of England,QM7,NHS HERTFORDSHIRE AND WEST ESSEX INTEGRATED CARE BOARD,R1L,ESSEX PARTNERSHIP UNIVERSITY NHS FOUNDATION TRUST,MH082,EPUT (West Essex) MH Helpline,A02,Calls routed through IVR,450
2025-11-01,2025-11-30,East of England,QM7,NHS HERTFORDSHIRE AND WEST ESSEX INTEGRATED CARE BOARD,R1L,ESSEX PARTNERSHIP UNIVERSITY NHS FOUNDATION TRUST,MH082,EPUT (West Essex) MH Helpline,A03,Number of answered calls,461
2025-11-01,2025-11-30,East of England,QM7,NHS HERTFORDSHIRE AND WEST ESSEX INTEGRATED CARE BOARD,R1L,ESSEX PARTNERSHIP UNIVERSITY NHS FOUNDATION TRUST,MH082,EPUT (West Essex) MH Helpline,B01,Number of calls answered within 60 seconds,341
2025-11-01,2025-11-30,East of England,QM7,NHS HERTFORDSHIRE AND WEST ESSEX INTEGRATED CARE BOARD,R1L,ESSEX PARTNERSHIP UNIVERSITY NHS FOUNDATION TRUST,MH082,EPUT (West Essex) MH Helpline,B02,Number of calls abandoned,102
2025-11-01,2025-11-30,East of England,QM7,NHS HERTFORDSHIRE AND WEST ESSEX INTEGRATED CARE BOARD,R1L,ESSEX PARTNERSHIP UNIVERSITY NHS FOUNDATION TRUST,MH082,EPUT (West Essex) MH Helpline,B03,Calls abandoned in 30 seconds or less,56
2025-11-01,2025-11-30,East of England,QM7,NHS HERTFORDSHIRE AND WEST ESSEX INTEGRATED CARE BOARD,R1L,ESSEX PARTNERSHIP UNIVERSITY NHS FOUNDATION TRUST,MH082,EPUT (West Essex) MH Helpline,B04,Calls abandoned in over 30 seconds and up to and including 60 seconds,6
2025-11-01,2025-11-30,East of England,QM7,NHS HERTFORDSHIRE AND WEST ESSEX INTEGRATED CARE BOARD,R1L,ESSEX PARTNERSHIP UNIVERSITY NHS FOUNDATION TRUST,MH082,EPUT (West Essex) MH Helpline,B05,Calls abandoned after 60 seconds,40
2025-11-01,2025-11-30,East of England,QM7,NHS HERTFORDSHIRE AND WEST ESSEX INTEGRATED CARE BOARD,R1L,ESSEX PARTNERSHIP UNIVERSITY NHS FOUNDATION TRUST,MH082,EPUT (West Essex) MH Helpline,B06,Total time to call answer (seconds),36750
2025-11-01,2025-11-30,East of England,QM7,NHS HERTFORDSHIRE AND WEST ESSEX INTEGRATED CARE BOARD,R1L,ESSEX PARTNERSHIP UNIVERSITY NHS FOUNDATION TRUST,MH082,EPUT (West Essex) MH Helpline,B07,95th centile call answer time (seconds),283
2025-11-01,2025-11-30,East of England,QM7,NHS HERTFORDSHIRE AND WEST ESSEX INTEGRATED CARE BOARD,R1L,ESSEX PARTNERSHIP UNIVERSITY NHS FOUNDATION TRUST,MH082,EPUT (West Essex) MH Helpline,B09,Total time of abandoned calls (seconds),15453
2025-11-01,2025-11-30,London,QMJ,NHS NORTH CENTRAL LONDON INTEGRATED CARE BOARD,G6V2S,NORTH LONDON NHS FOUNDATION TRUST,MH003,"North London MH Partnership Crisis Line - Barnet, Enfield and Haringey (NLP)",A01,Number of calls received,1288
2025-11-01,2025-11-30,London,QMJ,NHS NORTH CENTRAL LONDON INTEGRATED CARE BOARD,G6V2S,NORTH LONDON NHS FOUNDATION TRUST,MH003,"North London MH Partnership Crisis Line - Barnet, Enfield and Haringey (NLP)",A02,Calls routed through IVR,1288
2025-11-01,2025-11-30,London,QMJ,NHS NORTH CENTRAL LONDON INTEGRATED CARE BOARD,G6V2S,NORTH LONDON NHS FOUNDATION TRUST,MH003,"North London MH Partnership Crisis Line - Barnet, Enfield and Haringey (NLP)",A03,Number of answered calls,1078
2025-11-01,2025-11-30,London,QMJ,NHS NORTH CENTRAL LONDON INTEGRATED CARE BOARD,G6V2S,NORTH LONDON NHS FOUNDATION TRUST,MH003,"North London MH Partnership Crisis Line - Barnet, Enfield and Haringey (NLP)",B01,Number of calls answered within 60 seconds,363
2025-11-01,2025-11-30,London,QMJ,NHS NORTH CENTRAL LONDON INTEGRATED CARE BOARD,G6V2S,NORTH LONDON NHS FOUNDATION TRUST,MH003,"North London MH Partnership Crisis Line - Barnet, Enfield and Haringey (NLP)",B02,Number of calls abandoned,209
2025-11-01,2025-11-30,London,QMJ,NHS NORTH CENTRAL LONDON INTEGRATED CARE BOARD,G6V2S,NORTH LONDON NHS FOUNDATION TRUST,MH003,"North London MH Partnership Crisis Line - Barnet, Enfield and Haringey (NLP)",B03,Calls abandoned in 30 seconds or less,21
2025-11-01,2025-11-30,London,QMJ,NHS NORTH CENTRAL LONDON INTEGRATED CARE BOARD,G6V2S,NORTH LONDON NHS FOUNDATION TRUST,MH003,"North London MH Partnership Crisis Line - Barnet, Enfield and Haringey (NLP)",B04,Calls abandoned in over 30 seconds and up to and including 60 seconds,16
2025-11-01,2025-11-30,London,QMJ,NHS NORTH CENTRAL LONDON INTEGRATED CARE BOARD,G6V2S,NORTH LONDON NHS FOUNDATION TRUST,MH003,"North London MH Partnership Crisis Line - Barnet, Enfield and Haringey (NLP)",B05,Calls abandoned after 60 seconds,171
2025-11-01,2025-11-30,London,QMJ,NHS NORTH CENTRAL LONDON INTEGRATED CARE BOARD,G6V2S,NORTH LONDON NHS FOUNDATION TRUST,MH003,"North London MH Partnership Crisis Line - Barnet, Enfield and Haringey (NLP)",B06,Total time to call answer (seconds),221055
2025-11-01,2025-11-30,London,QMJ,NHS NORTH CENTRAL LONDON INTEGRATED CARE BOARD,G6V2S,NORTH LONDON NHS FOUNDATION TRUST,MH003,"North London MH Partnership Crisis Line - Barnet, Enfield and Haringey (NLP)",B07,95th centile call answer time (seconds),2021
2025-11-01,2025-11-30,London,QMJ,NHS NORTH CENTRAL LONDON INTEGRATED CARE BOARD,G6V2S,NORTH LONDON NHS FOUNDATION TRUST,MH003,"North London MH Partnership Crisis Line - Barnet, Enfield and Haringey (NLP)",B09,Total time of abandoned calls (seconds),217828
2025-11-01,2025-11-30,East of England,QM7,NHS HERTFORDSHIRE AND WEST ESSEX INTEGRATED CARE BOARD,RWR,HERTFORDSHIRE PARTNERSHIP UNIVERSITY NHS FOUNDATION TRUST,MH026,HPFT,A01,Number of calls received,1015
2025-11-01,2025-11-30,East of England,QM7,NHS HERTFORDSHIRE AND WEST ESSEX INTEGRATED CARE BOARD,RWR,HERTFORDSHIRE PARTNERSHIP UNIVERSITY NHS FOUNDATION TRUST,MH026,HPFT,A02,Calls routed through IVR,1015
2025-11-01,2025-11-30,East of England,QM7,NHS HERTFORDSHIRE AND WEST ESSEX INTEGRATED CARE BOARD,RWR,HERTFORDSHIRE PARTNERSHIP UNIVERSITY NHS FOUNDATION TRUST,MH026,HPFT,A03,Number of answered calls,612
2025-11-01,2025-11-30,East of England,QM7,NHS HERTFORDSHIRE AND WEST ESSEX INTEGRATED CARE BOARD,RWR,HERTFORDSHIRE PARTNERSHIP UNIVERSITY NHS FOUNDATION TRUST,MH026,HPFT,B01,Number of calls answered within 60 seconds,254
2025-11-01,2025-11-30,East of England,QM7,NHS HERTFORDSHIRE AND WEST ESSEX INTEGRATED CARE BOARD,RWR,HERTFORDSHIRE PARTNERSHIP UNIVERSITY NHS FOUNDATION TRUST,MH026,HPFT,B02,Number of calls abandoned,398
2025-11-01,2025-11-30,East of England,QM7,NHS HERTFORDSHIRE AND WEST ESSEX INTEGRATED CARE BOARD,RWR,HERTFORDSHIRE PARTNERSHIP UNIVERSITY NHS FOUNDATION TRUST,MH026,HPFT,B03,Calls abandoned in 30 seconds or less,50
2025-11-01,2025-11-30,East of England,QM7,NHS HERTFORDSHIRE AND WEST ESSEX INTEGRATED CARE BOARD,RWR,HERTFORDSHIRE PARTNERSHIP UNIVERSITY NHS FOUNDATION TRUST,MH026,HPFT,B04,Calls abandoned in over 30 seconds and up to and including 60 seconds,34
2025-11-01,2025-11-30,East of England,QM7,NHS HERTFORDSHIRE AND WEST ESSEX INTEGRATED CARE BOARD,RWR,HERTFORDSHIRE PARTNERSHIP UNIVERSITY NHS FOUNDATION TRUST,MH026,HPFT,B05,Calls abandoned after 60 seconds,314
2025-11-01,2025-11-30,East of England,QM7,NHS HERTFORDSHIRE AND WEST ESSEX INTEGRATED CARE BOARD,RWR,HERTFORDSHIRE PARTNERSHIP UNIVERSITY NHS FOUNDATION TRUST,MH026,HPFT,B06,Total time to call answer (seconds),356734
2025-11-01,2025-11-30,East of England,QM7,NHS HERTFORDSHIRE AND WEST ESSEX INTEGRATED CARE BOARD,RWR,HERTFORDSHIRE PARTNERSHIP UNIVERSITY NHS FOUNDATION TRUST,MH026,HPFT,B07,95th centile call answer time (seconds),2439
2025-11-01,2025-11-30,East of England,QM7,NHS HERTFORDSHIRE AND WEST ESSEX INTEGRATED CARE BOARD,RWR,HERTFORDSHIRE PARTNERSHIP UNIVERSITY NHS FOUNDATION TRUST,MH026,HPFT,B09,Total time of abandoned calls (seconds),254642
2025-11-01,2025-11-30,South East,QXU,NHS SURREY HEARTLANDS INTEGRATED CARE BOARD,RXX,SURREY AND BORDERS PARTNERSHIP NHS FOUNDATION TRUST,MH065,Surrey and Borders Partnership NHS Foundation Trust (SABP),A01,Number of calls received,4835
2025-11-01,2025-11-30,South East,QXU,NHS SURREY HEARTLANDS INTEGRATED CARE BOARD,RXX,SURREY AND BORDERS PARTNERSHIP NHS FOUNDATION TRUST,MH065,Surrey and Borders Partnership NHS Foundation Trust (SABP),A02,Calls routed through IVR,638
2025-11-01,2025-11-30,South East,QXU,NHS SURREY HEARTLANDS INTEGRATED CARE BOARD,RXX,SURREY AND BORDERS PARTNERSHIP NHS FOUNDATION TRUST,MH065,Surrey and Borders Partnership NHS Foundation Trust (SABP),A03,Number of answered calls,3770
2025-11-01,2025-11-30,South East,QXU,NHS SURREY HEARTLANDS INTEGRATED CARE BOARD,RXX,SURREY AND BORDERS PARTNERSHIP NHS FOUNDATION TRUST,MH065,Surrey and Borders Partnership NHS Foundation Trust (SABP),B01,Number of calls answered within 60 seconds,2932
2025-11-01,2025-11-30,South East,QXU,NHS SURREY HEARTLANDS INTEGRATED CARE BOARD,RXX,SURREY AND BORDERS PARTNERSHIP NHS FOUNDATION TRUST,MH065,Surrey and Borders Partnership NHS Foundation Trust (SABP),B02,Number of calls abandoned,1061
2025-11-01,2025-11-30,South East,QXU,NHS SURREY HEARTLANDS INTEGRATED CARE BOARD,RXX,SURREY AND BORDERS PARTNERSHIP NHS FOUNDATION TRUST,MH065,Surrey and Borders Partnership NHS Foundation Trust (SABP),B03,Calls abandoned in 30 seconds or less,554
2025-11-01,2025-11-30,South East,QXU,NHS SURREY HEARTLANDS INTEGRATED CARE BOARD,RXX,SURREY AND BORDERS PARTNERSHIP NHS FOUNDATION TRUST,MH065,Surrey and Borders Partnership NHS Foundation Trust (SABP),B04,Calls abandoned in over 30 seconds and up to and including 60 seconds,158
2025-11-01,2025-11-30,South East,QXU,NHS SURREY HEARTLANDS INTEGRATED CARE BOARD,RXX,SURREY AND BORDERS PARTNERSHIP NHS FOUNDATION TRUST,MH065,Surrey and Borders Partnership NHS Foundation Trust (SABP),B05,Calls abandoned after 60 seconds,349
2025-11-01,2025-11-30,South East,QXU,NHS SURREY HEARTLANDS INTEGRATED CARE BOARD,RXX,SURREY AND BORDERS PARTNERSHIP NHS FOUNDATION TRUST,MH065,Surrey and Borders Partnership NHS Foundation Trust (SABP),B06,Total time to call answer (seconds),256810
2025-11-01,2025-11-30,South East,QXU,NHS SURREY HEARTLANDS INTEGRATED CARE BOARD,RXX,SURREY AND BORDERS PARTNERSHIP NHS FOUNDATION TRUST,MH065,Surrey and Borders Partnership NHS Foundation Trust (SABP),B07,95th centile call answer time (seconds),359
2025-11-01,2025-11-30,South East,QXU,NHS SURREY HEARTLANDS INTEGRATED CARE BOARD,RXX,SURREY AND BORDERS PARTNERSHIP NHS FOUNDATION TRUST,MH065,Surrey and Borders Partnership NHS Foundation Trust (SABP),B09,Total time of abandoned calls (seconds),88023
2025-11-01,2025-11-30,North East and Yorkshire,QF7,NHS SOUTH YORKSHIRE INTEGRATED CARE BOARD,YGM59,SHEFFIELD HEALTH AND SOCIAL CARE NHS FOUNDATION TRUST (APPLICATION PROVIDER),MH058,NCHA,A01,Number of calls received,1475
2025-11-01,2025-11-30,North East and Yorkshire,QF7,NHS SOUTH YORKSHIRE INTEGRATED CARE BOARD,YGM59,SHEFFIELD HEALTH AND SOCIAL CARE NHS FOUNDATION TRUST (APPLICATION PROVIDER),MH058,NCHA,A02,Calls routed through IVR,-
2025-11-01,2025-11-30,North East and Yorkshire,QF7,NHS SOUTH YORKSHIRE INTEGRATED CARE BOARD,YGM59,SHEFFIELD HEALTH AND SOCIAL CARE NHS FOUNDATION TRUST (APPLICATION PROVIDER),MH058,NCHA,A03,Number of answered calls,1103
2025-11-01,2025-11-30,North East and Yorkshire,QF7,NHS SOUTH YORKSHIRE INTEGRATED CARE BOARD,YGM59,SHEFFIELD HEALTH AND SOCIAL CARE NHS FOUNDATION TRUST (APPLICATION PROVIDER),MH058,NCHA,B01,Number of calls answered within 60 seconds,433
2025-11-01,2025-11-30,North East and Yorkshire,QF7,NHS SOUTH YORKSHIRE INTEGRATED CARE BOARD,YGM59,SHEFFIELD HEALTH AND SOCIAL CARE NHS FOUNDATION TRUST (APPLICATION PROVIDER),MH058,NCHA,B02,Number of calls abandoned,372
2025-11-01,2025-11-30,North East and Yorkshire,QF7,NHS SOUTH YORKSHIRE INTEGRATED CARE BOARD,YGM59,SHEFFIELD HEALTH AND SOCIAL CARE NHS FOUNDATION TRUST (APPLICATION PROVIDER),MH058,NCHA,B03,Calls abandoned in 30 seconds or less,-
2025-11-01,2025-11-30,North East and Yorkshire,QF7,NHS SOUTH YORKSHIRE INTEGRATED CARE BOARD,YGM59,SHEFFIELD HEALTH AND SOCIAL CARE NHS FOUNDATION TRUST (APPLICATION PROVIDER),MH058,NCHA,B04,Calls abandoned in over 30 seconds and up to and including 60 seconds,-
2025-11-01,2025-11-30,North East and Yorkshire,QF7,NHS SOUTH YORKSHIRE INTEGRATED CARE BOARD,YGM59,SHEFFIELD HEALTH AND SOCIAL CARE NHS FOUNDATION TRUST (APPLICATION PROVIDER),MH058,NCHA,B05,Calls abandoned after 60 seconds,-
2025-11-01,2025-11-30,North East and Yorkshire,QF7,NHS SOUTH YORKSHIRE INTEGRATED CARE BOARD,YGM59,SHEFFIELD HEALTH AND SOCIAL CARE NHS FOUNDATION TRUST (APPLICATION PROVIDER),MH058,NCHA,B06,Total time to call answer (seconds),326110
2025-11-01,2025-11-30,North East and Yorkshire,QF7,NHS SOUTH YORKSHIRE INTEGRATED CARE BOARD,YGM59,SHEFFIELD HEALTH AND SOCIAL CARE NHS FOUNDATION TRUST (APPLICATION PROVIDER),MH058,NCHA,B07,95th centile call answer time (seconds),1214
2025-11-01,2025-11-30,North East and Yorkshire,QF7,NHS SOUTH YORKSHIRE INTEGRATED CARE BOARD,YGM59,SHEFFIELD HEALTH AND SOCIAL CARE NHS FOUNDATION TRUST (APPLICATION PROVIDER),MH058,NCHA,B09,Total time of abandoned calls (seconds),-
