REPORTING_PERIOD_START,REPORTING_PERIOD_END,REGION,ICB_CODE,ICB_NAME,ORG_CODE,ORG_NAME,CONTRACT_CODE,CONTRACT_NAME,METRIC_ID,METRIC_NAME,METRIC_VALUE
2025-01-01,2025-01-31,Midlands,QPM,NHS NORTHAMPTONSHIRE INTEGRATED CARE BOARD,RP1,NORTHAMPTONSHIRE HEALTHCARE NHS FOUNDATION TRUST,MH050,Mental Health Northants (VCSE) Collaboration. (NMH),A01,Number of calls received,9447
2025-01-01,2025-01-31,Midlands,QPM,NHS NORTHAMPTONSHIRE INTEGRATED CARE BOARD,RP1,NORTHAMPTONSHIRE HEALTHCARE NHS FOUNDATION TRUST,MH050,Mental Health Northants (VCSE) Collaboration. (NMH),A02,Calls routed through IVR,671
2025-01-01,2025-01-31,Midlands,QPM,NHS NORTHAMPTONSHIRE INTEGRATED CARE BOARD,RP1,NORTHAMPTONSHIRE HEALTHCARE NHS FOUNDATION TRUST,MH050,Mental Health Northants (VCSE) Collaboration. (NMH),A03,Number of answered calls,5317
2025-01-01,2025-01-31,Midlands,QPM,NHS NORTHAMPTONSHIRE INTEGRATED CARE BOARD,RP1,NORTHAMPTONSHIRE HEALTHCARE NHS FOUNDATION TRUST,MH050,Mental Health Northants (VCSE) Collaboration. (NMH),B01,Number of calls answered within 60 seconds,2792
2025-01-01,2025-01-31,Midlands,QPM,NHS NORTHAMPTONSHIRE INTEGRATED CARE BOARD,RP1,NORTHAMPTONSHIRE HEALTHCARE NHS FOUNDATION TRUST,MH050,Mental Health Northants (VCSE) Collaboration. (NMH),B02,Number of calls abandoned,4130
2025-01-01,2025-01-31,Midlands,QPM,NHS NORTHAMPTONSHIRE INTEGRATED CARE BOARD,RP1,NORTHAMPTONSHIRE HEALTHCARE NHS FOUNDATION TRUST,MH050,Mental Health Northants (VCSE) Collaboration. (NMH),B03,Calls abandoned in 30 seconds or less,1182
2025-01-01,2025-01-31,Midlands,QPM,NHS NORTHAMPTONSHIRE INTEGRATED CARE BOARD,RP1,NORTHAMPTONSHIRE HEALTHCARE NHS FOUNDATION TRUST,MH050,Mental Health Northants (VCSE) Collaboration. (NMH),B04,Calls abandoned in over 30 seconds and up to and including 60 seconds,591
2025-01-01,2025-01-31,Midlands,QPM,NHS NORTHAMPTONSHIRE INTEGRATED CARE BOARD,RP1,NORTHAMPTONSHIRE HEALTHCARE NHS FOUNDATION TRUST,MH050,Mental Health Northants (VCSE) Collaboration. (NMH),B05,Calls abandoned after 60 seconds,2357
2025-01-01,2025-01-31,Midlands,QPM,NHS NORTHAMPTONSHIRE INTEGRATED CARE BOARD,RP1,NORTHAMPTONSHIRE HEALTHCARE NHS FOUNDATION TRUST,MH050,Mental Health Northants (VCSE) Collaboration. (NMH),B06,Total time to call answer (seconds),1801506
2025-01-01,2025-01-31,Midlands,QPM,NHS NORTHAMPTONSHIRE INTEGRATED CARE BOARD,RP1,NORTHAMPTONSHIRE HEALTHCARE NHS FOUNDATION TRUST,MH050,Mental Health Northants (VCSE) Collaboration. (NMH),B07,95th centile call answer time (seconds),1725
2025-01-01,2025-01-31,Midlands,QPM,NHS NORTHAMPTONSHIRE INTEGRATED CARE BOARD,RP1,NORTHAMPTONSHIRE HEALTHCARE NHS FOUNDATION TRUST,MH050,Mental Health Northants (VCSE) Collaboration. (NMH),B09,Total time of abandoned calls (seconds),1605391
2025-01-01,2025-01-31,Midlands,QNC,NHS STAFFORDSHIRE AND STOKE-ON-TRENT INTEGRATED CARE BOARD,RLY,NORTH STAFFORDSHIRE COMBINED HEALTHCARE NHS TRUST,MH049,Crisis Care Centre (NSCHT),A01,Number of calls received,2941
2025-01-01,2025-01-31,Midlands,QNC,NHS STAFFORDSHIRE AND STOKE-ON-TRENT INTEGRATED CARE BOARD,RLY,NORTH STAFFORDSHIRE COMBINED HEALTHCARE NHS TRUST,MH049,Crisis Care Centre (NSCHT),A02,Calls routed through IVR,377
2025-01-01,2025-01-31,Midlands,QNC,NHS STAFFORDSHIRE AND STOKE-ON-TRENT INTEGRATED CARE BOARD,RLY,NORTH STAFFORDSHIRE COMBINED HEALTHCARE NHS TRUST,MH049,Crisis Care Centre (NSCHT),A03,Number of answered calls,1939
2025-01-01,2025-01-31,Midlands,QNC,NHS STAFFORDSHIRE AND STOKE-ON-TRENT INTEGRATED CARE BOARD,RLY,NORTH STAFFORDSHIRE COMBINED HEALTHCARE NHS TRUST,MH049,Crisis Care Centre (NSCHT),B01,Number of calls answered within 60 seconds,1840
2025-01-01,2025-01-31,Midlands,QNC,NHS STAFFORDSHIRE AND STOKE-ON-TRENT INTEGRATED CARE BOARD,RLY,NORTH STAFFORDSHIRE COMBINED HEALTHCARE NHS TRUST,MH049,Crisis Care Centre (NSCHT),B02,Number of calls abandoned,1002
2025-01-01,2025-01-31,Midlands,QNC,NHS STAFFORDSHIRE AND STOKE-ON-TRENT INTEGRATED CARE BOARD,RLY,NORTH STAFFORDSHIRE COMBINED HEALTHCARE NHS TRUST,MH049,Crisis Care Centre (NSCHT),B03,Calls abandoned in 30 seconds or less,185
2025-01-01,2025-01-31,Midlands,QNC,NHS STAFFORDSHIRE AND STOKE-ON-TRENT INTEGRATED CARE BOARD,RLY,NORTH STAFFORDSHIRE COMBINED HEALTHCARE NHS TRUST,MH049,Crisis Care Centre (NSCHT),B04,Calls abandoned in over 30 seconds and up to and including 60 seconds,109
2025-01-01,2025-01-31,Midlands,QNC,NHS STAFFORDSHIRE AND STOKE-ON-TRENT INTEGRATED CARE BOARD,RLY,NORTH STAFFORDSHIRE COMBINED HEALTHCARE NHS TRUST,MH049,Crisis Care Centre (NSCHT),B05,Calls abandoned after 60 seconds,708
2025-01-01,2025-01-31,Midlands,QNC,NHS STAFFORDSHIRE AND STOKE-ON-TRENT INTEGRATED CARE BOARD,RLY,NORTH STAFFORDSHIRE COMBINED HEALTHCARE NHS TRUST,MH049,Crisis Care Centre (NSCHT),B06,Total time to call answer (seconds),625852
2025-01-01,2025-01-31,Midlands,QNC,NHS STAFFORDSHIRE AND STOKE-ON-TRENT INTEGRATED CARE BOARD,RLY,NORTH STAFFORDSHIRE COMBINED HEALTHCARE NHS TRUST,MH049,Crisis Care Centre (NSCHT),B07,95th centile call answer time (seconds),1586
2025-01-01,2025-01-31,Midlands,QNC,NHS STAFFORDSHIRE AND STOKE-ON-TRENT INTEGRATED CARE BOARD,RLY,NORTH STAFFORDSHIRE COMBINED HEALTHCARE NHS TRUST,MH049,Crisis Care Centre (NSCHT),B09,Total time of abandoned calls (seconds),467898
2025-01-01,2025-01-31,North West,QOP,NHS GREATER MANCHESTER INTEGRATED CARE BOARD,RXV,GREATER MANCHESTER MENTAL HEALTH NHS FOUNDATION TRUST,MH025,GMMH 24/7 All Age MH Crisis Helpline,A01,Number of calls received,4233
2025-01-01,2025-01-31,North West,QOP,NHS GREATER MANCHESTER INTEGRATED CARE BOARD,RXV,GREATER MANCHESTER MENTAL HEALTH NHS FOUNDATION TRUST,MH025,GMMH 24/7 All Age MH Crisis Helpline,A02,Calls routed through IVR,4233
2025-01-01,2025-01-31,North West,QOP,NHS GREATER MANCHESTER INTEGRATED CARE BOARD,RXV,GREATER MANCHESTER MENTAL HEALTH NHS FOUNDATION TRUST,MH025,GMMH 24/7 All Age MH Crisis Helpline,A03,Number of answered calls,2809
2025-01-01,2025-01-31,North West,QOP,NHS GREATER MANCHESTER INTEGRATED CARE BOARD,RXV,GREATER MANCHESTER MENTAL HEALTH NHS FOUNDATION TRUST,MH025,GMMH 24/7 All Age MH Crisis Helpline,B01,Number of calls answered within 60 seconds,1868
2025-01-01,2025-01-31,North West,QOP,NHS GREATER MANCHESTER INTEGRATED CARE BOARD,RXV,GREATER MANCHESTER MENTAL HEALTH NHS FOUNDATION TRUST,MH025,GMMH 24/7 All Age MH Crisis Helpline,B02,Number of calls abandoned,1424
2025-01-01,2025-01-31,North West,QOP,NHS GREATER MANCHESTER INTEGRATED CARE BOARD,RXV,GREATER MANCHESTER MENTAL HEALTH NHS FOUNDATION TRUST,MH025,GMMH 24/7 All Age MH Crisis Helpline,B03,Calls abandoned in 30 seconds or less,623
2025-01-01,2025-01-31,North West,QOP,NHS GREATER MANCHESTER INTEGRATED CARE BOARD,RXV,GREATER MANCHESTER MENTAL HEALTH NHS FOUNDATION TRUST,MH025,GMMH 24/7 All Age MH Crisis Helpline,B04,Calls abandoned in over 30 seconds and up to and including 60 seconds,103
2025-01-01,2025-01-31,North West,QOP,NHS GREATER MANCHESTER INTEGRATED CARE BOARD,RXV,GREATER MANCHESTER MENTAL HEALTH NHS FOUNDATION TRUST,MH025,GMMH 24/7 All Age MH Crisis Helpline,B05,Calls abandoned after 60 seconds,698
2025-01-01,2025-01-31,North West,QOP,NHS GREATER MANCHESTER INTEGRATED CARE BOARD,RXV,GREATER MANCHESTER MENTAL HEALTH NHS FOUNDATION TRUST,MH025,GMMH 24/7 All Age MH Crisis Helpline,B06,Total time to call answer (seconds),414996
2025-01-01,2025-01-31,North West,QOP,NHS GREATER MANCHESTER INTEGRATED CARE BOARD,RXV,GREATER MANCHESTER MENTAL HEALTH NHS FOUNDATION TRUST,MH025,GMMH 24/7 All Age MH Crisis Helpline,B07,95th centile call answer time (seconds),760
2025-01-01,2025-01-31,North West,QOP,NHS GREATER MANCHESTER INTEGRATED CARE BOARD,RXV,GREATER MANCHESTER MENTAL HEALTH NHS FOUNDATION TRUST,MH025,GMMH 24/7 All Age MH Crisis Helpline,B09,Total time of abandoned calls (seconds),297689
2025-01-01,2025-01-31,South East,QXU,NHS SURREY HEARTLANDS INTEGRATED CARE BOARD,RXX,SURREY AND BORDERS PARTNERSHIP NHS FOUNDATION TRUST,MH065,Surrey and Borders Partnership NHS Foundation Trust (SABP),A01,Number of calls received,612
2025-01-01,2025-01-31,South East,QXU,NHS SURREY HEARTLANDS INTEGRATED CARE BOARD,RXX,SURREY AND BORDERS PARTNERSHIP NHS FOUNDATION TRUST,MH065,Surrey and Borders Partnership NHS Foundation Trust (SABP),A02,Calls routed through IVR,-
2025-01-01,2025-01-31,South East,QXU,NHS SURREY HEARTLANDS INTEGRATED CARE BOARD,RXX,SURREY AND BORDERS PARTNERSHIP NHS FOUNDATION TRUST,MH065,Surrey and Borders Partnership NHS Foundation Trust (SABP),A03,Number of answered calls,437
2025-01-01,2025-01-31,South East,QXU,NHS SURREY HEARTLANDS INTEGRATED CARE BOARD,RXX,SURREY AND BORDERS PARTNERSHIP NHS FOUNDATION TRUST,MH065,Surrey and Borders Partnership NHS Foundation Trust (SABP),B01,Number of calls answered within 60 seconds,291
2025-01-01,2025-01-31,South East,QXU,NHS SURREY HEARTLANDS INTEGRATED CARE BOARD,RXX,SURREY AND BORDERS PARTNERSHIP NHS FOUNDATION TRUST,MH065,Surrey and Borders Partnership NHS Foundation Trust (SABP),B02,Number of calls abandoned,175
2025-01-01,2025-01-31,South East,QXU,NHS SURREY HEARTLANDS INTEGRATED CARE BOARD,RXX,SURREY AND BORDERS PARTNERSHIP NHS FOUNDATION TRUST,MH065,Surrey and Borders Partnership NHS Foundation Trust (SABP),B03,Calls abandoned in 30 seconds or less,68
2025-01-01,2025-01-31,South East,QXU,NHS SURREY HEARTLANDS INTEGRATED CARE BOARD,RXX,SURREY AND BORDERS PARTNERSHIP NHS FOUNDATION TRUST,MH065,Surrey and Borders Partnership NHS Foundation Trust (SABP),B04,Calls abandoned in over 30 seconds and up to and including 60 seconds,31
2025-01-01,2025-01-31,South East,QXU,NHS SURREY HEARTLANDS INTEGRATED CARE BOARD,RXX,SURREY AND BORDERS PARTNERSHIP NHS FOUNDATION TRUST,MH065,Surrey and Borders Partnership NHS Foundation Trust (SABP),B05,Calls abandoned after 60 seconds,76
2025-01-01,2025-01-31,South East,QXU,NHS SURREY HEARTLANDS INTEGRATED CARE BOARD,RXX,SURREY AND BORDERS PARTNERSHIP NHS FOUNDATION TRUST,MH065,Surrey and Borders Partnership NHS Foundation Trust (SABP),B06,Total time to call answer (seconds),39381
2025-01-01,2025-01-31,South East,QXU,NHS SURREY HEARTLANDS INTEGRATED CARE BOARD,RXX,SURREY AND BORDERS PARTNERSHIP NHS FOUNDATION TRUST,MH065,Surrey and Borders Partnership NHS Foundation Trust (SABP),B07,95th centile call answer time (seconds),421
2025-01-01,2025-01-31,South East,QXU,NHS SURREY HEARTLANDS INTEGRATED CARE BOARD,RXX,SURREY AND BORDERS PARTNERSHIP NHS FOUNDATION TRUST,MH065,Surrey and Borders Partnership NHS Foundation Trust (SABP),B09,Total time of abandoned calls (seconds),19580
2025-01-01,2025-01-31,North West,QE1,NHS LANCASHIRE AND SOUTH CUMBRIA INTEGRATED CARE BOARD,RW5,LANCASHIRE & SOUTH CUMBRIA NHS FOUNDATION TRUST,MH030,LSCFT IRS,A01,Number of calls received,1879
2025-01-01,2025-01-31,North West,QE1,NHS LANCASHIRE AND SOUTH CUMBRIA INTEGRATED CARE BOARD,RW5,LANCASHIRE & SOUTH CUMBRIA NHS FOUNDATION TRUST,MH030,LSCFT IRS,A02,Calls routed through IVR,0
2025-01-01,2025-01-31,North West,QE1,NHS LANCASHIRE AND SOUTH CUMBRIA INTEGRATED CARE BOARD,RW5,LANCASHIRE & SOUTH CUMBRIA NHS FOUNDATION TRUST,MH030,LSCFT IRS,A03,Number of answered calls,1483
2025-01-01,2025-01-31,North West,QE1,NHS LANCASHIRE AND SOUTH CUMBRIA INTEGRATED CARE BOARD,RW5,LANCASHIRE & SOUTH CUMBRIA NHS FOUNDATION TRUST,MH030,LSCFT IRS,B01,Number of calls answered within 60 seconds,1112
2025-01-01,2025-01-31,North West,QE1,NHS LANCASHIRE AND SOUTH CUMBRIA INTEGRATED CARE BOARD,RW5,LANCASHIRE & SOUTH CUMBRIA NHS FOUNDATION TRUST,MH030,LSCFT IRS,B02,Number of calls abandoned,396
2025-01-01,2025-01-31,North West,QE1,NHS LANCASHIRE AND SOUTH CUMBRIA INTEGRATED CARE BOARD,RW5,LANCASHIRE & SOUTH CUMBRIA NHS FOUNDATION TRUST,MH030,LSCFT IRS,B03,Calls abandoned in 30 seconds or less,305
2025-01-01,2025-01-31,North West,QE1,NHS LANCASHIRE AND SOUTH CUMBRIA INTEGRATED CARE BOARD,RW5,LANCASHIRE & SOUTH CUMBRIA NHS FOUNDATION TRUST,MH030,LSCFT IRS,B04,Calls abandoned in over 30 seconds and up to and including 60 seconds,25
2025-01-01,2025-01-31,North West,QE1,NHS LANCASHIRE AND SOUTH CUMBRIA INTEGRATED CARE BOARD,RW5,LANCASHIRE & SOUTH CUMBRIA NHS FOUNDATION TRUST,MH030,LSCFT IRS,B05,Calls abandoned after 60 seconds,66
2025-01-01,2025-01-31,North West,QE1,NHS LANCASHIRE AND SOUTH CUMBRIA INTEGRATED CARE BOARD,RW5,LANCASHIRE & SOUTH CUMBRIA NHS FOUNDATION TRUST,MH030,LSCFT IRS,B06,Total time to call answer (seconds),134495
2025-01-01,2025-01-31,North West,QE1,NHS LANCASHIRE AND SOUTH CUMBRIA INTEGRATED CARE BOARD,RW5,LANCASHIRE & SOUTH CUMBRIA NHS FOUNDATION TRUST,MH030,LSCFT IRS,B07,95th centile call answer time (seconds),410
2025-01-01,2025-01-31,North West,QE1,NHS LANCASHIRE AND SOUTH CUMBRIA INTEGRATED CARE BOARD,RW5,LANCASHIRE & SOUTH CUMBRIA NHS FOUNDATION TRUST,MH030,LSCFT IRS,B09,Total time of abandoned calls (seconds),23528
2025-01-01,2025-01-31,South West,QJK,NHS DEVON INTEGRATED CARE BOARD,NR5,LIVEWELL SOUTHWEST,MH034,Livewell Southwest MH Crisis Line (Livewell),A01,Number of calls received,1892
2025-01-01,2025-01-31,South West,QJK,NHS DEVON INTEGRATED CARE BOARD,NR5,LIVEWELL SOUTHWEST,MH034,Livewell Southwest MH Crisis Line (Livewell),A02,Calls routed through IVR,1350
2025-01-01,2025-01-31,South West,QJK,NHS DEVON INTEGRATED CARE BOARD,NR5,LIVEWELL SOUTHWEST,MH034,Livewell Southwest MH Crisis Line (Livewell),A03,Number of answered calls,1227
2025-01-01,2025-01-31,South West,QJK,NHS DEVON INTEGRATED CARE BOARD,NR5,LIVEWELL SOUTHWEST,MH034,Livewell Southwest MH Crisis Line (Livewell),B01,Number of calls answered within 60 seconds,963
2025-01-01,2025-01-31,South West,QJK,NHS DEVON INTEGRATED CARE BOARD,NR5,LIVEWELL SOUTHWEST,MH034,Livewell Southwest MH Crisis Line (Livewell),B02,Number of calls abandoned,112
2025-01-01,2025-01-31,South West,QJK,NHS DEVON INTEGRATED CARE BOARD,NR5,LIVEWELL SOUTHWEST,MH034,Livewell Southwest MH Crisis Line (Livewell),B03,Calls abandoned in 30 seconds or less,22
2025-01-01,2025-01-31,South West,QJK,NHS DEVON INTEGRATED CARE BOARD,NR5,LIVEWELL SOUTHWEST,MH034,Livewell Southwest MH Crisis Line (Livewell),B04,Calls abandoned in over 30 seconds and up to and including 60 seconds,13
2025-01-01,2025-01-31,South West,QJK,NHS DEVON INTEGRATED CARE BOARD,NR5,LIVEWELL SOUTHWEST,MH034,Livewell Southwest MH Crisis Line (Livewell),B05,Calls abandoned after 60 seconds,77
2025-01-01,2025-01-31,South West,QJK,NHS DEVON INTEGRATED CARE BOARD,NR5,LIVEWELL SOUTHWEST,MH034,Livewell Southwest MH Crisis Line (Livewell),B06,Total time to call answer (seconds),87874
2025-01-01,2025-01-31,South West,QJK,NHS DEVON INTEGRATED CARE BOARD,NR5,LIVEWELL SOUTHWEST,MH034,Livewell Southwest MH Crisis Line (Livewell),B07,95th centile call answer time (seconds),552
2025-01-01,2025-01-31,South West,QJK,NHS DEVON INTEGRATED CARE BOARD,NR5,LIVEWELL SOUTHWEST,MH034,Livewell Southwest MH Crisis Line (Livewell),B09,Total time of abandoned calls (seconds),24078
2025-01-01,2025-01-31,South East,QNX,NHS SUSSEX INTEGRATED CARE BOARD,RX2,SUSSEX PARTNERSHIP NHS FOUNDATION TRUST,MH066,Sussex Partnership NHS Foundation Trust (SPFT),A01,Number of calls received,5997
2025-01-01,2025-01-31,South East,QNX,NHS SUSSEX INTEGRATED CARE BOARD,RX2,SUSSEX PARTNERSHIP NHS FOUNDATION TRUST,MH066,Sussex Partnership NHS Foundation Trust (SPFT),A02,Calls routed through IVR,-
2025-01-01,2025-01-31,South East,QNX,NHS SUSSEX INTEGRATED CARE BOARD,RX2,SUSSEX PARTNERSHIP NHS FOUNDATION TRUST,MH066,Sussex Partnership NHS Foundation Trust (SPFT),A03,Number of answered calls,2092
2025-01-01,2025-01-31,South East,QNX,NHS SUSSEX INTEGRATED CARE BOARD,RX2,SUSSEX PARTNERSHIP NHS FOUNDATION TRUST,MH066,Sussex Partnership NHS Foundation Trust (SPFT),B01,Number of calls answered within 60 seconds,141
2025-01-01,2025-01-31,South East,QNX,NHS SUSSEX INTEGRATED CARE BOARD,RX2,SUSSEX PARTNERSHIP NHS FOUNDATION TRUST,MH066,Sussex Partnership NHS Foundation Trust (SPFT),B02,Number of calls abandoned,3905
2025-01-01,2025-01-31,South East,QNX,NHS SUSSEX INTEGRATED CARE BOARD,RX2,SUSSEX PARTNERSHIP NHS FOUNDATION TRUST,MH066,Sussex Partnership NHS Foundation Trust (SPFT),B03,Calls abandoned in 30 seconds or less,404
2025-01-01,2025-01-31,South East,QNX,NHS SUSSEX INTEGRATED CARE BOARD,RX2,SUSSEX PARTNERSHIP NHS FOUNDATION TRUST,MH066,Sussex Partnership NHS Foundation Trust (SPFT),B04,Calls abandoned in over 30 seconds and up to and including 60 seconds,246
2025-01-01,2025-01-31,South East,QNX,NHS SUSSEX INTEGRATED CARE BOARD,RX2,SUSSEX PARTNERSHIP NHS FOUNDATION TRUST,MH066,Sussex Partnership NHS Foundation Trust (SPFT),B05,Calls abandoned after 60 seconds,3255
2025-01-01,2025-01-31,South East,QNX,NHS SUSSEX INTEGRATED CARE BOARD,RX2,SUSSEX PARTNERSHIP NHS FOUNDATION TRUST,MH066,Sussex Partnership NHS Foundation Trust (SPFT),B06,Total time to call answer (seconds),5659633
2025-01-01,2025-01-31,South East,QNX,NHS SUSSEX INTEGRATED CARE BOARD,RX2,SUSSEX PARTNERSHIP NHS FOUNDATION TRUST,MH066,Sussex Partnership NHS Foundation Trust (SPFT),B07,95th centile call answer time (seconds),6758
2025-01-01,2025-01-31,South East,QNX,NHS SUSSEX INTEGRATED CARE BOARD,RX2,SUSSEX PARTNERSHIP NHS FOUNDATION TRUST,MH066,Sussex Partnership NHS Foundation Trust (SPFT),B09,Total time of abandoned calls (seconds),2837167
2025-01-01,2025-01-31,North East and Yorkshire,QWO,NHS WEST YORKSHIRE INTEGRATED CARE BOARD,RXG,SOUTH WEST YORKSHIRE PARTNERSHIP NHS FOUNDATION TRUST,MH069,CYP C&K (CKCAHMS),A01,Number of calls received,0
2025-01-01,2025-01-31,North East and Yorkshire,QWO,NHS WEST YORKSHIRE INTEGRATED CARE BOARD,RXG,SOUTH WEST YORKSHIRE PARTNERSHIP NHS FOUNDATION TRUST,MH069,CYP C&K (CKCAHMS),A02,Calls routed through IVR,0
2025-01-01,2025-01-31,North East and Yorkshire,QWO,NHS WEST YORKSHIRE INTEGRATED CARE BOARD,RXG,SOUTH WEST YORKSHIRE PARTNERSHIP NHS FOUNDATION TRUST,MH069,CYP C&K (CKCAHMS),A03,Number of answered calls,0
2025-01-01,2025-01-31,North East and Yorkshire,QWO,NHS WEST YORKSHIRE INTEGRATED CARE BOARD,RXG,SOUTH WEST YORKSHIRE PARTNERSHIP NHS FOUNDATION TRUST,MH069,CYP C&K (CKCAHMS),B01,Number of calls answered within 60 seconds,0
2025-01-01,2025-01-31,North East and Yorkshire,QWO,NHS WEST YORKSHIRE INTEGRATED CARE BOARD,RXG,SOUTH WEST YORKSHIRE PARTNERSHIP NHS FOUNDATION TRUST,MH069,CYP C&K (CKCAHMS),B02,Number of calls abandoned,0
2025-01-01,2025-01-31,North East and Yorkshire,QWO,NHS WEST YORKSHIRE INTEGRATED CARE BOARD,RXG,SOUTH WEST YORKSHIRE PARTNERSHIP NHS FOUNDATION TRUST,MH069,CYP C&K (CKCAHMS),B03,Calls abandoned in 30 seconds or less,0
2025-01-01,2025-01-31,North East and Yorkshire,QWO,NHS WEST YORKSHIRE INTEGRATED CARE BOARD,RXG,SOUTH WEST YORKSHIRE PARTNERSHIP NHS FOUNDATION TRUST,MH069,CYP C&K (CKCAHMS),B04,Calls abandoned in over 30 seconds and up to and including 60 seconds,0
2025-01-01,2025-01-31,North East and Yorkshire,QWO,NHS WEST YORKSHIRE INTEGRATED CARE BOARD,RXG,SOUTH WEST YORKSHIRE PARTNERSHIP NHS FOUNDATION TRUST,MH069,CYP C&K (CKCAHMS),B05,Calls abandoned after 60 seconds,0
2025-01-01,2025-01-31,North East and Yorkshire,QWO,NHS WEST YORKSHIRE INTEGRATED CARE BOARD,RXG,SOUTH WEST YORKSHIRE PARTNERSHIP NHS FOUNDATION TRUST,MH069,CYP C&K (CKCAHMS),B06,Total time to call answer (seconds),0
2025-01-01,2025-01-31,North East and Yorkshire,QWO,NHS WEST YORKSHIRE INTEGRATED CARE BOARD,RXG,SOUTH WEST YORKSHIRE PARTNERSHIP NHS FOUNDATION TRUST,MH069,CYP C&K (CKCAHMS),B07,95th centile call answer time (seconds),0
2025-01-01,2025-01-31,North East and Yorkshire,QWO,NHS WEST YORKSHIRE INTEGRATED CARE BOARD,RXG,SOUTH WEST YORKSHIRE PARTNERSHIP NHS FOUNDATION TRUST,MH069,CYP C&K (CKCAHMS),B09,Total time of abandoned calls (seconds),0
2025-01-01,2025-01-31,North East and Yorkshire,QWO,NHS WEST YORKSHIRE INTEGRATED CARE BOARD,RXG,SOUTH WEST YORKSHIRE PARTNERSHIP NHS FOUNDATION TRUST,MH070,CYP Wakefield (WCAHMS),A01,Number of calls received,0
2025-01-01,2025-01-31,North East and Yorkshire,QWO,NHS WEST YORKSHIRE INTEGRATED CARE BOARD,RXG,SOUTH WEST YORKSHIRE PARTNERSHIP NHS FOUNDATION TRUST,MH070,CYP Wakefield (WCAHMS),A02,Calls routed through IVR,0
2025-01-01,2025-01-31,North East and Yorkshire,QWO,NHS WEST YORKSHIRE INTEGRATED CARE BOARD,RXG,SOUTH WEST YORKSHIRE PARTNERSHIP NHS FOUNDATION TRUST,MH070,CYP Wakefield (WCAHMS),A03,Number of answered calls,0
2025-01-01,2025-01-31,North East and Yorkshire,QWO,NHS WEST YORKSHIRE INTEGRATED CARE BOARD,RXG,SOUTH WEST YORKSHIRE PARTNERSHIP NHS FOUNDATION TRUST,MH070,CYP Wakefield (WCAHMS),B01,Number of calls answered within 60 seconds,0
2025-01-01,2025-01-31,North East and Yorkshire,QWO,NHS WEST YORKSHIRE INTEGRATED CARE BOARD,RXG,SOUTH WEST YORKSHIRE PARTNERSHIP NHS FOUNDATION TRUST,MH070,CYP Wakefield (WCAHMS),B02,Number of calls abandoned,0
2025-01-01,2025-01-31,North East and Yorkshire,QWO,NHS WEST YORKSHIRE INTEGRATED CARE BOARD,RXG,SOUTH WEST YORKSHIRE PARTNERSHIP NHS FOUNDATION TRUST,MH070,CYP Wakefield (WCAHMS),B03,Calls abandoned in 30 seconds or less,0
2025-01-01,2025-01-31,North East and Yorkshire,QWO,NHS WEST YORKSHIRE INTEGRATED CARE BOARD,RXG,SOUTH WEST YORKSHIRE PARTNERSHIP NHS FOUNDATION TRUST,MH070,CYP Wakefield (WCAHMS),B04,Calls abandoned in over 30 seconds and up to and including 60 seconds,0
2025-01-01,2025-01-31,North East and Yorkshire,QWO,NHS WEST YORKSHIRE INTEGRATED CARE BOARD,RXG,SOUTH WEST YORKSHIRE PARTNERSHIP NHS FOUNDATION TRUST,MH070,CYP Wakefield (WCAHMS),B05,Calls abandoned after 60 seconds,0
2025-01-01,2025-01-31,North East and Yorkshire,QWO,NHS WEST YORKSHIRE INTEGRATED CARE BOARD,RXG,SOUTH WEST YORKSHIRE PARTNERSHIP NHS FOUNDATION TRUST,MH070,CYP Wakefield (WCAHMS),B06,Total time to call answer (seconds),0
2025-01-01,2025-01-31,North East and Yorkshire,QWO,NHS WEST YORKSHIRE INTEGRATED CARE BOARD,RXG,SOUTH WEST YORKSHIRE PARTNERSHIP NHS FOUNDATION TRUST,MH070,CYP Wakefield (WCAHMS),B07,95th centile call answer time (seconds),0
2025-01-01,2025-01-31,North East and Yorkshire,QWO,NHS WEST YORKSHIRE INTEGRATED CARE BOARD,RXG,SOUTH WEST YORKSHIRE PARTNERSHIP NHS FOUNDATION TRUST,MH070,CYP Wakefield (WCAHMS),B09,Total time of abandoned calls (seconds),0
2025-01-01,2025-01-31,Midlands,QJM,NHS LINCOLNSHIRE INTEGRATED CARE BOARD,RP7,LINCOLNSHIRE PARTNERSHIP NHS FOUNDATION TRUST,MH033,LPFT,A01,Number of calls received,1993
2025-01-01,2025-01-31,Midlands,QJM,NHS LINCOLNSHIRE INTEGRATED CARE BOARD,RP7,LINCOLNSHIRE PARTNERSHIP NHS FOUNDATION TRUST,MH033,LPFT,A02,Calls routed through IVR,-
2025-01-01,2025-01-31,Midlands,QJM,NHS LINCOLNSHIRE INTEGRATED CARE BOARD,RP7,LINCOLNSHIRE PARTNERSHIP NHS FOUNDATION TRUST,MH033,LPFT,A03,Number of answered calls,1600
2025-01-01,2025-01-31,Midlands,QJM,NHS LINCOLNSHIRE INTEGRATED CARE BOARD,RP7,LINCOLNSHIRE PARTNERSHIP NHS FOUNDATION TRUST,MH033,LPFT,B01,Number of calls answered within 60 seconds,1439
2025-01-01,2025-01-31,Midlands,QJM,NHS LINCOLNSHIRE INTEGRATED CARE BOARD,RP7,LINCOLNSHIRE PARTNERSHIP NHS FOUNDATION TRUST,MH033,LPFT,B02,Number of calls abandoned,178
2025-01-01,2025-01-31,Midlands,QJM,NHS LINCOLNSHIRE INTEGRATED CARE BOARD,RP7,LINCOLNSHIRE PARTNERSHIP NHS FOUNDATION TRUST,MH033,LPFT,B03,Calls abandoned in 30 seconds or less,90
2025-01-01,2025-01-31,Midlands,QJM,NHS LINCOLNSHIRE INTEGRATED CARE BOARD,RP7,LINCOLNSHIRE PARTNERSHIP NHS FOUNDATION TRUST,MH033,LPFT,B04,Calls abandoned in over 30 seconds and up to and including 60 seconds,18
2025-01-01,2025-01-31,Midlands,QJM,NHS LINCOLNSHIRE INTEGRATED CARE BOARD,RP7,LINCOLNSHIRE PARTNERSHIP NHS FOUNDATION TRUST,MH033,LPFT,B05,Calls abandoned after 60 seconds,70
2025-01-01,2025-01-31,Midlands,QJM,NHS LINCOLNSHIRE INTEGRATED CARE BOARD,RP7,LINCOLNSHIRE PARTNERSHIP NHS FOUNDATION TRUST,MH033,LPFT,B06,Total time to call answer (seconds),97656
2025-01-01,2025-01-31,Midlands,QJM,NHS LINCOLNSHIRE INTEGRATED CARE BOARD,RP7,LINCOLNSHIRE PARTNERSHIP NHS FOUNDATION TRUST,MH033,LPFT,B07,95th centile call answer time (seconds),288
2025-01-01,2025-01-31,Midlands,QJM,NHS LINCOLNSHIRE INTEGRATED CARE BOARD,RP7,LINCOLNSHIRE PARTNERSHIP NHS FOUNDATION TRUST,MH033,LPFT,B09,Total time of abandoned calls (seconds),29140
2025-01-01,2025-01-31,Midlands,QHL,NHS BIRMINGHAM AND SOLIHULL INTEGRATED CARE BOARD,RXT,BIRMINGHAM AND SOLIHULL MENTAL HEALTH NHS FOUNDATION TRUST,MH006,Birmingham and Solihull Urgent Mental Health Helpline (BSOLMH),A01,Number of calls received,1507
2025-01-01,2025-01-31,Midlands,QHL,NHS BIRMINGHAM AND SOLIHULL INTEGRATED CARE BOARD,RXT,BIRMINGHAM AND SOLIHULL MENTAL HEALTH NHS FOUNDATION TRUST,MH006,Birmingham and Solihull Urgent Mental Health Helpline (BSOLMH),A02,Calls routed through IVR,1507
2025-01-01,2025-01-31,Midlands,QHL,NHS BIRMINGHAM AND SOLIHULL INTEGRATED CARE BOARD,RXT,BIRMINGHAM AND SOLIHULL MENTAL HEALTH NHS FOUNDATION TRUST,MH006,Birmingham and Solihull Urgent Mental Health Helpline (BSOLMH),A03,Number of answered calls,1192
2025-01-01,2025-01-31,Midlands,QHL,NHS BIRMINGHAM AND SOLIHULL INTEGRATED CARE BOARD,RXT,BIRMINGHAM AND SOLIHULL MENTAL HEALTH NHS FOUNDATION TRUST,MH006,Birmingham and Solihull Urgent Mental Health Helpline (BSOLMH),B01,Number of calls answered within 60 seconds,828
2025-01-01,2025-01-31,Midlands,QHL,NHS BIRMINGHAM AND SOLIHULL INTEGRATED CARE BOARD,RXT,BIRMINGHAM AND SOLIHULL MENTAL HEALTH NHS FOUNDATION TRUST,MH006,Birmingham and Solihull Urgent Mental Health Helpline (BSOLMH),B02,Number of calls abandoned,297
2025-01-01,2025-01-31,Midlands,QHL,NHS BIRMINGHAM AND SOLIHULL INTEGRATED CARE BOARD,RXT,BIRMINGHAM AND SOLIHULL MENTAL HEALTH NHS FOUNDATION TRUST,MH006,Birmingham and Solihull Urgent Mental Health Helpline (BSOLMH),B03,Calls abandoned in 30 seconds or less,88
2025-01-01,2025-01-31,Midlands,QHL,NHS BIRMINGHAM AND SOLIHULL INTEGRATED CARE BOARD,RXT,BIRMINGHAM AND SOLIHULL MENTAL HEALTH NHS FOUNDATION TRUST,MH006,Birmingham and Solihull Urgent Mental Health Helpline (BSOLMH),B04,Calls abandoned in over 30 seconds and up to and including 60 seconds,22
2025-01-01,2025-01-31,Midlands,QHL,NHS BIRMINGHAM AND SOLIHULL INTEGRATED CARE BOARD,RXT,BIRMINGHAM AND SOLIHULL MENTAL HEALTH NHS FOUNDATION TRUST,MH006,Birmingham and Solihull Urgent Mental Health Helpline (BSOLMH),B05,Calls abandoned after 60 seconds,187
2025-01-01,2025-01-31,Midlands,QHL,NHS BIRMINGHAM AND SOLIHULL INTEGRATED CARE BOARD,RXT,BIRMINGHAM AND SOLIHULL MENTAL HEALTH NHS FOUNDATION TRUST,MH006,Birmingham and Solihull Urgent Mental Health Helpline (BSOLMH),B06,Total time to call answer (seconds),183497
2025-01-01,2025-01-31,Midlands,QHL,NHS BIRMINGHAM AND SOLIHULL INTEGRATED CARE BOARD,RXT,BIRMINGHAM AND SOLIHULL MENTAL HEALTH NHS FOUNDATION TRUST,MH006,Birmingham and Solihull Urgent Mental Health Helpline (BSOLMH),B07,95th centile call answer time (seconds),793
2025-01-01,2025-01-31,Midlands,QHL,NHS BIRMINGHAM AND SOLIHULL INTEGRATED CARE BOARD,RXT,BIRMINGHAM AND SOLIHULL MENTAL HEALTH NHS FOUNDATION TRUST,MH006,Birmingham and Solihull Urgent Mental Health Helpline (BSOLMH),B09,Total time of abandoned calls (seconds),76955
2025-01-01,2025-01-31,South West,QSL,NHS SOMERSET INTEGRATED CARE BOARD,RH5,SOMERSET NHS FOUNDATION TRUST,MH060,Somerset NHS Foundation Trust (MIND),A01,Number of calls received,7487
2025-01-01,2025-01-31,South West,QSL,NHS SOMERSET INTEGRATED CARE BOARD,RH5,SOMERSET NHS FOUNDATION TRUST,MH060,Somerset NHS Foundation Trust (MIND),A02,Calls routed through IVR,518
2025-01-01,2025-01-31,South West,QSL,NHS SOMERSET INTEGRATED CARE BOARD,RH5,SOMERSET NHS FOUNDATION TRUST,MH060,Somerset NHS Foundation Trust (MIND),A03,Number of answered calls,3646
2025-01-01,2025-01-31,South West,QSL,NHS SOMERSET INTEGRATED CARE BOARD,RH5,SOMERSET NHS FOUNDATION TRUST,MH060,Somerset NHS Foundation Trust (MIND),B01,Number of calls answered within 60 seconds,1969
2025-01-01,2025-01-31,South West,QSL,NHS SOMERSET INTEGRATED CARE BOARD,RH5,SOMERSET NHS FOUNDATION TRUST,MH060,Somerset NHS Foundation Trust (MIND),B02,Number of calls abandoned,1833
2025-01-01,2025-01-31,South West,QSL,NHS SOMERSET INTEGRATED CARE BOARD,RH5,SOMERSET NHS FOUNDATION TRUST,MH060,Somerset NHS Foundation Trust (MIND),B03,Calls abandoned in 30 seconds or less,492
2025-01-01,2025-01-31,South West,QSL,NHS SOMERSET INTEGRATED CARE BOARD,RH5,SOMERSET NHS FOUNDATION TRUST,MH060,Somerset NHS Foundation Trust (MIND),B04,Calls abandoned in over 30 seconds and up to and including 60 seconds,347
2025-01-01,2025-01-31,South West,QSL,NHS SOMERSET INTEGRATED CARE BOARD,RH5,SOMERSET NHS FOUNDATION TRUST,MH060,Somerset NHS Foundation Trust (MIND),B05,Calls abandoned after 60 seconds,994
2025-01-01,2025-01-31,South West,QSL,NHS SOMERSET INTEGRATED CARE BOARD,RH5,SOMERSET NHS FOUNDATION TRUST,MH060,Somerset NHS Foundation Trust (MIND),B06,Total time to call answer (seconds),1203157
2025-01-01,2025-01-31,South West,QSL,NHS SOMERSET INTEGRATED CARE BOARD,RH5,SOMERSET NHS FOUNDATION TRUST,MH060,Somerset NHS Foundation Trust (MIND),B07,95th centile call answer time (seconds),1371
2025-01-01,2025-01-31,South West,QSL,NHS SOMERSET INTEGRATED CARE BOARD,RH5,SOMERSET NHS FOUNDATION TRUST,MH060,Somerset NHS Foundation Trust (MIND),B09,Total time of abandoned calls (seconds),475130
2025-01-01,2025-01-31,Midlands,QGH,NHS HEREFORDSHIRE AND WORCESTERSHIRE ICB,R1A,HEREFORDSHIRE AND WORCESTERSHIRE HEALTH AND CARE NHS TRUST,MH031,Herefordshire and Worcestershire Health and Care NHS Trust (HWHC),A01,Number of calls received,3595
2025-01-01,2025-01-31,Midlands,QGH,NHS HEREFORDSHIRE AND WORCESTERSHIRE ICB,R1A,HEREFORDSHIRE AND WORCESTERSHIRE HEALTH AND CARE NHS TRUST,MH031,Herefordshire and Worcestershire Health and Care NHS Trust (HWHC),A02,Calls routed through IVR,1116
2025-01-01,2025-01-31,Midlands,QGH,NHS HEREFORDSHIRE AND WORCESTERSHIRE ICB,R1A,HEREFORDSHIRE AND WORCESTERSHIRE HEALTH AND CARE NHS TRUST,MH031,Herefordshire and Worcestershire Health and Care NHS Trust (HWHC),A03,Number of answered calls,3046
2025-01-01,2025-01-31,Midlands,QGH,NHS HEREFORDSHIRE AND WORCESTERSHIRE ICB,R1A,HEREFORDSHIRE AND WORCESTERSHIRE HEALTH AND CARE NHS TRUST,MH031,Herefordshire and Worcestershire Health and Care NHS Trust (HWHC),B01,Number of calls answered within 60 seconds,2412
2025-01-01,2025-01-31,Midlands,QGH,NHS HEREFORDSHIRE AND WORCESTERSHIRE ICB,R1A,HEREFORDSHIRE AND WORCESTERSHIRE HEALTH AND CARE NHS TRUST,MH031,Herefordshire and Worcestershire Health and Care NHS Trust (HWHC),B02,Number of calls abandoned,549
2025-01-01,2025-01-31,Midlands,QGH,NHS HEREFORDSHIRE AND WORCESTERSHIRE ICB,R1A,HEREFORDSHIRE AND WORCESTERSHIRE HEALTH AND CARE NHS TRUST,MH031,Herefordshire and Worcestershire Health and Care NHS Trust (HWHC),B03,Calls abandoned in 30 seconds or less,125
2025-01-01,2025-01-31,Midlands,QGH,NHS HEREFORDSHIRE AND WORCESTERSHIRE ICB,R1A,HEREFORDSHIRE AND WORCESTERSHIRE HEALTH AND CARE NHS TRUST,MH031,Herefordshire and Worcestershire Health and Care NHS Trust (HWHC),B04,Calls abandoned in over 30 seconds and up to and including 60 seconds,108
2025-01-01,2025-01-31,Midlands,QGH,NHS HEREFORDSHIRE AND WORCESTERSHIRE ICB,R1A,HEREFORDSHIRE AND WORCESTERSHIRE HEALTH AND CARE NHS TRUST,MH031,Herefordshire and Worcestershire Health and Care NHS Trust (HWHC),B05,Calls abandoned after 60 seconds,316
2025-01-01,2025-01-31,Midlands,QGH,NHS HEREFORDSHIRE AND WORCESTERSHIRE ICB,R1A,HEREFORDSHIRE AND WORCESTERSHIRE HEALTH AND CARE NHS TRUST,MH031,Herefordshire and Worcestershire Health and Care NHS Trust (HWHC),B06,Total time to call answer (seconds),209353
2025-01-01,2025-01-31,Midlands,QGH,NHS HEREFORDSHIRE AND WORCESTERSHIRE ICB,R1A,HEREFORDSHIRE AND WORCESTERSHIRE HEALTH AND CARE NHS TRUST,MH031,Herefordshire and Worcestershire Health and Care NHS Trust (HWHC),B07,95th centile call answer time (seconds),259
2025-01-01,2025-01-31,Midlands,QGH,NHS HEREFORDSHIRE AND WORCESTERSHIRE ICB,R1A,HEREFORDSHIRE AND WORCESTERSHIRE HEALTH AND CARE NHS TRUST,MH031,Herefordshire and Worcestershire Health and Care NHS Trust (HWHC),B09,Total time of abandoned calls (seconds),86542
2025-01-01,2025-01-31,North East and Yorkshire,QOQ,NHS HUMBER AND NORTH YORKSHIRE INTEGRATED CARE BOARD,NQL,NAVIGO HEALTH AND SOCIAL CARE CIC,MH040,Navigo from Adult to All Age,A01,Number of calls received,5199
2025-01-01,2025-01-31,North East and Yorkshire,QOQ,NHS HUMBER AND NORTH YORKSHIRE INTEGRATED CARE BOARD,NQL,NAVIGO HEALTH AND SOCIAL CARE CIC,MH040,Navigo from Adult to All Age,A02,Calls routed through IVR,216
2025-01-01,2025-01-31,North East and Yorkshire,QOQ,NHS HUMBER AND NORTH YORKSHIRE INTEGRATED CARE BOARD,NQL,NAVIGO HEALTH AND SOCIAL CARE CIC,MH040,Navigo from Adult to All Age,A03,Number of answered calls,3062
2025-01-01,2025-01-31,North East and Yorkshire,QOQ,NHS HUMBER AND NORTH YORKSHIRE INTEGRATED CARE BOARD,NQL,NAVIGO HEALTH AND SOCIAL CARE CIC,MH040,Navigo from Adult to All Age,B01,Number of calls answered within 60 seconds,2213
2025-01-01,2025-01-31,North East and Yorkshire,QOQ,NHS HUMBER AND NORTH YORKSHIRE INTEGRATED CARE BOARD,NQL,NAVIGO HEALTH AND SOCIAL CARE CIC,MH040,Navigo from Adult to All Age,B02,Number of calls abandoned,1047
2025-01-01,2025-01-31,North East and Yorkshire,QOQ,NHS HUMBER AND NORTH YORKSHIRE INTEGRATED CARE BOARD,NQL,NAVIGO HEALTH AND SOCIAL CARE CIC,MH040,Navigo from Adult to All Age,B03,Calls abandoned in 30 seconds or less,796
2025-01-01,2025-01-31,North East and Yorkshire,QOQ,NHS HUMBER AND NORTH YORKSHIRE INTEGRATED CARE BOARD,NQL,NAVIGO HEALTH AND SOCIAL CARE CIC,MH040,Navigo from Adult to All Age,B04,Calls abandoned in over 30 seconds and up to and including 60 seconds,58
2025-01-01,2025-01-31,North East and Yorkshire,QOQ,NHS HUMBER AND NORTH YORKSHIRE INTEGRATED CARE BOARD,NQL,NAVIGO HEALTH AND SOCIAL CARE CIC,MH040,Navigo from Adult to All Age,B05,Calls abandoned after 60 seconds,193
2025-01-01,2025-01-31,North East and Yorkshire,QOQ,NHS HUMBER AND NORTH YORKSHIRE INTEGRATED CARE BOARD,NQL,NAVIGO HEALTH AND SOCIAL CARE CIC,MH040,Navigo from Adult to All Age,B06,Total time to call answer (seconds),315070
2025-01-01,2025-01-31,North East and Yorkshire,QOQ,NHS HUMBER AND NORTH YORKSHIRE INTEGRATED CARE BOARD,NQL,NAVIGO HEALTH AND SOCIAL CARE CIC,MH040,Navigo from Adult to All Age,B07,95th centile call answer time (seconds),306
2025-01-01,2025-01-31,North East and Yorkshire,QOQ,NHS HUMBER AND NORTH YORKSHIRE INTEGRATED CARE BOARD,NQL,NAVIGO HEALTH AND SOCIAL CARE CIC,MH040,Navigo from Adult to All Age,B09,Total time of abandoned calls (seconds),47990
2025-01-01,2025-01-31,East of England,QM7,NHS HERTFORDSHIRE AND WEST ESSEX INTEGRATED CARE BOARD,RWR,HERTFORDSHIRE PARTNERSHIP UNIVERSITY NHS FOUNDATION TRUST,MH026,HPFT,A01,Number of calls received,1261
2025-01-01,2025-01-31,East of England,QM7,NHS HERTFORDSHIRE AND WEST ESSEX INTEGRATED CARE BOARD,RWR,HERTFORDSHIRE PARTNERSHIP UNIVERSITY NHS FOUNDATION TRUST,MH026,HPFT,A02,Calls routed through IVR,1261
2025-01-01,2025-01-31,East of England,QM7,NHS HERTFORDSHIRE AND WEST ESSEX INTEGRATED CARE BOARD,RWR,HERTFORDSHIRE PARTNERSHIP UNIVERSITY NHS FOUNDATION TRUST,MH026,HPFT,A03,Number of answered calls,622
2025-01-01,2025-01-31,East of England,QM7,NHS HERTFORDSHIRE AND WEST ESSEX INTEGRATED CARE BOARD,RWR,HERTFORDSHIRE PARTNERSHIP UNIVERSITY NHS FOUNDATION TRUST,MH026,HPFT,B01,Number of calls answered within 60 seconds,192
2025-01-01,2025-01-31,East of England,QM7,NHS HERTFORDSHIRE AND WEST ESSEX INTEGRATED CARE BOARD,RWR,HERTFORDSHIRE PARTNERSHIP UNIVERSITY NHS FOUNDATION TRUST,MH026,HPFT,B02,Number of calls abandoned,632
2025-01-01,2025-01-31,East of England,QM7,NHS HERTFORDSHIRE AND WEST ESSEX INTEGRATED CARE BOARD,RWR,HERTFORDSHIRE PARTNERSHIP UNIVERSITY NHS FOUNDATION TRUST,MH026,HPFT,B03,Calls abandoned in 30 seconds or less,113
2025-01-01,2025-01-31,East of England,QM7,NHS HERTFORDSHIRE AND WEST ESSEX INTEGRATED CARE BOARD,RWR,HERTFORDSHIRE PARTNERSHIP UNIVERSITY NHS FOUNDATION TRUST,MH026,HPFT,B04,Calls abandoned in over 30 seconds and up to and including 60 seconds,45
2025-01-01,2025-01-31,East of England,QM7,NHS HERTFORDSHIRE AND WEST ESSEX INTEGRATED CARE BOARD,RWR,HERTFORDSHIRE PARTNERSHIP UNIVERSITY NHS FOUNDATION TRUST,MH026,HPFT,B05,Calls abandoned after 60 seconds,474
2025-01-01,2025-01-31,East of England,QM7,NHS HERTFORDSHIRE AND WEST ESSEX INTEGRATED CARE BOARD,RWR,HERTFORDSHIRE PARTNERSHIP UNIVERSITY NHS FOUNDATION TRUST,MH026,HPFT,B06,Total time to call answer (seconds),788446
2025-01-01,2025-01-31,East of England,QM7,NHS HERTFORDSHIRE AND WEST ESSEX INTEGRATED CARE BOARD,RWR,HERTFORDSHIRE PARTNERSHIP UNIVERSITY NHS FOUNDATION TRUST,MH026,HPFT,B07,95th centile call answer time (seconds),2410
2025-01-01,2025-01-31,East of England,QM7,NHS HERTFORDSHIRE AND WEST ESSEX INTEGRATED CARE BOARD,RWR,HERTFORDSHIRE PARTNERSHIP UNIVERSITY NHS FOUNDATION TRUST,MH026,HPFT,B09,Total time of abandoned calls (seconds),343070
2025-01-01,2025-01-31,London,QVR,NHS NORTH WEST LONDON INTEGRATED CARE BOARD,RV3,CENTRAL AND NORTH WEST LONDON NHS FOUNDATION TRUST,MH011,North West London - Central and North West London NHS Foundation Trust (CNWL),A01,Number of calls received,903
2025-01-01,2025-01-31,London,QVR,NHS NORTH WEST LONDON INTEGRATED CARE BOARD,RV3,CENTRAL AND NORTH WEST LONDON NHS FOUNDATION TRUST,MH011,North West London - Central and North West London NHS Foundation Trust (CNWL),A02,Calls routed through IVR,903
2025-01-01,2025-01-31,London,QVR,NHS NORTH WEST LONDON INTEGRATED CARE BOARD,RV3,CENTRAL AND NORTH WEST LONDON NHS FOUNDATION TRUST,MH011,North West London - Central and North West London NHS Foundation Trust (CNWL),A03,Number of answered calls,615
2025-01-01,2025-01-31,London,QVR,NHS NORTH WEST LONDON INTEGRATED CARE BOARD,RV3,CENTRAL AND NORTH WEST LONDON NHS FOUNDATION TRUST,MH011,North West London - Central and North West London NHS Foundation Trust (CNWL),B01,Number of calls answered within 60 seconds,459
2025-01-01,2025-01-31,London,QVR,NHS NORTH WEST LONDON INTEGRATED CARE BOARD,RV3,CENTRAL AND NORTH WEST LONDON NHS FOUNDATION TRUST,MH011,North West London - Central and North West London NHS Foundation Trust (CNWL),B02,Number of calls abandoned,94
2025-01-01,2025-01-31,London,QVR,NHS NORTH WEST LONDON INTEGRATED CARE BOARD,RV3,CENTRAL AND NORTH WEST LONDON NHS FOUNDATION TRUST,MH011,North West London - Central and North West London NHS Foundation Trust (CNWL),B03,Calls abandoned in 30 seconds or less,24
2025-01-01,2025-01-31,London,QVR,NHS NORTH WEST LONDON INTEGRATED CARE BOARD,RV3,CENTRAL AND NORTH WEST LONDON NHS FOUNDATION TRUST,MH011,North West London - Central and North West London NHS Foundation Trust (CNWL),B04,Calls abandoned in over 30 seconds and up to and including 60 seconds,17
2025-01-01,2025-01-31,London,QVR,NHS NORTH WEST LONDON INTEGRATED CARE BOARD,RV3,CENTRAL AND NORTH WEST LONDON NHS FOUNDATION TRUST,MH011,North West London - Central and North West London NHS Foundation Trust (CNWL),B05,Calls abandoned after 60 seconds,53
2025-01-01,2025-01-31,London,QVR,NHS NORTH WEST LONDON INTEGRATED CARE BOARD,RV3,CENTRAL AND NORTH WEST LONDON NHS FOUNDATION TRUST,MH011,North West London - Central and North West London NHS Foundation Trust (CNWL),B06,Total time to call answer (seconds),59719
2025-01-01,2025-01-31,London,QVR,NHS NORTH WEST LONDON INTEGRATED CARE BOARD,RV3,CENTRAL AND NORTH WEST LONDON NHS FOUNDATION TRUST,MH011,North West London - Central and North West London NHS Foundation Trust (CNWL),B07,95th centile call answer time (seconds),828
2025-01-01,2025-01-31,London,QVR,NHS NORTH WEST LONDON INTEGRATED CARE BOARD,RV3,CENTRAL AND NORTH WEST LONDON NHS FOUNDATION TRUST,MH011,North West London - Central and North West London NHS Foundation Trust (CNWL),B09,Total time of abandoned calls (seconds),16821
2025-01-01,2025-01-31,East of England,QHG,"NHS BEDFORDSHIRE, LUTON AND MILTON KEYNES INTEGRATED CARE BOARD",RV3,CENTRAL AND NORTH WEST LONDON NHS FOUNDATION TRUST,MH017,Milton Keynes MH Crisis Line,A01,Number of calls received,405
2025-01-01,2025-01-31,East of England,QHG,"NHS BEDFORDSHIRE, LUTON AND MILTON KEYNES INTEGRATED CARE BOARD",RV3,CENTRAL AND NORTH WEST LONDON NHS FOUNDATION TRUST,MH017,Milton Keynes MH Crisis Line,A02,Calls routed through IVR,405
2025-01-01,2025-01-31,East of England,QHG,"NHS BEDFORDSHIRE, LUTON AND MILTON KEYNES INTEGRATED CARE BOARD",RV3,CENTRAL AND NORTH WEST LONDON NHS FOUNDATION TRUST,MH017,Milton Keynes MH Crisis Line,A03,Number of answered calls,278
2025-01-01,2025-01-31,East of England,QHG,"NHS BEDFORDSHIRE, LUTON AND MILTON KEYNES INTEGRATED CARE BOARD",RV3,CENTRAL AND NORTH WEST LONDON NHS FOUNDATION TRUST,MH017,Milton Keynes MH Crisis Line,B01,Number of calls answered within 60 seconds,261
2025-01-01,2025-01-31,East of England,QHG,"NHS BEDFORDSHIRE, LUTON AND MILTON KEYNES INTEGRATED CARE BOARD",RV3,CENTRAL AND NORTH WEST LONDON NHS FOUNDATION TRUST,MH017,Milton Keynes MH Crisis Line,B02,Number of calls abandoned,32
2025-01-01,2025-01-31,East of England,QHG,"NHS BEDFORDSHIRE, LUTON AND MILTON KEYNES INTEGRATED CARE BOARD",RV3,CENTRAL AND NORTH WEST LONDON NHS FOUNDATION TRUST,MH017,Milton Keynes MH Crisis Line,B03,Calls abandoned in 30 seconds or less,15
2025-01-01,2025-01-31,East of England,QHG,"NHS BEDFORDSHIRE, LUTON AND MILTON KEYNES INTEGRATED CARE BOARD",RV3,CENTRAL AND NORTH WEST LONDON NHS FOUNDATION TRUST,MH017,Milton Keynes MH Crisis Line,B04,Calls abandoned in over 30 seconds and up to and including 60 seconds,6
2025-01-01,2025-01-31,East of England,QHG,"NHS BEDFORDSHIRE, LUTON AND MILTON KEYNES INTEGRATED CARE BOARD",RV3,CENTRAL AND NORTH WEST LONDON NHS FOUNDATION TRUST,MH017,Milton Keynes MH Crisis Line,B05,Calls abandoned after 60 seconds,11
2025-01-01,2025-01-31,East of England,QHG,"NHS BEDFORDSHIRE, LUTON AND MILTON KEYNES INTEGRATED CARE BOARD",RV3,CENTRAL AND NORTH WEST LONDON NHS FOUNDATION TRUST,MH017,Milton Keynes MH Crisis Line,B06,Total time to call answer (seconds),17765
2025-01-01,2025-01-31,East of England,QHG,"NHS BEDFORDSHIRE, LUTON AND MILTON KEYNES INTEGRATED CARE BOARD",RV3,CENTRAL AND NORTH WEST LONDON NHS FOUNDATION TRUST,MH017,Milton Keynes MH Crisis Line,B07,95th centile call answer time (seconds),828
2025-01-01,2025-01-31,East of England,QHG,"NHS BEDFORDSHIRE, LUTON AND MILTON KEYNES INTEGRATED CARE BOARD",RV3,CENTRAL AND NORTH WEST LONDON NHS FOUNDATION TRUST,MH017,Milton Keynes MH Crisis Line,B09,Total time of abandoned calls (seconds),2612
2025-01-01,2025-01-31,Midlands,QJ2,NHS DERBY AND DERBYSHIRE INTEGRATED CARE BOARD,RXM,DERBYSHIRE HEALTHCARE NHS FOUNDATION TRUST,MH018,Derbyshire Mental Health Helpline and Support Service (DHFT),A01,Number of calls received,5430
2025-01-01,2025-01-31,Midlands,QJ2,NHS DERBY AND DERBYSHIRE INTEGRATED CARE BOARD,RXM,DERBYSHIRE HEALTHCARE NHS FOUNDATION TRUST,MH018,Derbyshire Mental Health Helpline and Support Service (DHFT),A02,Calls routed through IVR,977
2025-01-01,2025-01-31,Midlands,QJ2,NHS DERBY AND DERBYSHIRE INTEGRATED CARE BOARD,RXM,DERBYSHIRE HEALTHCARE NHS FOUNDATION TRUST,MH018,Derbyshire Mental Health Helpline and Support Service (DHFT),A03,Number of answered calls,2349
2025-01-01,2025-01-31,Midlands,QJ2,NHS DERBY AND DERBYSHIRE INTEGRATED CARE BOARD,RXM,DERBYSHIRE HEALTHCARE NHS FOUNDATION TRUST,MH018,Derbyshire Mental Health Helpline and Support Service (DHFT),B01,Number of calls answered within 60 seconds,710
2025-01-01,2025-01-31,Midlands,QJ2,NHS DERBY AND DERBYSHIRE INTEGRATED CARE BOARD,RXM,DERBYSHIRE HEALTHCARE NHS FOUNDATION TRUST,MH018,Derbyshire Mental Health Helpline and Support Service (DHFT),B02,Number of calls abandoned,1633
2025-01-01,2025-01-31,Midlands,QJ2,NHS DERBY AND DERBYSHIRE INTEGRATED CARE BOARD,RXM,DERBYSHIRE HEALTHCARE NHS FOUNDATION TRUST,MH018,Derbyshire Mental Health Helpline and Support Service (DHFT),B03,Calls abandoned in 30 seconds or less,386
2025-01-01,2025-01-31,Midlands,QJ2,NHS DERBY AND DERBYSHIRE INTEGRATED CARE BOARD,RXM,DERBYSHIRE HEALTHCARE NHS FOUNDATION TRUST,MH018,Derbyshire Mental Health Helpline and Support Service (DHFT),B04,Calls abandoned in over 30 seconds and up to and including 60 seconds,184
2025-01-01,2025-01-31,Midlands,QJ2,NHS DERBY AND DERBYSHIRE INTEGRATED CARE BOARD,RXM,DERBYSHIRE HEALTHCARE NHS FOUNDATION TRUST,MH018,Derbyshire Mental Health Helpline and Support Service (DHFT),B05,Calls abandoned after 60 seconds,1063
2025-01-01,2025-01-31,Midlands,QJ2,NHS DERBY AND DERBYSHIRE INTEGRATED CARE BOARD,RXM,DERBYSHIRE HEALTHCARE NHS FOUNDATION TRUST,MH018,Derbyshire Mental Health Helpline and Support Service (DHFT),B06,Total time to call answer (seconds),373149
2025-01-01,2025-01-31,Midlands,QJ2,NHS DERBY AND DERBYSHIRE INTEGRATED CARE BOARD,RXM,DERBYSHIRE HEALTHCARE NHS FOUNDATION TRUST,MH018,Derbyshire Mental Health Helpline and Support Service (DHFT),B07,95th centile call answer time (seconds),-
2025-01-01,2025-01-31,Midlands,QJ2,NHS DERBY AND DERBYSHIRE INTEGRATED CARE BOARD,RXM,DERBYSHIRE HEALTHCARE NHS FOUNDATION TRUST,MH018,Derbyshire Mental Health Helpline and Support Service (DHFT),B09,Total time of abandoned calls (seconds),375194
2025-01-01,2025-01-31,North West,QYG,NHS CHESHIRE AND MERSEYSIDE INTEGRATED CARE BOARD,RBS,ALDER HEY CHILDREN'S NHS FOUNDATION TRUST,MH001,AlderHey CAMHS Crisis Care (AlderHey),A01,Number of calls received,877
2025-01-01,2025-01-31,North West,QYG,NHS CHESHIRE AND MERSEYSIDE INTEGRATED CARE BOARD,RBS,ALDER HEY CHILDREN'S NHS FOUNDATION TRUST,MH001,AlderHey CAMHS Crisis Care (AlderHey),A02,Calls routed through IVR,-
2025-01-01,2025-01-31,North West,QYG,NHS CHESHIRE AND MERSEYSIDE INTEGRATED CARE BOARD,RBS,ALDER HEY CHILDREN'S NHS FOUNDATION TRUST,MH001,AlderHey CAMHS Crisis Care (AlderHey),A03,Number of answered calls,861
2025-01-01,2025-01-31,North West,QYG,NHS CHESHIRE AND MERSEYSIDE INTEGRATED CARE BOARD,RBS,ALDER HEY CHILDREN'S NHS FOUNDATION TRUST,MH001,AlderHey CAMHS Crisis Care (AlderHey),B01,Number of calls answered within 60 seconds,858
2025-01-01,2025-01-31,North West,QYG,NHS CHESHIRE AND MERSEYSIDE INTEGRATED CARE BOARD,RBS,ALDER HEY CHILDREN'S NHS FOUNDATION TRUST,MH001,AlderHey CAMHS Crisis Care (AlderHey),B02,Number of calls abandoned,16
2025-01-01,2025-01-31,North West,QYG,NHS CHESHIRE AND MERSEYSIDE INTEGRATED CARE BOARD,RBS,ALDER HEY CHILDREN'S NHS FOUNDATION TRUST,MH001,AlderHey CAMHS Crisis Care (AlderHey),B03,Calls abandoned in 30 seconds or less,10
2025-01-01,2025-01-31,North West,QYG,NHS CHESHIRE AND MERSEYSIDE INTEGRATED CARE BOARD,RBS,ALDER HEY CHILDREN'S NHS FOUNDATION TRUST,MH001,AlderHey CAMHS Crisis Care (AlderHey),B04,Calls abandoned in over 30 seconds and up to and including 60 seconds,0
2025-01-01,2025-01-31,North West,QYG,NHS CHESHIRE AND MERSEYSIDE INTEGRATED CARE BOARD,RBS,ALDER HEY CHILDREN'S NHS FOUNDATION TRUST,MH001,AlderHey CAMHS Crisis Care (AlderHey),B05,Calls abandoned after 60 seconds,6
2025-01-01,2025-01-31,North West,QYG,NHS CHESHIRE AND MERSEYSIDE INTEGRATED CARE BOARD,RBS,ALDER HEY CHILDREN'S NHS FOUNDATION TRUST,MH001,AlderHey CAMHS Crisis Care (AlderHey),B06,Total time to call answer (seconds),7320
2025-01-01,2025-01-31,North West,QYG,NHS CHESHIRE AND MERSEYSIDE INTEGRATED CARE BOARD,RBS,ALDER HEY CHILDREN'S NHS FOUNDATION TRUST,MH001,AlderHey CAMHS Crisis Care (AlderHey),B07,95th centile call answer time (seconds),-
2025-01-01,2025-01-31,North West,QYG,NHS CHESHIRE AND MERSEYSIDE INTEGRATED CARE BOARD,RBS,ALDER HEY CHILDREN'S NHS FOUNDATION TRUST,MH001,AlderHey CAMHS Crisis Care (AlderHey),B09,Total time of abandoned calls (seconds),1080
2025-01-01,2025-01-31,South West,QVV,NHS DORSET INTEGRATED CARE BOARD,RDY,DORSET HEALTHCARE UNIVERSITY NHS FOUNDATION TRUST,MH021,Dorset 24/7 Connection (DHC),A01,Number of calls received,823
2025-01-01,2025-01-31,South West,QVV,NHS DORSET INTEGRATED CARE BOARD,RDY,DORSET HEALTHCARE UNIVERSITY NHS FOUNDATION TRUST,MH021,Dorset 24/7 Connection (DHC),A02,Calls routed through IVR,-
2025-01-01,2025-01-31,South West,QVV,NHS DORSET INTEGRATED CARE BOARD,RDY,DORSET HEALTHCARE UNIVERSITY NHS FOUNDATION TRUST,MH021,Dorset 24/7 Connection (DHC),A03,Number of answered calls,668
2025-01-01,2025-01-31,South West,QVV,NHS DORSET INTEGRATED CARE BOARD,RDY,DORSET HEALTHCARE UNIVERSITY NHS FOUNDATION TRUST,MH021,Dorset 24/7 Connection (DHC),B01,Number of calls answered within 60 seconds,-
2025-01-01,2025-01-31,South West,QVV,NHS DORSET INTEGRATED CARE BOARD,RDY,DORSET HEALTHCARE UNIVERSITY NHS FOUNDATION TRUST,MH021,Dorset 24/7 Connection (DHC),B02,Number of calls abandoned,155
2025-01-01,2025-01-31,South West,QVV,NHS DORSET INTEGRATED CARE BOARD,RDY,DORSET HEALTHCARE UNIVERSITY NHS FOUNDATION TRUST,MH021,Dorset 24/7 Connection (DHC),B03,Calls abandoned in 30 seconds or less,-
2025-01-01,2025-01-31,South West,QVV,NHS DORSET INTEGRATED CARE BOARD,RDY,DORSET HEALTHCARE UNIVERSITY NHS FOUNDATION TRUST,MH021,Dorset 24/7 Connection (DHC),B04,Calls abandoned in over 30 seconds and up to and including 60 seconds,-
2025-01-01,2025-01-31,South West,QVV,NHS DORSET INTEGRATED CARE BOARD,RDY,DORSET HEALTHCARE UNIVERSITY NHS FOUNDATION TRUST,MH021,Dorset 24/7 Connection (DHC),B05,Calls abandoned after 60 seconds,-
2025-01-01,2025-01-31,South West,QVV,NHS DORSET INTEGRATED CARE BOARD,RDY,DORSET HEALTHCARE UNIVERSITY NHS FOUNDATION TRUST,MH021,Dorset 24/7 Connection (DHC),B06,Total time to call answer (seconds),-
2025-01-01,2025-01-31,South West,QVV,NHS DORSET INTEGRATED CARE BOARD,RDY,DORSET HEALTHCARE UNIVERSITY NHS FOUNDATION TRUST,MH021,Dorset 24/7 Connection (DHC),B07,95th centile call answer time (seconds),-
2025-01-01,2025-01-31,South West,QVV,NHS DORSET INTEGRATED CARE BOARD,RDY,DORSET HEALTHCARE UNIVERSITY NHS FOUNDATION TRUST,MH021,Dorset 24/7 Connection (DHC),B09,Total time of abandoned calls (seconds),-
2025-01-01,2025-01-31,South East,QKS,NHS KENT AND MEDWAY INTEGRATED CARE BOARD,RXY,KENT AND MEDWAY NHS AND SOCIAL CARE PARTNERSHIP TRUST,MH029,KMPT,A01,Number of calls received,3431
2025-01-01,2025-01-31,South East,QKS,NHS KENT AND MEDWAY INTEGRATED CARE BOARD,RXY,KENT AND MEDWAY NHS AND SOCIAL CARE PARTNERSHIP TRUST,MH029,KMPT,A02,Calls routed through IVR,3431
2025-01-01,2025-01-31,South East,QKS,NHS KENT AND MEDWAY INTEGRATED CARE BOARD,RXY,KENT AND MEDWAY NHS AND SOCIAL CARE PARTNERSHIP TRUST,MH029,KMPT,A03,Number of answered calls,2517
2025-01-01,2025-01-31,South East,QKS,NHS KENT AND MEDWAY INTEGRATED CARE BOARD,RXY,KENT AND MEDWAY NHS AND SOCIAL CARE PARTNERSHIP TRUST,MH029,KMPT,B01,Number of calls answered within 60 seconds,1460
2025-01-01,2025-01-31,South East,QKS,NHS KENT AND MEDWAY INTEGRATED CARE BOARD,RXY,KENT AND MEDWAY NHS AND SOCIAL CARE PARTNERSHIP TRUST,MH029,KMPT,B02,Number of calls abandoned,914
2025-01-01,2025-01-31,South East,QKS,NHS KENT AND MEDWAY INTEGRATED CARE BOARD,RXY,KENT AND MEDWAY NHS AND SOCIAL CARE PARTNERSHIP TRUST,MH029,KMPT,B03,Calls abandoned in 30 seconds or less,115
2025-01-01,2025-01-31,South East,QKS,NHS KENT AND MEDWAY INTEGRATED CARE BOARD,RXY,KENT AND MEDWAY NHS AND SOCIAL CARE PARTNERSHIP TRUST,MH029,KMPT,B04,Calls abandoned in over 30 seconds and up to and including 60 seconds,72
2025-01-01,2025-01-31,South East,QKS,NHS KENT AND MEDWAY INTEGRATED CARE BOARD,RXY,KENT AND MEDWAY NHS AND SOCIAL CARE PARTNERSHIP TRUST,MH029,KMPT,B05,Calls abandoned after 60 seconds,727
2025-01-01,2025-01-31,South East,QKS,NHS KENT AND MEDWAY INTEGRATED CARE BOARD,RXY,KENT AND MEDWAY NHS AND SOCIAL CARE PARTNERSHIP TRUST,MH029,KMPT,B06,Total time to call answer (seconds),788250
2025-01-01,2025-01-31,South East,QKS,NHS KENT AND MEDWAY INTEGRATED CARE BOARD,RXY,KENT AND MEDWAY NHS AND SOCIAL CARE PARTNERSHIP TRUST,MH029,KMPT,B07,95th centile call answer time (seconds),1465
2025-01-01,2025-01-31,South East,QKS,NHS KENT AND MEDWAY INTEGRATED CARE BOARD,RXY,KENT AND MEDWAY NHS AND SOCIAL CARE PARTNERSHIP TRUST,MH029,KMPT,B09,Total time of abandoned calls (seconds),385799
2025-01-01,2025-01-31,London,QMF,NHS NORTH EAST LONDON INTEGRATED CARE BOARD,RWK,EAST LONDON NHS FOUNDATION TRUST,MH022,North East London Partnership - ELFT,A01,Number of calls received,3531
2025-01-01,2025-01-31,London,QMF,NHS NORTH EAST LONDON INTEGRATED CARE BOARD,RWK,EAST LONDON NHS FOUNDATION TRUST,MH022,North East London Partnership - ELFT,A02,Calls routed through IVR,0
2025-01-01,2025-01-31,London,QMF,NHS NORTH EAST LONDON INTEGRATED CARE BOARD,RWK,EAST LONDON NHS FOUNDATION TRUST,MH022,North East London Partnership - ELFT,A03,Number of answered calls,3014
2025-01-01,2025-01-31,London,QMF,NHS NORTH EAST LONDON INTEGRATED CARE BOARD,RWK,EAST LONDON NHS FOUNDATION TRUST,MH022,North East London Partnership - ELFT,B01,Number of calls answered within 60 seconds,2034
2025-01-01,2025-01-31,London,QMF,NHS NORTH EAST LONDON INTEGRATED CARE BOARD,RWK,EAST LONDON NHS FOUNDATION TRUST,MH022,North East London Partnership - ELFT,B02,Number of calls abandoned,517
2025-01-01,2025-01-31,London,QMF,NHS NORTH EAST LONDON INTEGRATED CARE BOARD,RWK,EAST LONDON NHS FOUNDATION TRUST,MH022,North East London Partnership - ELFT,B03,Calls abandoned in 30 seconds or less,55
2025-01-01,2025-01-31,London,QMF,NHS NORTH EAST LONDON INTEGRATED CARE BOARD,RWK,EAST LONDON NHS FOUNDATION TRUST,MH022,North East London Partnership - ELFT,B04,Calls abandoned in over 30 seconds and up to and including 60 seconds,180
2025-01-01,2025-01-31,London,QMF,NHS NORTH EAST LONDON INTEGRATED CARE BOARD,RWK,EAST LONDON NHS FOUNDATION TRUST,MH022,North East London Partnership - ELFT,B05,Calls abandoned after 60 seconds,282
2025-01-01,2025-01-31,London,QMF,NHS NORTH EAST LONDON INTEGRATED CARE BOARD,RWK,EAST LONDON NHS FOUNDATION TRUST,MH022,North East London Partnership - ELFT,B06,Total time to call answer (seconds),255129
2025-01-01,2025-01-31,London,QMF,NHS NORTH EAST LONDON INTEGRATED CARE BOARD,RWK,EAST LONDON NHS FOUNDATION TRUST,MH022,North East London Partnership - ELFT,B07,95th centile call answer time (seconds),286
2025-01-01,2025-01-31,London,QMF,NHS NORTH EAST LONDON INTEGRATED CARE BOARD,RWK,EAST LONDON NHS FOUNDATION TRUST,MH022,North East London Partnership - ELFT,B09,Total time of abandoned calls (seconds),82931
2025-01-01,2025-01-31,East of England,QHG,"NHS BEDFORDSHIRE, LUTON AND MILTON KEYNES INTEGRATED CARE BOARD",RWK,EAST LONDON NHS FOUNDATION TRUST,MH004,Bedfordshire and Luton Mental Health and Wellbeing Services (ELFT),A01,Number of calls received,1414
2025-01-01,2025-01-31,East of England,QHG,"NHS BEDFORDSHIRE, LUTON AND MILTON KEYNES INTEGRATED CARE BOARD",RWK,EAST LONDON NHS FOUNDATION TRUST,MH004,Bedfordshire and Luton Mental Health and Wellbeing Services (ELFT),A02,Calls routed through IVR,0
2025-01-01,2025-01-31,East of England,QHG,"NHS BEDFORDSHIRE, LUTON AND MILTON KEYNES INTEGRATED CARE BOARD",RWK,EAST LONDON NHS FOUNDATION TRUST,MH004,Bedfordshire and Luton Mental Health and Wellbeing Services (ELFT),A03,Number of answered calls,851
2025-01-01,2025-01-31,East of England,QHG,"NHS BEDFORDSHIRE, LUTON AND MILTON KEYNES INTEGRATED CARE BOARD",RWK,EAST LONDON NHS FOUNDATION TRUST,MH004,Bedfordshire and Luton Mental Health and Wellbeing Services (ELFT),B01,Number of calls answered within 60 seconds,419
2025-01-01,2025-01-31,East of England,QHG,"NHS BEDFORDSHIRE, LUTON AND MILTON KEYNES INTEGRATED CARE BOARD",RWK,EAST LONDON NHS FOUNDATION TRUST,MH004,Bedfordshire and Luton Mental Health and Wellbeing Services (ELFT),B02,Number of calls abandoned,563
2025-01-01,2025-01-31,East of England,QHG,"NHS BEDFORDSHIRE, LUTON AND MILTON KEYNES INTEGRATED CARE BOARD",RWK,EAST LONDON NHS FOUNDATION TRUST,MH004,Bedfordshire and Luton Mental Health and Wellbeing Services (ELFT),B03,Calls abandoned in 30 seconds or less,2
2025-01-01,2025-01-31,East of England,QHG,"NHS BEDFORDSHIRE, LUTON AND MILTON KEYNES INTEGRATED CARE BOARD",RWK,EAST LONDON NHS FOUNDATION TRUST,MH004,Bedfordshire and Luton Mental Health and Wellbeing Services (ELFT),B04,Calls abandoned in over 30 seconds and up to and including 60 seconds,31
2025-01-01,2025-01-31,East of England,QHG,"NHS BEDFORDSHIRE, LUTON AND MILTON KEYNES INTEGRATED CARE BOARD",RWK,EAST LONDON NHS FOUNDATION TRUST,MH004,Bedfordshire and Luton Mental Health and Wellbeing Services (ELFT),B05,Calls abandoned after 60 seconds,530
2025-01-01,2025-01-31,East of England,QHG,"NHS BEDFORDSHIRE, LUTON AND MILTON KEYNES INTEGRATED CARE BOARD",RWK,EAST LONDON NHS FOUNDATION TRUST,MH004,Bedfordshire and Luton Mental Health and Wellbeing Services (ELFT),B06,Total time to call answer (seconds),416790
2025-01-01,2025-01-31,East of England,QHG,"NHS BEDFORDSHIRE, LUTON AND MILTON KEYNES INTEGRATED CARE BOARD",RWK,EAST LONDON NHS FOUNDATION TRUST,MH004,Bedfordshire and Luton Mental Health and Wellbeing Services (ELFT),B07,95th centile call answer time (seconds),2252
2025-01-01,2025-01-31,East of England,QHG,"NHS BEDFORDSHIRE, LUTON AND MILTON KEYNES INTEGRATED CARE BOARD",RWK,EAST LONDON NHS FOUNDATION TRUST,MH004,Bedfordshire and Luton Mental Health and Wellbeing Services (ELFT),B09,Total time of abandoned calls (seconds),399322
2025-01-01,2025-01-31,North East and Yorkshire,QHM,NHS NORTH EAST AND NORTH CUMBRIA INTEGRATED CARE BOARD,RX4,"CUMBRIA, NORTHUMBERLAND, TYNE AND WEAR NHS FOUNDATION TRUST",MH016,"Cumbria, Northumberland, Tyne and Wear Crisis Line (CNTW)",A01,Number of calls received,3042
2025-01-01,2025-01-31,North East and Yorkshire,QHM,NHS NORTH EAST AND NORTH CUMBRIA INTEGRATED CARE BOARD,RX4,"CUMBRIA, NORTHUMBERLAND, TYNE AND WEAR NHS FOUNDATION TRUST",MH016,"Cumbria, Northumberland, Tyne and Wear Crisis Line (CNTW)",A02,Calls routed through IVR,3042
2025-01-01,2025-01-31,North East and Yorkshire,QHM,NHS NORTH EAST AND NORTH CUMBRIA INTEGRATED CARE BOARD,RX4,"CUMBRIA, NORTHUMBERLAND, TYNE AND WEAR NHS FOUNDATION TRUST",MH016,"Cumbria, Northumberland, Tyne and Wear Crisis Line (CNTW)",A03,Number of answered calls,2689
2025-01-01,2025-01-31,North East and Yorkshire,QHM,NHS NORTH EAST AND NORTH CUMBRIA INTEGRATED CARE BOARD,RX4,"CUMBRIA, NORTHUMBERLAND, TYNE AND WEAR NHS FOUNDATION TRUST",MH016,"Cumbria, Northumberland, Tyne and Wear Crisis Line (CNTW)",B01,Number of calls answered within 60 seconds,1846
2025-01-01,2025-01-31,North East and Yorkshire,QHM,NHS NORTH EAST AND NORTH CUMBRIA INTEGRATED CARE BOARD,RX4,"CUMBRIA, NORTHUMBERLAND, TYNE AND WEAR NHS FOUNDATION TRUST",MH016,"Cumbria, Northumberland, Tyne and Wear Crisis Line (CNTW)",B02,Number of calls abandoned,353
2025-01-01,2025-01-31,North East and Yorkshire,QHM,NHS NORTH EAST AND NORTH CUMBRIA INTEGRATED CARE BOARD,RX4,"CUMBRIA, NORTHUMBERLAND, TYNE AND WEAR NHS FOUNDATION TRUST",MH016,"Cumbria, Northumberland, Tyne and Wear Crisis Line (CNTW)",B03,Calls abandoned in 30 seconds or less,113
2025-01-01,2025-01-31,North East and Yorkshire,QHM,NHS NORTH EAST AND NORTH CUMBRIA INTEGRATED CARE BOARD,RX4,"CUMBRIA, NORTHUMBERLAND, TYNE AND WEAR NHS FOUNDATION TRUST",MH016,"Cumbria, Northumberland, Tyne and Wear Crisis Line (CNTW)",B04,Calls abandoned in over 30 seconds and up to and including 60 seconds,52
2025-01-01,2025-01-31,North East and Yorkshire,QHM,NHS NORTH EAST AND NORTH CUMBRIA INTEGRATED CARE BOARD,RX4,"CUMBRIA, NORTHUMBERLAND, TYNE AND WEAR NHS FOUNDATION TRUST",MH016,"Cumbria, Northumberland, Tyne and Wear Crisis Line (CNTW)",B05,Calls abandoned after 60 seconds,188
2025-01-01,2025-01-31,North East and Yorkshire,QHM,NHS NORTH EAST AND NORTH CUMBRIA INTEGRATED CARE BOARD,RX4,"CUMBRIA, NORTHUMBERLAND, TYNE AND WEAR NHS FOUNDATION TRUST",MH016,"Cumbria, Northumberland, Tyne and Wear Crisis Line (CNTW)",B06,Total time to call answer (seconds),244909
2025-01-01,2025-01-31,North East and Yorkshire,QHM,NHS NORTH EAST AND NORTH CUMBRIA INTEGRATED CARE BOARD,RX4,"CUMBRIA, NORTHUMBERLAND, TYNE AND WEAR NHS FOUNDATION TRUST",MH016,"Cumbria, Northumberland, Tyne and Wear Crisis Line (CNTW)",B07,95th centile call answer time (seconds),421
2025-01-01,2025-01-31,North East and Yorkshire,QHM,NHS NORTH EAST AND NORTH CUMBRIA INTEGRATED CARE BOARD,RX4,"CUMBRIA, NORTHUMBERLAND, TYNE AND WEAR NHS FOUNDATION TRUST",MH016,"Cumbria, Northumberland, Tyne and Wear Crisis Line (CNTW)",B09,Total time of abandoned calls (seconds),47041
2025-01-01,2025-01-31,North East and Yorkshire,QWO,NHS WEST YORKSHIRE INTEGRATED CARE BOARD,RY6,LEEDS COMMUNITY HEALTHCARE NHS TRUST,MH071,CYP Crisis Line - Leeds (LCAHMS),A01,Number of calls received,398
2025-01-01,2025-01-31,North East and Yorkshire,QWO,NHS WEST YORKSHIRE INTEGRATED CARE BOARD,RY6,LEEDS COMMUNITY HEALTHCARE NHS TRUST,MH071,CYP Crisis Line - Leeds (LCAHMS),A02,Calls routed through IVR,-
2025-01-01,2025-01-31,North East and Yorkshire,QWO,NHS WEST YORKSHIRE INTEGRATED CARE BOARD,RY6,LEEDS COMMUNITY HEALTHCARE NHS TRUST,MH071,CYP Crisis Line - Leeds (LCAHMS),A03,Number of answered calls,346
2025-01-01,2025-01-31,North East and Yorkshire,QWO,NHS WEST YORKSHIRE INTEGRATED CARE BOARD,RY6,LEEDS COMMUNITY HEALTHCARE NHS TRUST,MH071,CYP Crisis Line - Leeds (LCAHMS),B01,Number of calls answered within 60 seconds,316
2025-01-01,2025-01-31,North East and Yorkshire,QWO,NHS WEST YORKSHIRE INTEGRATED CARE BOARD,RY6,LEEDS COMMUNITY HEALTHCARE NHS TRUST,MH071,CYP Crisis Line - Leeds (LCAHMS),B02,Number of calls abandoned,52
2025-01-01,2025-01-31,North East and Yorkshire,QWO,NHS WEST YORKSHIRE INTEGRATED CARE BOARD,RY6,LEEDS COMMUNITY HEALTHCARE NHS TRUST,MH071,CYP Crisis Line - Leeds (LCAHMS),B03,Calls abandoned in 30 seconds or less,28
2025-01-01,2025-01-31,North East and Yorkshire,QWO,NHS WEST YORKSHIRE INTEGRATED CARE BOARD,RY6,LEEDS COMMUNITY HEALTHCARE NHS TRUST,MH071,CYP Crisis Line - Leeds (LCAHMS),B04,Calls abandoned in over 30 seconds and up to and including 60 seconds,3
2025-01-01,2025-01-31,North East and Yorkshire,QWO,NHS WEST YORKSHIRE INTEGRATED CARE BOARD,RY6,LEEDS COMMUNITY HEALTHCARE NHS TRUST,MH071,CYP Crisis Line - Leeds (LCAHMS),B05,Calls abandoned after 60 seconds,21
2025-01-01,2025-01-31,North East and Yorkshire,QWO,NHS WEST YORKSHIRE INTEGRATED CARE BOARD,RY6,LEEDS COMMUNITY HEALTHCARE NHS TRUST,MH071,CYP Crisis Line - Leeds (LCAHMS),B06,Total time to call answer (seconds),14186
2025-01-01,2025-01-31,North East and Yorkshire,QWO,NHS WEST YORKSHIRE INTEGRATED CARE BOARD,RY6,LEEDS COMMUNITY HEALTHCARE NHS TRUST,MH071,CYP Crisis Line - Leeds (LCAHMS),B07,95th centile call answer time (seconds),-
2025-01-01,2025-01-31,North East and Yorkshire,QWO,NHS WEST YORKSHIRE INTEGRATED CARE BOARD,RY6,LEEDS COMMUNITY HEALTHCARE NHS TRUST,MH071,CYP Crisis Line - Leeds (LCAHMS),B09,Total time of abandoned calls (seconds),14456
2025-01-01,2025-01-31,London,QVR,NHS NORTH WEST LONDON INTEGRATED CARE BOARD,RKL,WEST LONDON NHS TRUST,MH068,North West London West London NHS Trust (WLHT),A01,Number of calls received,380
2025-01-01,2025-01-31,London,QVR,NHS NORTH WEST LONDON INTEGRATED CARE BOARD,RKL,WEST LONDON NHS TRUST,MH068,North West London West London NHS Trust (WLHT),A02,Calls routed through IVR,377
2025-01-01,2025-01-31,London,QVR,NHS NORTH WEST LONDON INTEGRATED CARE BOARD,RKL,WEST LONDON NHS TRUST,MH068,North West London West London NHS Trust (WLHT),A03,Number of answered calls,349
2025-01-01,2025-01-31,London,QVR,NHS NORTH WEST LONDON INTEGRATED CARE BOARD,RKL,WEST LONDON NHS TRUST,MH068,North West London West London NHS Trust (WLHT),B01,Number of calls answered within 60 seconds,301
2025-01-01,2025-01-31,London,QVR,NHS NORTH WEST LONDON INTEGRATED CARE BOARD,RKL,WEST LONDON NHS TRUST,MH068,North West London West London NHS Trust (WLHT),B02,Number of calls abandoned,28
2025-01-01,2025-01-31,London,QVR,NHS NORTH WEST LONDON INTEGRATED CARE BOARD,RKL,WEST LONDON NHS TRUST,MH068,North West London West London NHS Trust (WLHT),B03,Calls abandoned in 30 seconds or less,3
2025-01-01,2025-01-31,London,QVR,NHS NORTH WEST LONDON INTEGRATED CARE BOARD,RKL,WEST LONDON NHS TRUST,MH068,North West London West London NHS Trust (WLHT),B04,Calls abandoned in over 30 seconds and up to and including 60 seconds,3
2025-01-01,2025-01-31,London,QVR,NHS NORTH WEST LONDON INTEGRATED CARE BOARD,RKL,WEST LONDON NHS TRUST,MH068,North West London West London NHS Trust (WLHT),B05,Calls abandoned after 60 seconds,22
2025-01-01,2025-01-31,London,QVR,NHS NORTH WEST LONDON INTEGRATED CARE BOARD,RKL,WEST LONDON NHS TRUST,MH068,North West London West London NHS Trust (WLHT),B06,Total time to call answer (seconds),17234
2025-01-01,2025-01-31,London,QVR,NHS NORTH WEST LONDON INTEGRATED CARE BOARD,RKL,WEST LONDON NHS TRUST,MH068,North West London West London NHS Trust (WLHT),B07,95th centile call answer time (seconds),-
2025-01-01,2025-01-31,London,QVR,NHS NORTH WEST LONDON INTEGRATED CARE BOARD,RKL,WEST LONDON NHS TRUST,MH068,North West London West London NHS Trust (WLHT),B09,Total time of abandoned calls (seconds),4867
2025-01-01,2025-01-31,North West,QYG,NHS CHESHIRE AND MERSEYSIDE INTEGRATED CARE BOARD,RW4,MERSEY CARE NHS FOUNDATION TRUST,MH035,All Age MH Crisis Service,A01,Number of calls received,9591
2025-01-01,2025-01-31,North West,QYG,NHS CHESHIRE AND MERSEYSIDE INTEGRATED CARE BOARD,RW4,MERSEY CARE NHS FOUNDATION TRUST,MH035,All Age MH Crisis Service,A02,Calls routed through IVR,-
2025-01-01,2025-01-31,North West,QYG,NHS CHESHIRE AND MERSEYSIDE INTEGRATED CARE BOARD,RW4,MERSEY CARE NHS FOUNDATION TRUST,MH035,All Age MH Crisis Service,A03,Number of answered calls,5525
2025-01-01,2025-01-31,North West,QYG,NHS CHESHIRE AND MERSEYSIDE INTEGRATED CARE BOARD,RW4,MERSEY CARE NHS FOUNDATION TRUST,MH035,All Age MH Crisis Service,B01,Number of calls answered within 60 seconds,3436
2025-01-01,2025-01-31,North West,QYG,NHS CHESHIRE AND MERSEYSIDE INTEGRATED CARE BOARD,RW4,MERSEY CARE NHS FOUNDATION TRUST,MH035,All Age MH Crisis Service,B02,Number of calls abandoned,2731
2025-01-01,2025-01-31,North West,QYG,NHS CHESHIRE AND MERSEYSIDE INTEGRATED CARE BOARD,RW4,MERSEY CARE NHS FOUNDATION TRUST,MH035,All Age MH Crisis Service,B03,Calls abandoned in 30 seconds or less,474
2025-01-01,2025-01-31,North West,QYG,NHS CHESHIRE AND MERSEYSIDE INTEGRATED CARE BOARD,RW4,MERSEY CARE NHS FOUNDATION TRUST,MH035,All Age MH Crisis Service,B04,Calls abandoned in over 30 seconds and up to and including 60 seconds,356
2025-01-01,2025-01-31,North West,QYG,NHS CHESHIRE AND MERSEYSIDE INTEGRATED CARE BOARD,RW4,MERSEY CARE NHS FOUNDATION TRUST,MH035,All Age MH Crisis Service,B05,Calls abandoned after 60 seconds,1883
2025-01-01,2025-01-31,North West,QYG,NHS CHESHIRE AND MERSEYSIDE INTEGRATED CARE BOARD,RW4,MERSEY CARE NHS FOUNDATION TRUST,MH035,All Age MH Crisis Service,B06,Total time to call answer (seconds),3491800
2025-01-01,2025-01-31,North West,QYG,NHS CHESHIRE AND MERSEYSIDE INTEGRATED CARE BOARD,RW4,MERSEY CARE NHS FOUNDATION TRUST,MH035,All Age MH Crisis Service,B07,95th centile call answer time (seconds),-
2025-01-01,2025-01-31,North West,QYG,NHS CHESHIRE AND MERSEYSIDE INTEGRATED CARE BOARD,RW4,MERSEY CARE NHS FOUNDATION TRUST,MH035,All Age MH Crisis Service,B09,Total time of abandoned calls (seconds),1619483
2025-01-01,2025-01-31,North East and Yorkshire,QHM,NHS NORTH EAST AND NORTH CUMBRIA INTEGRATED CARE BOARD,RX3,"TEES, ESK AND WEAR VALLEYS NHS FOUNDATION TRUST",MH067,TEWV North East and North Cumbria,A01,Number of calls received,5723
2025-01-01,2025-01-31,North East and Yorkshire,QHM,NHS NORTH EAST AND NORTH CUMBRIA INTEGRATED CARE BOARD,RX3,"TEES, ESK AND WEAR VALLEYS NHS FOUNDATION TRUST",MH067,TEWV North East and North Cumbria,A02,Calls routed through IVR,4492
2025-01-01,2025-01-31,North East and Yorkshire,QHM,NHS NORTH EAST AND NORTH CUMBRIA INTEGRATED CARE BOARD,RX3,"TEES, ESK AND WEAR VALLEYS NHS FOUNDATION TRUST",MH067,TEWV North East and North Cumbria,A03,Number of answered calls,5103
2025-01-01,2025-01-31,North East and Yorkshire,QHM,NHS NORTH EAST AND NORTH CUMBRIA INTEGRATED CARE BOARD,RX3,"TEES, ESK AND WEAR VALLEYS NHS FOUNDATION TRUST",MH067,TEWV North East and North Cumbria,B01,Number of calls answered within 60 seconds,4090
2025-01-01,2025-01-31,North East and Yorkshire,QHM,NHS NORTH EAST AND NORTH CUMBRIA INTEGRATED CARE BOARD,RX3,"TEES, ESK AND WEAR VALLEYS NHS FOUNDATION TRUST",MH067,TEWV North East and North Cumbria,B02,Number of calls abandoned,561
2025-01-01,2025-01-31,North East and Yorkshire,QHM,NHS NORTH EAST AND NORTH CUMBRIA INTEGRATED CARE BOARD,RX3,"TEES, ESK AND WEAR VALLEYS NHS FOUNDATION TRUST",MH067,TEWV North East and North Cumbria,B03,Calls abandoned in 30 seconds or less,146
2025-01-01,2025-01-31,North East and Yorkshire,QHM,NHS NORTH EAST AND NORTH CUMBRIA INTEGRATED CARE BOARD,RX3,"TEES, ESK AND WEAR VALLEYS NHS FOUNDATION TRUST",MH067,TEWV North East and North Cumbria,B04,Calls abandoned in over 30 seconds and up to and including 60 seconds,109
2025-01-01,2025-01-31,North East and Yorkshire,QHM,NHS NORTH EAST AND NORTH CUMBRIA INTEGRATED CARE BOARD,RX3,"TEES, ESK AND WEAR VALLEYS NHS FOUNDATION TRUST",MH067,TEWV North East and North Cumbria,B05,Calls abandoned after 60 seconds,306
2025-01-01,2025-01-31,North East and Yorkshire,QHM,NHS NORTH EAST AND NORTH CUMBRIA INTEGRATED CARE BOARD,RX3,"TEES, ESK AND WEAR VALLEYS NHS FOUNDATION TRUST",MH067,TEWV North East and North Cumbria,B06,Total time to call answer (seconds),275634
2025-01-01,2025-01-31,North East and Yorkshire,QHM,NHS NORTH EAST AND NORTH CUMBRIA INTEGRATED CARE BOARD,RX3,"TEES, ESK AND WEAR VALLEYS NHS FOUNDATION TRUST",MH067,TEWV North East and North Cumbria,B07,95th centile call answer time (seconds),285
2025-01-01,2025-01-31,North East and Yorkshire,QHM,NHS NORTH EAST AND NORTH CUMBRIA INTEGRATED CARE BOARD,RX3,"TEES, ESK AND WEAR VALLEYS NHS FOUNDATION TRUST",MH067,TEWV North East and North Cumbria,B09,Total time of abandoned calls (seconds),64384
2025-01-01,2025-01-31,North East and Yorkshire,QOQ,NHS HUMBER AND NORTH YORKSHIRE INTEGRATED CARE BOARD,RX3,"TEES, ESK AND WEAR VALLEYS NHS FOUNDATION TRUST",MH077,TEWV Humber and North Yorkshire,A01,Number of calls received,2417
2025-01-01,2025-01-31,North East and Yorkshire,QOQ,NHS HUMBER AND NORTH YORKSHIRE INTEGRATED CARE BOARD,RX3,"TEES, ESK AND WEAR VALLEYS NHS FOUNDATION TRUST",MH077,TEWV Humber and North Yorkshire,A02,Calls routed through IVR,1778
2025-01-01,2025-01-31,North East and Yorkshire,QOQ,NHS HUMBER AND NORTH YORKSHIRE INTEGRATED CARE BOARD,RX3,"TEES, ESK AND WEAR VALLEYS NHS FOUNDATION TRUST",MH077,TEWV Humber and North Yorkshire,A03,Number of answered calls,2029
2025-01-01,2025-01-31,North East and Yorkshire,QOQ,NHS HUMBER AND NORTH YORKSHIRE INTEGRATED CARE BOARD,RX3,"TEES, ESK AND WEAR VALLEYS NHS FOUNDATION TRUST",MH077,TEWV Humber and North Yorkshire,B01,Number of calls answered within 60 seconds,1647
2025-01-01,2025-01-31,North East and Yorkshire,QOQ,NHS HUMBER AND NORTH YORKSHIRE INTEGRATED CARE BOARD,RX3,"TEES, ESK AND WEAR VALLEYS NHS FOUNDATION TRUST",MH077,TEWV Humber and North Yorkshire,B02,Number of calls abandoned,288
2025-01-01,2025-01-31,North East and Yorkshire,QOQ,NHS HUMBER AND NORTH YORKSHIRE INTEGRATED CARE BOARD,RX3,"TEES, ESK AND WEAR VALLEYS NHS FOUNDATION TRUST",MH077,TEWV Humber and North Yorkshire,B03,Calls abandoned in 30 seconds or less,28
2025-01-01,2025-01-31,North East and Yorkshire,QOQ,NHS HUMBER AND NORTH YORKSHIRE INTEGRATED CARE BOARD,RX3,"TEES, ESK AND WEAR VALLEYS NHS FOUNDATION TRUST",MH077,TEWV Humber and North Yorkshire,B04,Calls abandoned in over 30 seconds and up to and including 60 seconds,42
2025-01-01,2025-01-31,North East and Yorkshire,QOQ,NHS HUMBER AND NORTH YORKSHIRE INTEGRATED CARE BOARD,RX3,"TEES, ESK AND WEAR VALLEYS NHS FOUNDATION TRUST",MH077,TEWV Humber and North Yorkshire,B05,Calls abandoned after 60 seconds,218
2025-01-01,2025-01-31,North East and Yorkshire,QOQ,NHS HUMBER AND NORTH YORKSHIRE INTEGRATED CARE BOARD,RX3,"TEES, ESK AND WEAR VALLEYS NHS FOUNDATION TRUST",MH077,TEWV Humber and North Yorkshire,B06,Total time to call answer (seconds),166065
2025-01-01,2025-01-31,North East and Yorkshire,QOQ,NHS HUMBER AND NORTH YORKSHIRE INTEGRATED CARE BOARD,RX3,"TEES, ESK AND WEAR VALLEYS NHS FOUNDATION TRUST",MH077,TEWV Humber and North Yorkshire,B07,95th centile call answer time (seconds),431
2025-01-01,2025-01-31,North East and Yorkshire,QOQ,NHS HUMBER AND NORTH YORKSHIRE INTEGRATED CARE BOARD,RX3,"TEES, ESK AND WEAR VALLEYS NHS FOUNDATION TRUST",MH077,TEWV Humber and North Yorkshire,B09,Total time of abandoned calls (seconds),69682
2025-01-01,2025-01-31,South East,QU9,"NHS BUCKINGHAMSHIRE, OXFORDSHIRE AND BERKSHIRE WEST INTEGRATED CARE BOARD",RYE,SOUTH CENTRAL AMBULANCE SERVICE NHS FOUNDATION TRUST,MH052,Oxford (SCAS),A01,Number of calls received,967
2025-01-01,2025-01-31,South East,QU9,"NHS BUCKINGHAMSHIRE, OXFORDSHIRE AND BERKSHIRE WEST INTEGRATED CARE BOARD",RYE,SOUTH CENTRAL AMBULANCE SERVICE NHS FOUNDATION TRUST,MH052,Oxford (SCAS),A02,Calls routed through IVR,0
2025-01-01,2025-01-31,South East,QU9,"NHS BUCKINGHAMSHIRE, OXFORDSHIRE AND BERKSHIRE WEST INTEGRATED CARE BOARD",RYE,SOUTH CENTRAL AMBULANCE SERVICE NHS FOUNDATION TRUST,MH052,Oxford (SCAS),A03,Number of answered calls,873
2025-01-01,2025-01-31,South East,QU9,"NHS BUCKINGHAMSHIRE, OXFORDSHIRE AND BERKSHIRE WEST INTEGRATED CARE BOARD",RYE,SOUTH CENTRAL AMBULANCE SERVICE NHS FOUNDATION TRUST,MH052,Oxford (SCAS),B01,Number of calls answered within 60 seconds,695
2025-01-01,2025-01-31,South East,QU9,"NHS BUCKINGHAMSHIRE, OXFORDSHIRE AND BERKSHIRE WEST INTEGRATED CARE BOARD",RYE,SOUTH CENTRAL AMBULANCE SERVICE NHS FOUNDATION TRUST,MH052,Oxford (SCAS),B02,Number of calls abandoned,94
2025-01-01,2025-01-31,South East,QU9,"NHS BUCKINGHAMSHIRE, OXFORDSHIRE AND BERKSHIRE WEST INTEGRATED CARE BOARD",RYE,SOUTH CENTRAL AMBULANCE SERVICE NHS FOUNDATION TRUST,MH052,Oxford (SCAS),B03,Calls abandoned in 30 seconds or less,26
2025-01-01,2025-01-31,South East,QU9,"NHS BUCKINGHAMSHIRE, OXFORDSHIRE AND BERKSHIRE WEST INTEGRATED CARE BOARD",RYE,SOUTH CENTRAL AMBULANCE SERVICE NHS FOUNDATION TRUST,MH052,Oxford (SCAS),B04,Calls abandoned in over 30 seconds and up to and including 60 seconds,14
2025-01-01,2025-01-31,South East,QU9,"NHS BUCKINGHAMSHIRE, OXFORDSHIRE AND BERKSHIRE WEST INTEGRATED CARE BOARD",RYE,SOUTH CENTRAL AMBULANCE SERVICE NHS FOUNDATION TRUST,MH052,Oxford (SCAS),B05,Calls abandoned after 60 seconds,54
2025-01-01,2025-01-31,South East,QU9,"NHS BUCKINGHAMSHIRE, OXFORDSHIRE AND BERKSHIRE WEST INTEGRATED CARE BOARD",RYE,SOUTH CENTRAL AMBULANCE SERVICE NHS FOUNDATION TRUST,MH052,Oxford (SCAS),B06,Total time to call answer (seconds),44336
2025-01-01,2025-01-31,South East,QU9,"NHS BUCKINGHAMSHIRE, OXFORDSHIRE AND BERKSHIRE WEST INTEGRATED CARE BOARD",RYE,SOUTH CENTRAL AMBULANCE SERVICE NHS FOUNDATION TRUST,MH052,Oxford (SCAS),B07,95th centile call answer time (seconds),311
2025-01-01,2025-01-31,South East,QU9,"NHS BUCKINGHAMSHIRE, OXFORDSHIRE AND BERKSHIRE WEST INTEGRATED CARE BOARD",RYE,SOUTH CENTRAL AMBULANCE SERVICE NHS FOUNDATION TRUST,MH052,Oxford (SCAS),B09,Total time of abandoned calls (seconds),11345
2025-01-01,2025-01-31,South East,QRL,NHS HAMPSHIRE AND ISLE OF WIGHT INTEGRATED CARE BOARD,RYE,SOUTH CENTRAL AMBULANCE SERVICE NHS FOUNDATION TRUST,MH063,Hampshire (SCAS),A01,Number of calls received,3748
2025-01-01,2025-01-31,South East,QRL,NHS HAMPSHIRE AND ISLE OF WIGHT INTEGRATED CARE BOARD,RYE,SOUTH CENTRAL AMBULANCE SERVICE NHS FOUNDATION TRUST,MH063,Hampshire (SCAS),A02,Calls routed through IVR,0
2025-01-01,2025-01-31,South East,QRL,NHS HAMPSHIRE AND ISLE OF WIGHT INTEGRATED CARE BOARD,RYE,SOUTH CENTRAL AMBULANCE SERVICE NHS FOUNDATION TRUST,MH063,Hampshire (SCAS),A03,Number of answered calls,3371
2025-01-01,2025-01-31,South East,QRL,NHS HAMPSHIRE AND ISLE OF WIGHT INTEGRATED CARE BOARD,RYE,SOUTH CENTRAL AMBULANCE SERVICE NHS FOUNDATION TRUST,MH063,Hampshire (SCAS),B01,Number of calls answered within 60 seconds,2737
2025-01-01,2025-01-31,South East,QRL,NHS HAMPSHIRE AND ISLE OF WIGHT INTEGRATED CARE BOARD,RYE,SOUTH CENTRAL AMBULANCE SERVICE NHS FOUNDATION TRUST,MH063,Hampshire (SCAS),B02,Number of calls abandoned,377
2025-01-01,2025-01-31,South East,QRL,NHS HAMPSHIRE AND ISLE OF WIGHT INTEGRATED CARE BOARD,RYE,SOUTH CENTRAL AMBULANCE SERVICE NHS FOUNDATION TRUST,MH063,Hampshire (SCAS),B03,Calls abandoned in 30 seconds or less,190
2025-01-01,2025-01-31,South East,QRL,NHS HAMPSHIRE AND ISLE OF WIGHT INTEGRATED CARE BOARD,RYE,SOUTH CENTRAL AMBULANCE SERVICE NHS FOUNDATION TRUST,MH063,Hampshire (SCAS),B04,Calls abandoned in over 30 seconds and up to and including 60 seconds,49
2025-01-01,2025-01-31,South East,QRL,NHS HAMPSHIRE AND ISLE OF WIGHT INTEGRATED CARE BOARD,RYE,SOUTH CENTRAL AMBULANCE SERVICE NHS FOUNDATION TRUST,MH063,Hampshire (SCAS),B05,Calls abandoned after 60 seconds,138
2025-01-01,2025-01-31,South East,QRL,NHS HAMPSHIRE AND ISLE OF WIGHT INTEGRATED CARE BOARD,RYE,SOUTH CENTRAL AMBULANCE SERVICE NHS FOUNDATION TRUST,MH063,Hampshire (SCAS),B06,Total time to call answer (seconds),172466
2025-01-01,2025-01-31,South East,QRL,NHS HAMPSHIRE AND ISLE OF WIGHT INTEGRATED CARE BOARD,RYE,SOUTH CENTRAL AMBULANCE SERVICE NHS FOUNDATION TRUST,MH063,Hampshire (SCAS),B07,95th centile call answer time (seconds),329
2025-01-01,2025-01-31,South East,QRL,NHS HAMPSHIRE AND ISLE OF WIGHT INTEGRATED CARE BOARD,RYE,SOUTH CENTRAL AMBULANCE SERVICE NHS FOUNDATION TRUST,MH063,Hampshire (SCAS),B09,Total time of abandoned calls (seconds),31667
2025-01-01,2025-01-31,South East,QU9,"NHS BUCKINGHAMSHIRE, OXFORDSHIRE AND BERKSHIRE WEST INTEGRATED CARE BOARD",RYE,SOUTH CENTRAL AMBULANCE SERVICE NHS FOUNDATION TRUST,MH005,Berkshire (SCAS),A01,Number of calls received,864
2025-01-01,2025-01-31,South East,QU9,"NHS BUCKINGHAMSHIRE, OXFORDSHIRE AND BERKSHIRE WEST INTEGRATED CARE BOARD",RYE,SOUTH CENTRAL AMBULANCE SERVICE NHS FOUNDATION TRUST,MH005,Berkshire (SCAS),A02,Calls routed through IVR,0
2025-01-01,2025-01-31,South East,QU9,"NHS BUCKINGHAMSHIRE, OXFORDSHIRE AND BERKSHIRE WEST INTEGRATED CARE BOARD",RYE,SOUTH CENTRAL AMBULANCE SERVICE NHS FOUNDATION TRUST,MH005,Berkshire (SCAS),A03,Number of answered calls,779
2025-01-01,2025-01-31,South East,QU9,"NHS BUCKINGHAMSHIRE, OXFORDSHIRE AND BERKSHIRE WEST INTEGRATED CARE BOARD",RYE,SOUTH CENTRAL AMBULANCE SERVICE NHS FOUNDATION TRUST,MH005,Berkshire (SCAS),B01,Number of calls answered within 60 seconds,608
2025-01-01,2025-01-31,South East,QU9,"NHS BUCKINGHAMSHIRE, OXFORDSHIRE AND BERKSHIRE WEST INTEGRATED CARE BOARD",RYE,SOUTH CENTRAL AMBULANCE SERVICE NHS FOUNDATION TRUST,MH005,Berkshire (SCAS),B02,Number of calls abandoned,85
2025-01-01,2025-01-31,South East,QU9,"NHS BUCKINGHAMSHIRE, OXFORDSHIRE AND BERKSHIRE WEST INTEGRATED CARE BOARD",RYE,SOUTH CENTRAL AMBULANCE SERVICE NHS FOUNDATION TRUST,MH005,Berkshire (SCAS),B03,Calls abandoned in 30 seconds or less,34
2025-01-01,2025-01-31,South East,QU9,"NHS BUCKINGHAMSHIRE, OXFORDSHIRE AND BERKSHIRE WEST INTEGRATED CARE BOARD",RYE,SOUTH CENTRAL AMBULANCE SERVICE NHS FOUNDATION TRUST,MH005,Berkshire (SCAS),B04,Calls abandoned in over 30 seconds and up to and including 60 seconds,13
2025-01-01,2025-01-31,South East,QU9,"NHS BUCKINGHAMSHIRE, OXFORDSHIRE AND BERKSHIRE WEST INTEGRATED CARE BOARD",RYE,SOUTH CENTRAL AMBULANCE SERVICE NHS FOUNDATION TRUST,MH005,Berkshire (SCAS),B05,Calls abandoned after 60 seconds,38
2025-01-01,2025-01-31,South East,QU9,"NHS BUCKINGHAMSHIRE, OXFORDSHIRE AND BERKSHIRE WEST INTEGRATED CARE BOARD",RYE,SOUTH CENTRAL AMBULANCE SERVICE NHS FOUNDATION TRUST,MH005,Berkshire (SCAS),B06,Total time to call answer (seconds),43368
2025-01-01,2025-01-31,South East,QU9,"NHS BUCKINGHAMSHIRE, OXFORDSHIRE AND BERKSHIRE WEST INTEGRATED CARE BOARD",RYE,SOUTH CENTRAL AMBULANCE SERVICE NHS FOUNDATION TRUST,MH005,Berkshire (SCAS),B07,95th centile call answer time (seconds),343
2025-01-01,2025-01-31,South East,QU9,"NHS BUCKINGHAMSHIRE, OXFORDSHIRE AND BERKSHIRE WEST INTEGRATED CARE BOARD",RYE,SOUTH CENTRAL AMBULANCE SERVICE NHS FOUNDATION TRUST,MH005,Berkshire (SCAS),B09,Total time of abandoned calls (seconds),7691
2025-01-01,2025-01-31,South East,QU9,"NHS BUCKINGHAMSHIRE, OXFORDSHIRE AND BERKSHIRE WEST INTEGRATED CARE BOARD",RYE,SOUTH CENTRAL AMBULANCE SERVICE NHS FOUNDATION TRUST,MH059,Buckinghamshire (SCAS),A01,Number of calls received,658
2025-01-01,2025-01-31,South East,QU9,"NHS BUCKINGHAMSHIRE, OXFORDSHIRE AND BERKSHIRE WEST INTEGRATED CARE BOARD",RYE,SOUTH CENTRAL AMBULANCE SERVICE NHS FOUNDATION TRUST,MH059,Buckinghamshire (SCAS),A02,Calls routed through IVR,0
2025-01-01,2025-01-31,South East,QU9,"NHS BUCKINGHAMSHIRE, OXFORDSHIRE AND BERKSHIRE WEST INTEGRATED CARE BOARD",RYE,SOUTH CENTRAL AMBULANCE SERVICE NHS FOUNDATION TRUST,MH059,Buckinghamshire (SCAS),A03,Number of answered calls,593
2025-01-01,2025-01-31,South East,QU9,"NHS BUCKINGHAMSHIRE, OXFORDSHIRE AND BERKSHIRE WEST INTEGRATED CARE BOARD",RYE,SOUTH CENTRAL AMBULANCE SERVICE NHS FOUNDATION TRUST,MH059,Buckinghamshire (SCAS),B01,Number of calls answered within 60 seconds,478
2025-01-01,2025-01-31,South East,QU9,"NHS BUCKINGHAMSHIRE, OXFORDSHIRE AND BERKSHIRE WEST INTEGRATED CARE BOARD",RYE,SOUTH CENTRAL AMBULANCE SERVICE NHS FOUNDATION TRUST,MH059,Buckinghamshire (SCAS),B02,Number of calls abandoned,65
2025-01-01,2025-01-31,South East,QU9,"NHS BUCKINGHAMSHIRE, OXFORDSHIRE AND BERKSHIRE WEST INTEGRATED CARE BOARD",RYE,SOUTH CENTRAL AMBULANCE SERVICE NHS FOUNDATION TRUST,MH059,Buckinghamshire (SCAS),B03,Calls abandoned in 30 seconds or less,24
2025-01-01,2025-01-31,South East,QU9,"NHS BUCKINGHAMSHIRE, OXFORDSHIRE AND BERKSHIRE WEST INTEGRATED CARE BOARD",RYE,SOUTH CENTRAL AMBULANCE SERVICE NHS FOUNDATION TRUST,MH059,Buckinghamshire (SCAS),B04,Calls abandoned in over 30 seconds and up to and including 60 seconds,5
2025-01-01,2025-01-31,South East,QU9,"NHS BUCKINGHAMSHIRE, OXFORDSHIRE AND BERKSHIRE WEST INTEGRATED CARE BOARD",RYE,SOUTH CENTRAL AMBULANCE SERVICE NHS FOUNDATION TRUST,MH059,Buckinghamshire (SCAS),B05,Calls abandoned after 60 seconds,36
2025-01-01,2025-01-31,South East,QU9,"NHS BUCKINGHAMSHIRE, OXFORDSHIRE AND BERKSHIRE WEST INTEGRATED CARE BOARD",RYE,SOUTH CENTRAL AMBULANCE SERVICE NHS FOUNDATION TRUST,MH059,Buckinghamshire (SCAS),B06,Total time to call answer (seconds),31698
2025-01-01,2025-01-31,South East,QU9,"NHS BUCKINGHAMSHIRE, OXFORDSHIRE AND BERKSHIRE WEST INTEGRATED CARE BOARD",RYE,SOUTH CENTRAL AMBULANCE SERVICE NHS FOUNDATION TRUST,MH059,Buckinghamshire (SCAS),B07,95th centile call answer time (seconds),353
2025-01-01,2025-01-31,South East,QU9,"NHS BUCKINGHAMSHIRE, OXFORDSHIRE AND BERKSHIRE WEST INTEGRATED CARE BOARD",RYE,SOUTH CENTRAL AMBULANCE SERVICE NHS FOUNDATION TRUST,MH059,Buckinghamshire (SCAS),B09,Total time of abandoned calls (seconds),7171
2025-01-01,2025-01-31,South East,QRL,NHS HAMPSHIRE AND ISLE OF WIGHT INTEGRATED CARE BOARD,RYE,SOUTH CENTRAL AMBULANCE SERVICE NHS FOUNDATION TRUST,MH064,Surrey (SCAS),A01,Number of calls received,34
2025-01-01,2025-01-31,South East,QRL,NHS HAMPSHIRE AND ISLE OF WIGHT INTEGRATED CARE BOARD,RYE,SOUTH CENTRAL AMBULANCE SERVICE NHS FOUNDATION TRUST,MH064,Surrey (SCAS),A02,Calls routed through IVR,0
2025-01-01,2025-01-31,South East,QRL,NHS HAMPSHIRE AND ISLE OF WIGHT INTEGRATED CARE BOARD,RYE,SOUTH CENTRAL AMBULANCE SERVICE NHS FOUNDATION TRUST,MH064,Surrey (SCAS),A03,Number of answered calls,30
2025-01-01,2025-01-31,South East,QRL,NHS HAMPSHIRE AND ISLE OF WIGHT INTEGRATED CARE BOARD,RYE,SOUTH CENTRAL AMBULANCE SERVICE NHS FOUNDATION TRUST,MH064,Surrey (SCAS),B01,Number of calls answered within 60 seconds,18
2025-01-01,2025-01-31,South East,QRL,NHS HAMPSHIRE AND ISLE OF WIGHT INTEGRATED CARE BOARD,RYE,SOUTH CENTRAL AMBULANCE SERVICE NHS FOUNDATION TRUST,MH064,Surrey (SCAS),B02,Number of calls abandoned,4
2025-01-01,2025-01-31,South East,QRL,NHS HAMPSHIRE AND ISLE OF WIGHT INTEGRATED CARE BOARD,RYE,SOUTH CENTRAL AMBULANCE SERVICE NHS FOUNDATION TRUST,MH064,Surrey (SCAS),B03,Calls abandoned in 30 seconds or less,1
2025-01-01,2025-01-31,South East,QRL,NHS HAMPSHIRE AND ISLE OF WIGHT INTEGRATED CARE BOARD,RYE,SOUTH CENTRAL AMBULANCE SERVICE NHS FOUNDATION TRUST,MH064,Surrey (SCAS),B04,Calls abandoned in over 30 seconds and up to and including 60 seconds,0
2025-01-01,2025-01-31,South East,QRL,NHS HAMPSHIRE AND ISLE OF WIGHT INTEGRATED CARE BOARD,RYE,SOUTH CENTRAL AMBULANCE SERVICE NHS FOUNDATION TRUST,MH064,Surrey (SCAS),B05,Calls abandoned after 60 seconds,3
2025-01-01,2025-01-31,South East,QRL,NHS HAMPSHIRE AND ISLE OF WIGHT INTEGRATED CARE BOARD,RYE,SOUTH CENTRAL AMBULANCE SERVICE NHS FOUNDATION TRUST,MH064,Surrey (SCAS),B06,Total time to call answer (seconds),3467
2025-01-01,2025-01-31,South East,QRL,NHS HAMPSHIRE AND ISLE OF WIGHT INTEGRATED CARE BOARD,RYE,SOUTH CENTRAL AMBULANCE SERVICE NHS FOUNDATION TRUST,MH064,Surrey (SCAS),B07,95th centile call answer time (seconds),435
2025-01-01,2025-01-31,South East,QRL,NHS HAMPSHIRE AND ISLE OF WIGHT INTEGRATED CARE BOARD,RYE,SOUTH CENTRAL AMBULANCE SERVICE NHS FOUNDATION TRUST,MH064,Surrey (SCAS),B09,Total time of abandoned calls (seconds),614
2025-01-01,2025-01-31,East of England,QJG,NHS SUFFOLK AND NORTH EAST ESSEX INTEGRATED CARE BOARD,R1L,ESSEX PARTNERSHIP UNIVERSITY NHS FOUNDATION TRUST,MH080,EPUT (North East Essex) MH Helpline,A01,Number of calls received,1886
2025-01-01,2025-01-31,East of England,QJG,NHS SUFFOLK AND NORTH EAST ESSEX INTEGRATED CARE BOARD,R1L,ESSEX PARTNERSHIP UNIVERSITY NHS FOUNDATION TRUST,MH080,EPUT (North East Essex) MH Helpline,A02,Calls routed through IVR,1593
2025-01-01,2025-01-31,East of England,QJG,NHS SUFFOLK AND NORTH EAST ESSEX INTEGRATED CARE BOARD,R1L,ESSEX PARTNERSHIP UNIVERSITY NHS FOUNDATION TRUST,MH080,EPUT (North East Essex) MH Helpline,A03,Number of answered calls,1645
2025-01-01,2025-01-31,East of England,QJG,NHS SUFFOLK AND NORTH EAST ESSEX INTEGRATED CARE BOARD,R1L,ESSEX PARTNERSHIP UNIVERSITY NHS FOUNDATION TRUST,MH080,EPUT (North East Essex) MH Helpline,B01,Number of calls answered within 60 seconds,1306
2025-01-01,2025-01-31,East of England,QJG,NHS SUFFOLK AND NORTH EAST ESSEX INTEGRATED CARE BOARD,R1L,ESSEX PARTNERSHIP UNIVERSITY NHS FOUNDATION TRUST,MH080,EPUT (North East Essex) MH Helpline,B02,Number of calls abandoned,241
2025-01-01,2025-01-31,East of England,QJG,NHS SUFFOLK AND NORTH EAST ESSEX INTEGRATED CARE BOARD,R1L,ESSEX PARTNERSHIP UNIVERSITY NHS FOUNDATION TRUST,MH080,EPUT (North East Essex) MH Helpline,B03,Calls abandoned in 30 seconds or less,138
2025-01-01,2025-01-31,East of England,QJG,NHS SUFFOLK AND NORTH EAST ESSEX INTEGRATED CARE BOARD,R1L,ESSEX PARTNERSHIP UNIVERSITY NHS FOUNDATION TRUST,MH080,EPUT (North East Essex) MH Helpline,B04,Calls abandoned in over 30 seconds and up to and including 60 seconds,16
2025-01-01,2025-01-31,East of England,QJG,NHS SUFFOLK AND NORTH EAST ESSEX INTEGRATED CARE BOARD,R1L,ESSEX PARTNERSHIP UNIVERSITY NHS FOUNDATION TRUST,MH080,EPUT (North East Essex) MH Helpline,B05,Calls abandoned after 60 seconds,87
2025-01-01,2025-01-31,East of England,QJG,NHS SUFFOLK AND NORTH EAST ESSEX INTEGRATED CARE BOARD,R1L,ESSEX PARTNERSHIP UNIVERSITY NHS FOUNDATION TRUST,MH080,EPUT (North East Essex) MH Helpline,B06,Total time to call answer (seconds),98266
2025-01-01,2025-01-31,East of England,QJG,NHS SUFFOLK AND NORTH EAST ESSEX INTEGRATED CARE BOARD,R1L,ESSEX PARTNERSHIP UNIVERSITY NHS FOUNDATION TRUST,MH080,EPUT (North East Essex) MH Helpline,B07,95th centile call answer time (seconds),260
2025-01-01,2025-01-31,East of England,QJG,NHS SUFFOLK AND NORTH EAST ESSEX INTEGRATED CARE BOARD,R1L,ESSEX PARTNERSHIP UNIVERSITY NHS FOUNDATION TRUST,MH080,EPUT (North East Essex) MH Helpline,B09,Total time of abandoned calls (seconds),34786
2025-01-01,2025-01-31,East of England,QH8,NHS MID AND SOUTH ESSEX INTEGRATED CARE BOARD,R1L,ESSEX PARTNERSHIP UNIVERSITY NHS FOUNDATION TRUST,MH081,EPUT (Mid and South Essex) MH Helpline,A01,Number of calls received,3183
2025-01-01,2025-01-31,East of England,QH8,NHS MID AND SOUTH ESSEX INTEGRATED CARE BOARD,R1L,ESSEX PARTNERSHIP UNIVERSITY NHS FOUNDATION TRUST,MH081,EPUT (Mid and South Essex) MH Helpline,A02,Calls routed through IVR,2616
2025-01-01,2025-01-31,East of England,QH8,NHS MID AND SOUTH ESSEX INTEGRATED CARE BOARD,R1L,ESSEX PARTNERSHIP UNIVERSITY NHS FOUNDATION TRUST,MH081,EPUT (Mid and South Essex) MH Helpline,A03,Number of answered calls,2791
2025-01-01,2025-01-31,East of England,QH8,NHS MID AND SOUTH ESSEX INTEGRATED CARE BOARD,R1L,ESSEX PARTNERSHIP UNIVERSITY NHS FOUNDATION TRUST,MH081,EPUT (Mid and South Essex) MH Helpline,B01,Number of calls answered within 60 seconds,2234
2025-01-01,2025-01-31,East of England,QH8,NHS MID AND SOUTH ESSEX INTEGRATED CARE BOARD,R1L,ESSEX PARTNERSHIP UNIVERSITY NHS FOUNDATION TRUST,MH081,EPUT (Mid and South Essex) MH Helpline,B02,Number of calls abandoned,392
2025-01-01,2025-01-31,East of England,QH8,NHS MID AND SOUTH ESSEX INTEGRATED CARE BOARD,R1L,ESSEX PARTNERSHIP UNIVERSITY NHS FOUNDATION TRUST,MH081,EPUT (Mid and South Essex) MH Helpline,B03,Calls abandoned in 30 seconds or less,279
2025-01-01,2025-01-31,East of England,QH8,NHS MID AND SOUTH ESSEX INTEGRATED CARE BOARD,R1L,ESSEX PARTNERSHIP UNIVERSITY NHS FOUNDATION TRUST,MH081,EPUT (Mid and South Essex) MH Helpline,B04,Calls abandoned in over 30 seconds and up to and including 60 seconds,17
2025-01-01,2025-01-31,East of England,QH8,NHS MID AND SOUTH ESSEX INTEGRATED CARE BOARD,R1L,ESSEX PARTNERSHIP UNIVERSITY NHS FOUNDATION TRUST,MH081,EPUT (Mid and South Essex) MH Helpline,B05,Calls abandoned after 60 seconds,96
2025-01-01,2025-01-31,East of England,QH8,NHS MID AND SOUTH ESSEX INTEGRATED CARE BOARD,R1L,ESSEX PARTNERSHIP UNIVERSITY NHS FOUNDATION TRUST,MH081,EPUT (Mid and South Essex) MH Helpline,B06,Total time to call answer (seconds),174384
2025-01-01,2025-01-31,East of England,QH8,NHS MID AND SOUTH ESSEX INTEGRATED CARE BOARD,R1L,ESSEX PARTNERSHIP UNIVERSITY NHS FOUNDATION TRUST,MH081,EPUT (Mid and South Essex) MH Helpline,B07,95th centile call answer time (seconds),269
2025-01-01,2025-01-31,East of England,QH8,NHS MID AND SOUTH ESSEX INTEGRATED CARE BOARD,R1L,ESSEX PARTNERSHIP UNIVERSITY NHS FOUNDATION TRUST,MH081,EPUT (Mid and South Essex) MH Helpline,B09,Total time of abandoned calls (seconds),28505
2025-01-01,2025-01-31,East of England,QM7,NHS HERTFORDSHIRE AND WEST ESSEX INTEGRATED CARE BOARD,R1L,ESSEX PARTNERSHIP UNIVERSITY NHS FOUNDATION TRUST,MH082,EPUT (West Essex) MH Helpline,A01,Number of calls received,650
2025-01-01,2025-01-31,East of England,QM7,NHS HERTFORDSHIRE AND WEST ESSEX INTEGRATED CARE BOARD,R1L,ESSEX PARTNERSHIP UNIVERSITY NHS FOUNDATION TRUST,MH082,EPUT (West Essex) MH Helpline,A02,Calls routed through IVR,500
2025-01-01,2025-01-31,East of England,QM7,NHS HERTFORDSHIRE AND WEST ESSEX INTEGRATED CARE BOARD,R1L,ESSEX PARTNERSHIP UNIVERSITY NHS FOUNDATION TRUST,MH082,EPUT (West Essex) MH Helpline,A03,Number of answered calls,552
2025-01-01,2025-01-31,East of England,QM7,NHS HERTFORDSHIRE AND WEST ESSEX INTEGRATED CARE BOARD,R1L,ESSEX PARTNERSHIP UNIVERSITY NHS FOUNDATION TRUST,MH082,EPUT (West Essex) MH Helpline,B01,Number of calls answered within 60 seconds,429
2025-01-01,2025-01-31,East of England,QM7,NHS HERTFORDSHIRE AND WEST ESSEX INTEGRATED CARE BOARD,R1L,ESSEX PARTNERSHIP UNIVERSITY NHS FOUNDATION TRUST,MH082,EPUT (West Essex) MH Helpline,B02,Number of calls abandoned,98
2025-01-01,2025-01-31,East of England,QM7,NHS HERTFORDSHIRE AND WEST ESSEX INTEGRATED CARE BOARD,R1L,ESSEX PARTNERSHIP UNIVERSITY NHS FOUNDATION TRUST,MH082,EPUT (West Essex) MH Helpline,B03,Calls abandoned in 30 seconds or less,60
2025-01-01,2025-01-31,East of England,QM7,NHS HERTFORDSHIRE AND WEST ESSEX INTEGRATED CARE BOARD,R1L,ESSEX PARTNERSHIP UNIVERSITY NHS FOUNDATION TRUST,MH082,EPUT (West Essex) MH Helpline,B04,Calls abandoned in over 30 seconds and up to and including 60 seconds,3
2025-01-01,2025-01-31,East of England,QM7,NHS HERTFORDSHIRE AND WEST ESSEX INTEGRATED CARE BOARD,R1L,ESSEX PARTNERSHIP UNIVERSITY NHS FOUNDATION TRUST,MH082,EPUT (West Essex) MH Helpline,B05,Calls abandoned after 60 seconds,35
2025-01-01,2025-01-31,East of England,QM7,NHS HERTFORDSHIRE AND WEST ESSEX INTEGRATED CARE BOARD,R1L,ESSEX PARTNERSHIP UNIVERSITY NHS FOUNDATION TRUST,MH082,EPUT (West Essex) MH Helpline,B06,Total time to call answer (seconds),34497
2025-01-01,2025-01-31,East of England,QM7,NHS HERTFORDSHIRE AND WEST ESSEX INTEGRATED CARE BOARD,R1L,ESSEX PARTNERSHIP UNIVERSITY NHS FOUNDATION TRUST,MH082,EPUT (West Essex) MH Helpline,B07,95th centile call answer time (seconds),295
2025-01-01,2025-01-31,East of England,QM7,NHS HERTFORDSHIRE AND WEST ESSEX INTEGRATED CARE BOARD,R1L,ESSEX PARTNERSHIP UNIVERSITY NHS FOUNDATION TRUST,MH082,EPUT (West Essex) MH Helpline,B09,Total time of abandoned calls (seconds),13365
2025-01-01,2025-01-31,North East and Yorkshire,QF7,NHS SOUTH YORKSHIRE INTEGRATED CARE BOARD,RCU,SHEFFIELD CHILDREN'S NHS FOUNDATION TRUST,MH075,Papyus,A01,Number of calls received,20
2025-01-01,2025-01-31,North East and Yorkshire,QF7,NHS SOUTH YORKSHIRE INTEGRATED CARE BOARD,RCU,SHEFFIELD CHILDREN'S NHS FOUNDATION TRUST,MH075,Papyus,A02,Calls routed through IVR,11
2025-01-01,2025-01-31,North East and Yorkshire,QF7,NHS SOUTH YORKSHIRE INTEGRATED CARE BOARD,RCU,SHEFFIELD CHILDREN'S NHS FOUNDATION TRUST,MH075,Papyus,A03,Number of answered calls,16
2025-01-01,2025-01-31,North East and Yorkshire,QF7,NHS SOUTH YORKSHIRE INTEGRATED CARE BOARD,RCU,SHEFFIELD CHILDREN'S NHS FOUNDATION TRUST,MH075,Papyus,B01,Number of calls answered within 60 seconds,13
2025-01-01,2025-01-31,North East and Yorkshire,QF7,NHS SOUTH YORKSHIRE INTEGRATED CARE BOARD,RCU,SHEFFIELD CHILDREN'S NHS FOUNDATION TRUST,MH075,Papyus,B02,Number of calls abandoned,4
2025-01-01,2025-01-31,North East and Yorkshire,QF7,NHS SOUTH YORKSHIRE INTEGRATED CARE BOARD,RCU,SHEFFIELD CHILDREN'S NHS FOUNDATION TRUST,MH075,Papyus,B03,Calls abandoned in 30 seconds or less,1
2025-01-01,2025-01-31,North East and Yorkshire,QF7,NHS SOUTH YORKSHIRE INTEGRATED CARE BOARD,RCU,SHEFFIELD CHILDREN'S NHS FOUNDATION TRUST,MH075,Papyus,B04,Calls abandoned in over 30 seconds and up to and including 60 seconds,3
2025-01-01,2025-01-31,North East and Yorkshire,QF7,NHS SOUTH YORKSHIRE INTEGRATED CARE BOARD,RCU,SHEFFIELD CHILDREN'S NHS FOUNDATION TRUST,MH075,Papyus,B05,Calls abandoned after 60 seconds,0
2025-01-01,2025-01-31,North East and Yorkshire,QF7,NHS SOUTH YORKSHIRE INTEGRATED CARE BOARD,RCU,SHEFFIELD CHILDREN'S NHS FOUNDATION TRUST,MH075,Papyus,B06,Total time to call answer (seconds),602
2025-01-01,2025-01-31,North East and Yorkshire,QF7,NHS SOUTH YORKSHIRE INTEGRATED CARE BOARD,RCU,SHEFFIELD CHILDREN'S NHS FOUNDATION TRUST,MH075,Papyus,B07,95th centile call answer time (seconds),124
2025-01-01,2025-01-31,North East and Yorkshire,QF7,NHS SOUTH YORKSHIRE INTEGRATED CARE BOARD,RCU,SHEFFIELD CHILDREN'S NHS FOUNDATION TRUST,MH075,Papyus,B09,Total time of abandoned calls (seconds),181
2025-01-01,2025-01-31,Midlands,QT1,NHS NOTTINGHAM AND NOTTINGHAMSHIRE INTEGRATED CARE BOARD,RHA,NOTTINGHAMSHIRE HEALTHCARE NHS FOUNDATION TRUST,MH051,Nottingham 24/7 Crisis line (NHFT),A01,Number of calls received,10986
2025-01-01,2025-01-31,Midlands,QT1,NHS NOTTINGHAM AND NOTTINGHAMSHIRE INTEGRATED CARE BOARD,RHA,NOTTINGHAMSHIRE HEALTHCARE NHS FOUNDATION TRUST,MH051,Nottingham 24/7 Crisis line (NHFT),A02,Calls routed through IVR,0
2025-01-01,2025-01-31,Midlands,QT1,NHS NOTTINGHAM AND NOTTINGHAMSHIRE INTEGRATED CARE BOARD,RHA,NOTTINGHAMSHIRE HEALTHCARE NHS FOUNDATION TRUST,MH051,Nottingham 24/7 Crisis line (NHFT),A03,Number of answered calls,8168
2025-01-01,2025-01-31,Midlands,QT1,NHS NOTTINGHAM AND NOTTINGHAMSHIRE INTEGRATED CARE BOARD,RHA,NOTTINGHAMSHIRE HEALTHCARE NHS FOUNDATION TRUST,MH051,Nottingham 24/7 Crisis line (NHFT),B01,Number of calls answered within 60 seconds,3347
2025-01-01,2025-01-31,Midlands,QT1,NHS NOTTINGHAM AND NOTTINGHAMSHIRE INTEGRATED CARE BOARD,RHA,NOTTINGHAMSHIRE HEALTHCARE NHS FOUNDATION TRUST,MH051,Nottingham 24/7 Crisis line (NHFT),B02,Number of calls abandoned,2818
2025-01-01,2025-01-31,Midlands,QT1,NHS NOTTINGHAM AND NOTTINGHAMSHIRE INTEGRATED CARE BOARD,RHA,NOTTINGHAMSHIRE HEALTHCARE NHS FOUNDATION TRUST,MH051,Nottingham 24/7 Crisis line (NHFT),B03,Calls abandoned in 30 seconds or less,0
2025-01-01,2025-01-31,Midlands,QT1,NHS NOTTINGHAM AND NOTTINGHAMSHIRE INTEGRATED CARE BOARD,RHA,NOTTINGHAMSHIRE HEALTHCARE NHS FOUNDATION TRUST,MH051,Nottingham 24/7 Crisis line (NHFT),B04,Calls abandoned in over 30 seconds and up to and including 60 seconds,0
2025-01-01,2025-01-31,Midlands,QT1,NHS NOTTINGHAM AND NOTTINGHAMSHIRE INTEGRATED CARE BOARD,RHA,NOTTINGHAMSHIRE HEALTHCARE NHS FOUNDATION TRUST,MH051,Nottingham 24/7 Crisis line (NHFT),B05,Calls abandoned after 60 seconds,0
2025-01-01,2025-01-31,Midlands,QT1,NHS NOTTINGHAM AND NOTTINGHAMSHIRE INTEGRATED CARE BOARD,RHA,NOTTINGHAMSHIRE HEALTHCARE NHS FOUNDATION TRUST,MH051,Nottingham 24/7 Crisis line (NHFT),B06,Total time to call answer (seconds),0
2025-01-01,2025-01-31,Midlands,QT1,NHS NOTTINGHAM AND NOTTINGHAMSHIRE INTEGRATED CARE BOARD,RHA,NOTTINGHAMSHIRE HEALTHCARE NHS FOUNDATION TRUST,MH051,Nottingham 24/7 Crisis line (NHFT),B07,95th centile call answer time (seconds),0
2025-01-01,2025-01-31,Midlands,QT1,NHS NOTTINGHAM AND NOTTINGHAMSHIRE INTEGRATED CARE BOARD,RHA,NOTTINGHAMSHIRE HEALTHCARE NHS FOUNDATION TRUST,MH051,Nottingham 24/7 Crisis line (NHFT),B09,Total time of abandoned calls (seconds),0
2025-01-01,2025-01-31,North West,QYG,NHS CHESHIRE AND MERSEYSIDE INTEGRATED CARE BOARD,RXA,CHESHIRE AND WIRRAL PARTNERSHIP NHS FOUNDATION TRUST,MH012,Cheshire and Wirral Mental Health Crisis (CWP),A01,Number of calls received,10763
2025-01-01,2025-01-31,North West,QYG,NHS CHESHIRE AND MERSEYSIDE INTEGRATED CARE BOARD,RXA,CHESHIRE AND WIRRAL PARTNERSHIP NHS FOUNDATION TRUST,MH012,Cheshire and Wirral Mental Health Crisis (CWP),A02,Calls routed through IVR,5012
2025-01-01,2025-01-31,North West,QYG,NHS CHESHIRE AND MERSEYSIDE INTEGRATED CARE BOARD,RXA,CHESHIRE AND WIRRAL PARTNERSHIP NHS FOUNDATION TRUST,MH012,Cheshire and Wirral Mental Health Crisis (CWP),A03,Number of answered calls,5231
2025-01-01,2025-01-31,North West,QYG,NHS CHESHIRE AND MERSEYSIDE INTEGRATED CARE BOARD,RXA,CHESHIRE AND WIRRAL PARTNERSHIP NHS FOUNDATION TRUST,MH012,Cheshire and Wirral Mental Health Crisis (CWP),B01,Number of calls answered within 60 seconds,1758
2025-01-01,2025-01-31,North West,QYG,NHS CHESHIRE AND MERSEYSIDE INTEGRATED CARE BOARD,RXA,CHESHIRE AND WIRRAL PARTNERSHIP NHS FOUNDATION TRUST,MH012,Cheshire and Wirral Mental Health Crisis (CWP),B02,Number of calls abandoned,5532
2025-01-01,2025-01-31,North West,QYG,NHS CHESHIRE AND MERSEYSIDE INTEGRATED CARE BOARD,RXA,CHESHIRE AND WIRRAL PARTNERSHIP NHS FOUNDATION TRUST,MH012,Cheshire and Wirral Mental Health Crisis (CWP),B03,Calls abandoned in 30 seconds or less,3118
2025-01-01,2025-01-31,North West,QYG,NHS CHESHIRE AND MERSEYSIDE INTEGRATED CARE BOARD,RXA,CHESHIRE AND WIRRAL PARTNERSHIP NHS FOUNDATION TRUST,MH012,Cheshire and Wirral Mental Health Crisis (CWP),B04,Calls abandoned in over 30 seconds and up to and including 60 seconds,297
2025-01-01,2025-01-31,North West,QYG,NHS CHESHIRE AND MERSEYSIDE INTEGRATED CARE BOARD,RXA,CHESHIRE AND WIRRAL PARTNERSHIP NHS FOUNDATION TRUST,MH012,Cheshire and Wirral Mental Health Crisis (CWP),B05,Calls abandoned after 60 seconds,2117
2025-01-01,2025-01-31,North West,QYG,NHS CHESHIRE AND MERSEYSIDE INTEGRATED CARE BOARD,RXA,CHESHIRE AND WIRRAL PARTNERSHIP NHS FOUNDATION TRUST,MH012,Cheshire and Wirral Mental Health Crisis (CWP),B06,Total time to call answer (seconds),3154487
2025-01-01,2025-01-31,North West,QYG,NHS CHESHIRE AND MERSEYSIDE INTEGRATED CARE BOARD,RXA,CHESHIRE AND WIRRAL PARTNERSHIP NHS FOUNDATION TRUST,MH012,Cheshire and Wirral Mental Health Crisis (CWP),B07,95th centile call answer time (seconds),2261
2025-01-01,2025-01-31,North West,QYG,NHS CHESHIRE AND MERSEYSIDE INTEGRATED CARE BOARD,RXA,CHESHIRE AND WIRRAL PARTNERSHIP NHS FOUNDATION TRUST,MH012,Cheshire and Wirral Mental Health Crisis (CWP),B09,Total time of abandoned calls (seconds),1173536
2025-01-01,2025-01-31,London,QMF,NHS NORTH EAST LONDON INTEGRATED CARE BOARD,RAT,NORTH EAST LONDON NHS FOUNDATION TRUST,MH044,North East London Partnership - NELFT,A01,Number of calls received,1308
2025-01-01,2025-01-31,London,QMF,NHS NORTH EAST LONDON INTEGRATED CARE BOARD,RAT,NORTH EAST LONDON NHS FOUNDATION TRUST,MH044,North East London Partnership - NELFT,A02,Calls routed through IVR,0
2025-01-01,2025-01-31,London,QMF,NHS NORTH EAST LONDON INTEGRATED CARE BOARD,RAT,NORTH EAST LONDON NHS FOUNDATION TRUST,MH044,North East London Partnership - NELFT,A03,Number of answered calls,1212
2025-01-01,2025-01-31,London,QMF,NHS NORTH EAST LONDON INTEGRATED CARE BOARD,RAT,NORTH EAST LONDON NHS FOUNDATION TRUST,MH044,North East London Partnership - NELFT,B01,Number of calls answered within 60 seconds,883
2025-01-01,2025-01-31,London,QMF,NHS NORTH EAST LONDON INTEGRATED CARE BOARD,RAT,NORTH EAST LONDON NHS FOUNDATION TRUST,MH044,North East London Partnership - NELFT,B02,Number of calls abandoned,96
2025-01-01,2025-01-31,London,QMF,NHS NORTH EAST LONDON INTEGRATED CARE BOARD,RAT,NORTH EAST LONDON NHS FOUNDATION TRUST,MH044,North East London Partnership - NELFT,B03,Calls abandoned in 30 seconds or less,8
2025-01-01,2025-01-31,London,QMF,NHS NORTH EAST LONDON INTEGRATED CARE BOARD,RAT,NORTH EAST LONDON NHS FOUNDATION TRUST,MH044,North East London Partnership - NELFT,B04,Calls abandoned in over 30 seconds and up to and including 60 seconds,28
2025-01-01,2025-01-31,London,QMF,NHS NORTH EAST LONDON INTEGRATED CARE BOARD,RAT,NORTH EAST LONDON NHS FOUNDATION TRUST,MH044,North East London Partnership - NELFT,B05,Calls abandoned after 60 seconds,60
2025-01-01,2025-01-31,London,QMF,NHS NORTH EAST LONDON INTEGRATED CARE BOARD,RAT,NORTH EAST LONDON NHS FOUNDATION TRUST,MH044,North East London Partnership - NELFT,B06,Total time to call answer (seconds),109397
2025-01-01,2025-01-31,London,QMF,NHS NORTH EAST LONDON INTEGRATED CARE BOARD,RAT,NORTH EAST LONDON NHS FOUNDATION TRUST,MH044,North East London Partnership - NELFT,B07,95th centile call answer time (seconds),371
2025-01-01,2025-01-31,London,QMF,NHS NORTH EAST LONDON INTEGRATED CARE BOARD,RAT,NORTH EAST LONDON NHS FOUNDATION TRUST,MH044,North East London Partnership - NELFT,B09,Total time of abandoned calls (seconds),19214
2025-01-01,2025-01-31,London,QMF,NHS NORTH EAST LONDON INTEGRATED CARE BOARD,RAT,NORTH EAST LONDON NHS FOUNDATION TRUST,MH045,Kent and Medway NELFT,A01,Number of calls received,130
2025-01-01,2025-01-31,London,QMF,NHS NORTH EAST LONDON INTEGRATED CARE BOARD,RAT,NORTH EAST LONDON NHS FOUNDATION TRUST,MH045,Kent and Medway NELFT,A02,Calls routed through IVR,0
2025-01-01,2025-01-31,London,QMF,NHS NORTH EAST LONDON INTEGRATED CARE BOARD,RAT,NORTH EAST LONDON NHS FOUNDATION TRUST,MH045,Kent and Medway NELFT,A03,Number of answered calls,128
2025-01-01,2025-01-31,London,QMF,NHS NORTH EAST LONDON INTEGRATED CARE BOARD,RAT,NORTH EAST LONDON NHS FOUNDATION TRUST,MH045,Kent and Medway NELFT,B01,Number of calls answered within 60 seconds,126
2025-01-01,2025-01-31,London,QMF,NHS NORTH EAST LONDON INTEGRATED CARE BOARD,RAT,NORTH EAST LONDON NHS FOUNDATION TRUST,MH045,Kent and Medway NELFT,B02,Number of calls abandoned,2
2025-01-01,2025-01-31,London,QMF,NHS NORTH EAST LONDON INTEGRATED CARE BOARD,RAT,NORTH EAST LONDON NHS FOUNDATION TRUST,MH045,Kent and Medway NELFT,B03,Calls abandoned in 30 seconds or less,1
2025-01-01,2025-01-31,London,QMF,NHS NORTH EAST LONDON INTEGRATED CARE BOARD,RAT,NORTH EAST LONDON NHS FOUNDATION TRUST,MH045,Kent and Medway NELFT,B04,Calls abandoned in over 30 seconds and up to and including 60 seconds,1
2025-01-01,2025-01-31,London,QMF,NHS NORTH EAST LONDON INTEGRATED CARE BOARD,RAT,NORTH EAST LONDON NHS FOUNDATION TRUST,MH045,Kent and Medway NELFT,B05,Calls abandoned after 60 seconds,0
2025-01-01,2025-01-31,London,QMF,NHS NORTH EAST LONDON INTEGRATED CARE BOARD,RAT,NORTH EAST LONDON NHS FOUNDATION TRUST,MH045,Kent and Medway NELFT,B06,Total time to call answer (seconds),2857
2025-01-01,2025-01-31,London,QMF,NHS NORTH EAST LONDON INTEGRATED CARE BOARD,RAT,NORTH EAST LONDON NHS FOUNDATION TRUST,MH045,Kent and Medway NELFT,B07,95th centile call answer time (seconds),48
2025-01-01,2025-01-31,London,QMF,NHS NORTH EAST LONDON INTEGRATED CARE BOARD,RAT,NORTH EAST LONDON NHS FOUNDATION TRUST,MH045,Kent and Medway NELFT,B09,Total time of abandoned calls (seconds),52
2025-01-01,2025-01-31,East of England,QJG,NHS SUFFOLK AND NORTH EAST ESSEX INTEGRATED CARE BOARD,RAT,NORTH EAST LONDON NHS FOUNDATION TRUST,MH046,North East Essex CYP,A01,Number of calls received,0
2025-01-01,2025-01-31,East of England,QJG,NHS SUFFOLK AND NORTH EAST ESSEX INTEGRATED CARE BOARD,RAT,NORTH EAST LONDON NHS FOUNDATION TRUST,MH046,North East Essex CYP,A02,Calls routed through IVR,0
2025-01-01,2025-01-31,East of England,QJG,NHS SUFFOLK AND NORTH EAST ESSEX INTEGRATED CARE BOARD,RAT,NORTH EAST LONDON NHS FOUNDATION TRUST,MH046,North East Essex CYP,A03,Number of answered calls,0
2025-01-01,2025-01-31,East of England,QJG,NHS SUFFOLK AND NORTH EAST ESSEX INTEGRATED CARE BOARD,RAT,NORTH EAST LONDON NHS FOUNDATION TRUST,MH046,North East Essex CYP,B01,Number of calls answered within 60 seconds,0
2025-01-01,2025-01-31,East of England,QJG,NHS SUFFOLK AND NORTH EAST ESSEX INTEGRATED CARE BOARD,RAT,NORTH EAST LONDON NHS FOUNDATION TRUST,MH046,North East Essex CYP,B02,Number of calls abandoned,0
2025-01-01,2025-01-31,East of England,QJG,NHS SUFFOLK AND NORTH EAST ESSEX INTEGRATED CARE BOARD,RAT,NORTH EAST LONDON NHS FOUNDATION TRUST,MH046,North East Essex CYP,B03,Calls abandoned in 30 seconds or less,0
2025-01-01,2025-01-31,East of England,QJG,NHS SUFFOLK AND NORTH EAST ESSEX INTEGRATED CARE BOARD,RAT,NORTH EAST LONDON NHS FOUNDATION TRUST,MH046,North East Essex CYP,B04,Calls abandoned in over 30 seconds and up to and including 60 seconds,0
2025-01-01,2025-01-31,East of England,QJG,NHS SUFFOLK AND NORTH EAST ESSEX INTEGRATED CARE BOARD,RAT,NORTH EAST LONDON NHS FOUNDATION TRUST,MH046,North East Essex CYP,B05,Calls abandoned after 60 seconds,0
2025-01-01,2025-01-31,East of England,QJG,NHS SUFFOLK AND NORTH EAST ESSEX INTEGRATED CARE BOARD,RAT,NORTH EAST LONDON NHS FOUNDATION TRUST,MH046,North East Essex CYP,B06,Total time to call answer (seconds),0
2025-01-01,2025-01-31,East of England,QJG,NHS SUFFOLK AND NORTH EAST ESSEX INTEGRATED CARE BOARD,RAT,NORTH EAST LONDON NHS FOUNDATION TRUST,MH046,North East Essex CYP,B07,95th centile call answer time (seconds),0
2025-01-01,2025-01-31,East of England,QJG,NHS SUFFOLK AND NORTH EAST ESSEX INTEGRATED CARE BOARD,RAT,NORTH EAST LONDON NHS FOUNDATION TRUST,MH046,North East Essex CYP,B09,Total time of abandoned calls (seconds),0
2025-01-01,2025-01-31,East of England,QH8,NHS MID AND SOUTH ESSEX INTEGRATED CARE BOARD,RAT,NORTH EAST LONDON NHS FOUNDATION TRUST,MH047,Mid and South Essex CYP,A01,Number of calls received,0
2025-01-01,2025-01-31,East of England,QH8,NHS MID AND SOUTH ESSEX INTEGRATED CARE BOARD,RAT,NORTH EAST LONDON NHS FOUNDATION TRUST,MH047,Mid and South Essex CYP,A02,Calls routed through IVR,0
2025-01-01,2025-01-31,East of England,QH8,NHS MID AND SOUTH ESSEX INTEGRATED CARE BOARD,RAT,NORTH EAST LONDON NHS FOUNDATION TRUST,MH047,Mid and South Essex CYP,A03,Number of answered calls,0
2025-01-01,2025-01-31,East of England,QH8,NHS MID AND SOUTH ESSEX INTEGRATED CARE BOARD,RAT,NORTH EAST LONDON NHS FOUNDATION TRUST,MH047,Mid and South Essex CYP,B01,Number of calls answered within 60 seconds,0
2025-01-01,2025-01-31,East of England,QH8,NHS MID AND SOUTH ESSEX INTEGRATED CARE BOARD,RAT,NORTH EAST LONDON NHS FOUNDATION TRUST,MH047,Mid and South Essex CYP,B02,Number of calls abandoned,0
2025-01-01,2025-01-31,East of England,QH8,NHS MID AND SOUTH ESSEX INTEGRATED CARE BOARD,RAT,NORTH EAST LONDON NHS FOUNDATION TRUST,MH047,Mid and South Essex CYP,B03,Calls abandoned in 30 seconds or less,0
2025-01-01,2025-01-31,East of England,QH8,NHS MID AND SOUTH ESSEX INTEGRATED CARE BOARD,RAT,NORTH EAST LONDON NHS FOUNDATION TRUST,MH047,Mid and South Essex CYP,B04,Calls abandoned in over 30 seconds and up to and including 60 seconds,0
2025-01-01,2025-01-31,East of England,QH8,NHS MID AND SOUTH ESSEX INTEGRATED CARE BOARD,RAT,NORTH EAST LONDON NHS FOUNDATION TRUST,MH047,Mid and South Essex CYP,B05,Calls abandoned after 60 seconds,0
2025-01-01,2025-01-31,East of England,QH8,NHS MID AND SOUTH ESSEX INTEGRATED CARE BOARD,RAT,NORTH EAST LONDON NHS FOUNDATION TRUST,MH047,Mid and South Essex CYP,B06,Total time to call answer (seconds),0
2025-01-01,2025-01-31,East of England,QH8,NHS MID AND SOUTH ESSEX INTEGRATED CARE BOARD,RAT,NORTH EAST LONDON NHS FOUNDATION TRUST,MH047,Mid and South Essex CYP,B07,95th centile call answer time (seconds),0
2025-01-01,2025-01-31,East of England,QH8,NHS MID AND SOUTH ESSEX INTEGRATED CARE BOARD,RAT,NORTH EAST LONDON NHS FOUNDATION TRUST,MH047,Mid and South Essex CYP,B09,Total time of abandoned calls (seconds),0
2025-01-01,2025-01-31,East of England,QM7,NHS HERTFORDSHIRE AND WEST ESSEX INTEGRATED CARE BOARD,RAT,NORTH EAST LONDON NHS FOUNDATION TRUST,MH048,West Essex CYP,A01,Number of calls received,0
2025-01-01,2025-01-31,East of England,QM7,NHS HERTFORDSHIRE AND WEST ESSEX INTEGRATED CARE BOARD,RAT,NORTH EAST LONDON NHS FOUNDATION TRUST,MH048,West Essex CYP,A02,Calls routed through IVR,0
2025-01-01,2025-01-31,East of England,QM7,NHS HERTFORDSHIRE AND WEST ESSEX INTEGRATED CARE BOARD,RAT,NORTH EAST LONDON NHS FOUNDATION TRUST,MH048,West Essex CYP,A03,Number of answered calls,0
2025-01-01,2025-01-31,East of England,QM7,NHS HERTFORDSHIRE AND WEST ESSEX INTEGRATED CARE BOARD,RAT,NORTH EAST LONDON NHS FOUNDATION TRUST,MH048,West Essex CYP,B01,Number of calls answered within 60 seconds,0
2025-01-01,2025-01-31,East of England,QM7,NHS HERTFORDSHIRE AND WEST ESSEX INTEGRATED CARE BOARD,RAT,NORTH EAST LONDON NHS FOUNDATION TRUST,MH048,West Essex CYP,B02,Number of calls abandoned,0
2025-01-01,2025-01-31,East of England,QM7,NHS HERTFORDSHIRE AND WEST ESSEX INTEGRATED CARE BOARD,RAT,NORTH EAST LONDON NHS FOUNDATION TRUST,MH048,West Essex CYP,B03,Calls abandoned in 30 seconds or less,0
2025-01-01,2025-01-31,East of England,QM7,NHS HERTFORDSHIRE AND WEST ESSEX INTEGRATED CARE BOARD,RAT,NORTH EAST LONDON NHS FOUNDATION TRUST,MH048,West Essex CYP,B04,Calls abandoned in over 30 seconds and up to and including 60 seconds,0
2025-01-01,2025-01-31,East of England,QM7,NHS HERTFORDSHIRE AND WEST ESSEX INTEGRATED CARE BOARD,RAT,NORTH EAST LONDON NHS FOUNDATION TRUST,MH048,West Essex CYP,B05,Calls abandoned after 60 seconds,0
2025-01-01,2025-01-31,East of England,QM7,NHS HERTFORDSHIRE AND WEST ESSEX INTEGRATED CARE BOARD,RAT,NORTH EAST LONDON NHS FOUNDATION TRUST,MH048,West Essex CYP,B06,Total time to call answer (seconds),0
2025-01-01,2025-01-31,East of England,QM7,NHS HERTFORDSHIRE AND WEST ESSEX INTEGRATED CARE BOARD,RAT,NORTH EAST LONDON NHS FOUNDATION TRUST,MH048,West Essex CYP,B07,95th centile call answer time (seconds),0
2025-01-01,2025-01-31,East of England,QM7,NHS HERTFORDSHIRE AND WEST ESSEX INTEGRATED CARE BOARD,RAT,NORTH EAST LONDON NHS FOUNDATION TRUST,MH048,West Essex CYP,B09,Total time of abandoned calls (seconds),0
2025-01-01,2025-01-31,Midlands,QOC,"NHS SHROPSHIRE, TELFORD AND WREKIN INTEGRATED CARE BOARD",RRE,MIDLANDS PARTNERSHIP UNIVERSITY NHS FOUNDATION TRUST,MH038,Shropshire Telford Wrekin (MPFT),A01,Number of calls received,2441
2025-01-01,2025-01-31,Midlands,QOC,"NHS SHROPSHIRE, TELFORD AND WREKIN INTEGRATED CARE BOARD",RRE,MIDLANDS PARTNERSHIP UNIVERSITY NHS FOUNDATION TRUST,MH038,Shropshire Telford Wrekin (MPFT),A02,Calls routed through IVR,384
2025-01-01,2025-01-31,Midlands,QOC,"NHS SHROPSHIRE, TELFORD AND WREKIN INTEGRATED CARE BOARD",RRE,MIDLANDS PARTNERSHIP UNIVERSITY NHS FOUNDATION TRUST,MH038,Shropshire Telford Wrekin (MPFT),A03,Number of answered calls,1799
2025-01-01,2025-01-31,Midlands,QOC,"NHS SHROPSHIRE, TELFORD AND WREKIN INTEGRATED CARE BOARD",RRE,MIDLANDS PARTNERSHIP UNIVERSITY NHS FOUNDATION TRUST,MH038,Shropshire Telford Wrekin (MPFT),B01,Number of calls answered within 60 seconds,1349
2025-01-01,2025-01-31,Midlands,QOC,"NHS SHROPSHIRE, TELFORD AND WREKIN INTEGRATED CARE BOARD",RRE,MIDLANDS PARTNERSHIP UNIVERSITY NHS FOUNDATION TRUST,MH038,Shropshire Telford Wrekin (MPFT),B02,Number of calls abandoned,390
2025-01-01,2025-01-31,Midlands,QOC,"NHS SHROPSHIRE, TELFORD AND WREKIN INTEGRATED CARE BOARD",RRE,MIDLANDS PARTNERSHIP UNIVERSITY NHS FOUNDATION TRUST,MH038,Shropshire Telford Wrekin (MPFT),B03,Calls abandoned in 30 seconds or less,42
2025-01-01,2025-01-31,Midlands,QOC,"NHS SHROPSHIRE, TELFORD AND WREKIN INTEGRATED CARE BOARD",RRE,MIDLANDS PARTNERSHIP UNIVERSITY NHS FOUNDATION TRUST,MH038,Shropshire Telford Wrekin (MPFT),B04,Calls abandoned in over 30 seconds and up to and including 60 seconds,34
2025-01-01,2025-01-31,Midlands,QOC,"NHS SHROPSHIRE, TELFORD AND WREKIN INTEGRATED CARE BOARD",RRE,MIDLANDS PARTNERSHIP UNIVERSITY NHS FOUNDATION TRUST,MH038,Shropshire Telford Wrekin (MPFT),B05,Calls abandoned after 60 seconds,314
2025-01-01,2025-01-31,Midlands,QOC,"NHS SHROPSHIRE, TELFORD AND WREKIN INTEGRATED CARE BOARD",RRE,MIDLANDS PARTNERSHIP UNIVERSITY NHS FOUNDATION TRUST,MH038,Shropshire Telford Wrekin (MPFT),B06,Total time to call answer (seconds),334206
2025-01-01,2025-01-31,Midlands,QOC,"NHS SHROPSHIRE, TELFORD AND WREKIN INTEGRATED CARE BOARD",RRE,MIDLANDS PARTNERSHIP UNIVERSITY NHS FOUNDATION TRUST,MH038,Shropshire Telford Wrekin (MPFT),B07,95th centile call answer time (seconds),644
2025-01-01,2025-01-31,Midlands,QOC,"NHS SHROPSHIRE, TELFORD AND WREKIN INTEGRATED CARE BOARD",RRE,MIDLANDS PARTNERSHIP UNIVERSITY NHS FOUNDATION TRUST,MH038,Shropshire Telford Wrekin (MPFT),B09,Total time of abandoned calls (seconds),134349
2025-01-01,2025-01-31,Midlands,QNC,NHS STAFFORDSHIRE AND STOKE-ON-TRENT INTEGRATED CARE BOARD,RRE,MIDLANDS PARTNERSHIP UNIVERSITY NHS FOUNDATION TRUST,MH039,Staffordshire and South Staffordshire (MPFT),A01,Number of calls received,4530
2025-01-01,2025-01-31,Midlands,QNC,NHS STAFFORDSHIRE AND STOKE-ON-TRENT INTEGRATED CARE BOARD,RRE,MIDLANDS PARTNERSHIP UNIVERSITY NHS FOUNDATION TRUST,MH039,Staffordshire and South Staffordshire (MPFT),A02,Calls routed through IVR,514
2025-01-01,2025-01-31,Midlands,QNC,NHS STAFFORDSHIRE AND STOKE-ON-TRENT INTEGRATED CARE BOARD,RRE,MIDLANDS PARTNERSHIP UNIVERSITY NHS FOUNDATION TRUST,MH039,Staffordshire and South Staffordshire (MPFT),A03,Number of answered calls,3503
2025-01-01,2025-01-31,Midlands,QNC,NHS STAFFORDSHIRE AND STOKE-ON-TRENT INTEGRATED CARE BOARD,RRE,MIDLANDS PARTNERSHIP UNIVERSITY NHS FOUNDATION TRUST,MH039,Staffordshire and South Staffordshire (MPFT),B01,Number of calls answered within 60 seconds,2238
2025-01-01,2025-01-31,Midlands,QNC,NHS STAFFORDSHIRE AND STOKE-ON-TRENT INTEGRATED CARE BOARD,RRE,MIDLANDS PARTNERSHIP UNIVERSITY NHS FOUNDATION TRUST,MH039,Staffordshire and South Staffordshire (MPFT),B02,Number of calls abandoned,1027
2025-01-01,2025-01-31,Midlands,QNC,NHS STAFFORDSHIRE AND STOKE-ON-TRENT INTEGRATED CARE BOARD,RRE,MIDLANDS PARTNERSHIP UNIVERSITY NHS FOUNDATION TRUST,MH039,Staffordshire and South Staffordshire (MPFT),B03,Calls abandoned in 30 seconds or less,115
2025-01-01,2025-01-31,Midlands,QNC,NHS STAFFORDSHIRE AND STOKE-ON-TRENT INTEGRATED CARE BOARD,RRE,MIDLANDS PARTNERSHIP UNIVERSITY NHS FOUNDATION TRUST,MH039,Staffordshire and South Staffordshire (MPFT),B04,Calls abandoned in over 30 seconds and up to and including 60 seconds,87
2025-01-01,2025-01-31,Midlands,QNC,NHS STAFFORDSHIRE AND STOKE-ON-TRENT INTEGRATED CARE BOARD,RRE,MIDLANDS PARTNERSHIP UNIVERSITY NHS FOUNDATION TRUST,MH039,Staffordshire and South Staffordshire (MPFT),B05,Calls abandoned after 60 seconds,825
2025-01-01,2025-01-31,Midlands,QNC,NHS STAFFORDSHIRE AND STOKE-ON-TRENT INTEGRATED CARE BOARD,RRE,MIDLANDS PARTNERSHIP UNIVERSITY NHS FOUNDATION TRUST,MH039,Staffordshire and South Staffordshire (MPFT),B06,Total time to call answer (seconds),596737
2025-01-01,2025-01-31,Midlands,QNC,NHS STAFFORDSHIRE AND STOKE-ON-TRENT INTEGRATED CARE BOARD,RRE,MIDLANDS PARTNERSHIP UNIVERSITY NHS FOUNDATION TRUST,MH039,Staffordshire and South Staffordshire (MPFT),B07,95th centile call answer time (seconds),842
2025-01-01,2025-01-31,Midlands,QNC,NHS STAFFORDSHIRE AND STOKE-ON-TRENT INTEGRATED CARE BOARD,RRE,MIDLANDS PARTNERSHIP UNIVERSITY NHS FOUNDATION TRUST,MH039,Staffordshire and South Staffordshire (MPFT),B09,Total time of abandoned calls (seconds),295376
2025-01-01,2025-01-31,Midlands,QK1,"NHS LEICESTER, LEICESTERSHIRE AND RUTLAND INTEGRATED CARE BOARD",RT5,LEICESTERSHIRE PARTNERSHIP NHS TRUST,MH032,Leicestershire Mental Health Central Access Point (LPT),A01,Number of calls received,5769
2025-01-01,2025-01-31,Midlands,QK1,"NHS LEICESTER, LEICESTERSHIRE AND RUTLAND INTEGRATED CARE BOARD",RT5,LEICESTERSHIRE PARTNERSHIP NHS TRUST,MH032,Leicestershire Mental Health Central Access Point (LPT),A02,Calls routed through IVR,1422
2025-01-01,2025-01-31,Midlands,QK1,"NHS LEICESTER, LEICESTERSHIRE AND RUTLAND INTEGRATED CARE BOARD",RT5,LEICESTERSHIRE PARTNERSHIP NHS TRUST,MH032,Leicestershire Mental Health Central Access Point (LPT),A03,Number of answered calls,4090
2025-01-01,2025-01-31,Midlands,QK1,"NHS LEICESTER, LEICESTERSHIRE AND RUTLAND INTEGRATED CARE BOARD",RT5,LEICESTERSHIRE PARTNERSHIP NHS TRUST,MH032,Leicestershire Mental Health Central Access Point (LPT),B01,Number of calls answered within 60 seconds,3288
2025-01-01,2025-01-31,Midlands,QK1,"NHS LEICESTER, LEICESTERSHIRE AND RUTLAND INTEGRATED CARE BOARD",RT5,LEICESTERSHIRE PARTNERSHIP NHS TRUST,MH032,Leicestershire Mental Health Central Access Point (LPT),B02,Number of calls abandoned,1455
2025-01-01,2025-01-31,Midlands,QK1,"NHS LEICESTER, LEICESTERSHIRE AND RUTLAND INTEGRATED CARE BOARD",RT5,LEICESTERSHIRE PARTNERSHIP NHS TRUST,MH032,Leicestershire Mental Health Central Access Point (LPT),B03,Calls abandoned in 30 seconds or less,136
2025-01-01,2025-01-31,Midlands,QK1,"NHS LEICESTER, LEICESTERSHIRE AND RUTLAND INTEGRATED CARE BOARD",RT5,LEICESTERSHIRE PARTNERSHIP NHS TRUST,MH032,Leicestershire Mental Health Central Access Point (LPT),B04,Calls abandoned in over 30 seconds and up to and including 60 seconds,279
2025-01-01,2025-01-31,Midlands,QK1,"NHS LEICESTER, LEICESTERSHIRE AND RUTLAND INTEGRATED CARE BOARD",RT5,LEICESTERSHIRE PARTNERSHIP NHS TRUST,MH032,Leicestershire Mental Health Central Access Point (LPT),B05,Calls abandoned after 60 seconds,1040
2025-01-01,2025-01-31,Midlands,QK1,"NHS LEICESTER, LEICESTERSHIRE AND RUTLAND INTEGRATED CARE BOARD",RT5,LEICESTERSHIRE PARTNERSHIP NHS TRUST,MH032,Leicestershire Mental Health Central Access Point (LPT),B06,Total time to call answer (seconds),336861
2025-01-01,2025-01-31,Midlands,QK1,"NHS LEICESTER, LEICESTERSHIRE AND RUTLAND INTEGRATED CARE BOARD",RT5,LEICESTERSHIRE PARTNERSHIP NHS TRUST,MH032,Leicestershire Mental Health Central Access Point (LPT),B07,95th centile call answer time (seconds),420
2025-01-01,2025-01-31,Midlands,QK1,"NHS LEICESTER, LEICESTERSHIRE AND RUTLAND INTEGRATED CARE BOARD",RT5,LEICESTERSHIRE PARTNERSHIP NHS TRUST,MH032,Leicestershire Mental Health Central Access Point (LPT),B09,Total time of abandoned calls (seconds),285810
2025-01-01,2025-01-31,North East and Yorkshire,QWO,NHS WEST YORKSHIRE INTEGRATED CARE BOARD,8JF48,,MH072,Night Owls - CYP West Yorkshire,A01,Number of calls received,269
2025-01-01,2025-01-31,North East and Yorkshire,QWO,NHS WEST YORKSHIRE INTEGRATED CARE BOARD,8JF48,,MH072,Night Owls - CYP West Yorkshire,A02,Calls routed through IVR,95
2025-01-01,2025-01-31,North East and Yorkshire,QWO,NHS WEST YORKSHIRE INTEGRATED CARE BOARD,8JF48,,MH072,Night Owls - CYP West Yorkshire,A03,Number of answered calls,126
2025-01-01,2025-01-31,North East and Yorkshire,QWO,NHS WEST YORKSHIRE INTEGRATED CARE BOARD,8JF48,,MH072,Night Owls - CYP West Yorkshire,B01,Number of calls answered within 60 seconds,89
2025-01-01,2025-01-31,North East and Yorkshire,QWO,NHS WEST YORKSHIRE INTEGRATED CARE BOARD,8JF48,,MH072,Night Owls - CYP West Yorkshire,B02,Number of calls abandoned,77
2025-01-01,2025-01-31,North East and Yorkshire,QWO,NHS WEST YORKSHIRE INTEGRATED CARE BOARD,8JF48,,MH072,Night Owls - CYP West Yorkshire,B03,Calls abandoned in 30 seconds or less,17
2025-01-01,2025-01-31,North East and Yorkshire,QWO,NHS WEST YORKSHIRE INTEGRATED CARE BOARD,8JF48,,MH072,Night Owls - CYP West Yorkshire,B04,Calls abandoned in over 30 seconds and up to and including 60 seconds,7
2025-01-01,2025-01-31,North East and Yorkshire,QWO,NHS WEST YORKSHIRE INTEGRATED CARE BOARD,8JF48,,MH072,Night Owls - CYP West Yorkshire,B05,Calls abandoned after 60 seconds,53
2025-01-01,2025-01-31,North East and Yorkshire,QWO,NHS WEST YORKSHIRE INTEGRATED CARE BOARD,8JF48,,MH072,Night Owls - CYP West Yorkshire,B06,Total time to call answer (seconds),18441
2025-01-01,2025-01-31,North East and Yorkshire,QWO,NHS WEST YORKSHIRE INTEGRATED CARE BOARD,8JF48,,MH072,Night Owls - CYP West Yorkshire,B07,95th centile call answer time (seconds),813
2025-01-01,2025-01-31,North East and Yorkshire,QWO,NHS WEST YORKSHIRE INTEGRATED CARE BOARD,8JF48,,MH072,Night Owls - CYP West Yorkshire,B09,Total time of abandoned calls (seconds),41511
2025-01-01,2025-01-31,North East and Yorkshire,QWO,NHS WEST YORKSHIRE INTEGRATED CARE BOARD,TAD,BRADFORD DISTRICT CARE NHS FOUNDATION TRUST,MH008,Bradford First Response Service (BFRS),A01,Number of calls received,3384
2025-01-01,2025-01-31,North East and Yorkshire,QWO,NHS WEST YORKSHIRE INTEGRATED CARE BOARD,TAD,BRADFORD DISTRICT CARE NHS FOUNDATION TRUST,MH008,Bradford First Response Service (BFRS),A02,Calls routed through IVR,560
2025-01-01,2025-01-31,North East and Yorkshire,QWO,NHS WEST YORKSHIRE INTEGRATED CARE BOARD,TAD,BRADFORD DISTRICT CARE NHS FOUNDATION TRUST,MH008,Bradford First Response Service (BFRS),A03,Number of answered calls,1771
2025-01-01,2025-01-31,North East and Yorkshire,QWO,NHS WEST YORKSHIRE INTEGRATED CARE BOARD,TAD,BRADFORD DISTRICT CARE NHS FOUNDATION TRUST,MH008,Bradford First Response Service (BFRS),B01,Number of calls answered within 60 seconds,925
2025-01-01,2025-01-31,North East and Yorkshire,QWO,NHS WEST YORKSHIRE INTEGRATED CARE BOARD,TAD,BRADFORD DISTRICT CARE NHS FOUNDATION TRUST,MH008,Bradford First Response Service (BFRS),B02,Number of calls abandoned,1613
2025-01-01,2025-01-31,North East and Yorkshire,QWO,NHS WEST YORKSHIRE INTEGRATED CARE BOARD,TAD,BRADFORD DISTRICT CARE NHS FOUNDATION TRUST,MH008,Bradford First Response Service (BFRS),B03,Calls abandoned in 30 seconds or less,384
2025-01-01,2025-01-31,North East and Yorkshire,QWO,NHS WEST YORKSHIRE INTEGRATED CARE BOARD,TAD,BRADFORD DISTRICT CARE NHS FOUNDATION TRUST,MH008,Bradford First Response Service (BFRS),B04,Calls abandoned in over 30 seconds and up to and including 60 seconds,164
2025-01-01,2025-01-31,North East and Yorkshire,QWO,NHS WEST YORKSHIRE INTEGRATED CARE BOARD,TAD,BRADFORD DISTRICT CARE NHS FOUNDATION TRUST,MH008,Bradford First Response Service (BFRS),B05,Calls abandoned after 60 seconds,1065
2025-01-01,2025-01-31,North East and Yorkshire,QWO,NHS WEST YORKSHIRE INTEGRATED CARE BOARD,TAD,BRADFORD DISTRICT CARE NHS FOUNDATION TRUST,MH008,Bradford First Response Service (BFRS),B06,Total time to call answer (seconds),260834
2025-01-01,2025-01-31,North East and Yorkshire,QWO,NHS WEST YORKSHIRE INTEGRATED CARE BOARD,TAD,BRADFORD DISTRICT CARE NHS FOUNDATION TRUST,MH008,Bradford First Response Service (BFRS),B07,95th centile call answer time (seconds),-
2025-01-01,2025-01-31,North East and Yorkshire,QWO,NHS WEST YORKSHIRE INTEGRATED CARE BOARD,TAD,BRADFORD DISTRICT CARE NHS FOUNDATION TRUST,MH008,Bradford First Response Service (BFRS),B09,Total time of abandoned calls (seconds),379130
2025-01-01,2025-01-31,East of England,QJG,NHS SUFFOLK AND NORTH EAST ESSEX INTEGRATED CARE BOARD,RMY,NORFOLK AND SUFFOLK NHS FOUNDATION TRUST,MH078,NSFT(Suffolk) MH Helpline,A01,Number of calls received,2955
2025-01-01,2025-01-31,East of England,QJG,NHS SUFFOLK AND NORTH EAST ESSEX INTEGRATED CARE BOARD,RMY,NORFOLK AND SUFFOLK NHS FOUNDATION TRUST,MH078,NSFT(Suffolk) MH Helpline,A02,Calls routed through IVR,2955
2025-01-01,2025-01-31,East of England,QJG,NHS SUFFOLK AND NORTH EAST ESSEX INTEGRATED CARE BOARD,RMY,NORFOLK AND SUFFOLK NHS FOUNDATION TRUST,MH078,NSFT(Suffolk) MH Helpline,A03,Number of answered calls,2082
2025-01-01,2025-01-31,East of England,QJG,NHS SUFFOLK AND NORTH EAST ESSEX INTEGRATED CARE BOARD,RMY,NORFOLK AND SUFFOLK NHS FOUNDATION TRUST,MH078,NSFT(Suffolk) MH Helpline,B01,Number of calls answered within 60 seconds,1286
2025-01-01,2025-01-31,East of England,QJG,NHS SUFFOLK AND NORTH EAST ESSEX INTEGRATED CARE BOARD,RMY,NORFOLK AND SUFFOLK NHS FOUNDATION TRUST,MH078,NSFT(Suffolk) MH Helpline,B02,Number of calls abandoned,873
2025-01-01,2025-01-31,East of England,QJG,NHS SUFFOLK AND NORTH EAST ESSEX INTEGRATED CARE BOARD,RMY,NORFOLK AND SUFFOLK NHS FOUNDATION TRUST,MH078,NSFT(Suffolk) MH Helpline,B03,Calls abandoned in 30 seconds or less,120
2025-01-01,2025-01-31,East of England,QJG,NHS SUFFOLK AND NORTH EAST ESSEX INTEGRATED CARE BOARD,RMY,NORFOLK AND SUFFOLK NHS FOUNDATION TRUST,MH078,NSFT(Suffolk) MH Helpline,B04,Calls abandoned in over 30 seconds and up to and including 60 seconds,102
2025-01-01,2025-01-31,East of England,QJG,NHS SUFFOLK AND NORTH EAST ESSEX INTEGRATED CARE BOARD,RMY,NORFOLK AND SUFFOLK NHS FOUNDATION TRUST,MH078,NSFT(Suffolk) MH Helpline,B05,Calls abandoned after 60 seconds,651
2025-01-01,2025-01-31,East of England,QJG,NHS SUFFOLK AND NORTH EAST ESSEX INTEGRATED CARE BOARD,RMY,NORFOLK AND SUFFOLK NHS FOUNDATION TRUST,MH078,NSFT(Suffolk) MH Helpline,B06,Total time to call answer (seconds),544548
2025-01-01,2025-01-31,East of England,QJG,NHS SUFFOLK AND NORTH EAST ESSEX INTEGRATED CARE BOARD,RMY,NORFOLK AND SUFFOLK NHS FOUNDATION TRUST,MH078,NSFT(Suffolk) MH Helpline,B07,95th centile call answer time (seconds),1250
2025-01-01,2025-01-31,East of England,QJG,NHS SUFFOLK AND NORTH EAST ESSEX INTEGRATED CARE BOARD,RMY,NORFOLK AND SUFFOLK NHS FOUNDATION TRUST,MH078,NSFT(Suffolk) MH Helpline,B09,Total time of abandoned calls (seconds),232875
2025-01-01,2025-01-31,East of England,QMM,NHS NORFOLK AND WAVENEY INTEGRATED CARE BOARD,RMY,NORFOLK AND SUFFOLK NHS FOUNDATION TRUST,MH079,NSFT(Norfolk) MH Helpline,A01,Number of calls received,3586
2025-01-01,2025-01-31,East of England,QMM,NHS NORFOLK AND WAVENEY INTEGRATED CARE BOARD,RMY,NORFOLK AND SUFFOLK NHS FOUNDATION TRUST,MH079,NSFT(Norfolk) MH Helpline,A02,Calls routed through IVR,3586
2025-01-01,2025-01-31,East of England,QMM,NHS NORFOLK AND WAVENEY INTEGRATED CARE BOARD,RMY,NORFOLK AND SUFFOLK NHS FOUNDATION TRUST,MH079,NSFT(Norfolk) MH Helpline,A03,Number of answered calls,2541
2025-01-01,2025-01-31,East of England,QMM,NHS NORFOLK AND WAVENEY INTEGRATED CARE BOARD,RMY,NORFOLK AND SUFFOLK NHS FOUNDATION TRUST,MH079,NSFT(Norfolk) MH Helpline,B01,Number of calls answered within 60 seconds,1659
2025-01-01,2025-01-31,East of England,QMM,NHS NORFOLK AND WAVENEY INTEGRATED CARE BOARD,RMY,NORFOLK AND SUFFOLK NHS FOUNDATION TRUST,MH079,NSFT(Norfolk) MH Helpline,B02,Number of calls abandoned,1045
2025-01-01,2025-01-31,East of England,QMM,NHS NORFOLK AND WAVENEY INTEGRATED CARE BOARD,RMY,NORFOLK AND SUFFOLK NHS FOUNDATION TRUST,MH079,NSFT(Norfolk) MH Helpline,B03,Calls abandoned in 30 seconds or less,291
2025-01-01,2025-01-31,East of England,QMM,NHS NORFOLK AND WAVENEY INTEGRATED CARE BOARD,RMY,NORFOLK AND SUFFOLK NHS FOUNDATION TRUST,MH079,NSFT(Norfolk) MH Helpline,B04,Calls abandoned in over 30 seconds and up to and including 60 seconds,66
2025-01-01,2025-01-31,East of England,QMM,NHS NORFOLK AND WAVENEY INTEGRATED CARE BOARD,RMY,NORFOLK AND SUFFOLK NHS FOUNDATION TRUST,MH079,NSFT(Norfolk) MH Helpline,B05,Calls abandoned after 60 seconds,688
2025-01-01,2025-01-31,East of England,QMM,NHS NORFOLK AND WAVENEY INTEGRATED CARE BOARD,RMY,NORFOLK AND SUFFOLK NHS FOUNDATION TRUST,MH079,NSFT(Norfolk) MH Helpline,B06,Total time to call answer (seconds),768187
2025-01-01,2025-01-31,East of England,QMM,NHS NORFOLK AND WAVENEY INTEGRATED CARE BOARD,RMY,NORFOLK AND SUFFOLK NHS FOUNDATION TRUST,MH079,NSFT(Norfolk) MH Helpline,B07,95th centile call answer time (seconds),1460
2025-01-01,2025-01-31,East of England,QMM,NHS NORFOLK AND WAVENEY INTEGRATED CARE BOARD,RMY,NORFOLK AND SUFFOLK NHS FOUNDATION TRUST,MH079,NSFT(Norfolk) MH Helpline,B09,Total time of abandoned calls (seconds),339746
2025-01-01,2025-01-31,Midlands,QWU,NHS COVENTRY AND WARWICKSHIRE INTEGRATED CARE BOARD,RYG,COVENTRY AND WARWICKSHIRE PARTNERSHIP NHS TRUST,MH014,Coventry and Warwickshire Adult Crisis Line (CWPNT),A01,Number of calls received,1862
2025-01-01,2025-01-31,Midlands,QWU,NHS COVENTRY AND WARWICKSHIRE INTEGRATED CARE BOARD,RYG,COVENTRY AND WARWICKSHIRE PARTNERSHIP NHS TRUST,MH014,Coventry and Warwickshire Adult Crisis Line (CWPNT),A02,Calls routed through IVR,1862
2025-01-01,2025-01-31,Midlands,QWU,NHS COVENTRY AND WARWICKSHIRE INTEGRATED CARE BOARD,RYG,COVENTRY AND WARWICKSHIRE PARTNERSHIP NHS TRUST,MH014,Coventry and Warwickshire Adult Crisis Line (CWPNT),A03,Number of answered calls,1735
2025-01-01,2025-01-31,Midlands,QWU,NHS COVENTRY AND WARWICKSHIRE INTEGRATED CARE BOARD,RYG,COVENTRY AND WARWICKSHIRE PARTNERSHIP NHS TRUST,MH014,Coventry and Warwickshire Adult Crisis Line (CWPNT),B01,Number of calls answered within 60 seconds,1554
2025-01-01,2025-01-31,Midlands,QWU,NHS COVENTRY AND WARWICKSHIRE INTEGRATED CARE BOARD,RYG,COVENTRY AND WARWICKSHIRE PARTNERSHIP NHS TRUST,MH014,Coventry and Warwickshire Adult Crisis Line (CWPNT),B02,Number of calls abandoned,127
2025-01-01,2025-01-31,Midlands,QWU,NHS COVENTRY AND WARWICKSHIRE INTEGRATED CARE BOARD,RYG,COVENTRY AND WARWICKSHIRE PARTNERSHIP NHS TRUST,MH014,Coventry and Warwickshire Adult Crisis Line (CWPNT),B03,Calls abandoned in 30 seconds or less,42
2025-01-01,2025-01-31,Midlands,QWU,NHS COVENTRY AND WARWICKSHIRE INTEGRATED CARE BOARD,RYG,COVENTRY AND WARWICKSHIRE PARTNERSHIP NHS TRUST,MH014,Coventry and Warwickshire Adult Crisis Line (CWPNT),B04,Calls abandoned in over 30 seconds and up to and including 60 seconds,17
2025-01-01,2025-01-31,Midlands,QWU,NHS COVENTRY AND WARWICKSHIRE INTEGRATED CARE BOARD,RYG,COVENTRY AND WARWICKSHIRE PARTNERSHIP NHS TRUST,MH014,Coventry and Warwickshire Adult Crisis Line (CWPNT),B05,Calls abandoned after 60 seconds,68
2025-01-01,2025-01-31,Midlands,QWU,NHS COVENTRY AND WARWICKSHIRE INTEGRATED CARE BOARD,RYG,COVENTRY AND WARWICKSHIRE PARTNERSHIP NHS TRUST,MH014,Coventry and Warwickshire Adult Crisis Line (CWPNT),B06,Total time to call answer (seconds),73579
2025-01-01,2025-01-31,Midlands,QWU,NHS COVENTRY AND WARWICKSHIRE INTEGRATED CARE BOARD,RYG,COVENTRY AND WARWICKSHIRE PARTNERSHIP NHS TRUST,MH014,Coventry and Warwickshire Adult Crisis Line (CWPNT),B07,95th centile call answer time (seconds),188
2025-01-01,2025-01-31,Midlands,QWU,NHS COVENTRY AND WARWICKSHIRE INTEGRATED CARE BOARD,RYG,COVENTRY AND WARWICKSHIRE PARTNERSHIP NHS TRUST,MH014,Coventry and Warwickshire Adult Crisis Line (CWPNT),B09,Total time of abandoned calls (seconds),19079
2025-01-01,2025-01-31,Midlands,QWU,NHS COVENTRY AND WARWICKSHIRE INTEGRATED CARE BOARD,RYG,COVENTRY AND WARWICKSHIRE PARTNERSHIP NHS TRUST,MH015,Coventry and Warwickshire CYP Crisis Line (CWPNT),A01,Number of calls received,149
2025-01-01,2025-01-31,Midlands,QWU,NHS COVENTRY AND WARWICKSHIRE INTEGRATED CARE BOARD,RYG,COVENTRY AND WARWICKSHIRE PARTNERSHIP NHS TRUST,MH015,Coventry and Warwickshire CYP Crisis Line (CWPNT),A02,Calls routed through IVR,149
2025-01-01,2025-01-31,Midlands,QWU,NHS COVENTRY AND WARWICKSHIRE INTEGRATED CARE BOARD,RYG,COVENTRY AND WARWICKSHIRE PARTNERSHIP NHS TRUST,MH015,Coventry and Warwickshire CYP Crisis Line (CWPNT),A03,Number of answered calls,143
2025-01-01,2025-01-31,Midlands,QWU,NHS COVENTRY AND WARWICKSHIRE INTEGRATED CARE BOARD,RYG,COVENTRY AND WARWICKSHIRE PARTNERSHIP NHS TRUST,MH015,Coventry and Warwickshire CYP Crisis Line (CWPNT),B01,Number of calls answered within 60 seconds,128
2025-01-01,2025-01-31,Midlands,QWU,NHS COVENTRY AND WARWICKSHIRE INTEGRATED CARE BOARD,RYG,COVENTRY AND WARWICKSHIRE PARTNERSHIP NHS TRUST,MH015,Coventry and Warwickshire CYP Crisis Line (CWPNT),B02,Number of calls abandoned,6
2025-01-01,2025-01-31,Midlands,QWU,NHS COVENTRY AND WARWICKSHIRE INTEGRATED CARE BOARD,RYG,COVENTRY AND WARWICKSHIRE PARTNERSHIP NHS TRUST,MH015,Coventry and Warwickshire CYP Crisis Line (CWPNT),B03,Calls abandoned in 30 seconds or less,3
2025-01-01,2025-01-31,Midlands,QWU,NHS COVENTRY AND WARWICKSHIRE INTEGRATED CARE BOARD,RYG,COVENTRY AND WARWICKSHIRE PARTNERSHIP NHS TRUST,MH015,Coventry and Warwickshire CYP Crisis Line (CWPNT),B04,Calls abandoned in over 30 seconds and up to and including 60 seconds,0
2025-01-01,2025-01-31,Midlands,QWU,NHS COVENTRY AND WARWICKSHIRE INTEGRATED CARE BOARD,RYG,COVENTRY AND WARWICKSHIRE PARTNERSHIP NHS TRUST,MH015,Coventry and Warwickshire CYP Crisis Line (CWPNT),B05,Calls abandoned after 60 seconds,3
2025-01-01,2025-01-31,Midlands,QWU,NHS COVENTRY AND WARWICKSHIRE INTEGRATED CARE BOARD,RYG,COVENTRY AND WARWICKSHIRE PARTNERSHIP NHS TRUST,MH015,Coventry and Warwickshire CYP Crisis Line (CWPNT),B06,Total time to call answer (seconds),8753
2025-01-01,2025-01-31,Midlands,QWU,NHS COVENTRY AND WARWICKSHIRE INTEGRATED CARE BOARD,RYG,COVENTRY AND WARWICKSHIRE PARTNERSHIP NHS TRUST,MH015,Coventry and Warwickshire CYP Crisis Line (CWPNT),B07,95th centile call answer time (seconds),319
2025-01-01,2025-01-31,Midlands,QWU,NHS COVENTRY AND WARWICKSHIRE INTEGRATED CARE BOARD,RYG,COVENTRY AND WARWICKSHIRE PARTNERSHIP NHS TRUST,MH015,Coventry and Warwickshire CYP Crisis Line (CWPNT),B09,Total time of abandoned calls (seconds),867
2025-01-01,2025-01-31,London,QMJ,NHS NORTH CENTRAL LONDON INTEGRATED CARE BOARD,RRP,"BARNET, ENFIELD AND HARINGEY MENTAL HEALTH NHS TRUST",MH003,"North London MH Partnership Crisis Line - Barnet, Enfield and Haringey (NLP)",A01,Number of calls received,1059
2025-01-01,2025-01-31,London,QMJ,NHS NORTH CENTRAL LONDON INTEGRATED CARE BOARD,RRP,"BARNET, ENFIELD AND HARINGEY MENTAL HEALTH NHS TRUST",MH003,"North London MH Partnership Crisis Line - Barnet, Enfield and Haringey (NLP)",A02,Calls routed through IVR,1059
2025-01-01,2025-01-31,London,QMJ,NHS NORTH CENTRAL LONDON INTEGRATED CARE BOARD,RRP,"BARNET, ENFIELD AND HARINGEY MENTAL HEALTH NHS TRUST",MH003,"North London MH Partnership Crisis Line - Barnet, Enfield and Haringey (NLP)",A03,Number of answered calls,874
2025-01-01,2025-01-31,London,QMJ,NHS NORTH CENTRAL LONDON INTEGRATED CARE BOARD,RRP,"BARNET, ENFIELD AND HARINGEY MENTAL HEALTH NHS TRUST",MH003,"North London MH Partnership Crisis Line - Barnet, Enfield and Haringey (NLP)",B01,Number of calls answered within 60 seconds,269
2025-01-01,2025-01-31,London,QMJ,NHS NORTH CENTRAL LONDON INTEGRATED CARE BOARD,RRP,"BARNET, ENFIELD AND HARINGEY MENTAL HEALTH NHS TRUST",MH003,"North London MH Partnership Crisis Line - Barnet, Enfield and Haringey (NLP)",B02,Number of calls abandoned,185
2025-01-01,2025-01-31,London,QMJ,NHS NORTH CENTRAL LONDON INTEGRATED CARE BOARD,RRP,"BARNET, ENFIELD AND HARINGEY MENTAL HEALTH NHS TRUST",MH003,"North London MH Partnership Crisis Line - Barnet, Enfield and Haringey (NLP)",B03,Calls abandoned in 30 seconds or less,33
2025-01-01,2025-01-31,London,QMJ,NHS NORTH CENTRAL LONDON INTEGRATED CARE BOARD,RRP,"BARNET, ENFIELD AND HARINGEY MENTAL HEALTH NHS TRUST",MH003,"North London MH Partnership Crisis Line - Barnet, Enfield and Haringey (NLP)",B04,Calls abandoned in over 30 seconds and up to and including 60 seconds,8
2025-01-01,2025-01-31,London,QMJ,NHS NORTH CENTRAL LONDON INTEGRATED CARE BOARD,RRP,"BARNET, ENFIELD AND HARINGEY MENTAL HEALTH NHS TRUST",MH003,"North London MH Partnership Crisis Line - Barnet, Enfield and Haringey (NLP)",B05,Calls abandoned after 60 seconds,143
2025-01-01,2025-01-31,London,QMJ,NHS NORTH CENTRAL LONDON INTEGRATED CARE BOARD,RRP,"BARNET, ENFIELD AND HARINGEY MENTAL HEALTH NHS TRUST",MH003,"North London MH Partnership Crisis Line - Barnet, Enfield and Haringey (NLP)",B06,Total time to call answer (seconds),162312
2025-01-01,2025-01-31,London,QMJ,NHS NORTH CENTRAL LONDON INTEGRATED CARE BOARD,RRP,"BARNET, ENFIELD AND HARINGEY MENTAL HEALTH NHS TRUST",MH003,"North London MH Partnership Crisis Line - Barnet, Enfield and Haringey (NLP)",B07,95th centile call answer time (seconds),1686
2025-01-01,2025-01-31,London,QMJ,NHS NORTH CENTRAL LONDON INTEGRATED CARE BOARD,RRP,"BARNET, ENFIELD AND HARINGEY MENTAL HEALTH NHS TRUST",MH003,"North London MH Partnership Crisis Line - Barnet, Enfield and Haringey (NLP)",B09,Total time of abandoned calls (seconds),185822
2025-01-01,2025-01-31,North East and Yorkshire,QOQ,NHS HUMBER AND NORTH YORKSHIRE INTEGRATED CARE BOARD,RV9,HUMBER TEACHING NHS FOUNDATION TRUST,MH027,HTFT CYP,A01,Number of calls received,941
2025-01-01,2025-01-31,North East and Yorkshire,QOQ,NHS HUMBER AND NORTH YORKSHIRE INTEGRATED CARE BOARD,RV9,HUMBER TEACHING NHS FOUNDATION TRUST,MH027,HTFT CYP,A02,Calls routed through IVR,0
2025-01-01,2025-01-31,North East and Yorkshire,QOQ,NHS HUMBER AND NORTH YORKSHIRE INTEGRATED CARE BOARD,RV9,HUMBER TEACHING NHS FOUNDATION TRUST,MH027,HTFT CYP,A03,Number of answered calls,520
2025-01-01,2025-01-31,North East and Yorkshire,QOQ,NHS HUMBER AND NORTH YORKSHIRE INTEGRATED CARE BOARD,RV9,HUMBER TEACHING NHS FOUNDATION TRUST,MH027,HTFT CYP,B01,Number of calls answered within 60 seconds,509
2025-01-01,2025-01-31,North East and Yorkshire,QOQ,NHS HUMBER AND NORTH YORKSHIRE INTEGRATED CARE BOARD,RV9,HUMBER TEACHING NHS FOUNDATION TRUST,MH027,HTFT CYP,B02,Number of calls abandoned,421
2025-01-01,2025-01-31,North East and Yorkshire,QOQ,NHS HUMBER AND NORTH YORKSHIRE INTEGRATED CARE BOARD,RV9,HUMBER TEACHING NHS FOUNDATION TRUST,MH027,HTFT CYP,B03,Calls abandoned in 30 seconds or less,284
2025-01-01,2025-01-31,North East and Yorkshire,QOQ,NHS HUMBER AND NORTH YORKSHIRE INTEGRATED CARE BOARD,RV9,HUMBER TEACHING NHS FOUNDATION TRUST,MH027,HTFT CYP,B04,Calls abandoned in over 30 seconds and up to and including 60 seconds,131
2025-01-01,2025-01-31,North East and Yorkshire,QOQ,NHS HUMBER AND NORTH YORKSHIRE INTEGRATED CARE BOARD,RV9,HUMBER TEACHING NHS FOUNDATION TRUST,MH027,HTFT CYP,B05,Calls abandoned after 60 seconds,6
2025-01-01,2025-01-31,North East and Yorkshire,QOQ,NHS HUMBER AND NORTH YORKSHIRE INTEGRATED CARE BOARD,RV9,HUMBER TEACHING NHS FOUNDATION TRUST,MH027,HTFT CYP,B06,Total time to call answer (seconds),12450
2025-01-01,2025-01-31,North East and Yorkshire,QOQ,NHS HUMBER AND NORTH YORKSHIRE INTEGRATED CARE BOARD,RV9,HUMBER TEACHING NHS FOUNDATION TRUST,MH027,HTFT CYP,B07,95th centile call answer time (seconds),39
2025-01-01,2025-01-31,North East and Yorkshire,QOQ,NHS HUMBER AND NORTH YORKSHIRE INTEGRATED CARE BOARD,RV9,HUMBER TEACHING NHS FOUNDATION TRUST,MH027,HTFT CYP,B09,Total time of abandoned calls (seconds),9011
2025-01-01,2025-01-31,North East and Yorkshire,QOQ,NHS HUMBER AND NORTH YORKSHIRE INTEGRATED CARE BOARD,RV9,HUMBER TEACHING NHS FOUNDATION TRUST,MH028,HTFT Adults,A01,Number of calls received,1527
2025-01-01,2025-01-31,North East and Yorkshire,QOQ,NHS HUMBER AND NORTH YORKSHIRE INTEGRATED CARE BOARD,RV9,HUMBER TEACHING NHS FOUNDATION TRUST,MH028,HTFT Adults,A02,Calls routed through IVR,579
2025-01-01,2025-01-31,North East and Yorkshire,QOQ,NHS HUMBER AND NORTH YORKSHIRE INTEGRATED CARE BOARD,RV9,HUMBER TEACHING NHS FOUNDATION TRUST,MH028,HTFT Adults,A03,Number of answered calls,1209
2025-01-01,2025-01-31,North East and Yorkshire,QOQ,NHS HUMBER AND NORTH YORKSHIRE INTEGRATED CARE BOARD,RV9,HUMBER TEACHING NHS FOUNDATION TRUST,MH028,HTFT Adults,B01,Number of calls answered within 60 seconds,1056
2025-01-01,2025-01-31,North East and Yorkshire,QOQ,NHS HUMBER AND NORTH YORKSHIRE INTEGRATED CARE BOARD,RV9,HUMBER TEACHING NHS FOUNDATION TRUST,MH028,HTFT Adults,B02,Number of calls abandoned,318
2025-01-01,2025-01-31,North East and Yorkshire,QOQ,NHS HUMBER AND NORTH YORKSHIRE INTEGRATED CARE BOARD,RV9,HUMBER TEACHING NHS FOUNDATION TRUST,MH028,HTFT Adults,B03,Calls abandoned in 30 seconds or less,131
2025-01-01,2025-01-31,North East and Yorkshire,QOQ,NHS HUMBER AND NORTH YORKSHIRE INTEGRATED CARE BOARD,RV9,HUMBER TEACHING NHS FOUNDATION TRUST,MH028,HTFT Adults,B04,Calls abandoned in over 30 seconds and up to and including 60 seconds,39
2025-01-01,2025-01-31,North East and Yorkshire,QOQ,NHS HUMBER AND NORTH YORKSHIRE INTEGRATED CARE BOARD,RV9,HUMBER TEACHING NHS FOUNDATION TRUST,MH028,HTFT Adults,B05,Calls abandoned after 60 seconds,148
2025-01-01,2025-01-31,North East and Yorkshire,QOQ,NHS HUMBER AND NORTH YORKSHIRE INTEGRATED CARE BOARD,RV9,HUMBER TEACHING NHS FOUNDATION TRUST,MH028,HTFT Adults,B06,Total time to call answer (seconds),75301
2025-01-01,2025-01-31,North East and Yorkshire,QOQ,NHS HUMBER AND NORTH YORKSHIRE INTEGRATED CARE BOARD,RV9,HUMBER TEACHING NHS FOUNDATION TRUST,MH028,HTFT Adults,B07,95th centile call answer time (seconds),235
2025-01-01,2025-01-31,North East and Yorkshire,QOQ,NHS HUMBER AND NORTH YORKSHIRE INTEGRATED CARE BOARD,RV9,HUMBER TEACHING NHS FOUNDATION TRUST,MH028,HTFT Adults,B09,Total time of abandoned calls (seconds),63758
2025-01-01,2025-01-31,South West,QJK,NHS DEVON INTEGRATED CARE BOARD,RWV,DEVON PARTNERSHIP NHS TRUST,MH019,Devon Partnership NHS Trust All Age,A01,Number of calls received,2162
2025-01-01,2025-01-31,South West,QJK,NHS DEVON INTEGRATED CARE BOARD,RWV,DEVON PARTNERSHIP NHS TRUST,MH019,Devon Partnership NHS Trust All Age,A02,Calls routed through IVR,-
2025-01-01,2025-01-31,South West,QJK,NHS DEVON INTEGRATED CARE BOARD,RWV,DEVON PARTNERSHIP NHS TRUST,MH019,Devon Partnership NHS Trust All Age,A03,Number of answered calls,1670
2025-01-01,2025-01-31,South West,QJK,NHS DEVON INTEGRATED CARE BOARD,RWV,DEVON PARTNERSHIP NHS TRUST,MH019,Devon Partnership NHS Trust All Age,B01,Number of calls answered within 60 seconds,1144
2025-01-01,2025-01-31,South West,QJK,NHS DEVON INTEGRATED CARE BOARD,RWV,DEVON PARTNERSHIP NHS TRUST,MH019,Devon Partnership NHS Trust All Age,B02,Number of calls abandoned,492
2025-01-01,2025-01-31,South West,QJK,NHS DEVON INTEGRATED CARE BOARD,RWV,DEVON PARTNERSHIP NHS TRUST,MH019,Devon Partnership NHS Trust All Age,B03,Calls abandoned in 30 seconds or less,54
2025-01-01,2025-01-31,South West,QJK,NHS DEVON INTEGRATED CARE BOARD,RWV,DEVON PARTNERSHIP NHS TRUST,MH019,Devon Partnership NHS Trust All Age,B04,Calls abandoned in over 30 seconds and up to and including 60 seconds,66
2025-01-01,2025-01-31,South West,QJK,NHS DEVON INTEGRATED CARE BOARD,RWV,DEVON PARTNERSHIP NHS TRUST,MH019,Devon Partnership NHS Trust All Age,B05,Calls abandoned after 60 seconds,372
2025-01-01,2025-01-31,South West,QJK,NHS DEVON INTEGRATED CARE BOARD,RWV,DEVON PARTNERSHIP NHS TRUST,MH019,Devon Partnership NHS Trust All Age,B06,Total time to call answer (seconds),244219
2025-01-01,2025-01-31,South West,QJK,NHS DEVON INTEGRATED CARE BOARD,RWV,DEVON PARTNERSHIP NHS TRUST,MH019,Devon Partnership NHS Trust All Age,B07,95th centile call answer time (seconds),-
2025-01-01,2025-01-31,South West,QJK,NHS DEVON INTEGRATED CARE BOARD,RWV,DEVON PARTNERSHIP NHS TRUST,MH019,Devon Partnership NHS Trust All Age,B09,Total time of abandoned calls (seconds),136975
2025-01-01,2025-01-31,North East and Yorkshire,QF7,NHS SOUTH YORKSHIRE INTEGRATED CARE BOARD,RXE,ROTHERHAM DONCASTER AND SOUTH HUMBER NHS FOUNDATION TRUST,MH055,Doncaster RDASH,A01,Number of calls received,379
2025-01-01,2025-01-31,North East and Yorkshire,QF7,NHS SOUTH YORKSHIRE INTEGRATED CARE BOARD,RXE,ROTHERHAM DONCASTER AND SOUTH HUMBER NHS FOUNDATION TRUST,MH055,Doncaster RDASH,A02,Calls routed through IVR,-
2025-01-01,2025-01-31,North East and Yorkshire,QF7,NHS SOUTH YORKSHIRE INTEGRATED CARE BOARD,RXE,ROTHERHAM DONCASTER AND SOUTH HUMBER NHS FOUNDATION TRUST,MH055,Doncaster RDASH,A03,Number of answered calls,378
2025-01-01,2025-01-31,North East and Yorkshire,QF7,NHS SOUTH YORKSHIRE INTEGRATED CARE BOARD,RXE,ROTHERHAM DONCASTER AND SOUTH HUMBER NHS FOUNDATION TRUST,MH055,Doncaster RDASH,B01,Number of calls answered within 60 seconds,378
2025-01-01,2025-01-31,North East and Yorkshire,QF7,NHS SOUTH YORKSHIRE INTEGRATED CARE BOARD,RXE,ROTHERHAM DONCASTER AND SOUTH HUMBER NHS FOUNDATION TRUST,MH055,Doncaster RDASH,B02,Number of calls abandoned,1
2025-01-01,2025-01-31,North East and Yorkshire,QF7,NHS SOUTH YORKSHIRE INTEGRATED CARE BOARD,RXE,ROTHERHAM DONCASTER AND SOUTH HUMBER NHS FOUNDATION TRUST,MH055,Doncaster RDASH,B03,Calls abandoned in 30 seconds or less,-
2025-01-01,2025-01-31,North East and Yorkshire,QF7,NHS SOUTH YORKSHIRE INTEGRATED CARE BOARD,RXE,ROTHERHAM DONCASTER AND SOUTH HUMBER NHS FOUNDATION TRUST,MH055,Doncaster RDASH,B04,Calls abandoned in over 30 seconds and up to and including 60 seconds,-
2025-01-01,2025-01-31,North East and Yorkshire,QF7,NHS SOUTH YORKSHIRE INTEGRATED CARE BOARD,RXE,ROTHERHAM DONCASTER AND SOUTH HUMBER NHS FOUNDATION TRUST,MH055,Doncaster RDASH,B05,Calls abandoned after 60 seconds,-
2025-01-01,2025-01-31,North East and Yorkshire,QF7,NHS SOUTH YORKSHIRE INTEGRATED CARE BOARD,RXE,ROTHERHAM DONCASTER AND SOUTH HUMBER NHS FOUNDATION TRUST,MH055,Doncaster RDASH,B06,Total time to call answer (seconds),-
2025-01-01,2025-01-31,North East and Yorkshire,QF7,NHS SOUTH YORKSHIRE INTEGRATED CARE BOARD,RXE,ROTHERHAM DONCASTER AND SOUTH HUMBER NHS FOUNDATION TRUST,MH055,Doncaster RDASH,B07,95th centile call answer time (seconds),1
2025-01-01,2025-01-31,North East and Yorkshire,QF7,NHS SOUTH YORKSHIRE INTEGRATED CARE BOARD,RXE,ROTHERHAM DONCASTER AND SOUTH HUMBER NHS FOUNDATION TRUST,MH055,Doncaster RDASH,B09,Total time of abandoned calls (seconds),-
2025-01-01,2025-01-31,North East and Yorkshire,QF7,NHS SOUTH YORKSHIRE INTEGRATED CARE BOARD,RXE,ROTHERHAM DONCASTER AND SOUTH HUMBER NHS FOUNDATION TRUST,MH056,Rotherham RDASH,A01,Number of calls received,814
2025-01-01,2025-01-31,North East and Yorkshire,QF7,NHS SOUTH YORKSHIRE INTEGRATED CARE BOARD,RXE,ROTHERHAM DONCASTER AND SOUTH HUMBER NHS FOUNDATION TRUST,MH056,Rotherham RDASH,A02,Calls routed through IVR,-
2025-01-01,2025-01-31,North East and Yorkshire,QF7,NHS SOUTH YORKSHIRE INTEGRATED CARE BOARD,RXE,ROTHERHAM DONCASTER AND SOUTH HUMBER NHS FOUNDATION TRUST,MH056,Rotherham RDASH,A03,Number of answered calls,812
2025-01-01,2025-01-31,North East and Yorkshire,QF7,NHS SOUTH YORKSHIRE INTEGRATED CARE BOARD,RXE,ROTHERHAM DONCASTER AND SOUTH HUMBER NHS FOUNDATION TRUST,MH056,Rotherham RDASH,B01,Number of calls answered within 60 seconds,812
2025-01-01,2025-01-31,North East and Yorkshire,QF7,NHS SOUTH YORKSHIRE INTEGRATED CARE BOARD,RXE,ROTHERHAM DONCASTER AND SOUTH HUMBER NHS FOUNDATION TRUST,MH056,Rotherham RDASH,B02,Number of calls abandoned,1
2025-01-01,2025-01-31,North East and Yorkshire,QF7,NHS SOUTH YORKSHIRE INTEGRATED CARE BOARD,RXE,ROTHERHAM DONCASTER AND SOUTH HUMBER NHS FOUNDATION TRUST,MH056,Rotherham RDASH,B03,Calls abandoned in 30 seconds or less,-
2025-01-01,2025-01-31,North East and Yorkshire,QF7,NHS SOUTH YORKSHIRE INTEGRATED CARE BOARD,RXE,ROTHERHAM DONCASTER AND SOUTH HUMBER NHS FOUNDATION TRUST,MH056,Rotherham RDASH,B04,Calls abandoned in over 30 seconds and up to and including 60 seconds,-
2025-01-01,2025-01-31,North East and Yorkshire,QF7,NHS SOUTH YORKSHIRE INTEGRATED CARE BOARD,RXE,ROTHERHAM DONCASTER AND SOUTH HUMBER NHS FOUNDATION TRUST,MH056,Rotherham RDASH,B05,Calls abandoned after 60 seconds,-
2025-01-01,2025-01-31,North East and Yorkshire,QF7,NHS SOUTH YORKSHIRE INTEGRATED CARE BOARD,RXE,ROTHERHAM DONCASTER AND SOUTH HUMBER NHS FOUNDATION TRUST,MH056,Rotherham RDASH,B06,Total time to call answer (seconds),-
2025-01-01,2025-01-31,North East and Yorkshire,QF7,NHS SOUTH YORKSHIRE INTEGRATED CARE BOARD,RXE,ROTHERHAM DONCASTER AND SOUTH HUMBER NHS FOUNDATION TRUST,MH056,Rotherham RDASH,B07,95th centile call answer time (seconds),1
2025-01-01,2025-01-31,North East and Yorkshire,QF7,NHS SOUTH YORKSHIRE INTEGRATED CARE BOARD,RXE,ROTHERHAM DONCASTER AND SOUTH HUMBER NHS FOUNDATION TRUST,MH056,Rotherham RDASH,B09,Total time of abandoned calls (seconds),-
2025-01-01,2025-01-31,North East and Yorkshire,RXE,NHS HUMBER AND NORTH YORKSHIRE INTEGRATED CARE BOARD,RXE,ROTHERHAM DONCASTER AND SOUTH HUMBER NHS FOUNDATION TRUST,MH037,North Lincs RDASH,A01,Number of calls received,514
2025-01-01,2025-01-31,North East and Yorkshire,RXE,NHS HUMBER AND NORTH YORKSHIRE INTEGRATED CARE BOARD,RXE,ROTHERHAM DONCASTER AND SOUTH HUMBER NHS FOUNDATION TRUST,MH037,North Lincs RDASH,A02,Calls routed through IVR,143
2025-01-01,2025-01-31,North East and Yorkshire,RXE,NHS HUMBER AND NORTH YORKSHIRE INTEGRATED CARE BOARD,RXE,ROTHERHAM DONCASTER AND SOUTH HUMBER NHS FOUNDATION TRUST,MH037,North Lincs RDASH,A03,Number of answered calls,502
2025-01-01,2025-01-31,North East and Yorkshire,RXE,NHS HUMBER AND NORTH YORKSHIRE INTEGRATED CARE BOARD,RXE,ROTHERHAM DONCASTER AND SOUTH HUMBER NHS FOUNDATION TRUST,MH037,North Lincs RDASH,B01,Number of calls answered within 60 seconds,423
2025-01-01,2025-01-31,North East and Yorkshire,RXE,NHS HUMBER AND NORTH YORKSHIRE INTEGRATED CARE BOARD,RXE,ROTHERHAM DONCASTER AND SOUTH HUMBER NHS FOUNDATION TRUST,MH037,North Lincs RDASH,B02,Number of calls abandoned,2
2025-01-01,2025-01-31,North East and Yorkshire,RXE,NHS HUMBER AND NORTH YORKSHIRE INTEGRATED CARE BOARD,RXE,ROTHERHAM DONCASTER AND SOUTH HUMBER NHS FOUNDATION TRUST,MH037,North Lincs RDASH,B03,Calls abandoned in 30 seconds or less,-
2025-01-01,2025-01-31,North East and Yorkshire,RXE,NHS HUMBER AND NORTH YORKSHIRE INTEGRATED CARE BOARD,RXE,ROTHERHAM DONCASTER AND SOUTH HUMBER NHS FOUNDATION TRUST,MH037,North Lincs RDASH,B04,Calls abandoned in over 30 seconds and up to and including 60 seconds,-
2025-01-01,2025-01-31,North East and Yorkshire,RXE,NHS HUMBER AND NORTH YORKSHIRE INTEGRATED CARE BOARD,RXE,ROTHERHAM DONCASTER AND SOUTH HUMBER NHS FOUNDATION TRUST,MH037,North Lincs RDASH,B05,Calls abandoned after 60 seconds,-
2025-01-01,2025-01-31,North East and Yorkshire,RXE,NHS HUMBER AND NORTH YORKSHIRE INTEGRATED CARE BOARD,RXE,ROTHERHAM DONCASTER AND SOUTH HUMBER NHS FOUNDATION TRUST,MH037,North Lincs RDASH,B06,Total time to call answer (seconds),-
2025-01-01,2025-01-31,North East and Yorkshire,RXE,NHS HUMBER AND NORTH YORKSHIRE INTEGRATED CARE BOARD,RXE,ROTHERHAM DONCASTER AND SOUTH HUMBER NHS FOUNDATION TRUST,MH037,North Lincs RDASH,B07,95th centile call answer time (seconds),0
2025-01-01,2025-01-31,North East and Yorkshire,RXE,NHS HUMBER AND NORTH YORKSHIRE INTEGRATED CARE BOARD,RXE,ROTHERHAM DONCASTER AND SOUTH HUMBER NHS FOUNDATION TRUST,MH037,North Lincs RDASH,B09,Total time of abandoned calls (seconds),-
2025-01-01,2025-01-31,South West,QR1,NHS GLOUCESTERSHIRE INTEGRATED CARE BOARD,RTQ,GLOUCESTERSHIRE HEALTH AND CARE NHS FOUNDATION TRUST,MH024,Gloucestershire MH Crisis Line (GHC),A01,Number of calls received,562
2025-01-01,2025-01-31,South West,QR1,NHS GLOUCESTERSHIRE INTEGRATED CARE BOARD,RTQ,GLOUCESTERSHIRE HEALTH AND CARE NHS FOUNDATION TRUST,MH024,Gloucestershire MH Crisis Line (GHC),A02,Calls routed through IVR,562
2025-01-01,2025-01-31,South West,QR1,NHS GLOUCESTERSHIRE INTEGRATED CARE BOARD,RTQ,GLOUCESTERSHIRE HEALTH AND CARE NHS FOUNDATION TRUST,MH024,Gloucestershire MH Crisis Line (GHC),A03,Number of answered calls,429
2025-01-01,2025-01-31,South West,QR1,NHS GLOUCESTERSHIRE INTEGRATED CARE BOARD,RTQ,GLOUCESTERSHIRE HEALTH AND CARE NHS FOUNDATION TRUST,MH024,Gloucestershire MH Crisis Line (GHC),B01,Number of calls answered within 60 seconds,307
2025-01-01,2025-01-31,South West,QR1,NHS GLOUCESTERSHIRE INTEGRATED CARE BOARD,RTQ,GLOUCESTERSHIRE HEALTH AND CARE NHS FOUNDATION TRUST,MH024,Gloucestershire MH Crisis Line (GHC),B02,Number of calls abandoned,133
2025-01-01,2025-01-31,South West,QR1,NHS GLOUCESTERSHIRE INTEGRATED CARE BOARD,RTQ,GLOUCESTERSHIRE HEALTH AND CARE NHS FOUNDATION TRUST,MH024,Gloucestershire MH Crisis Line (GHC),B03,Calls abandoned in 30 seconds or less,30
2025-01-01,2025-01-31,South West,QR1,NHS GLOUCESTERSHIRE INTEGRATED CARE BOARD,RTQ,GLOUCESTERSHIRE HEALTH AND CARE NHS FOUNDATION TRUST,MH024,Gloucestershire MH Crisis Line (GHC),B04,Calls abandoned in over 30 seconds and up to and including 60 seconds,10
2025-01-01,2025-01-31,South West,QR1,NHS GLOUCESTERSHIRE INTEGRATED CARE BOARD,RTQ,GLOUCESTERSHIRE HEALTH AND CARE NHS FOUNDATION TRUST,MH024,Gloucestershire MH Crisis Line (GHC),B05,Calls abandoned after 60 seconds,93
2025-01-01,2025-01-31,South West,QR1,NHS GLOUCESTERSHIRE INTEGRATED CARE BOARD,RTQ,GLOUCESTERSHIRE HEALTH AND CARE NHS FOUNDATION TRUST,MH024,Gloucestershire MH Crisis Line (GHC),B06,Total time to call answer (seconds),56961
2025-01-01,2025-01-31,South West,QR1,NHS GLOUCESTERSHIRE INTEGRATED CARE BOARD,RTQ,GLOUCESTERSHIRE HEALTH AND CARE NHS FOUNDATION TRUST,MH024,Gloucestershire MH Crisis Line (GHC),B07,95th centile call answer time (seconds),120
2025-01-01,2025-01-31,South West,QR1,NHS GLOUCESTERSHIRE INTEGRATED CARE BOARD,RTQ,GLOUCESTERSHIRE HEALTH AND CARE NHS FOUNDATION TRUST,MH024,Gloucestershire MH Crisis Line (GHC),B09,Total time of abandoned calls (seconds),30463
2025-01-01,2025-01-31,North East and Yorkshire,QWO,NHS WEST YORKSHIRE INTEGRATED CARE BOARD,A74T,NOTTINGHAM COMMUNITY HOUSING ASSOCIATION LIMITED,MH073,"WY Helpline Calderdale, Kirklees, Leeds and Wakefield and Barnsley",A01,Number of calls received,6766
2025-01-01,2025-01-31,North East and Yorkshire,QWO,NHS WEST YORKSHIRE INTEGRATED CARE BOARD,A74T,NOTTINGHAM COMMUNITY HOUSING ASSOCIATION LIMITED,MH073,"WY Helpline Calderdale, Kirklees, Leeds and Wakefield and Barnsley",A02,Calls routed through IVR,2618
2025-01-01,2025-01-31,North East and Yorkshire,QWO,NHS WEST YORKSHIRE INTEGRATED CARE BOARD,A74T,NOTTINGHAM COMMUNITY HOUSING ASSOCIATION LIMITED,MH073,"WY Helpline Calderdale, Kirklees, Leeds and Wakefield and Barnsley",A03,Number of answered calls,4896
2025-01-01,2025-01-31,North East and Yorkshire,QWO,NHS WEST YORKSHIRE INTEGRATED CARE BOARD,A74T,NOTTINGHAM COMMUNITY HOUSING ASSOCIATION LIMITED,MH073,"WY Helpline Calderdale, Kirklees, Leeds and Wakefield and Barnsley",B01,Number of calls answered within 60 seconds,2539
2025-01-01,2025-01-31,North East and Yorkshire,QWO,NHS WEST YORKSHIRE INTEGRATED CARE BOARD,A74T,NOTTINGHAM COMMUNITY HOUSING ASSOCIATION LIMITED,MH073,"WY Helpline Calderdale, Kirklees, Leeds and Wakefield and Barnsley",B02,Number of calls abandoned,1870
2025-01-01,2025-01-31,North East and Yorkshire,QWO,NHS WEST YORKSHIRE INTEGRATED CARE BOARD,A74T,NOTTINGHAM COMMUNITY HOUSING ASSOCIATION LIMITED,MH073,"WY Helpline Calderdale, Kirklees, Leeds and Wakefield and Barnsley",B03,Calls abandoned in 30 seconds or less,577
2025-01-01,2025-01-31,North East and Yorkshire,QWO,NHS WEST YORKSHIRE INTEGRATED CARE BOARD,A74T,NOTTINGHAM COMMUNITY HOUSING ASSOCIATION LIMITED,MH073,"WY Helpline Calderdale, Kirklees, Leeds and Wakefield and Barnsley",B04,Calls abandoned in over 30 seconds and up to and including 60 seconds,296
2025-01-01,2025-01-31,North East and Yorkshire,QWO,NHS WEST YORKSHIRE INTEGRATED CARE BOARD,A74T,NOTTINGHAM COMMUNITY HOUSING ASSOCIATION LIMITED,MH073,"WY Helpline Calderdale, Kirklees, Leeds and Wakefield and Barnsley",B05,Calls abandoned after 60 seconds,997
2025-01-01,2025-01-31,North East and Yorkshire,QWO,NHS WEST YORKSHIRE INTEGRATED CARE BOARD,A74T,NOTTINGHAM COMMUNITY HOUSING ASSOCIATION LIMITED,MH073,"WY Helpline Calderdale, Kirklees, Leeds and Wakefield and Barnsley",B06,Total time to call answer (seconds),724642
2025-01-01,2025-01-31,North East and Yorkshire,QWO,NHS WEST YORKSHIRE INTEGRATED CARE BOARD,A74T,NOTTINGHAM COMMUNITY HOUSING ASSOCIATION LIMITED,MH073,"WY Helpline Calderdale, Kirklees, Leeds and Wakefield and Barnsley",B07,95th centile call answer time (seconds),597
2025-01-01,2025-01-31,North East and Yorkshire,QWO,NHS WEST YORKSHIRE INTEGRATED CARE BOARD,A74T,NOTTINGHAM COMMUNITY HOUSING ASSOCIATION LIMITED,MH073,"WY Helpline Calderdale, Kirklees, Leeds and Wakefield and Barnsley",B09,Total time of abandoned calls (seconds),257995
2025-01-01,2025-01-31,South West,QOX,"NHS BATH AND NORTH EAST SOMERSET, SWINDON AND WILTSHIRE INTEGRATED CARE BOARD",NBP,BRISDOC HEALTHCARE SERVICES LTD,MH002,AWP Mental health Response Line (AWMH),A01,Number of calls received,3292
2025-01-01,2025-01-31,South West,QOX,"NHS BATH AND NORTH EAST SOMERSET, SWINDON AND WILTSHIRE INTEGRATED CARE BOARD",NBP,BRISDOC HEALTHCARE SERVICES LTD,MH002,AWP Mental health Response Line (AWMH),A02,Calls routed through IVR,0
2025-01-01,2025-01-31,South West,QOX,"NHS BATH AND NORTH EAST SOMERSET, SWINDON AND WILTSHIRE INTEGRATED CARE BOARD",NBP,BRISDOC HEALTHCARE SERVICES LTD,MH002,AWP Mental health Response Line (AWMH),A03,Number of answered calls,3156
2025-01-01,2025-01-31,South West,QOX,"NHS BATH AND NORTH EAST SOMERSET, SWINDON AND WILTSHIRE INTEGRATED CARE BOARD",NBP,BRISDOC HEALTHCARE SERVICES LTD,MH002,AWP Mental health Response Line (AWMH),B01,Number of calls answered within 60 seconds,3056
2025-01-01,2025-01-31,South West,QOX,"NHS BATH AND NORTH EAST SOMERSET, SWINDON AND WILTSHIRE INTEGRATED CARE BOARD",NBP,BRISDOC HEALTHCARE SERVICES LTD,MH002,AWP Mental health Response Line (AWMH),B02,Number of calls abandoned,136
2025-01-01,2025-01-31,South West,QOX,"NHS BATH AND NORTH EAST SOMERSET, SWINDON AND WILTSHIRE INTEGRATED CARE BOARD",NBP,BRISDOC HEALTHCARE SERVICES LTD,MH002,AWP Mental health Response Line (AWMH),B03,Calls abandoned in 30 seconds or less,83
2025-01-01,2025-01-31,South West,QOX,"NHS BATH AND NORTH EAST SOMERSET, SWINDON AND WILTSHIRE INTEGRATED CARE BOARD",NBP,BRISDOC HEALTHCARE SERVICES LTD,MH002,AWP Mental health Response Line (AWMH),B04,Calls abandoned in over 30 seconds and up to and including 60 seconds,19
2025-01-01,2025-01-31,South West,QOX,"NHS BATH AND NORTH EAST SOMERSET, SWINDON AND WILTSHIRE INTEGRATED CARE BOARD",NBP,BRISDOC HEALTHCARE SERVICES LTD,MH002,AWP Mental health Response Line (AWMH),B05,Calls abandoned after 60 seconds,34
2025-01-01,2025-01-31,South West,QOX,"NHS BATH AND NORTH EAST SOMERSET, SWINDON AND WILTSHIRE INTEGRATED CARE BOARD",NBP,BRISDOC HEALTHCARE SERVICES LTD,MH002,AWP Mental health Response Line (AWMH),B06,Total time to call answer (seconds),58265
2025-01-01,2025-01-31,South West,QOX,"NHS BATH AND NORTH EAST SOMERSET, SWINDON AND WILTSHIRE INTEGRATED CARE BOARD",NBP,BRISDOC HEALTHCARE SERVICES LTD,MH002,AWP Mental health Response Line (AWMH),B07,95th centile call answer time (seconds),103
2025-01-01,2025-01-31,South West,QOX,"NHS BATH AND NORTH EAST SOMERSET, SWINDON AND WILTSHIRE INTEGRATED CARE BOARD",NBP,BRISDOC HEALTHCARE SERVICES LTD,MH002,AWP Mental health Response Line (AWMH),B09,Total time of abandoned calls (seconds),6585
2025-01-01,2025-01-31,East of England,QUE,NHS CAMBRIDGESHIRE AND PETERBOROUGH INTEGRATED CARE BOARD,RT1,CAMBRIDGESHIRE AND PETERBOROUGH NHS FOUNDATION TRUST,MH009,C&P First Response Service (FRS),A01,Number of calls received,2705
2025-01-01,2025-01-31,East of England,QUE,NHS CAMBRIDGESHIRE AND PETERBOROUGH INTEGRATED CARE BOARD,RT1,CAMBRIDGESHIRE AND PETERBOROUGH NHS FOUNDATION TRUST,MH009,C&P First Response Service (FRS),A02,Calls routed through IVR,2705
2025-01-01,2025-01-31,East of England,QUE,NHS CAMBRIDGESHIRE AND PETERBOROUGH INTEGRATED CARE BOARD,RT1,CAMBRIDGESHIRE AND PETERBOROUGH NHS FOUNDATION TRUST,MH009,C&P First Response Service (FRS),A03,Number of answered calls,2047
2025-01-01,2025-01-31,East of England,QUE,NHS CAMBRIDGESHIRE AND PETERBOROUGH INTEGRATED CARE BOARD,RT1,CAMBRIDGESHIRE AND PETERBOROUGH NHS FOUNDATION TRUST,MH009,C&P First Response Service (FRS),B01,Number of calls answered within 60 seconds,1259
2025-01-01,2025-01-31,East of England,QUE,NHS CAMBRIDGESHIRE AND PETERBOROUGH INTEGRATED CARE BOARD,RT1,CAMBRIDGESHIRE AND PETERBOROUGH NHS FOUNDATION TRUST,MH009,C&P First Response Service (FRS),B02,Number of calls abandoned,658
2025-01-01,2025-01-31,East of England,QUE,NHS CAMBRIDGESHIRE AND PETERBOROUGH INTEGRATED CARE BOARD,RT1,CAMBRIDGESHIRE AND PETERBOROUGH NHS FOUNDATION TRUST,MH009,C&P First Response Service (FRS),B03,Calls abandoned in 30 seconds or less,92
2025-01-01,2025-01-31,East of England,QUE,NHS CAMBRIDGESHIRE AND PETERBOROUGH INTEGRATED CARE BOARD,RT1,CAMBRIDGESHIRE AND PETERBOROUGH NHS FOUNDATION TRUST,MH009,C&P First Response Service (FRS),B04,Calls abandoned in over 30 seconds and up to and including 60 seconds,55
2025-01-01,2025-01-31,East of England,QUE,NHS CAMBRIDGESHIRE AND PETERBOROUGH INTEGRATED CARE BOARD,RT1,CAMBRIDGESHIRE AND PETERBOROUGH NHS FOUNDATION TRUST,MH009,C&P First Response Service (FRS),B05,Calls abandoned after 60 seconds,511
2025-01-01,2025-01-31,East of England,QUE,NHS CAMBRIDGESHIRE AND PETERBOROUGH INTEGRATED CARE BOARD,RT1,CAMBRIDGESHIRE AND PETERBOROUGH NHS FOUNDATION TRUST,MH009,C&P First Response Service (FRS),B06,Total time to call answer (seconds),633079
2025-01-01,2025-01-31,East of England,QUE,NHS CAMBRIDGESHIRE AND PETERBOROUGH INTEGRATED CARE BOARD,RT1,CAMBRIDGESHIRE AND PETERBOROUGH NHS FOUNDATION TRUST,MH009,C&P First Response Service (FRS),B07,95th centile call answer time (seconds),1741
2025-01-01,2025-01-31,East of England,QUE,NHS CAMBRIDGESHIRE AND PETERBOROUGH INTEGRATED CARE BOARD,RT1,CAMBRIDGESHIRE AND PETERBOROUGH NHS FOUNDATION TRUST,MH009,C&P First Response Service (FRS),B09,Total time of abandoned calls (seconds),279766
2025-01-01,2025-01-31,North East and Yorkshire,QF7,NHS SOUTH YORKSHIRE INTEGRATED CARE BOARD,YGM59,SHEFFIELD HEALTH AND SOCIAL CARE NHS FOUNDATION TRUST (APPLICATION PROVIDER),MH058,NCHA,A01,Number of calls received,1596
2025-01-01,2025-01-31,North East and Yorkshire,QF7,NHS SOUTH YORKSHIRE INTEGRATED CARE BOARD,YGM59,SHEFFIELD HEALTH AND SOCIAL CARE NHS FOUNDATION TRUST (APPLICATION PROVIDER),MH058,NCHA,A02,Calls routed through IVR,-
2025-01-01,2025-01-31,North East and Yorkshire,QF7,NHS SOUTH YORKSHIRE INTEGRATED CARE BOARD,YGM59,SHEFFIELD HEALTH AND SOCIAL CARE NHS FOUNDATION TRUST (APPLICATION PROVIDER),MH058,NCHA,A03,Number of answered calls,1324
2025-01-01,2025-01-31,North East and Yorkshire,QF7,NHS SOUTH YORKSHIRE INTEGRATED CARE BOARD,YGM59,SHEFFIELD HEALTH AND SOCIAL CARE NHS FOUNDATION TRUST (APPLICATION PROVIDER),MH058,NCHA,B01,Number of calls answered within 60 seconds,654
2025-01-01,2025-01-31,North East and Yorkshire,QF7,NHS SOUTH YORKSHIRE INTEGRATED CARE BOARD,YGM59,SHEFFIELD HEALTH AND SOCIAL CARE NHS FOUNDATION TRUST (APPLICATION PROVIDER),MH058,NCHA,B02,Number of calls abandoned,272
2025-01-01,2025-01-31,North East and Yorkshire,QF7,NHS SOUTH YORKSHIRE INTEGRATED CARE BOARD,YGM59,SHEFFIELD HEALTH AND SOCIAL CARE NHS FOUNDATION TRUST (APPLICATION PROVIDER),MH058,NCHA,B03,Calls abandoned in 30 seconds or less,-
2025-01-01,2025-01-31,North East and Yorkshire,QF7,NHS SOUTH YORKSHIRE INTEGRATED CARE BOARD,YGM59,SHEFFIELD HEALTH AND SOCIAL CARE NHS FOUNDATION TRUST (APPLICATION PROVIDER),MH058,NCHA,B04,Calls abandoned in over 30 seconds and up to and including 60 seconds,-
2025-01-01,2025-01-31,North East and Yorkshire,QF7,NHS SOUTH YORKSHIRE INTEGRATED CARE BOARD,YGM59,SHEFFIELD HEALTH AND SOCIAL CARE NHS FOUNDATION TRUST (APPLICATION PROVIDER),MH058,NCHA,B05,Calls abandoned after 60 seconds,-
2025-01-01,2025-01-31,North East and Yorkshire,QF7,NHS SOUTH YORKSHIRE INTEGRATED CARE BOARD,YGM59,SHEFFIELD HEALTH AND SOCIAL CARE NHS FOUNDATION TRUST (APPLICATION PROVIDER),MH058,NCHA,B06,Total time to call answer (seconds),200644
2025-01-01,2025-01-31,North East and Yorkshire,QF7,NHS SOUTH YORKSHIRE INTEGRATED CARE BOARD,YGM59,SHEFFIELD HEALTH AND SOCIAL CARE NHS FOUNDATION TRUST (APPLICATION PROVIDER),MH058,NCHA,B07,95th centile call answer time (seconds),580
2025-01-01,2025-01-31,North East and Yorkshire,QF7,NHS SOUTH YORKSHIRE INTEGRATED CARE BOARD,YGM59,SHEFFIELD HEALTH AND SOCIAL CARE NHS FOUNDATION TRUST (APPLICATION PROVIDER),MH058,NCHA,B09,Total time of abandoned calls (seconds),-
2025-01-01,2025-01-31,London,QKK,NHS SOUTH EAST LONDON INTEGRATED CARE BOARD,RV5,SOUTH LONDON AND MAUDSLEY NHS FOUNDATION TRUST,MH061,South London and Maudsley NHS Foundation Trust (SLP),A01,Number of calls received,2483
2025-01-01,2025-01-31,London,QKK,NHS SOUTH EAST LONDON INTEGRATED CARE BOARD,RV5,SOUTH LONDON AND MAUDSLEY NHS FOUNDATION TRUST,MH061,South London and Maudsley NHS Foundation Trust (SLP),A02,Calls routed through IVR,2483
2025-01-01,2025-01-31,London,QKK,NHS SOUTH EAST LONDON INTEGRATED CARE BOARD,RV5,SOUTH LONDON AND MAUDSLEY NHS FOUNDATION TRUST,MH061,South London and Maudsley NHS Foundation Trust (SLP),A03,Number of answered calls,2347
2025-01-01,2025-01-31,London,QKK,NHS SOUTH EAST LONDON INTEGRATED CARE BOARD,RV5,SOUTH LONDON AND MAUDSLEY NHS FOUNDATION TRUST,MH061,South London and Maudsley NHS Foundation Trust (SLP),B01,Number of calls answered within 60 seconds,2153
2025-01-01,2025-01-31,London,QKK,NHS SOUTH EAST LONDON INTEGRATED CARE BOARD,RV5,SOUTH LONDON AND MAUDSLEY NHS FOUNDATION TRUST,MH061,South London and Maudsley NHS Foundation Trust (SLP),B02,Number of calls abandoned,135
2025-01-01,2025-01-31,London,QKK,NHS SOUTH EAST LONDON INTEGRATED CARE BOARD,RV5,SOUTH LONDON AND MAUDSLEY NHS FOUNDATION TRUST,MH061,South London and Maudsley NHS Foundation Trust (SLP),B03,Calls abandoned in 30 seconds or less,36
2025-01-01,2025-01-31,London,QKK,NHS SOUTH EAST LONDON INTEGRATED CARE BOARD,RV5,SOUTH LONDON AND MAUDSLEY NHS FOUNDATION TRUST,MH061,South London and Maudsley NHS Foundation Trust (SLP),B04,Calls abandoned in over 30 seconds and up to and including 60 seconds,11
2025-01-01,2025-01-31,London,QKK,NHS SOUTH EAST LONDON INTEGRATED CARE BOARD,RV5,SOUTH LONDON AND MAUDSLEY NHS FOUNDATION TRUST,MH061,South London and Maudsley NHS Foundation Trust (SLP),B05,Calls abandoned after 60 seconds,88
2025-01-01,2025-01-31,London,QKK,NHS SOUTH EAST LONDON INTEGRATED CARE BOARD,RV5,SOUTH LONDON AND MAUDSLEY NHS FOUNDATION TRUST,MH061,South London and Maudsley NHS Foundation Trust (SLP),B06,Total time to call answer (seconds),84638
2025-01-01,2025-01-31,London,QKK,NHS SOUTH EAST LONDON INTEGRATED CARE BOARD,RV5,SOUTH LONDON AND MAUDSLEY NHS FOUNDATION TRUST,MH061,South London and Maudsley NHS Foundation Trust (SLP),B07,95th centile call answer time (seconds),168
2025-01-01,2025-01-31,London,QKK,NHS SOUTH EAST LONDON INTEGRATED CARE BOARD,RV5,SOUTH LONDON AND MAUDSLEY NHS FOUNDATION TRUST,MH061,South London and Maudsley NHS Foundation Trust (SLP),B09,Total time of abandoned calls (seconds),26501
2025-01-01,2025-01-31,London,QKK,NHS SOUTH EAST LONDON INTEGRATED CARE BOARD,RV5,SOUTH LONDON AND MAUDSLEY NHS FOUNDATION TRUST,MH053,South London MH Partnership - Oxleas MH Crisis Line (SLP),A01,Number of calls received,0
2025-01-01,2025-01-31,London,QKK,NHS SOUTH EAST LONDON INTEGRATED CARE BOARD,RV5,SOUTH LONDON AND MAUDSLEY NHS FOUNDATION TRUST,MH053,South London MH Partnership - Oxleas MH Crisis Line (SLP),A02,Calls routed through IVR,0
2025-01-01,2025-01-31,London,QKK,NHS SOUTH EAST LONDON INTEGRATED CARE BOARD,RV5,SOUTH LONDON AND MAUDSLEY NHS FOUNDATION TRUST,MH053,South London MH Partnership - Oxleas MH Crisis Line (SLP),A03,Number of answered calls,0
2025-01-01,2025-01-31,London,QKK,NHS SOUTH EAST LONDON INTEGRATED CARE BOARD,RV5,SOUTH LONDON AND MAUDSLEY NHS FOUNDATION TRUST,MH053,South London MH Partnership - Oxleas MH Crisis Line (SLP),B01,Number of calls answered within 60 seconds,0
2025-01-01,2025-01-31,London,QKK,NHS SOUTH EAST LONDON INTEGRATED CARE BOARD,RV5,SOUTH LONDON AND MAUDSLEY NHS FOUNDATION TRUST,MH053,South London MH Partnership - Oxleas MH Crisis Line (SLP),B02,Number of calls abandoned,0
2025-01-01,2025-01-31,London,QKK,NHS SOUTH EAST LONDON INTEGRATED CARE BOARD,RV5,SOUTH LONDON AND MAUDSLEY NHS FOUNDATION TRUST,MH053,South London MH Partnership - Oxleas MH Crisis Line (SLP),B03,Calls abandoned in 30 seconds or less,0
2025-01-01,2025-01-31,London,QKK,NHS SOUTH EAST LONDON INTEGRATED CARE BOARD,RV5,SOUTH LONDON AND MAUDSLEY NHS FOUNDATION TRUST,MH053,South London MH Partnership - Oxleas MH Crisis Line (SLP),B04,Calls abandoned in over 30 seconds and up to and including 60 seconds,0
2025-01-01,2025-01-31,London,QKK,NHS SOUTH EAST LONDON INTEGRATED CARE BOARD,RV5,SOUTH LONDON AND MAUDSLEY NHS FOUNDATION TRUST,MH053,South London MH Partnership - Oxleas MH Crisis Line (SLP),B05,Calls abandoned after 60 seconds,0
2025-01-01,2025-01-31,London,QKK,NHS SOUTH EAST LONDON INTEGRATED CARE BOARD,RV5,SOUTH LONDON AND MAUDSLEY NHS FOUNDATION TRUST,MH053,South London MH Partnership - Oxleas MH Crisis Line (SLP),B06,Total time to call answer (seconds),0
2025-01-01,2025-01-31,London,QKK,NHS SOUTH EAST LONDON INTEGRATED CARE BOARD,RV5,SOUTH LONDON AND MAUDSLEY NHS FOUNDATION TRUST,MH053,South London MH Partnership - Oxleas MH Crisis Line (SLP),B07,95th centile call answer time (seconds),0
2025-01-01,2025-01-31,London,QKK,NHS SOUTH EAST LONDON INTEGRATED CARE BOARD,RV5,SOUTH LONDON AND MAUDSLEY NHS FOUNDATION TRUST,MH053,South London MH Partnership - Oxleas MH Crisis Line (SLP),B09,Total time of abandoned calls (seconds),0
2025-01-01,2025-01-31,London,QWE,NHS SOUTH WEST LONDON INTEGRATED CARE BOARD,RV5,SOUTH LONDON AND MAUDSLEY NHS FOUNDATION TRUST,MH062,South West London and St George's Mental Health NHS Trust (SLP),A01,Number of calls received,0
2025-01-01,2025-01-31,London,QWE,NHS SOUTH WEST LONDON INTEGRATED CARE BOARD,RV5,SOUTH LONDON AND MAUDSLEY NHS FOUNDATION TRUST,MH062,South West London and St George's Mental Health NHS Trust (SLP),A02,Calls routed through IVR,0
2025-01-01,2025-01-31,London,QWE,NHS SOUTH WEST LONDON INTEGRATED CARE BOARD,RV5,SOUTH LONDON AND MAUDSLEY NHS FOUNDATION TRUST,MH062,South West London and St George's Mental Health NHS Trust (SLP),A03,Number of answered calls,0
2025-01-01,2025-01-31,London,QWE,NHS SOUTH WEST LONDON INTEGRATED CARE BOARD,RV5,SOUTH LONDON AND MAUDSLEY NHS FOUNDATION TRUST,MH062,South West London and St George's Mental Health NHS Trust (SLP),B01,Number of calls answered within 60 seconds,0
2025-01-01,2025-01-31,London,QWE,NHS SOUTH WEST LONDON INTEGRATED CARE BOARD,RV5,SOUTH LONDON AND MAUDSLEY NHS FOUNDATION TRUST,MH062,South West London and St George's Mental Health NHS Trust (SLP),B02,Number of calls abandoned,0
2025-01-01,2025-01-31,London,QWE,NHS SOUTH WEST LONDON INTEGRATED CARE BOARD,RV5,SOUTH LONDON AND MAUDSLEY NHS FOUNDATION TRUST,MH062,South West London and St George's Mental Health NHS Trust (SLP),B03,Calls abandoned in 30 seconds or less,0
2025-01-01,2025-01-31,London,QWE,NHS SOUTH WEST LONDON INTEGRATED CARE BOARD,RV5,SOUTH LONDON AND MAUDSLEY NHS FOUNDATION TRUST,MH062,South West London and St George's Mental Health NHS Trust (SLP),B04,Calls abandoned in over 30 seconds and up to and including 60 seconds,0
2025-01-01,2025-01-31,London,QWE,NHS SOUTH WEST LONDON INTEGRATED CARE BOARD,RV5,SOUTH LONDON AND MAUDSLEY NHS FOUNDATION TRUST,MH062,South West London and St George's Mental Health NHS Trust (SLP),B05,Calls abandoned after 60 seconds,0
2025-01-01,2025-01-31,London,QWE,NHS SOUTH WEST LONDON INTEGRATED CARE BOARD,RV5,SOUTH LONDON AND MAUDSLEY NHS FOUNDATION TRUST,MH062,South West London and St George's Mental Health NHS Trust (SLP),B06,Total time to call answer (seconds),0
2025-01-01,2025-01-31,London,QWE,NHS SOUTH WEST LONDON INTEGRATED CARE BOARD,RV5,SOUTH LONDON AND MAUDSLEY NHS FOUNDATION TRUST,MH062,South West London and St George's Mental Health NHS Trust (SLP),B07,95th centile call answer time (seconds),0
2025-01-01,2025-01-31,London,QWE,NHS SOUTH WEST LONDON INTEGRATED CARE BOARD,RV5,SOUTH LONDON AND MAUDSLEY NHS FOUNDATION TRUST,MH062,South West London and St George's Mental Health NHS Trust (SLP),B09,Total time of abandoned calls (seconds),0
