REPORTING_PERIOD_START,REPORTING_PERIOD_END,REGION,ICB_CODE,ICB_NAME,ORG_CODE,ORG_NAME,CONTRACT_CODE,CONTRACT_NAME,METRIC_ID,METRIC_NAME,METRIC_VALUE
2025-07-01,2025-07-31,North East and Yorkshire,QOQ,NHS HUMBER AND NORTH YORKSHIRE INTEGRATED CARE BOARD,RV9,HUMBER TEACHING NHS FOUNDATION TRUST,MH027,HTFT CYP,A01,Number of calls received,871
2025-07-01,2025-07-31,North East and Yorkshire,QOQ,NHS HUMBER AND NORTH YORKSHIRE INTEGRATED CARE BOARD,RV9,HUMBER TEACHING NHS FOUNDATION TRUST,MH027,HTFT CYP,A02,Calls routed through IVR,0
2025-07-01,2025-07-31,North East and Yorkshire,QOQ,NHS HUMBER AND NORTH YORKSHIRE INTEGRATED CARE BOARD,RV9,HUMBER TEACHING NHS FOUNDATION TRUST,MH027,HTFT CYP,A03,Number of answered calls,604
2025-07-01,2025-07-31,North East and Yorkshire,QOQ,NHS HUMBER AND NORTH YORKSHIRE INTEGRATED CARE BOARD,RV9,HUMBER TEACHING NHS FOUNDATION TRUST,MH027,HTFT CYP,B01,Number of calls answered within 60 seconds,587
2025-07-01,2025-07-31,North East and Yorkshire,QOQ,NHS HUMBER AND NORTH YORKSHIRE INTEGRATED CARE BOARD,RV9,HUMBER TEACHING NHS FOUNDATION TRUST,MH027,HTFT CYP,B02,Number of calls abandoned,267
2025-07-01,2025-07-31,North East and Yorkshire,QOQ,NHS HUMBER AND NORTH YORKSHIRE INTEGRATED CARE BOARD,RV9,HUMBER TEACHING NHS FOUNDATION TRUST,MH027,HTFT CYP,B03,Calls abandoned in 30 seconds or less,222
2025-07-01,2025-07-31,North East and Yorkshire,QOQ,NHS HUMBER AND NORTH YORKSHIRE INTEGRATED CARE BOARD,RV9,HUMBER TEACHING NHS FOUNDATION TRUST,MH027,HTFT CYP,B04,Calls abandoned in over 30 seconds and up to and including 60 seconds,36
2025-07-01,2025-07-31,North East and Yorkshire,QOQ,NHS HUMBER AND NORTH YORKSHIRE INTEGRATED CARE BOARD,RV9,HUMBER TEACHING NHS FOUNDATION TRUST,MH027,HTFT CYP,B05,Calls abandoned after 60 seconds,9
2025-07-01,2025-07-31,North East and Yorkshire,QOQ,NHS HUMBER AND NORTH YORKSHIRE INTEGRATED CARE BOARD,RV9,HUMBER TEACHING NHS FOUNDATION TRUST,MH027,HTFT CYP,B06,Total time to call answer (seconds),15277
2025-07-01,2025-07-31,North East and Yorkshire,QOQ,NHS HUMBER AND NORTH YORKSHIRE INTEGRATED CARE BOARD,RV9,HUMBER TEACHING NHS FOUNDATION TRUST,MH027,HTFT CYP,B07,95th centile call answer time (seconds),42
2025-07-01,2025-07-31,North East and Yorkshire,QOQ,NHS HUMBER AND NORTH YORKSHIRE INTEGRATED CARE BOARD,RV9,HUMBER TEACHING NHS FOUNDATION TRUST,MH027,HTFT CYP,B09,Total time of abandoned calls (seconds),5338
2025-07-01,2025-07-31,North East and Yorkshire,QOQ,NHS HUMBER AND NORTH YORKSHIRE INTEGRATED CARE BOARD,RV9,HUMBER TEACHING NHS FOUNDATION TRUST,MH028,HTFT Adults,A01,Number of calls received,1710
2025-07-01,2025-07-31,North East and Yorkshire,QOQ,NHS HUMBER AND NORTH YORKSHIRE INTEGRATED CARE BOARD,RV9,HUMBER TEACHING NHS FOUNDATION TRUST,MH028,HTFT Adults,A02,Calls routed through IVR,748
2025-07-01,2025-07-31,North East and Yorkshire,QOQ,NHS HUMBER AND NORTH YORKSHIRE INTEGRATED CARE BOARD,RV9,HUMBER TEACHING NHS FOUNDATION TRUST,MH028,HTFT Adults,A03,Number of answered calls,1408
2025-07-01,2025-07-31,North East and Yorkshire,QOQ,NHS HUMBER AND NORTH YORKSHIRE INTEGRATED CARE BOARD,RV9,HUMBER TEACHING NHS FOUNDATION TRUST,MH028,HTFT Adults,B01,Number of calls answered within 60 seconds,1096
2025-07-01,2025-07-31,North East and Yorkshire,QOQ,NHS HUMBER AND NORTH YORKSHIRE INTEGRATED CARE BOARD,RV9,HUMBER TEACHING NHS FOUNDATION TRUST,MH028,HTFT Adults,B02,Number of calls abandoned,302
2025-07-01,2025-07-31,North East and Yorkshire,QOQ,NHS HUMBER AND NORTH YORKSHIRE INTEGRATED CARE BOARD,RV9,HUMBER TEACHING NHS FOUNDATION TRUST,MH028,HTFT Adults,B03,Calls abandoned in 30 seconds or less,117
2025-07-01,2025-07-31,North East and Yorkshire,QOQ,NHS HUMBER AND NORTH YORKSHIRE INTEGRATED CARE BOARD,RV9,HUMBER TEACHING NHS FOUNDATION TRUST,MH028,HTFT Adults,B04,Calls abandoned in over 30 seconds and up to and including 60 seconds,43
2025-07-01,2025-07-31,North East and Yorkshire,QOQ,NHS HUMBER AND NORTH YORKSHIRE INTEGRATED CARE BOARD,RV9,HUMBER TEACHING NHS FOUNDATION TRUST,MH028,HTFT Adults,B05,Calls abandoned after 60 seconds,142
2025-07-01,2025-07-31,North East and Yorkshire,QOQ,NHS HUMBER AND NORTH YORKSHIRE INTEGRATED CARE BOARD,RV9,HUMBER TEACHING NHS FOUNDATION TRUST,MH028,HTFT Adults,B06,Total time to call answer (seconds),129597
2025-07-01,2025-07-31,North East and Yorkshire,QOQ,NHS HUMBER AND NORTH YORKSHIRE INTEGRATED CARE BOARD,RV9,HUMBER TEACHING NHS FOUNDATION TRUST,MH028,HTFT Adults,B07,95th centile call answer time (seconds),426
2025-07-01,2025-07-31,North East and Yorkshire,QOQ,NHS HUMBER AND NORTH YORKSHIRE INTEGRATED CARE BOARD,RV9,HUMBER TEACHING NHS FOUNDATION TRUST,MH028,HTFT Adults,B09,Total time of abandoned calls (seconds),45391
2025-07-01,2025-07-31,Midlands,QPM,NHS NORTHAMPTONSHIRE INTEGRATED CARE BOARD,RP1,NORTHAMPTONSHIRE HEALTHCARE NHS FOUNDATION TRUST,MH050,Mental Health Northants (VCSE) Collaboration. (NMH),A01,Number of calls received,10272
2025-07-01,2025-07-31,Midlands,QPM,NHS NORTHAMPTONSHIRE INTEGRATED CARE BOARD,RP1,NORTHAMPTONSHIRE HEALTHCARE NHS FOUNDATION TRUST,MH050,Mental Health Northants (VCSE) Collaboration. (NMH),A02,Calls routed through IVR,650
2025-07-01,2025-07-31,Midlands,QPM,NHS NORTHAMPTONSHIRE INTEGRATED CARE BOARD,RP1,NORTHAMPTONSHIRE HEALTHCARE NHS FOUNDATION TRUST,MH050,Mental Health Northants (VCSE) Collaboration. (NMH),A03,Number of answered calls,6176
2025-07-01,2025-07-31,Midlands,QPM,NHS NORTHAMPTONSHIRE INTEGRATED CARE BOARD,RP1,NORTHAMPTONSHIRE HEALTHCARE NHS FOUNDATION TRUST,MH050,Mental Health Northants (VCSE) Collaboration. (NMH),B01,Number of calls answered within 60 seconds,3149
2025-07-01,2025-07-31,Midlands,QPM,NHS NORTHAMPTONSHIRE INTEGRATED CARE BOARD,RP1,NORTHAMPTONSHIRE HEALTHCARE NHS FOUNDATION TRUST,MH050,Mental Health Northants (VCSE) Collaboration. (NMH),B02,Number of calls abandoned,4096
2025-07-01,2025-07-31,Midlands,QPM,NHS NORTHAMPTONSHIRE INTEGRATED CARE BOARD,RP1,NORTHAMPTONSHIRE HEALTHCARE NHS FOUNDATION TRUST,MH050,Mental Health Northants (VCSE) Collaboration. (NMH),B03,Calls abandoned in 30 seconds or less,1637
2025-07-01,2025-07-31,Midlands,QPM,NHS NORTHAMPTONSHIRE INTEGRATED CARE BOARD,RP1,NORTHAMPTONSHIRE HEALTHCARE NHS FOUNDATION TRUST,MH050,Mental Health Northants (VCSE) Collaboration. (NMH),B04,Calls abandoned in over 30 seconds and up to and including 60 seconds,633
2025-07-01,2025-07-31,Midlands,QPM,NHS NORTHAMPTONSHIRE INTEGRATED CARE BOARD,RP1,NORTHAMPTONSHIRE HEALTHCARE NHS FOUNDATION TRUST,MH050,Mental Health Northants (VCSE) Collaboration. (NMH),B05,Calls abandoned after 60 seconds,1826
2025-07-01,2025-07-31,Midlands,QPM,NHS NORTHAMPTONSHIRE INTEGRATED CARE BOARD,RP1,NORTHAMPTONSHIRE HEALTHCARE NHS FOUNDATION TRUST,MH050,Mental Health Northants (VCSE) Collaboration. (NMH),B06,Total time to call answer (seconds),1978155
2025-07-01,2025-07-31,Midlands,QPM,NHS NORTHAMPTONSHIRE INTEGRATED CARE BOARD,RP1,NORTHAMPTONSHIRE HEALTHCARE NHS FOUNDATION TRUST,MH050,Mental Health Northants (VCSE) Collaboration. (NMH),B07,95th centile call answer time (seconds),1590
2025-07-01,2025-07-31,Midlands,QPM,NHS NORTHAMPTONSHIRE INTEGRATED CARE BOARD,RP1,NORTHAMPTONSHIRE HEALTHCARE NHS FOUNDATION TRUST,MH050,Mental Health Northants (VCSE) Collaboration. (NMH),B09,Total time of abandoned calls (seconds),1105824
2025-07-01,2025-07-31,North East and Yorkshire,QOQ,NHS HUMBER AND NORTH YORKSHIRE INTEGRATED CARE BOARD,NQL,NAVIGO HEALTH AND SOCIAL CARE CIC,MH040,Navigo from Adult to All Age,A01,Number of calls received,5270
2025-07-01,2025-07-31,North East and Yorkshire,QOQ,NHS HUMBER AND NORTH YORKSHIRE INTEGRATED CARE BOARD,NQL,NAVIGO HEALTH AND SOCIAL CARE CIC,MH040,Navigo from Adult to All Age,A02,Calls routed through IVR,221
2025-07-01,2025-07-31,North East and Yorkshire,QOQ,NHS HUMBER AND NORTH YORKSHIRE INTEGRATED CARE BOARD,NQL,NAVIGO HEALTH AND SOCIAL CARE CIC,MH040,Navigo from Adult to All Age,A03,Number of answered calls,2857
2025-07-01,2025-07-31,North East and Yorkshire,QOQ,NHS HUMBER AND NORTH YORKSHIRE INTEGRATED CARE BOARD,NQL,NAVIGO HEALTH AND SOCIAL CARE CIC,MH040,Navigo from Adult to All Age,B01,Number of calls answered within 60 seconds,1708
2025-07-01,2025-07-31,North East and Yorkshire,QOQ,NHS HUMBER AND NORTH YORKSHIRE INTEGRATED CARE BOARD,NQL,NAVIGO HEALTH AND SOCIAL CARE CIC,MH040,Navigo from Adult to All Age,B02,Number of calls abandoned,1419
2025-07-01,2025-07-31,North East and Yorkshire,QOQ,NHS HUMBER AND NORTH YORKSHIRE INTEGRATED CARE BOARD,NQL,NAVIGO HEALTH AND SOCIAL CARE CIC,MH040,Navigo from Adult to All Age,B03,Calls abandoned in 30 seconds or less,1051
2025-07-01,2025-07-31,North East and Yorkshire,QOQ,NHS HUMBER AND NORTH YORKSHIRE INTEGRATED CARE BOARD,NQL,NAVIGO HEALTH AND SOCIAL CARE CIC,MH040,Navigo from Adult to All Age,B04,Calls abandoned in over 30 seconds and up to and including 60 seconds,67
2025-07-01,2025-07-31,North East and Yorkshire,QOQ,NHS HUMBER AND NORTH YORKSHIRE INTEGRATED CARE BOARD,NQL,NAVIGO HEALTH AND SOCIAL CARE CIC,MH040,Navigo from Adult to All Age,B05,Calls abandoned after 60 seconds,301
2025-07-01,2025-07-31,North East and Yorkshire,QOQ,NHS HUMBER AND NORTH YORKSHIRE INTEGRATED CARE BOARD,NQL,NAVIGO HEALTH AND SOCIAL CARE CIC,MH040,Navigo from Adult to All Age,B06,Total time to call answer (seconds),482872
2025-07-01,2025-07-31,North East and Yorkshire,QOQ,NHS HUMBER AND NORTH YORKSHIRE INTEGRATED CARE BOARD,NQL,NAVIGO HEALTH AND SOCIAL CARE CIC,MH040,Navigo from Adult to All Age,B07,95th centile call answer time (seconds),465
2025-07-01,2025-07-31,North East and Yorkshire,QOQ,NHS HUMBER AND NORTH YORKSHIRE INTEGRATED CARE BOARD,NQL,NAVIGO HEALTH AND SOCIAL CARE CIC,MH040,Navigo from Adult to All Age,B09,Total time of abandoned calls (seconds),88933
2025-07-01,2025-07-31,East of England,QJG,NHS SUFFOLK AND NORTH EAST ESSEX INTEGRATED CARE BOARD,RMY,NORFOLK AND SUFFOLK NHS FOUNDATION TRUST,MH078,NSFT(Suffolk) MH Helpline,A01,Number of calls received,3321
2025-07-01,2025-07-31,East of England,QJG,NHS SUFFOLK AND NORTH EAST ESSEX INTEGRATED CARE BOARD,RMY,NORFOLK AND SUFFOLK NHS FOUNDATION TRUST,MH078,NSFT(Suffolk) MH Helpline,A02,Calls routed through IVR,3321
2025-07-01,2025-07-31,East of England,QJG,NHS SUFFOLK AND NORTH EAST ESSEX INTEGRATED CARE BOARD,RMY,NORFOLK AND SUFFOLK NHS FOUNDATION TRUST,MH078,NSFT(Suffolk) MH Helpline,A03,Number of answered calls,2219
2025-07-01,2025-07-31,East of England,QJG,NHS SUFFOLK AND NORTH EAST ESSEX INTEGRATED CARE BOARD,RMY,NORFOLK AND SUFFOLK NHS FOUNDATION TRUST,MH078,NSFT(Suffolk) MH Helpline,B01,Number of calls answered within 60 seconds,1389
2025-07-01,2025-07-31,East of England,QJG,NHS SUFFOLK AND NORTH EAST ESSEX INTEGRATED CARE BOARD,RMY,NORFOLK AND SUFFOLK NHS FOUNDATION TRUST,MH078,NSFT(Suffolk) MH Helpline,B02,Number of calls abandoned,1102
2025-07-01,2025-07-31,East of England,QJG,NHS SUFFOLK AND NORTH EAST ESSEX INTEGRATED CARE BOARD,RMY,NORFOLK AND SUFFOLK NHS FOUNDATION TRUST,MH078,NSFT(Suffolk) MH Helpline,B03,Calls abandoned in 30 seconds or less,142
2025-07-01,2025-07-31,East of England,QJG,NHS SUFFOLK AND NORTH EAST ESSEX INTEGRATED CARE BOARD,RMY,NORFOLK AND SUFFOLK NHS FOUNDATION TRUST,MH078,NSFT(Suffolk) MH Helpline,B04,Calls abandoned in over 30 seconds and up to and including 60 seconds,132
2025-07-01,2025-07-31,East of England,QJG,NHS SUFFOLK AND NORTH EAST ESSEX INTEGRATED CARE BOARD,RMY,NORFOLK AND SUFFOLK NHS FOUNDATION TRUST,MH078,NSFT(Suffolk) MH Helpline,B05,Calls abandoned after 60 seconds,828
2025-07-01,2025-07-31,East of England,QJG,NHS SUFFOLK AND NORTH EAST ESSEX INTEGRATED CARE BOARD,RMY,NORFOLK AND SUFFOLK NHS FOUNDATION TRUST,MH078,NSFT(Suffolk) MH Helpline,B06,Total time to call answer (seconds),709510
2025-07-01,2025-07-31,East of England,QJG,NHS SUFFOLK AND NORTH EAST ESSEX INTEGRATED CARE BOARD,RMY,NORFOLK AND SUFFOLK NHS FOUNDATION TRUST,MH078,NSFT(Suffolk) MH Helpline,B07,95th centile call answer time (seconds),1547
2025-07-01,2025-07-31,East of England,QJG,NHS SUFFOLK AND NORTH EAST ESSEX INTEGRATED CARE BOARD,RMY,NORFOLK AND SUFFOLK NHS FOUNDATION TRUST,MH078,NSFT(Suffolk) MH Helpline,B09,Total time of abandoned calls (seconds),375797
2025-07-01,2025-07-31,East of England,QMM,NHS NORFOLK AND WAVENEY INTEGRATED CARE BOARD,RMY,NORFOLK AND SUFFOLK NHS FOUNDATION TRUST,MH079,NSFT(Norfolk) MH Helpline,A01,Number of calls received,3959
2025-07-01,2025-07-31,East of England,QMM,NHS NORFOLK AND WAVENEY INTEGRATED CARE BOARD,RMY,NORFOLK AND SUFFOLK NHS FOUNDATION TRUST,MH079,NSFT(Norfolk) MH Helpline,A02,Calls routed through IVR,3959
2025-07-01,2025-07-31,East of England,QMM,NHS NORFOLK AND WAVENEY INTEGRATED CARE BOARD,RMY,NORFOLK AND SUFFOLK NHS FOUNDATION TRUST,MH079,NSFT(Norfolk) MH Helpline,A03,Number of answered calls,2730
2025-07-01,2025-07-31,East of England,QMM,NHS NORFOLK AND WAVENEY INTEGRATED CARE BOARD,RMY,NORFOLK AND SUFFOLK NHS FOUNDATION TRUST,MH079,NSFT(Norfolk) MH Helpline,B01,Number of calls answered within 60 seconds,1714
2025-07-01,2025-07-31,East of England,QMM,NHS NORFOLK AND WAVENEY INTEGRATED CARE BOARD,RMY,NORFOLK AND SUFFOLK NHS FOUNDATION TRUST,MH079,NSFT(Norfolk) MH Helpline,B02,Number of calls abandoned,1229
2025-07-01,2025-07-31,East of England,QMM,NHS NORFOLK AND WAVENEY INTEGRATED CARE BOARD,RMY,NORFOLK AND SUFFOLK NHS FOUNDATION TRUST,MH079,NSFT(Norfolk) MH Helpline,B03,Calls abandoned in 30 seconds or less,350
2025-07-01,2025-07-31,East of England,QMM,NHS NORFOLK AND WAVENEY INTEGRATED CARE BOARD,RMY,NORFOLK AND SUFFOLK NHS FOUNDATION TRUST,MH079,NSFT(Norfolk) MH Helpline,B04,Calls abandoned in over 30 seconds and up to and including 60 seconds,122
2025-07-01,2025-07-31,East of England,QMM,NHS NORFOLK AND WAVENEY INTEGRATED CARE BOARD,RMY,NORFOLK AND SUFFOLK NHS FOUNDATION TRUST,MH079,NSFT(Norfolk) MH Helpline,B05,Calls abandoned after 60 seconds,757
2025-07-01,2025-07-31,East of England,QMM,NHS NORFOLK AND WAVENEY INTEGRATED CARE BOARD,RMY,NORFOLK AND SUFFOLK NHS FOUNDATION TRUST,MH079,NSFT(Norfolk) MH Helpline,B06,Total time to call answer (seconds),846559
2025-07-01,2025-07-31,East of England,QMM,NHS NORFOLK AND WAVENEY INTEGRATED CARE BOARD,RMY,NORFOLK AND SUFFOLK NHS FOUNDATION TRUST,MH079,NSFT(Norfolk) MH Helpline,B07,95th centile call answer time (seconds),1449
2025-07-01,2025-07-31,East of England,QMM,NHS NORFOLK AND WAVENEY INTEGRATED CARE BOARD,RMY,NORFOLK AND SUFFOLK NHS FOUNDATION TRUST,MH079,NSFT(Norfolk) MH Helpline,B09,Total time of abandoned calls (seconds),329273
2025-07-01,2025-07-31,North East and Yorkshire,QF7,NHS SOUTH YORKSHIRE INTEGRATED CARE BOARD,RCU,SHEFFIELD CHILDREN'S NHS FOUNDATION TRUST,MH075,Papyus,A01,Number of calls received,19
2025-07-01,2025-07-31,North East and Yorkshire,QF7,NHS SOUTH YORKSHIRE INTEGRATED CARE BOARD,RCU,SHEFFIELD CHILDREN'S NHS FOUNDATION TRUST,MH075,Papyus,A02,Calls routed through IVR,14
2025-07-01,2025-07-31,North East and Yorkshire,QF7,NHS SOUTH YORKSHIRE INTEGRATED CARE BOARD,RCU,SHEFFIELD CHILDREN'S NHS FOUNDATION TRUST,MH075,Papyus,A03,Number of answered calls,11
2025-07-01,2025-07-31,North East and Yorkshire,QF7,NHS SOUTH YORKSHIRE INTEGRATED CARE BOARD,RCU,SHEFFIELD CHILDREN'S NHS FOUNDATION TRUST,MH075,Papyus,B01,Number of calls answered within 60 seconds,10
2025-07-01,2025-07-31,North East and Yorkshire,QF7,NHS SOUTH YORKSHIRE INTEGRATED CARE BOARD,RCU,SHEFFIELD CHILDREN'S NHS FOUNDATION TRUST,MH075,Papyus,B02,Number of calls abandoned,8
2025-07-01,2025-07-31,North East and Yorkshire,QF7,NHS SOUTH YORKSHIRE INTEGRATED CARE BOARD,RCU,SHEFFIELD CHILDREN'S NHS FOUNDATION TRUST,MH075,Papyus,B03,Calls abandoned in 30 seconds or less,0
2025-07-01,2025-07-31,North East and Yorkshire,QF7,NHS SOUTH YORKSHIRE INTEGRATED CARE BOARD,RCU,SHEFFIELD CHILDREN'S NHS FOUNDATION TRUST,MH075,Papyus,B04,Calls abandoned in over 30 seconds and up to and including 60 seconds,6
2025-07-01,2025-07-31,North East and Yorkshire,QF7,NHS SOUTH YORKSHIRE INTEGRATED CARE BOARD,RCU,SHEFFIELD CHILDREN'S NHS FOUNDATION TRUST,MH075,Papyus,B05,Calls abandoned after 60 seconds,2
2025-07-01,2025-07-31,North East and Yorkshire,QF7,NHS SOUTH YORKSHIRE INTEGRATED CARE BOARD,RCU,SHEFFIELD CHILDREN'S NHS FOUNDATION TRUST,MH075,Papyus,B06,Total time to call answer (seconds),107
2025-07-01,2025-07-31,North East and Yorkshire,QF7,NHS SOUTH YORKSHIRE INTEGRATED CARE BOARD,RCU,SHEFFIELD CHILDREN'S NHS FOUNDATION TRUST,MH075,Papyus,B07,95th centile call answer time (seconds),28
2025-07-01,2025-07-31,North East and Yorkshire,QF7,NHS SOUTH YORKSHIRE INTEGRATED CARE BOARD,RCU,SHEFFIELD CHILDREN'S NHS FOUNDATION TRUST,MH075,Papyus,B09,Total time of abandoned calls (seconds),1740
2025-07-01,2025-07-31,East of England,QM7,NHS HERTFORDSHIRE AND WEST ESSEX INTEGRATED CARE BOARD,RWR,HERTFORDSHIRE PARTNERSHIP UNIVERSITY NHS FOUNDATION TRUST,MH026,HPFT,A01,Number of calls received,961
2025-07-01,2025-07-31,East of England,QM7,NHS HERTFORDSHIRE AND WEST ESSEX INTEGRATED CARE BOARD,RWR,HERTFORDSHIRE PARTNERSHIP UNIVERSITY NHS FOUNDATION TRUST,MH026,HPFT,A02,Calls routed through IVR,961
2025-07-01,2025-07-31,East of England,QM7,NHS HERTFORDSHIRE AND WEST ESSEX INTEGRATED CARE BOARD,RWR,HERTFORDSHIRE PARTNERSHIP UNIVERSITY NHS FOUNDATION TRUST,MH026,HPFT,A03,Number of answered calls,522
2025-07-01,2025-07-31,East of England,QM7,NHS HERTFORDSHIRE AND WEST ESSEX INTEGRATED CARE BOARD,RWR,HERTFORDSHIRE PARTNERSHIP UNIVERSITY NHS FOUNDATION TRUST,MH026,HPFT,B01,Number of calls answered within 60 seconds,185
2025-07-01,2025-07-31,East of England,QM7,NHS HERTFORDSHIRE AND WEST ESSEX INTEGRATED CARE BOARD,RWR,HERTFORDSHIRE PARTNERSHIP UNIVERSITY NHS FOUNDATION TRUST,MH026,HPFT,B02,Number of calls abandoned,439
2025-07-01,2025-07-31,East of England,QM7,NHS HERTFORDSHIRE AND WEST ESSEX INTEGRATED CARE BOARD,RWR,HERTFORDSHIRE PARTNERSHIP UNIVERSITY NHS FOUNDATION TRUST,MH026,HPFT,B03,Calls abandoned in 30 seconds or less,34
2025-07-01,2025-07-31,East of England,QM7,NHS HERTFORDSHIRE AND WEST ESSEX INTEGRATED CARE BOARD,RWR,HERTFORDSHIRE PARTNERSHIP UNIVERSITY NHS FOUNDATION TRUST,MH026,HPFT,B04,Calls abandoned in over 30 seconds and up to and including 60 seconds,24
2025-07-01,2025-07-31,East of England,QM7,NHS HERTFORDSHIRE AND WEST ESSEX INTEGRATED CARE BOARD,RWR,HERTFORDSHIRE PARTNERSHIP UNIVERSITY NHS FOUNDATION TRUST,MH026,HPFT,B05,Calls abandoned after 60 seconds,381
2025-07-01,2025-07-31,East of England,QM7,NHS HERTFORDSHIRE AND WEST ESSEX INTEGRATED CARE BOARD,RWR,HERTFORDSHIRE PARTNERSHIP UNIVERSITY NHS FOUNDATION TRUST,MH026,HPFT,B06,Total time to call answer (seconds),626011
2025-07-01,2025-07-31,East of England,QM7,NHS HERTFORDSHIRE AND WEST ESSEX INTEGRATED CARE BOARD,RWR,HERTFORDSHIRE PARTNERSHIP UNIVERSITY NHS FOUNDATION TRUST,MH026,HPFT,B07,95th centile call answer time (seconds),2171
2025-07-01,2025-07-31,East of England,QM7,NHS HERTFORDSHIRE AND WEST ESSEX INTEGRATED CARE BOARD,RWR,HERTFORDSHIRE PARTNERSHIP UNIVERSITY NHS FOUNDATION TRUST,MH026,HPFT,B09,Total time of abandoned calls (seconds),330245
2025-07-01,2025-07-31,North East and Yorkshire,QWO,NHS WEST YORKSHIRE INTEGRATED CARE BOARD,RY6,LEEDS COMMUNITY HEALTHCARE NHS TRUST,MH071,CYP Crisis Line - Leeds (LCAHMS),A01,Number of calls received,421
2025-07-01,2025-07-31,North East and Yorkshire,QWO,NHS WEST YORKSHIRE INTEGRATED CARE BOARD,RY6,LEEDS COMMUNITY HEALTHCARE NHS TRUST,MH071,CYP Crisis Line - Leeds (LCAHMS),A02,Calls routed through IVR,-
2025-07-01,2025-07-31,North East and Yorkshire,QWO,NHS WEST YORKSHIRE INTEGRATED CARE BOARD,RY6,LEEDS COMMUNITY HEALTHCARE NHS TRUST,MH071,CYP Crisis Line - Leeds (LCAHMS),A03,Number of answered calls,352
2025-07-01,2025-07-31,North East and Yorkshire,QWO,NHS WEST YORKSHIRE INTEGRATED CARE BOARD,RY6,LEEDS COMMUNITY HEALTHCARE NHS TRUST,MH071,CYP Crisis Line - Leeds (LCAHMS),B01,Number of calls answered within 60 seconds,301
2025-07-01,2025-07-31,North East and Yorkshire,QWO,NHS WEST YORKSHIRE INTEGRATED CARE BOARD,RY6,LEEDS COMMUNITY HEALTHCARE NHS TRUST,MH071,CYP Crisis Line - Leeds (LCAHMS),B02,Number of calls abandoned,69
2025-07-01,2025-07-31,North East and Yorkshire,QWO,NHS WEST YORKSHIRE INTEGRATED CARE BOARD,RY6,LEEDS COMMUNITY HEALTHCARE NHS TRUST,MH071,CYP Crisis Line - Leeds (LCAHMS),B03,Calls abandoned in 30 seconds or less,23
2025-07-01,2025-07-31,North East and Yorkshire,QWO,NHS WEST YORKSHIRE INTEGRATED CARE BOARD,RY6,LEEDS COMMUNITY HEALTHCARE NHS TRUST,MH071,CYP Crisis Line - Leeds (LCAHMS),B04,Calls abandoned in over 30 seconds and up to and including 60 seconds,9
2025-07-01,2025-07-31,North East and Yorkshire,QWO,NHS WEST YORKSHIRE INTEGRATED CARE BOARD,RY6,LEEDS COMMUNITY HEALTHCARE NHS TRUST,MH071,CYP Crisis Line - Leeds (LCAHMS),B05,Calls abandoned after 60 seconds,37
2025-07-01,2025-07-31,North East and Yorkshire,QWO,NHS WEST YORKSHIRE INTEGRATED CARE BOARD,RY6,LEEDS COMMUNITY HEALTHCARE NHS TRUST,MH071,CYP Crisis Line - Leeds (LCAHMS),B06,Total time to call answer (seconds),22528
2025-07-01,2025-07-31,North East and Yorkshire,QWO,NHS WEST YORKSHIRE INTEGRATED CARE BOARD,RY6,LEEDS COMMUNITY HEALTHCARE NHS TRUST,MH071,CYP Crisis Line - Leeds (LCAHMS),B07,95th centile call answer time (seconds),-
2025-07-01,2025-07-31,North East and Yorkshire,QWO,NHS WEST YORKSHIRE INTEGRATED CARE BOARD,RY6,LEEDS COMMUNITY HEALTHCARE NHS TRUST,MH071,CYP Crisis Line - Leeds (LCAHMS),B09,Total time of abandoned calls (seconds),16146
2025-07-01,2025-07-31,North West,QE1,NHS LANCASHIRE AND SOUTH CUMBRIA INTEGRATED CARE BOARD,RW5,LANCASHIRE & SOUTH CUMBRIA NHS FOUNDATION TRUST,MH030,LSCFT IRS,A01,Number of calls received,1935
2025-07-01,2025-07-31,North West,QE1,NHS LANCASHIRE AND SOUTH CUMBRIA INTEGRATED CARE BOARD,RW5,LANCASHIRE & SOUTH CUMBRIA NHS FOUNDATION TRUST,MH030,LSCFT IRS,A02,Calls routed through IVR,1935
2025-07-01,2025-07-31,North West,QE1,NHS LANCASHIRE AND SOUTH CUMBRIA INTEGRATED CARE BOARD,RW5,LANCASHIRE & SOUTH CUMBRIA NHS FOUNDATION TRUST,MH030,LSCFT IRS,A03,Number of answered calls,1425
2025-07-01,2025-07-31,North West,QE1,NHS LANCASHIRE AND SOUTH CUMBRIA INTEGRATED CARE BOARD,RW5,LANCASHIRE & SOUTH CUMBRIA NHS FOUNDATION TRUST,MH030,LSCFT IRS,B01,Number of calls answered within 60 seconds,949
2025-07-01,2025-07-31,North West,QE1,NHS LANCASHIRE AND SOUTH CUMBRIA INTEGRATED CARE BOARD,RW5,LANCASHIRE & SOUTH CUMBRIA NHS FOUNDATION TRUST,MH030,LSCFT IRS,B02,Number of calls abandoned,510
2025-07-01,2025-07-31,North West,QE1,NHS LANCASHIRE AND SOUTH CUMBRIA INTEGRATED CARE BOARD,RW5,LANCASHIRE & SOUTH CUMBRIA NHS FOUNDATION TRUST,MH030,LSCFT IRS,B03,Calls abandoned in 30 seconds or less,201
2025-07-01,2025-07-31,North West,QE1,NHS LANCASHIRE AND SOUTH CUMBRIA INTEGRATED CARE BOARD,RW5,LANCASHIRE & SOUTH CUMBRIA NHS FOUNDATION TRUST,MH030,LSCFT IRS,B04,Calls abandoned in over 30 seconds and up to and including 60 seconds,26
2025-07-01,2025-07-31,North West,QE1,NHS LANCASHIRE AND SOUTH CUMBRIA INTEGRATED CARE BOARD,RW5,LANCASHIRE & SOUTH CUMBRIA NHS FOUNDATION TRUST,MH030,LSCFT IRS,B05,Calls abandoned after 60 seconds,283
2025-07-01,2025-07-31,North West,QE1,NHS LANCASHIRE AND SOUTH CUMBRIA INTEGRATED CARE BOARD,RW5,LANCASHIRE & SOUTH CUMBRIA NHS FOUNDATION TRUST,MH030,LSCFT IRS,B06,Total time to call answer (seconds),209402
2025-07-01,2025-07-31,North West,QE1,NHS LANCASHIRE AND SOUTH CUMBRIA INTEGRATED CARE BOARD,RW5,LANCASHIRE & SOUTH CUMBRIA NHS FOUNDATION TRUST,MH030,LSCFT IRS,B07,95th centile call answer time (seconds),758
2025-07-01,2025-07-31,North West,QE1,NHS LANCASHIRE AND SOUTH CUMBRIA INTEGRATED CARE BOARD,RW5,LANCASHIRE & SOUTH CUMBRIA NHS FOUNDATION TRUST,MH030,LSCFT IRS,B09,Total time of abandoned calls (seconds),106904
2025-07-01,2025-07-31,North West,QYG,NHS CHESHIRE AND MERSEYSIDE INTEGRATED CARE BOARD,RW4,MERSEY CARE NHS FOUNDATION TRUST,MH035,All Age MH Crisis Service,A01,Number of calls received,6920
2025-07-01,2025-07-31,North West,QYG,NHS CHESHIRE AND MERSEYSIDE INTEGRATED CARE BOARD,RW4,MERSEY CARE NHS FOUNDATION TRUST,MH035,All Age MH Crisis Service,A02,Calls routed through IVR,-
2025-07-01,2025-07-31,North West,QYG,NHS CHESHIRE AND MERSEYSIDE INTEGRATED CARE BOARD,RW4,MERSEY CARE NHS FOUNDATION TRUST,MH035,All Age MH Crisis Service,A03,Number of answered calls,4111
2025-07-01,2025-07-31,North West,QYG,NHS CHESHIRE AND MERSEYSIDE INTEGRATED CARE BOARD,RW4,MERSEY CARE NHS FOUNDATION TRUST,MH035,All Age MH Crisis Service,B01,Number of calls answered within 60 seconds,2805
2025-07-01,2025-07-31,North West,QYG,NHS CHESHIRE AND MERSEYSIDE INTEGRATED CARE BOARD,RW4,MERSEY CARE NHS FOUNDATION TRUST,MH035,All Age MH Crisis Service,B02,Number of calls abandoned,940
2025-07-01,2025-07-31,North West,QYG,NHS CHESHIRE AND MERSEYSIDE INTEGRATED CARE BOARD,RW4,MERSEY CARE NHS FOUNDATION TRUST,MH035,All Age MH Crisis Service,B03,Calls abandoned in 30 seconds or less,128
2025-07-01,2025-07-31,North West,QYG,NHS CHESHIRE AND MERSEYSIDE INTEGRATED CARE BOARD,RW4,MERSEY CARE NHS FOUNDATION TRUST,MH035,All Age MH Crisis Service,B04,Calls abandoned in over 30 seconds and up to and including 60 seconds,163
2025-07-01,2025-07-31,North West,QYG,NHS CHESHIRE AND MERSEYSIDE INTEGRATED CARE BOARD,RW4,MERSEY CARE NHS FOUNDATION TRUST,MH035,All Age MH Crisis Service,B05,Calls abandoned after 60 seconds,649
2025-07-01,2025-07-31,North West,QYG,NHS CHESHIRE AND MERSEYSIDE INTEGRATED CARE BOARD,RW4,MERSEY CARE NHS FOUNDATION TRUST,MH035,All Age MH Crisis Service,B06,Total time to call answer (seconds),2577597
2025-07-01,2025-07-31,North West,QYG,NHS CHESHIRE AND MERSEYSIDE INTEGRATED CARE BOARD,RW4,MERSEY CARE NHS FOUNDATION TRUST,MH035,All Age MH Crisis Service,B07,95th centile call answer time (seconds),-
2025-07-01,2025-07-31,North West,QYG,NHS CHESHIRE AND MERSEYSIDE INTEGRATED CARE BOARD,RW4,MERSEY CARE NHS FOUNDATION TRUST,MH035,All Age MH Crisis Service,B09,Total time of abandoned calls (seconds),498200
2025-07-01,2025-07-31,North East and Yorkshire,QWO,NHS WEST YORKSHIRE INTEGRATED CARE BOARD,RXG,SOUTH WEST YORKSHIRE PARTNERSHIP NHS FOUNDATION TRUST,MH069,CYP C&K (CKCAHMS),A01,Number of calls received,5
2025-07-01,2025-07-31,North East and Yorkshire,QWO,NHS WEST YORKSHIRE INTEGRATED CARE BOARD,RXG,SOUTH WEST YORKSHIRE PARTNERSHIP NHS FOUNDATION TRUST,MH069,CYP C&K (CKCAHMS),A02,Calls routed through IVR,0
2025-07-01,2025-07-31,North East and Yorkshire,QWO,NHS WEST YORKSHIRE INTEGRATED CARE BOARD,RXG,SOUTH WEST YORKSHIRE PARTNERSHIP NHS FOUNDATION TRUST,MH069,CYP C&K (CKCAHMS),A03,Number of answered calls,5
2025-07-01,2025-07-31,North East and Yorkshire,QWO,NHS WEST YORKSHIRE INTEGRATED CARE BOARD,RXG,SOUTH WEST YORKSHIRE PARTNERSHIP NHS FOUNDATION TRUST,MH069,CYP C&K (CKCAHMS),B01,Number of calls answered within 60 seconds,0
2025-07-01,2025-07-31,North East and Yorkshire,QWO,NHS WEST YORKSHIRE INTEGRATED CARE BOARD,RXG,SOUTH WEST YORKSHIRE PARTNERSHIP NHS FOUNDATION TRUST,MH069,CYP C&K (CKCAHMS),B02,Number of calls abandoned,0
2025-07-01,2025-07-31,North East and Yorkshire,QWO,NHS WEST YORKSHIRE INTEGRATED CARE BOARD,RXG,SOUTH WEST YORKSHIRE PARTNERSHIP NHS FOUNDATION TRUST,MH069,CYP C&K (CKCAHMS),B03,Calls abandoned in 30 seconds or less,0
2025-07-01,2025-07-31,North East and Yorkshire,QWO,NHS WEST YORKSHIRE INTEGRATED CARE BOARD,RXG,SOUTH WEST YORKSHIRE PARTNERSHIP NHS FOUNDATION TRUST,MH069,CYP C&K (CKCAHMS),B04,Calls abandoned in over 30 seconds and up to and including 60 seconds,0
2025-07-01,2025-07-31,North East and Yorkshire,QWO,NHS WEST YORKSHIRE INTEGRATED CARE BOARD,RXG,SOUTH WEST YORKSHIRE PARTNERSHIP NHS FOUNDATION TRUST,MH069,CYP C&K (CKCAHMS),B05,Calls abandoned after 60 seconds,0
2025-07-01,2025-07-31,North East and Yorkshire,QWO,NHS WEST YORKSHIRE INTEGRATED CARE BOARD,RXG,SOUTH WEST YORKSHIRE PARTNERSHIP NHS FOUNDATION TRUST,MH069,CYP C&K (CKCAHMS),B06,Total time to call answer (seconds),0
2025-07-01,2025-07-31,North East and Yorkshire,QWO,NHS WEST YORKSHIRE INTEGRATED CARE BOARD,RXG,SOUTH WEST YORKSHIRE PARTNERSHIP NHS FOUNDATION TRUST,MH069,CYP C&K (CKCAHMS),B07,95th centile call answer time (seconds),0
2025-07-01,2025-07-31,North East and Yorkshire,QWO,NHS WEST YORKSHIRE INTEGRATED CARE BOARD,RXG,SOUTH WEST YORKSHIRE PARTNERSHIP NHS FOUNDATION TRUST,MH069,CYP C&K (CKCAHMS),B09,Total time of abandoned calls (seconds),0
2025-07-01,2025-07-31,North East and Yorkshire,QWO,NHS WEST YORKSHIRE INTEGRATED CARE BOARD,RXG,SOUTH WEST YORKSHIRE PARTNERSHIP NHS FOUNDATION TRUST,MH070,CYP Wakefield (WCAHMS),A01,Number of calls received,0
2025-07-01,2025-07-31,North East and Yorkshire,QWO,NHS WEST YORKSHIRE INTEGRATED CARE BOARD,RXG,SOUTH WEST YORKSHIRE PARTNERSHIP NHS FOUNDATION TRUST,MH070,CYP Wakefield (WCAHMS),A02,Calls routed through IVR,0
2025-07-01,2025-07-31,North East and Yorkshire,QWO,NHS WEST YORKSHIRE INTEGRATED CARE BOARD,RXG,SOUTH WEST YORKSHIRE PARTNERSHIP NHS FOUNDATION TRUST,MH070,CYP Wakefield (WCAHMS),A03,Number of answered calls,0
2025-07-01,2025-07-31,North East and Yorkshire,QWO,NHS WEST YORKSHIRE INTEGRATED CARE BOARD,RXG,SOUTH WEST YORKSHIRE PARTNERSHIP NHS FOUNDATION TRUST,MH070,CYP Wakefield (WCAHMS),B01,Number of calls answered within 60 seconds,0
2025-07-01,2025-07-31,North East and Yorkshire,QWO,NHS WEST YORKSHIRE INTEGRATED CARE BOARD,RXG,SOUTH WEST YORKSHIRE PARTNERSHIP NHS FOUNDATION TRUST,MH070,CYP Wakefield (WCAHMS),B02,Number of calls abandoned,0
2025-07-01,2025-07-31,North East and Yorkshire,QWO,NHS WEST YORKSHIRE INTEGRATED CARE BOARD,RXG,SOUTH WEST YORKSHIRE PARTNERSHIP NHS FOUNDATION TRUST,MH070,CYP Wakefield (WCAHMS),B03,Calls abandoned in 30 seconds or less,0
2025-07-01,2025-07-31,North East and Yorkshire,QWO,NHS WEST YORKSHIRE INTEGRATED CARE BOARD,RXG,SOUTH WEST YORKSHIRE PARTNERSHIP NHS FOUNDATION TRUST,MH070,CYP Wakefield (WCAHMS),B04,Calls abandoned in over 30 seconds and up to and including 60 seconds,0
2025-07-01,2025-07-31,North East and Yorkshire,QWO,NHS WEST YORKSHIRE INTEGRATED CARE BOARD,RXG,SOUTH WEST YORKSHIRE PARTNERSHIP NHS FOUNDATION TRUST,MH070,CYP Wakefield (WCAHMS),B05,Calls abandoned after 60 seconds,0
2025-07-01,2025-07-31,North East and Yorkshire,QWO,NHS WEST YORKSHIRE INTEGRATED CARE BOARD,RXG,SOUTH WEST YORKSHIRE PARTNERSHIP NHS FOUNDATION TRUST,MH070,CYP Wakefield (WCAHMS),B06,Total time to call answer (seconds),0
2025-07-01,2025-07-31,North East and Yorkshire,QWO,NHS WEST YORKSHIRE INTEGRATED CARE BOARD,RXG,SOUTH WEST YORKSHIRE PARTNERSHIP NHS FOUNDATION TRUST,MH070,CYP Wakefield (WCAHMS),B07,95th centile call answer time (seconds),0
2025-07-01,2025-07-31,North East and Yorkshire,QWO,NHS WEST YORKSHIRE INTEGRATED CARE BOARD,RXG,SOUTH WEST YORKSHIRE PARTNERSHIP NHS FOUNDATION TRUST,MH070,CYP Wakefield (WCAHMS),B09,Total time of abandoned calls (seconds),0
2025-07-01,2025-07-31,South West,QJK,NHS DEVON INTEGRATED CARE BOARD,NR5,LIVEWELL SOUTHWEST,MH034,Livewell Southwest MH Crisis Line (Livewell),A01,Number of calls received,2048
2025-07-01,2025-07-31,South West,QJK,NHS DEVON INTEGRATED CARE BOARD,NR5,LIVEWELL SOUTHWEST,MH034,Livewell Southwest MH Crisis Line (Livewell),A02,Calls routed through IVR,1478
2025-07-01,2025-07-31,South West,QJK,NHS DEVON INTEGRATED CARE BOARD,NR5,LIVEWELL SOUTHWEST,MH034,Livewell Southwest MH Crisis Line (Livewell),A03,Number of answered calls,1358
2025-07-01,2025-07-31,South West,QJK,NHS DEVON INTEGRATED CARE BOARD,NR5,LIVEWELL SOUTHWEST,MH034,Livewell Southwest MH Crisis Line (Livewell),B01,Number of calls answered within 60 seconds,1062
2025-07-01,2025-07-31,South West,QJK,NHS DEVON INTEGRATED CARE BOARD,NR5,LIVEWELL SOUTHWEST,MH034,Livewell Southwest MH Crisis Line (Livewell),B02,Number of calls abandoned,110
2025-07-01,2025-07-31,South West,QJK,NHS DEVON INTEGRATED CARE BOARD,NR5,LIVEWELL SOUTHWEST,MH034,Livewell Southwest MH Crisis Line (Livewell),B03,Calls abandoned in 30 seconds or less,31
2025-07-01,2025-07-31,South West,QJK,NHS DEVON INTEGRATED CARE BOARD,NR5,LIVEWELL SOUTHWEST,MH034,Livewell Southwest MH Crisis Line (Livewell),B04,Calls abandoned in over 30 seconds and up to and including 60 seconds,14
2025-07-01,2025-07-31,South West,QJK,NHS DEVON INTEGRATED CARE BOARD,NR5,LIVEWELL SOUTHWEST,MH034,Livewell Southwest MH Crisis Line (Livewell),B05,Calls abandoned after 60 seconds,65
2025-07-01,2025-07-31,South West,QJK,NHS DEVON INTEGRATED CARE BOARD,NR5,LIVEWELL SOUTHWEST,MH034,Livewell Southwest MH Crisis Line (Livewell),B06,Total time to call answer (seconds),124706
2025-07-01,2025-07-31,South West,QJK,NHS DEVON INTEGRATED CARE BOARD,NR5,LIVEWELL SOUTHWEST,MH034,Livewell Southwest MH Crisis Line (Livewell),B07,95th centile call answer time (seconds),574
2025-07-01,2025-07-31,South West,QJK,NHS DEVON INTEGRATED CARE BOARD,NR5,LIVEWELL SOUTHWEST,MH034,Livewell Southwest MH Crisis Line (Livewell),B09,Total time of abandoned calls (seconds),26603
2025-07-01,2025-07-31,South West,QVV,NHS DORSET INTEGRATED CARE BOARD,RDY,DORSET HEALTHCARE UNIVERSITY NHS FOUNDATION TRUST,MH021,Dorset 24/7 Connection (DHC),A01,Number of calls received,790
2025-07-01,2025-07-31,South West,QVV,NHS DORSET INTEGRATED CARE BOARD,RDY,DORSET HEALTHCARE UNIVERSITY NHS FOUNDATION TRUST,MH021,Dorset 24/7 Connection (DHC),A02,Calls routed through IVR,-
2025-07-01,2025-07-31,South West,QVV,NHS DORSET INTEGRATED CARE BOARD,RDY,DORSET HEALTHCARE UNIVERSITY NHS FOUNDATION TRUST,MH021,Dorset 24/7 Connection (DHC),A03,Number of answered calls,665
2025-07-01,2025-07-31,South West,QVV,NHS DORSET INTEGRATED CARE BOARD,RDY,DORSET HEALTHCARE UNIVERSITY NHS FOUNDATION TRUST,MH021,Dorset 24/7 Connection (DHC),B01,Number of calls answered within 60 seconds,-
2025-07-01,2025-07-31,South West,QVV,NHS DORSET INTEGRATED CARE BOARD,RDY,DORSET HEALTHCARE UNIVERSITY NHS FOUNDATION TRUST,MH021,Dorset 24/7 Connection (DHC),B02,Number of calls abandoned,125
2025-07-01,2025-07-31,South West,QVV,NHS DORSET INTEGRATED CARE BOARD,RDY,DORSET HEALTHCARE UNIVERSITY NHS FOUNDATION TRUST,MH021,Dorset 24/7 Connection (DHC),B03,Calls abandoned in 30 seconds or less,-
2025-07-01,2025-07-31,South West,QVV,NHS DORSET INTEGRATED CARE BOARD,RDY,DORSET HEALTHCARE UNIVERSITY NHS FOUNDATION TRUST,MH021,Dorset 24/7 Connection (DHC),B04,Calls abandoned in over 30 seconds and up to and including 60 seconds,-
2025-07-01,2025-07-31,South West,QVV,NHS DORSET INTEGRATED CARE BOARD,RDY,DORSET HEALTHCARE UNIVERSITY NHS FOUNDATION TRUST,MH021,Dorset 24/7 Connection (DHC),B05,Calls abandoned after 60 seconds,-
2025-07-01,2025-07-31,South West,QVV,NHS DORSET INTEGRATED CARE BOARD,RDY,DORSET HEALTHCARE UNIVERSITY NHS FOUNDATION TRUST,MH021,Dorset 24/7 Connection (DHC),B06,Total time to call answer (seconds),-
2025-07-01,2025-07-31,South West,QVV,NHS DORSET INTEGRATED CARE BOARD,RDY,DORSET HEALTHCARE UNIVERSITY NHS FOUNDATION TRUST,MH021,Dorset 24/7 Connection (DHC),B07,95th centile call answer time (seconds),-
2025-07-01,2025-07-31,South West,QVV,NHS DORSET INTEGRATED CARE BOARD,RDY,DORSET HEALTHCARE UNIVERSITY NHS FOUNDATION TRUST,MH021,Dorset 24/7 Connection (DHC),B09,Total time of abandoned calls (seconds),-
2025-07-01,2025-07-31,North East and Yorkshire,QF7,NHS SOUTH YORKSHIRE INTEGRATED CARE BOARD,RXE,ROTHERHAM DONCASTER AND SOUTH HUMBER NHS FOUNDATION TRUST,MH055,Doncaster RDASH,A01,Number of calls received,375
2025-07-01,2025-07-31,North East and Yorkshire,QF7,NHS SOUTH YORKSHIRE INTEGRATED CARE BOARD,RXE,ROTHERHAM DONCASTER AND SOUTH HUMBER NHS FOUNDATION TRUST,MH055,Doncaster RDASH,A02,Calls routed through IVR,375
2025-07-01,2025-07-31,North East and Yorkshire,QF7,NHS SOUTH YORKSHIRE INTEGRATED CARE BOARD,RXE,ROTHERHAM DONCASTER AND SOUTH HUMBER NHS FOUNDATION TRUST,MH055,Doncaster RDASH,A03,Number of answered calls,374
2025-07-01,2025-07-31,North East and Yorkshire,QF7,NHS SOUTH YORKSHIRE INTEGRATED CARE BOARD,RXE,ROTHERHAM DONCASTER AND SOUTH HUMBER NHS FOUNDATION TRUST,MH055,Doncaster RDASH,B01,Number of calls answered within 60 seconds,374
2025-07-01,2025-07-31,North East and Yorkshire,QF7,NHS SOUTH YORKSHIRE INTEGRATED CARE BOARD,RXE,ROTHERHAM DONCASTER AND SOUTH HUMBER NHS FOUNDATION TRUST,MH055,Doncaster RDASH,B02,Number of calls abandoned,1
2025-07-01,2025-07-31,North East and Yorkshire,QF7,NHS SOUTH YORKSHIRE INTEGRATED CARE BOARD,RXE,ROTHERHAM DONCASTER AND SOUTH HUMBER NHS FOUNDATION TRUST,MH055,Doncaster RDASH,B03,Calls abandoned in 30 seconds or less,-
2025-07-01,2025-07-31,North East and Yorkshire,QF7,NHS SOUTH YORKSHIRE INTEGRATED CARE BOARD,RXE,ROTHERHAM DONCASTER AND SOUTH HUMBER NHS FOUNDATION TRUST,MH055,Doncaster RDASH,B04,Calls abandoned in over 30 seconds and up to and including 60 seconds,-
2025-07-01,2025-07-31,North East and Yorkshire,QF7,NHS SOUTH YORKSHIRE INTEGRATED CARE BOARD,RXE,ROTHERHAM DONCASTER AND SOUTH HUMBER NHS FOUNDATION TRUST,MH055,Doncaster RDASH,B05,Calls abandoned after 60 seconds,-
2025-07-01,2025-07-31,North East and Yorkshire,QF7,NHS SOUTH YORKSHIRE INTEGRATED CARE BOARD,RXE,ROTHERHAM DONCASTER AND SOUTH HUMBER NHS FOUNDATION TRUST,MH055,Doncaster RDASH,B06,Total time to call answer (seconds),-
2025-07-01,2025-07-31,North East and Yorkshire,QF7,NHS SOUTH YORKSHIRE INTEGRATED CARE BOARD,RXE,ROTHERHAM DONCASTER AND SOUTH HUMBER NHS FOUNDATION TRUST,MH055,Doncaster RDASH,B07,95th centile call answer time (seconds),1
2025-07-01,2025-07-31,North East and Yorkshire,QF7,NHS SOUTH YORKSHIRE INTEGRATED CARE BOARD,RXE,ROTHERHAM DONCASTER AND SOUTH HUMBER NHS FOUNDATION TRUST,MH055,Doncaster RDASH,B09,Total time of abandoned calls (seconds),-
2025-07-01,2025-07-31,North East and Yorkshire,QF7,NHS SOUTH YORKSHIRE INTEGRATED CARE BOARD,RXE,ROTHERHAM DONCASTER AND SOUTH HUMBER NHS FOUNDATION TRUST,MH056,Rotherham RDASH,A01,Number of calls received,344
2025-07-01,2025-07-31,North East and Yorkshire,QF7,NHS SOUTH YORKSHIRE INTEGRATED CARE BOARD,RXE,ROTHERHAM DONCASTER AND SOUTH HUMBER NHS FOUNDATION TRUST,MH056,Rotherham RDASH,A02,Calls routed through IVR,344
2025-07-01,2025-07-31,North East and Yorkshire,QF7,NHS SOUTH YORKSHIRE INTEGRATED CARE BOARD,RXE,ROTHERHAM DONCASTER AND SOUTH HUMBER NHS FOUNDATION TRUST,MH056,Rotherham RDASH,A03,Number of answered calls,344
2025-07-01,2025-07-31,North East and Yorkshire,QF7,NHS SOUTH YORKSHIRE INTEGRATED CARE BOARD,RXE,ROTHERHAM DONCASTER AND SOUTH HUMBER NHS FOUNDATION TRUST,MH056,Rotherham RDASH,B01,Number of calls answered within 60 seconds,344
2025-07-01,2025-07-31,North East and Yorkshire,QF7,NHS SOUTH YORKSHIRE INTEGRATED CARE BOARD,RXE,ROTHERHAM DONCASTER AND SOUTH HUMBER NHS FOUNDATION TRUST,MH056,Rotherham RDASH,B02,Number of calls abandoned,0
2025-07-01,2025-07-31,North East and Yorkshire,QF7,NHS SOUTH YORKSHIRE INTEGRATED CARE BOARD,RXE,ROTHERHAM DONCASTER AND SOUTH HUMBER NHS FOUNDATION TRUST,MH056,Rotherham RDASH,B03,Calls abandoned in 30 seconds or less,-
2025-07-01,2025-07-31,North East and Yorkshire,QF7,NHS SOUTH YORKSHIRE INTEGRATED CARE BOARD,RXE,ROTHERHAM DONCASTER AND SOUTH HUMBER NHS FOUNDATION TRUST,MH056,Rotherham RDASH,B04,Calls abandoned in over 30 seconds and up to and including 60 seconds,-
2025-07-01,2025-07-31,North East and Yorkshire,QF7,NHS SOUTH YORKSHIRE INTEGRATED CARE BOARD,RXE,ROTHERHAM DONCASTER AND SOUTH HUMBER NHS FOUNDATION TRUST,MH056,Rotherham RDASH,B05,Calls abandoned after 60 seconds,-
2025-07-01,2025-07-31,North East and Yorkshire,QF7,NHS SOUTH YORKSHIRE INTEGRATED CARE BOARD,RXE,ROTHERHAM DONCASTER AND SOUTH HUMBER NHS FOUNDATION TRUST,MH056,Rotherham RDASH,B06,Total time to call answer (seconds),-
2025-07-01,2025-07-31,North East and Yorkshire,QF7,NHS SOUTH YORKSHIRE INTEGRATED CARE BOARD,RXE,ROTHERHAM DONCASTER AND SOUTH HUMBER NHS FOUNDATION TRUST,MH056,Rotherham RDASH,B07,95th centile call answer time (seconds),1
2025-07-01,2025-07-31,North East and Yorkshire,QF7,NHS SOUTH YORKSHIRE INTEGRATED CARE BOARD,RXE,ROTHERHAM DONCASTER AND SOUTH HUMBER NHS FOUNDATION TRUST,MH056,Rotherham RDASH,B09,Total time of abandoned calls (seconds),-
2025-07-01,2025-07-31,North East and Yorkshire,RXE,NHS HUMBER AND NORTH YORKSHIRE INTEGRATED CARE BOARD,RXE,ROTHERHAM DONCASTER AND SOUTH HUMBER NHS FOUNDATION TRUST,MH037,North Lincs RDASH,A01,Number of calls received,167
2025-07-01,2025-07-31,North East and Yorkshire,RXE,NHS HUMBER AND NORTH YORKSHIRE INTEGRATED CARE BOARD,RXE,ROTHERHAM DONCASTER AND SOUTH HUMBER NHS FOUNDATION TRUST,MH037,North Lincs RDASH,A02,Calls routed through IVR,167
2025-07-01,2025-07-31,North East and Yorkshire,RXE,NHS HUMBER AND NORTH YORKSHIRE INTEGRATED CARE BOARD,RXE,ROTHERHAM DONCASTER AND SOUTH HUMBER NHS FOUNDATION TRUST,MH037,North Lincs RDASH,A03,Number of answered calls,167
2025-07-01,2025-07-31,North East and Yorkshire,RXE,NHS HUMBER AND NORTH YORKSHIRE INTEGRATED CARE BOARD,RXE,ROTHERHAM DONCASTER AND SOUTH HUMBER NHS FOUNDATION TRUST,MH037,North Lincs RDASH,B01,Number of calls answered within 60 seconds,167
2025-07-01,2025-07-31,North East and Yorkshire,RXE,NHS HUMBER AND NORTH YORKSHIRE INTEGRATED CARE BOARD,RXE,ROTHERHAM DONCASTER AND SOUTH HUMBER NHS FOUNDATION TRUST,MH037,North Lincs RDASH,B02,Number of calls abandoned,0
2025-07-01,2025-07-31,North East and Yorkshire,RXE,NHS HUMBER AND NORTH YORKSHIRE INTEGRATED CARE BOARD,RXE,ROTHERHAM DONCASTER AND SOUTH HUMBER NHS FOUNDATION TRUST,MH037,North Lincs RDASH,B03,Calls abandoned in 30 seconds or less,-
2025-07-01,2025-07-31,North East and Yorkshire,RXE,NHS HUMBER AND NORTH YORKSHIRE INTEGRATED CARE BOARD,RXE,ROTHERHAM DONCASTER AND SOUTH HUMBER NHS FOUNDATION TRUST,MH037,North Lincs RDASH,B04,Calls abandoned in over 30 seconds and up to and including 60 seconds,-
2025-07-01,2025-07-31,North East and Yorkshire,RXE,NHS HUMBER AND NORTH YORKSHIRE INTEGRATED CARE BOARD,RXE,ROTHERHAM DONCASTER AND SOUTH HUMBER NHS FOUNDATION TRUST,MH037,North Lincs RDASH,B05,Calls abandoned after 60 seconds,-
2025-07-01,2025-07-31,North East and Yorkshire,RXE,NHS HUMBER AND NORTH YORKSHIRE INTEGRATED CARE BOARD,RXE,ROTHERHAM DONCASTER AND SOUTH HUMBER NHS FOUNDATION TRUST,MH037,North Lincs RDASH,B06,Total time to call answer (seconds),-
2025-07-01,2025-07-31,North East and Yorkshire,RXE,NHS HUMBER AND NORTH YORKSHIRE INTEGRATED CARE BOARD,RXE,ROTHERHAM DONCASTER AND SOUTH HUMBER NHS FOUNDATION TRUST,MH037,North Lincs RDASH,B07,95th centile call answer time (seconds),1
2025-07-01,2025-07-31,North East and Yorkshire,RXE,NHS HUMBER AND NORTH YORKSHIRE INTEGRATED CARE BOARD,RXE,ROTHERHAM DONCASTER AND SOUTH HUMBER NHS FOUNDATION TRUST,MH037,North Lincs RDASH,B09,Total time of abandoned calls (seconds),-
2025-07-01,2025-07-31,North West,QOP,NHS GREATER MANCHESTER INTEGRATED CARE BOARD,RXV,GREATER MANCHESTER MENTAL HEALTH NHS FOUNDATION TRUST,MH025,GMMH 24/7 All Age MH Crisis Helpline,A01,Number of calls received,5067
2025-07-01,2025-07-31,North West,QOP,NHS GREATER MANCHESTER INTEGRATED CARE BOARD,RXV,GREATER MANCHESTER MENTAL HEALTH NHS FOUNDATION TRUST,MH025,GMMH 24/7 All Age MH Crisis Helpline,A02,Calls routed through IVR,5067
2025-07-01,2025-07-31,North West,QOP,NHS GREATER MANCHESTER INTEGRATED CARE BOARD,RXV,GREATER MANCHESTER MENTAL HEALTH NHS FOUNDATION TRUST,MH025,GMMH 24/7 All Age MH Crisis Helpline,A03,Number of answered calls,2688
2025-07-01,2025-07-31,North West,QOP,NHS GREATER MANCHESTER INTEGRATED CARE BOARD,RXV,GREATER MANCHESTER MENTAL HEALTH NHS FOUNDATION TRUST,MH025,GMMH 24/7 All Age MH Crisis Helpline,B01,Number of calls answered within 60 seconds,1441
2025-07-01,2025-07-31,North West,QOP,NHS GREATER MANCHESTER INTEGRATED CARE BOARD,RXV,GREATER MANCHESTER MENTAL HEALTH NHS FOUNDATION TRUST,MH025,GMMH 24/7 All Age MH Crisis Helpline,B02,Number of calls abandoned,2379
2025-07-01,2025-07-31,North West,QOP,NHS GREATER MANCHESTER INTEGRATED CARE BOARD,RXV,GREATER MANCHESTER MENTAL HEALTH NHS FOUNDATION TRUST,MH025,GMMH 24/7 All Age MH Crisis Helpline,B03,Calls abandoned in 30 seconds or less,608
2025-07-01,2025-07-31,North West,QOP,NHS GREATER MANCHESTER INTEGRATED CARE BOARD,RXV,GREATER MANCHESTER MENTAL HEALTH NHS FOUNDATION TRUST,MH025,GMMH 24/7 All Age MH Crisis Helpline,B04,Calls abandoned in over 30 seconds and up to and including 60 seconds,172
2025-07-01,2025-07-31,North West,QOP,NHS GREATER MANCHESTER INTEGRATED CARE BOARD,RXV,GREATER MANCHESTER MENTAL HEALTH NHS FOUNDATION TRUST,MH025,GMMH 24/7 All Age MH Crisis Helpline,B05,Calls abandoned after 60 seconds,1599
2025-07-01,2025-07-31,North West,QOP,NHS GREATER MANCHESTER INTEGRATED CARE BOARD,RXV,GREATER MANCHESTER MENTAL HEALTH NHS FOUNDATION TRUST,MH025,GMMH 24/7 All Age MH Crisis Helpline,B06,Total time to call answer (seconds),727346
2025-07-01,2025-07-31,North West,QOP,NHS GREATER MANCHESTER INTEGRATED CARE BOARD,RXV,GREATER MANCHESTER MENTAL HEALTH NHS FOUNDATION TRUST,MH025,GMMH 24/7 All Age MH Crisis Helpline,B07,95th centile call answer time (seconds),1349
2025-07-01,2025-07-31,North West,QOP,NHS GREATER MANCHESTER INTEGRATED CARE BOARD,RXV,GREATER MANCHESTER MENTAL HEALTH NHS FOUNDATION TRUST,MH025,GMMH 24/7 All Age MH Crisis Helpline,B09,Total time of abandoned calls (seconds),822570
2025-07-01,2025-07-31,North East and Yorkshire,QWO,NHS WEST YORKSHIRE INTEGRATED CARE BOARD,8JF48,,MH072,Night Owls - CYP West Yorkshire,A01,Number of calls received,525
2025-07-01,2025-07-31,North East and Yorkshire,QWO,NHS WEST YORKSHIRE INTEGRATED CARE BOARD,8JF48,,MH072,Night Owls - CYP West Yorkshire,A02,Calls routed through IVR,105
2025-07-01,2025-07-31,North East and Yorkshire,QWO,NHS WEST YORKSHIRE INTEGRATED CARE BOARD,8JF48,,MH072,Night Owls - CYP West Yorkshire,A03,Number of answered calls,204
2025-07-01,2025-07-31,North East and Yorkshire,QWO,NHS WEST YORKSHIRE INTEGRATED CARE BOARD,8JF48,,MH072,Night Owls - CYP West Yorkshire,B01,Number of calls answered within 60 seconds,105
2025-07-01,2025-07-31,North East and Yorkshire,QWO,NHS WEST YORKSHIRE INTEGRATED CARE BOARD,8JF48,,MH072,Night Owls - CYP West Yorkshire,B02,Number of calls abandoned,206
2025-07-01,2025-07-31,North East and Yorkshire,QWO,NHS WEST YORKSHIRE INTEGRATED CARE BOARD,8JF48,,MH072,Night Owls - CYP West Yorkshire,B03,Calls abandoned in 30 seconds or less,77
2025-07-01,2025-07-31,North East and Yorkshire,QWO,NHS WEST YORKSHIRE INTEGRATED CARE BOARD,8JF48,,MH072,Night Owls - CYP West Yorkshire,B04,Calls abandoned in over 30 seconds and up to and including 60 seconds,17
2025-07-01,2025-07-31,North East and Yorkshire,QWO,NHS WEST YORKSHIRE INTEGRATED CARE BOARD,8JF48,,MH072,Night Owls - CYP West Yorkshire,B05,Calls abandoned after 60 seconds,112
2025-07-01,2025-07-31,North East and Yorkshire,QWO,NHS WEST YORKSHIRE INTEGRATED CARE BOARD,8JF48,,MH072,Night Owls - CYP West Yorkshire,B06,Total time to call answer (seconds),98377
2025-07-01,2025-07-31,North East and Yorkshire,QWO,NHS WEST YORKSHIRE INTEGRATED CARE BOARD,8JF48,,MH072,Night Owls - CYP West Yorkshire,B07,95th centile call answer time (seconds),2743
2025-07-01,2025-07-31,North East and Yorkshire,QWO,NHS WEST YORKSHIRE INTEGRATED CARE BOARD,8JF48,,MH072,Night Owls - CYP West Yorkshire,B09,Total time of abandoned calls (seconds),130827
2025-07-01,2025-07-31,North East and Yorkshire,QWO,NHS WEST YORKSHIRE INTEGRATED CARE BOARD,A74T,NOTTINGHAM COMMUNITY HOUSING ASSOCIATION LIMITED,MH073,"WY Helpline Calderdale, Kirklees, Leeds and Wakefield and Barnsley",A01,Number of calls received,4343
2025-07-01,2025-07-31,North East and Yorkshire,QWO,NHS WEST YORKSHIRE INTEGRATED CARE BOARD,A74T,NOTTINGHAM COMMUNITY HOUSING ASSOCIATION LIMITED,MH073,"WY Helpline Calderdale, Kirklees, Leeds and Wakefield and Barnsley",A02,Calls routed through IVR,4343
2025-07-01,2025-07-31,North East and Yorkshire,QWO,NHS WEST YORKSHIRE INTEGRATED CARE BOARD,A74T,NOTTINGHAM COMMUNITY HOUSING ASSOCIATION LIMITED,MH073,"WY Helpline Calderdale, Kirklees, Leeds and Wakefield and Barnsley",A03,Number of answered calls,3208
2025-07-01,2025-07-31,North East and Yorkshire,QWO,NHS WEST YORKSHIRE INTEGRATED CARE BOARD,A74T,NOTTINGHAM COMMUNITY HOUSING ASSOCIATION LIMITED,MH073,"WY Helpline Calderdale, Kirklees, Leeds and Wakefield and Barnsley",B01,Number of calls answered within 60 seconds,1080
2025-07-01,2025-07-31,North East and Yorkshire,QWO,NHS WEST YORKSHIRE INTEGRATED CARE BOARD,A74T,NOTTINGHAM COMMUNITY HOUSING ASSOCIATION LIMITED,MH073,"WY Helpline Calderdale, Kirklees, Leeds and Wakefield and Barnsley",B02,Number of calls abandoned,1135
2025-07-01,2025-07-31,North East and Yorkshire,QWO,NHS WEST YORKSHIRE INTEGRATED CARE BOARD,A74T,NOTTINGHAM COMMUNITY HOUSING ASSOCIATION LIMITED,MH073,"WY Helpline Calderdale, Kirklees, Leeds and Wakefield and Barnsley",B03,Calls abandoned in 30 seconds or less,157
2025-07-01,2025-07-31,North East and Yorkshire,QWO,NHS WEST YORKSHIRE INTEGRATED CARE BOARD,A74T,NOTTINGHAM COMMUNITY HOUSING ASSOCIATION LIMITED,MH073,"WY Helpline Calderdale, Kirklees, Leeds and Wakefield and Barnsley",B04,Calls abandoned in over 30 seconds and up to and including 60 seconds,97
2025-07-01,2025-07-31,North East and Yorkshire,QWO,NHS WEST YORKSHIRE INTEGRATED CARE BOARD,A74T,NOTTINGHAM COMMUNITY HOUSING ASSOCIATION LIMITED,MH073,"WY Helpline Calderdale, Kirklees, Leeds and Wakefield and Barnsley",B05,Calls abandoned after 60 seconds,881
2025-07-01,2025-07-31,North East and Yorkshire,QWO,NHS WEST YORKSHIRE INTEGRATED CARE BOARD,A74T,NOTTINGHAM COMMUNITY HOUSING ASSOCIATION LIMITED,MH073,"WY Helpline Calderdale, Kirklees, Leeds and Wakefield and Barnsley",B06,Total time to call answer (seconds),841402
2025-07-01,2025-07-31,North East and Yorkshire,QWO,NHS WEST YORKSHIRE INTEGRATED CARE BOARD,A74T,NOTTINGHAM COMMUNITY HOUSING ASSOCIATION LIMITED,MH073,"WY Helpline Calderdale, Kirklees, Leeds and Wakefield and Barnsley",B07,95th centile call answer time (seconds),959
2025-07-01,2025-07-31,North East and Yorkshire,QWO,NHS WEST YORKSHIRE INTEGRATED CARE BOARD,A74T,NOTTINGHAM COMMUNITY HOUSING ASSOCIATION LIMITED,MH073,"WY Helpline Calderdale, Kirklees, Leeds and Wakefield and Barnsley",B09,Total time of abandoned calls (seconds),300987
2025-07-01,2025-07-31,North West,QYG,NHS CHESHIRE AND MERSEYSIDE INTEGRATED CARE BOARD,RXA,CHESHIRE AND WIRRAL PARTNERSHIP NHS FOUNDATION TRUST,MH012,Cheshire and Wirral Mental Health Crisis (CWP),A01,Number of calls received,10561
2025-07-01,2025-07-31,North West,QYG,NHS CHESHIRE AND MERSEYSIDE INTEGRATED CARE BOARD,RXA,CHESHIRE AND WIRRAL PARTNERSHIP NHS FOUNDATION TRUST,MH012,Cheshire and Wirral Mental Health Crisis (CWP),A02,Calls routed through IVR,1997
2025-07-01,2025-07-31,North West,QYG,NHS CHESHIRE AND MERSEYSIDE INTEGRATED CARE BOARD,RXA,CHESHIRE AND WIRRAL PARTNERSHIP NHS FOUNDATION TRUST,MH012,Cheshire and Wirral Mental Health Crisis (CWP),A03,Number of answered calls,5673
2025-07-01,2025-07-31,North West,QYG,NHS CHESHIRE AND MERSEYSIDE INTEGRATED CARE BOARD,RXA,CHESHIRE AND WIRRAL PARTNERSHIP NHS FOUNDATION TRUST,MH012,Cheshire and Wirral Mental Health Crisis (CWP),B01,Number of calls answered within 60 seconds,2267
2025-07-01,2025-07-31,North West,QYG,NHS CHESHIRE AND MERSEYSIDE INTEGRATED CARE BOARD,RXA,CHESHIRE AND WIRRAL PARTNERSHIP NHS FOUNDATION TRUST,MH012,Cheshire and Wirral Mental Health Crisis (CWP),B02,Number of calls abandoned,4888
2025-07-01,2025-07-31,North West,QYG,NHS CHESHIRE AND MERSEYSIDE INTEGRATED CARE BOARD,RXA,CHESHIRE AND WIRRAL PARTNERSHIP NHS FOUNDATION TRUST,MH012,Cheshire and Wirral Mental Health Crisis (CWP),B03,Calls abandoned in 30 seconds or less,2849
2025-07-01,2025-07-31,North West,QYG,NHS CHESHIRE AND MERSEYSIDE INTEGRATED CARE BOARD,RXA,CHESHIRE AND WIRRAL PARTNERSHIP NHS FOUNDATION TRUST,MH012,Cheshire and Wirral Mental Health Crisis (CWP),B04,Calls abandoned in over 30 seconds and up to and including 60 seconds,313
2025-07-01,2025-07-31,North West,QYG,NHS CHESHIRE AND MERSEYSIDE INTEGRATED CARE BOARD,RXA,CHESHIRE AND WIRRAL PARTNERSHIP NHS FOUNDATION TRUST,MH012,Cheshire and Wirral Mental Health Crisis (CWP),B05,Calls abandoned after 60 seconds,1726
2025-07-01,2025-07-31,North West,QYG,NHS CHESHIRE AND MERSEYSIDE INTEGRATED CARE BOARD,RXA,CHESHIRE AND WIRRAL PARTNERSHIP NHS FOUNDATION TRUST,MH012,Cheshire and Wirral Mental Health Crisis (CWP),B06,Total time to call answer (seconds),2340742
2025-07-01,2025-07-31,North West,QYG,NHS CHESHIRE AND MERSEYSIDE INTEGRATED CARE BOARD,RXA,CHESHIRE AND WIRRAL PARTNERSHIP NHS FOUNDATION TRUST,MH012,Cheshire and Wirral Mental Health Crisis (CWP),B07,95th centile call answer time (seconds),1664
2025-07-01,2025-07-31,North West,QYG,NHS CHESHIRE AND MERSEYSIDE INTEGRATED CARE BOARD,RXA,CHESHIRE AND WIRRAL PARTNERSHIP NHS FOUNDATION TRUST,MH012,Cheshire and Wirral Mental Health Crisis (CWP),B09,Total time of abandoned calls (seconds),757592
2025-07-01,2025-07-31,North East and Yorkshire,QF7,NHS SOUTH YORKSHIRE INTEGRATED CARE BOARD,YGM59,SHEFFIELD HEALTH AND SOCIAL CARE NHS FOUNDATION TRUST (APPLICATION PROVIDER),MH058,NCHA,A01,Number of calls received,1584
2025-07-01,2025-07-31,North East and Yorkshire,QF7,NHS SOUTH YORKSHIRE INTEGRATED CARE BOARD,YGM59,SHEFFIELD HEALTH AND SOCIAL CARE NHS FOUNDATION TRUST (APPLICATION PROVIDER),MH058,NCHA,A02,Calls routed through IVR,-
2025-07-01,2025-07-31,North East and Yorkshire,QF7,NHS SOUTH YORKSHIRE INTEGRATED CARE BOARD,YGM59,SHEFFIELD HEALTH AND SOCIAL CARE NHS FOUNDATION TRUST (APPLICATION PROVIDER),MH058,NCHA,A03,Number of answered calls,1145
2025-07-01,2025-07-31,North East and Yorkshire,QF7,NHS SOUTH YORKSHIRE INTEGRATED CARE BOARD,YGM59,SHEFFIELD HEALTH AND SOCIAL CARE NHS FOUNDATION TRUST (APPLICATION PROVIDER),MH058,NCHA,B01,Number of calls answered within 60 seconds,375
2025-07-01,2025-07-31,North East and Yorkshire,QF7,NHS SOUTH YORKSHIRE INTEGRATED CARE BOARD,YGM59,SHEFFIELD HEALTH AND SOCIAL CARE NHS FOUNDATION TRUST (APPLICATION PROVIDER),MH058,NCHA,B02,Number of calls abandoned,439
2025-07-01,2025-07-31,North East and Yorkshire,QF7,NHS SOUTH YORKSHIRE INTEGRATED CARE BOARD,YGM59,SHEFFIELD HEALTH AND SOCIAL CARE NHS FOUNDATION TRUST (APPLICATION PROVIDER),MH058,NCHA,B03,Calls abandoned in 30 seconds or less,-
2025-07-01,2025-07-31,North East and Yorkshire,QF7,NHS SOUTH YORKSHIRE INTEGRATED CARE BOARD,YGM59,SHEFFIELD HEALTH AND SOCIAL CARE NHS FOUNDATION TRUST (APPLICATION PROVIDER),MH058,NCHA,B04,Calls abandoned in over 30 seconds and up to and including 60 seconds,-
2025-07-01,2025-07-31,North East and Yorkshire,QF7,NHS SOUTH YORKSHIRE INTEGRATED CARE BOARD,YGM59,SHEFFIELD HEALTH AND SOCIAL CARE NHS FOUNDATION TRUST (APPLICATION PROVIDER),MH058,NCHA,B05,Calls abandoned after 60 seconds,-
2025-07-01,2025-07-31,North East and Yorkshire,QF7,NHS SOUTH YORKSHIRE INTEGRATED CARE BOARD,YGM59,SHEFFIELD HEALTH AND SOCIAL CARE NHS FOUNDATION TRUST (APPLICATION PROVIDER),MH058,NCHA,B06,Total time to call answer (seconds),304346
2025-07-01,2025-07-31,North East and Yorkshire,QF7,NHS SOUTH YORKSHIRE INTEGRATED CARE BOARD,YGM59,SHEFFIELD HEALTH AND SOCIAL CARE NHS FOUNDATION TRUST (APPLICATION PROVIDER),MH058,NCHA,B07,95th centile call answer time (seconds),954
2025-07-01,2025-07-31,North East and Yorkshire,QF7,NHS SOUTH YORKSHIRE INTEGRATED CARE BOARD,YGM59,SHEFFIELD HEALTH AND SOCIAL CARE NHS FOUNDATION TRUST (APPLICATION PROVIDER),MH058,NCHA,B09,Total time of abandoned calls (seconds),-
2025-07-01,2025-07-31,North East and Yorkshire,QWO,NHS WEST YORKSHIRE INTEGRATED CARE BOARD,TAD,BRADFORD DISTRICT CARE NHS FOUNDATION TRUST,MH008,Bradford First Response Service (BFRS),A01,Number of calls received,4156
2025-07-01,2025-07-31,North East and Yorkshire,QWO,NHS WEST YORKSHIRE INTEGRATED CARE BOARD,TAD,BRADFORD DISTRICT CARE NHS FOUNDATION TRUST,MH008,Bradford First Response Service (BFRS),A02,Calls routed through IVR,675
2025-07-01,2025-07-31,North East and Yorkshire,QWO,NHS WEST YORKSHIRE INTEGRATED CARE BOARD,TAD,BRADFORD DISTRICT CARE NHS FOUNDATION TRUST,MH008,Bradford First Response Service (BFRS),A03,Number of answered calls,2020
2025-07-01,2025-07-31,North East and Yorkshire,QWO,NHS WEST YORKSHIRE INTEGRATED CARE BOARD,TAD,BRADFORD DISTRICT CARE NHS FOUNDATION TRUST,MH008,Bradford First Response Service (BFRS),B01,Number of calls answered within 60 seconds,831
2025-07-01,2025-07-31,North East and Yorkshire,QWO,NHS WEST YORKSHIRE INTEGRATED CARE BOARD,TAD,BRADFORD DISTRICT CARE NHS FOUNDATION TRUST,MH008,Bradford First Response Service (BFRS),B02,Number of calls abandoned,2135
2025-07-01,2025-07-31,North East and Yorkshire,QWO,NHS WEST YORKSHIRE INTEGRATED CARE BOARD,TAD,BRADFORD DISTRICT CARE NHS FOUNDATION TRUST,MH008,Bradford First Response Service (BFRS),B03,Calls abandoned in 30 seconds or less,577
2025-07-01,2025-07-31,North East and Yorkshire,QWO,NHS WEST YORKSHIRE INTEGRATED CARE BOARD,TAD,BRADFORD DISTRICT CARE NHS FOUNDATION TRUST,MH008,Bradford First Response Service (BFRS),B04,Calls abandoned in over 30 seconds and up to and including 60 seconds,214
2025-07-01,2025-07-31,North East and Yorkshire,QWO,NHS WEST YORKSHIRE INTEGRATED CARE BOARD,TAD,BRADFORD DISTRICT CARE NHS FOUNDATION TRUST,MH008,Bradford First Response Service (BFRS),B05,Calls abandoned after 60 seconds,1344
2025-07-01,2025-07-31,North East and Yorkshire,QWO,NHS WEST YORKSHIRE INTEGRATED CARE BOARD,TAD,BRADFORD DISTRICT CARE NHS FOUNDATION TRUST,MH008,Bradford First Response Service (BFRS),B06,Total time to call answer (seconds),468957
2025-07-01,2025-07-31,North East and Yorkshire,QWO,NHS WEST YORKSHIRE INTEGRATED CARE BOARD,TAD,BRADFORD DISTRICT CARE NHS FOUNDATION TRUST,MH008,Bradford First Response Service (BFRS),B07,95th centile call answer time (seconds),-
2025-07-01,2025-07-31,North East and Yorkshire,QWO,NHS WEST YORKSHIRE INTEGRATED CARE BOARD,TAD,BRADFORD DISTRICT CARE NHS FOUNDATION TRUST,MH008,Bradford First Response Service (BFRS),B09,Total time of abandoned calls (seconds),523829
2025-07-01,2025-07-31,Midlands,QK1,"NHS LEICESTER, LEICESTERSHIRE AND RUTLAND INTEGRATED CARE BOARD",RT5,LEICESTERSHIRE PARTNERSHIP NHS TRUST,MH032,Leicestershire Mental Health Central Access Point (LPT),A01,Number of calls received,5832
2025-07-01,2025-07-31,Midlands,QK1,"NHS LEICESTER, LEICESTERSHIRE AND RUTLAND INTEGRATED CARE BOARD",RT5,LEICESTERSHIRE PARTNERSHIP NHS TRUST,MH032,Leicestershire Mental Health Central Access Point (LPT),A02,Calls routed through IVR,3072
2025-07-01,2025-07-31,Midlands,QK1,"NHS LEICESTER, LEICESTERSHIRE AND RUTLAND INTEGRATED CARE BOARD",RT5,LEICESTERSHIRE PARTNERSHIP NHS TRUST,MH032,Leicestershire Mental Health Central Access Point (LPT),A03,Number of answered calls,4604
2025-07-01,2025-07-31,Midlands,QK1,"NHS LEICESTER, LEICESTERSHIRE AND RUTLAND INTEGRATED CARE BOARD",RT5,LEICESTERSHIRE PARTNERSHIP NHS TRUST,MH032,Leicestershire Mental Health Central Access Point (LPT),B01,Number of calls answered within 60 seconds,4119
2025-07-01,2025-07-31,Midlands,QK1,"NHS LEICESTER, LEICESTERSHIRE AND RUTLAND INTEGRATED CARE BOARD",RT5,LEICESTERSHIRE PARTNERSHIP NHS TRUST,MH032,Leicestershire Mental Health Central Access Point (LPT),B02,Number of calls abandoned,643
2025-07-01,2025-07-31,Midlands,QK1,"NHS LEICESTER, LEICESTERSHIRE AND RUTLAND INTEGRATED CARE BOARD",RT5,LEICESTERSHIRE PARTNERSHIP NHS TRUST,MH032,Leicestershire Mental Health Central Access Point (LPT),B03,Calls abandoned in 30 seconds or less,103
2025-07-01,2025-07-31,Midlands,QK1,"NHS LEICESTER, LEICESTERSHIRE AND RUTLAND INTEGRATED CARE BOARD",RT5,LEICESTERSHIRE PARTNERSHIP NHS TRUST,MH032,Leicestershire Mental Health Central Access Point (LPT),B04,Calls abandoned in over 30 seconds and up to and including 60 seconds,121
2025-07-01,2025-07-31,Midlands,QK1,"NHS LEICESTER, LEICESTERSHIRE AND RUTLAND INTEGRATED CARE BOARD",RT5,LEICESTERSHIRE PARTNERSHIP NHS TRUST,MH032,Leicestershire Mental Health Central Access Point (LPT),B05,Calls abandoned after 60 seconds,419
2025-07-01,2025-07-31,Midlands,QK1,"NHS LEICESTER, LEICESTERSHIRE AND RUTLAND INTEGRATED CARE BOARD",RT5,LEICESTERSHIRE PARTNERSHIP NHS TRUST,MH032,Leicestershire Mental Health Central Access Point (LPT),B06,Total time to call answer (seconds),246591
2025-07-01,2025-07-31,Midlands,QK1,"NHS LEICESTER, LEICESTERSHIRE AND RUTLAND INTEGRATED CARE BOARD",RT5,LEICESTERSHIRE PARTNERSHIP NHS TRUST,MH032,Leicestershire Mental Health Central Access Point (LPT),B07,95th centile call answer time (seconds),243
2025-07-01,2025-07-31,Midlands,QK1,"NHS LEICESTER, LEICESTERSHIRE AND RUTLAND INTEGRATED CARE BOARD",RT5,LEICESTERSHIRE PARTNERSHIP NHS TRUST,MH032,Leicestershire Mental Health Central Access Point (LPT),B09,Total time of abandoned calls (seconds),125534
2025-07-01,2025-07-31,North East and Yorkshire,QHM,NHS NORTH EAST AND NORTH CUMBRIA INTEGRATED CARE BOARD,RX4,"CUMBRIA, NORTHUMBERLAND, TYNE AND WEAR NHS FOUNDATION TRUST",MH016,"Cumbria, Northumberland, Tyne and Wear Crisis Line (CNTW)",A01,Number of calls received,4298
2025-07-01,2025-07-31,North East and Yorkshire,QHM,NHS NORTH EAST AND NORTH CUMBRIA INTEGRATED CARE BOARD,RX4,"CUMBRIA, NORTHUMBERLAND, TYNE AND WEAR NHS FOUNDATION TRUST",MH016,"Cumbria, Northumberland, Tyne and Wear Crisis Line (CNTW)",A02,Calls routed through IVR,4298
2025-07-01,2025-07-31,North East and Yorkshire,QHM,NHS NORTH EAST AND NORTH CUMBRIA INTEGRATED CARE BOARD,RX4,"CUMBRIA, NORTHUMBERLAND, TYNE AND WEAR NHS FOUNDATION TRUST",MH016,"Cumbria, Northumberland, Tyne and Wear Crisis Line (CNTW)",A03,Number of answered calls,3784
2025-07-01,2025-07-31,North East and Yorkshire,QHM,NHS NORTH EAST AND NORTH CUMBRIA INTEGRATED CARE BOARD,RX4,"CUMBRIA, NORTHUMBERLAND, TYNE AND WEAR NHS FOUNDATION TRUST",MH016,"Cumbria, Northumberland, Tyne and Wear Crisis Line (CNTW)",B01,Number of calls answered within 60 seconds,2254
2025-07-01,2025-07-31,North East and Yorkshire,QHM,NHS NORTH EAST AND NORTH CUMBRIA INTEGRATED CARE BOARD,RX4,"CUMBRIA, NORTHUMBERLAND, TYNE AND WEAR NHS FOUNDATION TRUST",MH016,"Cumbria, Northumberland, Tyne and Wear Crisis Line (CNTW)",B02,Number of calls abandoned,514
2025-07-01,2025-07-31,North East and Yorkshire,QHM,NHS NORTH EAST AND NORTH CUMBRIA INTEGRATED CARE BOARD,RX4,"CUMBRIA, NORTHUMBERLAND, TYNE AND WEAR NHS FOUNDATION TRUST",MH016,"Cumbria, Northumberland, Tyne and Wear Crisis Line (CNTW)",B03,Calls abandoned in 30 seconds or less,143
2025-07-01,2025-07-31,North East and Yorkshire,QHM,NHS NORTH EAST AND NORTH CUMBRIA INTEGRATED CARE BOARD,RX4,"CUMBRIA, NORTHUMBERLAND, TYNE AND WEAR NHS FOUNDATION TRUST",MH016,"Cumbria, Northumberland, Tyne and Wear Crisis Line (CNTW)",B04,Calls abandoned in over 30 seconds and up to and including 60 seconds,81
2025-07-01,2025-07-31,North East and Yorkshire,QHM,NHS NORTH EAST AND NORTH CUMBRIA INTEGRATED CARE BOARD,RX4,"CUMBRIA, NORTHUMBERLAND, TYNE AND WEAR NHS FOUNDATION TRUST",MH016,"Cumbria, Northumberland, Tyne and Wear Crisis Line (CNTW)",B05,Calls abandoned after 60 seconds,290
2025-07-01,2025-07-31,North East and Yorkshire,QHM,NHS NORTH EAST AND NORTH CUMBRIA INTEGRATED CARE BOARD,RX4,"CUMBRIA, NORTHUMBERLAND, TYNE AND WEAR NHS FOUNDATION TRUST",MH016,"Cumbria, Northumberland, Tyne and Wear Crisis Line (CNTW)",B06,Total time to call answer (seconds),542941
2025-07-01,2025-07-31,North East and Yorkshire,QHM,NHS NORTH EAST AND NORTH CUMBRIA INTEGRATED CARE BOARD,RX4,"CUMBRIA, NORTHUMBERLAND, TYNE AND WEAR NHS FOUNDATION TRUST",MH016,"Cumbria, Northumberland, Tyne and Wear Crisis Line (CNTW)",B07,95th centile call answer time (seconds),583
2025-07-01,2025-07-31,North East and Yorkshire,QHM,NHS NORTH EAST AND NORTH CUMBRIA INTEGRATED CARE BOARD,RX4,"CUMBRIA, NORTHUMBERLAND, TYNE AND WEAR NHS FOUNDATION TRUST",MH016,"Cumbria, Northumberland, Tyne and Wear Crisis Line (CNTW)",B09,Total time of abandoned calls (seconds),95079
2025-07-01,2025-07-31,Midlands,QJM,NHS LINCOLNSHIRE INTEGRATED CARE BOARD,RP7,LINCOLNSHIRE PARTNERSHIP NHS FOUNDATION TRUST,MH033,LPFT,A01,Number of calls received,1880
2025-07-01,2025-07-31,Midlands,QJM,NHS LINCOLNSHIRE INTEGRATED CARE BOARD,RP7,LINCOLNSHIRE PARTNERSHIP NHS FOUNDATION TRUST,MH033,LPFT,A02,Calls routed through IVR,-
2025-07-01,2025-07-31,Midlands,QJM,NHS LINCOLNSHIRE INTEGRATED CARE BOARD,RP7,LINCOLNSHIRE PARTNERSHIP NHS FOUNDATION TRUST,MH033,LPFT,A03,Number of answered calls,1296
2025-07-01,2025-07-31,Midlands,QJM,NHS LINCOLNSHIRE INTEGRATED CARE BOARD,RP7,LINCOLNSHIRE PARTNERSHIP NHS FOUNDATION TRUST,MH033,LPFT,B01,Number of calls answered within 60 seconds,1143
2025-07-01,2025-07-31,Midlands,QJM,NHS LINCOLNSHIRE INTEGRATED CARE BOARD,RP7,LINCOLNSHIRE PARTNERSHIP NHS FOUNDATION TRUST,MH033,LPFT,B02,Number of calls abandoned,182
2025-07-01,2025-07-31,Midlands,QJM,NHS LINCOLNSHIRE INTEGRATED CARE BOARD,RP7,LINCOLNSHIRE PARTNERSHIP NHS FOUNDATION TRUST,MH033,LPFT,B03,Calls abandoned in 30 seconds or less,69
2025-07-01,2025-07-31,Midlands,QJM,NHS LINCOLNSHIRE INTEGRATED CARE BOARD,RP7,LINCOLNSHIRE PARTNERSHIP NHS FOUNDATION TRUST,MH033,LPFT,B04,Calls abandoned in over 30 seconds and up to and including 60 seconds,12
2025-07-01,2025-07-31,Midlands,QJM,NHS LINCOLNSHIRE INTEGRATED CARE BOARD,RP7,LINCOLNSHIRE PARTNERSHIP NHS FOUNDATION TRUST,MH033,LPFT,B05,Calls abandoned after 60 seconds,101
2025-07-01,2025-07-31,Midlands,QJM,NHS LINCOLNSHIRE INTEGRATED CARE BOARD,RP7,LINCOLNSHIRE PARTNERSHIP NHS FOUNDATION TRUST,MH033,LPFT,B06,Total time to call answer (seconds),90854
2025-07-01,2025-07-31,Midlands,QJM,NHS LINCOLNSHIRE INTEGRATED CARE BOARD,RP7,LINCOLNSHIRE PARTNERSHIP NHS FOUNDATION TRUST,MH033,LPFT,B07,95th centile call answer time (seconds),380
2025-07-01,2025-07-31,Midlands,QJM,NHS LINCOLNSHIRE INTEGRATED CARE BOARD,RP7,LINCOLNSHIRE PARTNERSHIP NHS FOUNDATION TRUST,MH033,LPFT,B09,Total time of abandoned calls (seconds),36167
2025-07-01,2025-07-31,Midlands,QT1,NHS NOTTINGHAM AND NOTTINGHAMSHIRE INTEGRATED CARE BOARD,RHA,NOTTINGHAMSHIRE HEALTHCARE NHS FOUNDATION TRUST,MH051,Nottingham 24/7 Crisis line (NHFT),A01,Number of calls received,10232
2025-07-01,2025-07-31,Midlands,QT1,NHS NOTTINGHAM AND NOTTINGHAMSHIRE INTEGRATED CARE BOARD,RHA,NOTTINGHAMSHIRE HEALTHCARE NHS FOUNDATION TRUST,MH051,Nottingham 24/7 Crisis line (NHFT),A02,Calls routed through IVR,1587
2025-07-01,2025-07-31,Midlands,QT1,NHS NOTTINGHAM AND NOTTINGHAMSHIRE INTEGRATED CARE BOARD,RHA,NOTTINGHAMSHIRE HEALTHCARE NHS FOUNDATION TRUST,MH051,Nottingham 24/7 Crisis line (NHFT),A03,Number of answered calls,6244
2025-07-01,2025-07-31,Midlands,QT1,NHS NOTTINGHAM AND NOTTINGHAMSHIRE INTEGRATED CARE BOARD,RHA,NOTTINGHAMSHIRE HEALTHCARE NHS FOUNDATION TRUST,MH051,Nottingham 24/7 Crisis line (NHFT),B01,Number of calls answered within 60 seconds,3320
2025-07-01,2025-07-31,Midlands,QT1,NHS NOTTINGHAM AND NOTTINGHAMSHIRE INTEGRATED CARE BOARD,RHA,NOTTINGHAMSHIRE HEALTHCARE NHS FOUNDATION TRUST,MH051,Nottingham 24/7 Crisis line (NHFT),B02,Number of calls abandoned,2600
2025-07-01,2025-07-31,Midlands,QT1,NHS NOTTINGHAM AND NOTTINGHAMSHIRE INTEGRATED CARE BOARD,RHA,NOTTINGHAMSHIRE HEALTHCARE NHS FOUNDATION TRUST,MH051,Nottingham 24/7 Crisis line (NHFT),B03,Calls abandoned in 30 seconds or less,450
2025-07-01,2025-07-31,Midlands,QT1,NHS NOTTINGHAM AND NOTTINGHAMSHIRE INTEGRATED CARE BOARD,RHA,NOTTINGHAMSHIRE HEALTHCARE NHS FOUNDATION TRUST,MH051,Nottingham 24/7 Crisis line (NHFT),B04,Calls abandoned in over 30 seconds and up to and including 60 seconds,293
2025-07-01,2025-07-31,Midlands,QT1,NHS NOTTINGHAM AND NOTTINGHAMSHIRE INTEGRATED CARE BOARD,RHA,NOTTINGHAMSHIRE HEALTHCARE NHS FOUNDATION TRUST,MH051,Nottingham 24/7 Crisis line (NHFT),B05,Calls abandoned after 60 seconds,1857
2025-07-01,2025-07-31,Midlands,QT1,NHS NOTTINGHAM AND NOTTINGHAMSHIRE INTEGRATED CARE BOARD,RHA,NOTTINGHAMSHIRE HEALTHCARE NHS FOUNDATION TRUST,MH051,Nottingham 24/7 Crisis line (NHFT),B06,Total time to call answer (seconds),1692716
2025-07-01,2025-07-31,Midlands,QT1,NHS NOTTINGHAM AND NOTTINGHAMSHIRE INTEGRATED CARE BOARD,RHA,NOTTINGHAMSHIRE HEALTHCARE NHS FOUNDATION TRUST,MH051,Nottingham 24/7 Crisis line (NHFT),B07,95th centile call answer time (seconds),1322
2025-07-01,2025-07-31,Midlands,QT1,NHS NOTTINGHAM AND NOTTINGHAMSHIRE INTEGRATED CARE BOARD,RHA,NOTTINGHAMSHIRE HEALTHCARE NHS FOUNDATION TRUST,MH051,Nottingham 24/7 Crisis line (NHFT),B09,Total time of abandoned calls (seconds),726582
2025-07-01,2025-07-31,Midlands,QNC,NHS STAFFORDSHIRE AND STOKE-ON-TRENT INTEGRATED CARE BOARD,RLY,NORTH STAFFORDSHIRE COMBINED HEALTHCARE NHS TRUST,MH049,Crisis Care Centre (NSCHT),A01,Number of calls received,3078
2025-07-01,2025-07-31,Midlands,QNC,NHS STAFFORDSHIRE AND STOKE-ON-TRENT INTEGRATED CARE BOARD,RLY,NORTH STAFFORDSHIRE COMBINED HEALTHCARE NHS TRUST,MH049,Crisis Care Centre (NSCHT),A02,Calls routed through IVR,370
2025-07-01,2025-07-31,Midlands,QNC,NHS STAFFORDSHIRE AND STOKE-ON-TRENT INTEGRATED CARE BOARD,RLY,NORTH STAFFORDSHIRE COMBINED HEALTHCARE NHS TRUST,MH049,Crisis Care Centre (NSCHT),A03,Number of answered calls,2175
2025-07-01,2025-07-31,Midlands,QNC,NHS STAFFORDSHIRE AND STOKE-ON-TRENT INTEGRATED CARE BOARD,RLY,NORTH STAFFORDSHIRE COMBINED HEALTHCARE NHS TRUST,MH049,Crisis Care Centre (NSCHT),B01,Number of calls answered within 60 seconds,2079
2025-07-01,2025-07-31,Midlands,QNC,NHS STAFFORDSHIRE AND STOKE-ON-TRENT INTEGRATED CARE BOARD,RLY,NORTH STAFFORDSHIRE COMBINED HEALTHCARE NHS TRUST,MH049,Crisis Care Centre (NSCHT),B02,Number of calls abandoned,903
2025-07-01,2025-07-31,Midlands,QNC,NHS STAFFORDSHIRE AND STOKE-ON-TRENT INTEGRATED CARE BOARD,RLY,NORTH STAFFORDSHIRE COMBINED HEALTHCARE NHS TRUST,MH049,Crisis Care Centre (NSCHT),B03,Calls abandoned in 30 seconds or less,103
2025-07-01,2025-07-31,Midlands,QNC,NHS STAFFORDSHIRE AND STOKE-ON-TRENT INTEGRATED CARE BOARD,RLY,NORTH STAFFORDSHIRE COMBINED HEALTHCARE NHS TRUST,MH049,Crisis Care Centre (NSCHT),B04,Calls abandoned in over 30 seconds and up to and including 60 seconds,100
2025-07-01,2025-07-31,Midlands,QNC,NHS STAFFORDSHIRE AND STOKE-ON-TRENT INTEGRATED CARE BOARD,RLY,NORTH STAFFORDSHIRE COMBINED HEALTHCARE NHS TRUST,MH049,Crisis Care Centre (NSCHT),B05,Calls abandoned after 60 seconds,700
2025-07-01,2025-07-31,Midlands,QNC,NHS STAFFORDSHIRE AND STOKE-ON-TRENT INTEGRATED CARE BOARD,RLY,NORTH STAFFORDSHIRE COMBINED HEALTHCARE NHS TRUST,MH049,Crisis Care Centre (NSCHT),B06,Total time to call answer (seconds),544687
2025-07-01,2025-07-31,Midlands,QNC,NHS STAFFORDSHIRE AND STOKE-ON-TRENT INTEGRATED CARE BOARD,RLY,NORTH STAFFORDSHIRE COMBINED HEALTHCARE NHS TRUST,MH049,Crisis Care Centre (NSCHT),B07,95th centile call answer time (seconds),1465
2025-07-01,2025-07-31,Midlands,QNC,NHS STAFFORDSHIRE AND STOKE-ON-TRENT INTEGRATED CARE BOARD,RLY,NORTH STAFFORDSHIRE COMBINED HEALTHCARE NHS TRUST,MH049,Crisis Care Centre (NSCHT),B09,Total time of abandoned calls (seconds),447612
2025-07-01,2025-07-31,South West,QR1,NHS GLOUCESTERSHIRE INTEGRATED CARE BOARD,RTQ,GLOUCESTERSHIRE HEALTH AND CARE NHS FOUNDATION TRUST,MH024,Gloucestershire MH Crisis Line (GHC),A01,Number of calls received,4173
2025-07-01,2025-07-31,South West,QR1,NHS GLOUCESTERSHIRE INTEGRATED CARE BOARD,RTQ,GLOUCESTERSHIRE HEALTH AND CARE NHS FOUNDATION TRUST,MH024,Gloucestershire MH Crisis Line (GHC),A02,Calls routed through IVR,4173
2025-07-01,2025-07-31,South West,QR1,NHS GLOUCESTERSHIRE INTEGRATED CARE BOARD,RTQ,GLOUCESTERSHIRE HEALTH AND CARE NHS FOUNDATION TRUST,MH024,Gloucestershire MH Crisis Line (GHC),A03,Number of answered calls,3119
2025-07-01,2025-07-31,South West,QR1,NHS GLOUCESTERSHIRE INTEGRATED CARE BOARD,RTQ,GLOUCESTERSHIRE HEALTH AND CARE NHS FOUNDATION TRUST,MH024,Gloucestershire MH Crisis Line (GHC),B01,Number of calls answered within 60 seconds,2342
2025-07-01,2025-07-31,South West,QR1,NHS GLOUCESTERSHIRE INTEGRATED CARE BOARD,RTQ,GLOUCESTERSHIRE HEALTH AND CARE NHS FOUNDATION TRUST,MH024,Gloucestershire MH Crisis Line (GHC),B02,Number of calls abandoned,1054
2025-07-01,2025-07-31,South West,QR1,NHS GLOUCESTERSHIRE INTEGRATED CARE BOARD,RTQ,GLOUCESTERSHIRE HEALTH AND CARE NHS FOUNDATION TRUST,MH024,Gloucestershire MH Crisis Line (GHC),B03,Calls abandoned in 30 seconds or less,482
2025-07-01,2025-07-31,South West,QR1,NHS GLOUCESTERSHIRE INTEGRATED CARE BOARD,RTQ,GLOUCESTERSHIRE HEALTH AND CARE NHS FOUNDATION TRUST,MH024,Gloucestershire MH Crisis Line (GHC),B04,Calls abandoned in over 30 seconds and up to and including 60 seconds,106
2025-07-01,2025-07-31,South West,QR1,NHS GLOUCESTERSHIRE INTEGRATED CARE BOARD,RTQ,GLOUCESTERSHIRE HEALTH AND CARE NHS FOUNDATION TRUST,MH024,Gloucestershire MH Crisis Line (GHC),B05,Calls abandoned after 60 seconds,466
2025-07-01,2025-07-31,South West,QR1,NHS GLOUCESTERSHIRE INTEGRATED CARE BOARD,RTQ,GLOUCESTERSHIRE HEALTH AND CARE NHS FOUNDATION TRUST,MH024,Gloucestershire MH Crisis Line (GHC),B06,Total time to call answer (seconds),310304
2025-07-01,2025-07-31,South West,QR1,NHS GLOUCESTERSHIRE INTEGRATED CARE BOARD,RTQ,GLOUCESTERSHIRE HEALTH AND CARE NHS FOUNDATION TRUST,MH024,Gloucestershire MH Crisis Line (GHC),B07,95th centile call answer time (seconds),120
2025-07-01,2025-07-31,South West,QR1,NHS GLOUCESTERSHIRE INTEGRATED CARE BOARD,RTQ,GLOUCESTERSHIRE HEALTH AND CARE NHS FOUNDATION TRUST,MH024,Gloucestershire MH Crisis Line (GHC),B09,Total time of abandoned calls (seconds),167591
2025-07-01,2025-07-31,London,QMF,NHS NORTH EAST LONDON INTEGRATED CARE BOARD,RWK,EAST LONDON NHS FOUNDATION TRUST,MH022,North East London Partnership - ELFT,A01,Number of calls received,1218
2025-07-01,2025-07-31,London,QMF,NHS NORTH EAST LONDON INTEGRATED CARE BOARD,RWK,EAST LONDON NHS FOUNDATION TRUST,MH022,North East London Partnership - ELFT,A02,Calls routed through IVR,0
2025-07-01,2025-07-31,London,QMF,NHS NORTH EAST LONDON INTEGRATED CARE BOARD,RWK,EAST LONDON NHS FOUNDATION TRUST,MH022,North East London Partnership - ELFT,A03,Number of answered calls,1041
2025-07-01,2025-07-31,London,QMF,NHS NORTH EAST LONDON INTEGRATED CARE BOARD,RWK,EAST LONDON NHS FOUNDATION TRUST,MH022,North East London Partnership - ELFT,B01,Number of calls answered within 60 seconds,782
2025-07-01,2025-07-31,London,QMF,NHS NORTH EAST LONDON INTEGRATED CARE BOARD,RWK,EAST LONDON NHS FOUNDATION TRUST,MH022,North East London Partnership - ELFT,B02,Number of calls abandoned,177
2025-07-01,2025-07-31,London,QMF,NHS NORTH EAST LONDON INTEGRATED CARE BOARD,RWK,EAST LONDON NHS FOUNDATION TRUST,MH022,North East London Partnership - ELFT,B03,Calls abandoned in 30 seconds or less,25
2025-07-01,2025-07-31,London,QMF,NHS NORTH EAST LONDON INTEGRATED CARE BOARD,RWK,EAST LONDON NHS FOUNDATION TRUST,MH022,North East London Partnership - ELFT,B04,Calls abandoned in over 30 seconds and up to and including 60 seconds,51
2025-07-01,2025-07-31,London,QMF,NHS NORTH EAST LONDON INTEGRATED CARE BOARD,RWK,EAST LONDON NHS FOUNDATION TRUST,MH022,North East London Partnership - ELFT,B05,Calls abandoned after 60 seconds,101
2025-07-01,2025-07-31,London,QMF,NHS NORTH EAST LONDON INTEGRATED CARE BOARD,RWK,EAST LONDON NHS FOUNDATION TRUST,MH022,North East London Partnership - ELFT,B06,Total time to call answer (seconds),89689
2025-07-01,2025-07-31,London,QMF,NHS NORTH EAST LONDON INTEGRATED CARE BOARD,RWK,EAST LONDON NHS FOUNDATION TRUST,MH022,North East London Partnership - ELFT,B07,95th centile call answer time (seconds),284
2025-07-01,2025-07-31,London,QMF,NHS NORTH EAST LONDON INTEGRATED CARE BOARD,RWK,EAST LONDON NHS FOUNDATION TRUST,MH022,North East London Partnership - ELFT,B09,Total time of abandoned calls (seconds),44934
2025-07-01,2025-07-31,East of England,QHG,"NHS BEDFORDSHIRE, LUTON AND MILTON KEYNES INTEGRATED CARE BOARD",RWK,EAST LONDON NHS FOUNDATION TRUST,MH004,Bedfordshire and Luton Mental Health and Wellbeing Services (ELFT),A01,Number of calls received,1397
2025-07-01,2025-07-31,East of England,QHG,"NHS BEDFORDSHIRE, LUTON AND MILTON KEYNES INTEGRATED CARE BOARD",RWK,EAST LONDON NHS FOUNDATION TRUST,MH004,Bedfordshire and Luton Mental Health and Wellbeing Services (ELFT),A02,Calls routed through IVR,0
2025-07-01,2025-07-31,East of England,QHG,"NHS BEDFORDSHIRE, LUTON AND MILTON KEYNES INTEGRATED CARE BOARD",RWK,EAST LONDON NHS FOUNDATION TRUST,MH004,Bedfordshire and Luton Mental Health and Wellbeing Services (ELFT),A03,Number of answered calls,904
2025-07-01,2025-07-31,East of England,QHG,"NHS BEDFORDSHIRE, LUTON AND MILTON KEYNES INTEGRATED CARE BOARD",RWK,EAST LONDON NHS FOUNDATION TRUST,MH004,Bedfordshire and Luton Mental Health and Wellbeing Services (ELFT),B01,Number of calls answered within 60 seconds,454
2025-07-01,2025-07-31,East of England,QHG,"NHS BEDFORDSHIRE, LUTON AND MILTON KEYNES INTEGRATED CARE BOARD",RWK,EAST LONDON NHS FOUNDATION TRUST,MH004,Bedfordshire and Luton Mental Health and Wellbeing Services (ELFT),B02,Number of calls abandoned,493
2025-07-01,2025-07-31,East of England,QHG,"NHS BEDFORDSHIRE, LUTON AND MILTON KEYNES INTEGRATED CARE BOARD",RWK,EAST LONDON NHS FOUNDATION TRUST,MH004,Bedfordshire and Luton Mental Health and Wellbeing Services (ELFT),B03,Calls abandoned in 30 seconds or less,3
2025-07-01,2025-07-31,East of England,QHG,"NHS BEDFORDSHIRE, LUTON AND MILTON KEYNES INTEGRATED CARE BOARD",RWK,EAST LONDON NHS FOUNDATION TRUST,MH004,Bedfordshire and Luton Mental Health and Wellbeing Services (ELFT),B04,Calls abandoned in over 30 seconds and up to and including 60 seconds,31
2025-07-01,2025-07-31,East of England,QHG,"NHS BEDFORDSHIRE, LUTON AND MILTON KEYNES INTEGRATED CARE BOARD",RWK,EAST LONDON NHS FOUNDATION TRUST,MH004,Bedfordshire and Luton Mental Health and Wellbeing Services (ELFT),B05,Calls abandoned after 60 seconds,459
2025-07-01,2025-07-31,East of England,QHG,"NHS BEDFORDSHIRE, LUTON AND MILTON KEYNES INTEGRATED CARE BOARD",RWK,EAST LONDON NHS FOUNDATION TRUST,MH004,Bedfordshire and Luton Mental Health and Wellbeing Services (ELFT),B06,Total time to call answer (seconds),359735
2025-07-01,2025-07-31,East of England,QHG,"NHS BEDFORDSHIRE, LUTON AND MILTON KEYNES INTEGRATED CARE BOARD",RWK,EAST LONDON NHS FOUNDATION TRUST,MH004,Bedfordshire and Luton Mental Health and Wellbeing Services (ELFT),B07,95th centile call answer time (seconds),1847
2025-07-01,2025-07-31,East of England,QHG,"NHS BEDFORDSHIRE, LUTON AND MILTON KEYNES INTEGRATED CARE BOARD",RWK,EAST LONDON NHS FOUNDATION TRUST,MH004,Bedfordshire and Luton Mental Health and Wellbeing Services (ELFT),B09,Total time of abandoned calls (seconds),251158
2025-07-01,2025-07-31,South West,QSL,NHS SOMERSET INTEGRATED CARE BOARD,RH5,SOMERSET NHS FOUNDATION TRUST,MH060,Somerset NHS Foundation Trust (MIND),A01,Number of calls received,6454
2025-07-01,2025-07-31,South West,QSL,NHS SOMERSET INTEGRATED CARE BOARD,RH5,SOMERSET NHS FOUNDATION TRUST,MH060,Somerset NHS Foundation Trust (MIND),A02,Calls routed through IVR,521
2025-07-01,2025-07-31,South West,QSL,NHS SOMERSET INTEGRATED CARE BOARD,RH5,SOMERSET NHS FOUNDATION TRUST,MH060,Somerset NHS Foundation Trust (MIND),A03,Number of answered calls,4303
2025-07-01,2025-07-31,South West,QSL,NHS SOMERSET INTEGRATED CARE BOARD,RH5,SOMERSET NHS FOUNDATION TRUST,MH060,Somerset NHS Foundation Trust (MIND),B01,Number of calls answered within 60 seconds,3052
2025-07-01,2025-07-31,South West,QSL,NHS SOMERSET INTEGRATED CARE BOARD,RH5,SOMERSET NHS FOUNDATION TRUST,MH060,Somerset NHS Foundation Trust (MIND),B02,Number of calls abandoned,1311
2025-07-01,2025-07-31,South West,QSL,NHS SOMERSET INTEGRATED CARE BOARD,RH5,SOMERSET NHS FOUNDATION TRUST,MH060,Somerset NHS Foundation Trust (MIND),B03,Calls abandoned in 30 seconds or less,467
2025-07-01,2025-07-31,South West,QSL,NHS SOMERSET INTEGRATED CARE BOARD,RH5,SOMERSET NHS FOUNDATION TRUST,MH060,Somerset NHS Foundation Trust (MIND),B04,Calls abandoned in over 30 seconds and up to and including 60 seconds,246
2025-07-01,2025-07-31,South West,QSL,NHS SOMERSET INTEGRATED CARE BOARD,RH5,SOMERSET NHS FOUNDATION TRUST,MH060,Somerset NHS Foundation Trust (MIND),B05,Calls abandoned after 60 seconds,598
2025-07-01,2025-07-31,South West,QSL,NHS SOMERSET INTEGRATED CARE BOARD,RH5,SOMERSET NHS FOUNDATION TRUST,MH060,Somerset NHS Foundation Trust (MIND),B06,Total time to call answer (seconds),826525
2025-07-01,2025-07-31,South West,QSL,NHS SOMERSET INTEGRATED CARE BOARD,RH5,SOMERSET NHS FOUNDATION TRUST,MH060,Somerset NHS Foundation Trust (MIND),B07,95th centile call answer time (seconds),994
2025-07-01,2025-07-31,South West,QSL,NHS SOMERSET INTEGRATED CARE BOARD,RH5,SOMERSET NHS FOUNDATION TRUST,MH060,Somerset NHS Foundation Trust (MIND),B09,Total time of abandoned calls (seconds),224036
2025-07-01,2025-07-31,South East,QNX,NHS SUSSEX INTEGRATED CARE BOARD,RX2,SUSSEX PARTNERSHIP NHS FOUNDATION TRUST,MH066,Sussex Partnership NHS Foundation Trust (SPFT),A01,Number of calls received,5358
2025-07-01,2025-07-31,South East,QNX,NHS SUSSEX INTEGRATED CARE BOARD,RX2,SUSSEX PARTNERSHIP NHS FOUNDATION TRUST,MH066,Sussex Partnership NHS Foundation Trust (SPFT),A02,Calls routed through IVR,-
2025-07-01,2025-07-31,South East,QNX,NHS SUSSEX INTEGRATED CARE BOARD,RX2,SUSSEX PARTNERSHIP NHS FOUNDATION TRUST,MH066,Sussex Partnership NHS Foundation Trust (SPFT),A03,Number of answered calls,2536
2025-07-01,2025-07-31,South East,QNX,NHS SUSSEX INTEGRATED CARE BOARD,RX2,SUSSEX PARTNERSHIP NHS FOUNDATION TRUST,MH066,Sussex Partnership NHS Foundation Trust (SPFT),B01,Number of calls answered within 60 seconds,444
2025-07-01,2025-07-31,South East,QNX,NHS SUSSEX INTEGRATED CARE BOARD,RX2,SUSSEX PARTNERSHIP NHS FOUNDATION TRUST,MH066,Sussex Partnership NHS Foundation Trust (SPFT),B02,Number of calls abandoned,2822
2025-07-01,2025-07-31,South East,QNX,NHS SUSSEX INTEGRATED CARE BOARD,RX2,SUSSEX PARTNERSHIP NHS FOUNDATION TRUST,MH066,Sussex Partnership NHS Foundation Trust (SPFT),B03,Calls abandoned in 30 seconds or less,303
2025-07-01,2025-07-31,South East,QNX,NHS SUSSEX INTEGRATED CARE BOARD,RX2,SUSSEX PARTNERSHIP NHS FOUNDATION TRUST,MH066,Sussex Partnership NHS Foundation Trust (SPFT),B04,Calls abandoned in over 30 seconds and up to and including 60 seconds,203
2025-07-01,2025-07-31,South East,QNX,NHS SUSSEX INTEGRATED CARE BOARD,RX2,SUSSEX PARTNERSHIP NHS FOUNDATION TRUST,MH066,Sussex Partnership NHS Foundation Trust (SPFT),B05,Calls abandoned after 60 seconds,2316
2025-07-01,2025-07-31,South East,QNX,NHS SUSSEX INTEGRATED CARE BOARD,RX2,SUSSEX PARTNERSHIP NHS FOUNDATION TRUST,MH066,Sussex Partnership NHS Foundation Trust (SPFT),B06,Total time to call answer (seconds),4022476
2025-07-01,2025-07-31,South East,QNX,NHS SUSSEX INTEGRATED CARE BOARD,RX2,SUSSEX PARTNERSHIP NHS FOUNDATION TRUST,MH066,Sussex Partnership NHS Foundation Trust (SPFT),B07,95th centile call answer time (seconds),4756
2025-07-01,2025-07-31,South East,QNX,NHS SUSSEX INTEGRATED CARE BOARD,RX2,SUSSEX PARTNERSHIP NHS FOUNDATION TRUST,MH066,Sussex Partnership NHS Foundation Trust (SPFT),B09,Total time of abandoned calls (seconds),1811627
2025-07-01,2025-07-31,Midlands,QJ2,NHS DERBY AND DERBYSHIRE INTEGRATED CARE BOARD,RXM,DERBYSHIRE HEALTHCARE NHS FOUNDATION TRUST,MH018,Derbyshire Mental Health Helpline and Support Service (DHFT),A01,Number of calls received,4050
2025-07-01,2025-07-31,Midlands,QJ2,NHS DERBY AND DERBYSHIRE INTEGRATED CARE BOARD,RXM,DERBYSHIRE HEALTHCARE NHS FOUNDATION TRUST,MH018,Derbyshire Mental Health Helpline and Support Service (DHFT),A02,Calls routed through IVR,1056
2025-07-01,2025-07-31,Midlands,QJ2,NHS DERBY AND DERBYSHIRE INTEGRATED CARE BOARD,RXM,DERBYSHIRE HEALTHCARE NHS FOUNDATION TRUST,MH018,Derbyshire Mental Health Helpline and Support Service (DHFT),A03,Number of answered calls,2397
2025-07-01,2025-07-31,Midlands,QJ2,NHS DERBY AND DERBYSHIRE INTEGRATED CARE BOARD,RXM,DERBYSHIRE HEALTHCARE NHS FOUNDATION TRUST,MH018,Derbyshire Mental Health Helpline and Support Service (DHFT),B01,Number of calls answered within 60 seconds,1333
2025-07-01,2025-07-31,Midlands,QJ2,NHS DERBY AND DERBYSHIRE INTEGRATED CARE BOARD,RXM,DERBYSHIRE HEALTHCARE NHS FOUNDATION TRUST,MH018,Derbyshire Mental Health Helpline and Support Service (DHFT),B02,Number of calls abandoned,1653
2025-07-01,2025-07-31,Midlands,QJ2,NHS DERBY AND DERBYSHIRE INTEGRATED CARE BOARD,RXM,DERBYSHIRE HEALTHCARE NHS FOUNDATION TRUST,MH018,Derbyshire Mental Health Helpline and Support Service (DHFT),B03,Calls abandoned in 30 seconds or less,358
2025-07-01,2025-07-31,Midlands,QJ2,NHS DERBY AND DERBYSHIRE INTEGRATED CARE BOARD,RXM,DERBYSHIRE HEALTHCARE NHS FOUNDATION TRUST,MH018,Derbyshire Mental Health Helpline and Support Service (DHFT),B04,Calls abandoned in over 30 seconds and up to and including 60 seconds,190
2025-07-01,2025-07-31,Midlands,QJ2,NHS DERBY AND DERBYSHIRE INTEGRATED CARE BOARD,RXM,DERBYSHIRE HEALTHCARE NHS FOUNDATION TRUST,MH018,Derbyshire Mental Health Helpline and Support Service (DHFT),B05,Calls abandoned after 60 seconds,1105
2025-07-01,2025-07-31,Midlands,QJ2,NHS DERBY AND DERBYSHIRE INTEGRATED CARE BOARD,RXM,DERBYSHIRE HEALTHCARE NHS FOUNDATION TRUST,MH018,Derbyshire Mental Health Helpline and Support Service (DHFT),B06,Total time to call answer (seconds),195797
2025-07-01,2025-07-31,Midlands,QJ2,NHS DERBY AND DERBYSHIRE INTEGRATED CARE BOARD,RXM,DERBYSHIRE HEALTHCARE NHS FOUNDATION TRUST,MH018,Derbyshire Mental Health Helpline and Support Service (DHFT),B07,95th centile call answer time (seconds),-
2025-07-01,2025-07-31,Midlands,QJ2,NHS DERBY AND DERBYSHIRE INTEGRATED CARE BOARD,RXM,DERBYSHIRE HEALTHCARE NHS FOUNDATION TRUST,MH018,Derbyshire Mental Health Helpline and Support Service (DHFT),B09,Total time of abandoned calls (seconds),296571
2025-07-01,2025-07-31,London,QMF,NHS NORTH EAST LONDON INTEGRATED CARE BOARD,RAT,NORTH EAST LONDON NHS FOUNDATION TRUST,MH044,North East London Partnership - NELFT,A01,Number of calls received,1767
2025-07-01,2025-07-31,London,QMF,NHS NORTH EAST LONDON INTEGRATED CARE BOARD,RAT,NORTH EAST LONDON NHS FOUNDATION TRUST,MH044,North East London Partnership - NELFT,A02,Calls routed through IVR,0
2025-07-01,2025-07-31,London,QMF,NHS NORTH EAST LONDON INTEGRATED CARE BOARD,RAT,NORTH EAST LONDON NHS FOUNDATION TRUST,MH044,North East London Partnership - NELFT,A03,Number of answered calls,1609
2025-07-01,2025-07-31,London,QMF,NHS NORTH EAST LONDON INTEGRATED CARE BOARD,RAT,NORTH EAST LONDON NHS FOUNDATION TRUST,MH044,North East London Partnership - NELFT,B01,Number of calls answered within 60 seconds,1203
2025-07-01,2025-07-31,London,QMF,NHS NORTH EAST LONDON INTEGRATED CARE BOARD,RAT,NORTH EAST LONDON NHS FOUNDATION TRUST,MH044,North East London Partnership - NELFT,B02,Number of calls abandoned,157
2025-07-01,2025-07-31,London,QMF,NHS NORTH EAST LONDON INTEGRATED CARE BOARD,RAT,NORTH EAST LONDON NHS FOUNDATION TRUST,MH044,North East London Partnership - NELFT,B03,Calls abandoned in 30 seconds or less,17
2025-07-01,2025-07-31,London,QMF,NHS NORTH EAST LONDON INTEGRATED CARE BOARD,RAT,NORTH EAST LONDON NHS FOUNDATION TRUST,MH044,North East London Partnership - NELFT,B04,Calls abandoned in over 30 seconds and up to and including 60 seconds,54
2025-07-01,2025-07-31,London,QMF,NHS NORTH EAST LONDON INTEGRATED CARE BOARD,RAT,NORTH EAST LONDON NHS FOUNDATION TRUST,MH044,North East London Partnership - NELFT,B05,Calls abandoned after 60 seconds,86
2025-07-01,2025-07-31,London,QMF,NHS NORTH EAST LONDON INTEGRATED CARE BOARD,RAT,NORTH EAST LONDON NHS FOUNDATION TRUST,MH044,North East London Partnership - NELFT,B06,Total time to call answer (seconds),131375
2025-07-01,2025-07-31,London,QMF,NHS NORTH EAST LONDON INTEGRATED CARE BOARD,RAT,NORTH EAST LONDON NHS FOUNDATION TRUST,MH044,North East London Partnership - NELFT,B07,95th centile call answer time (seconds),268
2025-07-01,2025-07-31,London,QMF,NHS NORTH EAST LONDON INTEGRATED CARE BOARD,RAT,NORTH EAST LONDON NHS FOUNDATION TRUST,MH044,North East London Partnership - NELFT,B09,Total time of abandoned calls (seconds),29323
2025-07-01,2025-07-31,London,QMF,NHS NORTH EAST LONDON INTEGRATED CARE BOARD,RAT,NORTH EAST LONDON NHS FOUNDATION TRUST,MH045,Kent and Medway NELFT,A01,Number of calls received,75
2025-07-01,2025-07-31,London,QMF,NHS NORTH EAST LONDON INTEGRATED CARE BOARD,RAT,NORTH EAST LONDON NHS FOUNDATION TRUST,MH045,Kent and Medway NELFT,A02,Calls routed through IVR,0
2025-07-01,2025-07-31,London,QMF,NHS NORTH EAST LONDON INTEGRATED CARE BOARD,RAT,NORTH EAST LONDON NHS FOUNDATION TRUST,MH045,Kent and Medway NELFT,A03,Number of answered calls,74
2025-07-01,2025-07-31,London,QMF,NHS NORTH EAST LONDON INTEGRATED CARE BOARD,RAT,NORTH EAST LONDON NHS FOUNDATION TRUST,MH045,Kent and Medway NELFT,B01,Number of calls answered within 60 seconds,72
2025-07-01,2025-07-31,London,QMF,NHS NORTH EAST LONDON INTEGRATED CARE BOARD,RAT,NORTH EAST LONDON NHS FOUNDATION TRUST,MH045,Kent and Medway NELFT,B02,Number of calls abandoned,1
2025-07-01,2025-07-31,London,QMF,NHS NORTH EAST LONDON INTEGRATED CARE BOARD,RAT,NORTH EAST LONDON NHS FOUNDATION TRUST,MH045,Kent and Medway NELFT,B03,Calls abandoned in 30 seconds or less,1
2025-07-01,2025-07-31,London,QMF,NHS NORTH EAST LONDON INTEGRATED CARE BOARD,RAT,NORTH EAST LONDON NHS FOUNDATION TRUST,MH045,Kent and Medway NELFT,B04,Calls abandoned in over 30 seconds and up to and including 60 seconds,0
2025-07-01,2025-07-31,London,QMF,NHS NORTH EAST LONDON INTEGRATED CARE BOARD,RAT,NORTH EAST LONDON NHS FOUNDATION TRUST,MH045,Kent and Medway NELFT,B05,Calls abandoned after 60 seconds,0
2025-07-01,2025-07-31,London,QMF,NHS NORTH EAST LONDON INTEGRATED CARE BOARD,RAT,NORTH EAST LONDON NHS FOUNDATION TRUST,MH045,Kent and Medway NELFT,B06,Total time to call answer (seconds),1401
2025-07-01,2025-07-31,London,QMF,NHS NORTH EAST LONDON INTEGRATED CARE BOARD,RAT,NORTH EAST LONDON NHS FOUNDATION TRUST,MH045,Kent and Medway NELFT,B07,95th centile call answer time (seconds),41
2025-07-01,2025-07-31,London,QMF,NHS NORTH EAST LONDON INTEGRATED CARE BOARD,RAT,NORTH EAST LONDON NHS FOUNDATION TRUST,MH045,Kent and Medway NELFT,B09,Total time of abandoned calls (seconds),0
2025-07-01,2025-07-31,East of England,QJG,NHS SUFFOLK AND NORTH EAST ESSEX INTEGRATED CARE BOARD,RAT,NORTH EAST LONDON NHS FOUNDATION TRUST,MH046,North East Essex CYP,A01,Number of calls received,-
2025-07-01,2025-07-31,East of England,QJG,NHS SUFFOLK AND NORTH EAST ESSEX INTEGRATED CARE BOARD,RAT,NORTH EAST LONDON NHS FOUNDATION TRUST,MH046,North East Essex CYP,A02,Calls routed through IVR,-
2025-07-01,2025-07-31,East of England,QJG,NHS SUFFOLK AND NORTH EAST ESSEX INTEGRATED CARE BOARD,RAT,NORTH EAST LONDON NHS FOUNDATION TRUST,MH046,North East Essex CYP,A03,Number of answered calls,-
2025-07-01,2025-07-31,East of England,QJG,NHS SUFFOLK AND NORTH EAST ESSEX INTEGRATED CARE BOARD,RAT,NORTH EAST LONDON NHS FOUNDATION TRUST,MH046,North East Essex CYP,B01,Number of calls answered within 60 seconds,-
2025-07-01,2025-07-31,East of England,QJG,NHS SUFFOLK AND NORTH EAST ESSEX INTEGRATED CARE BOARD,RAT,NORTH EAST LONDON NHS FOUNDATION TRUST,MH046,North East Essex CYP,B02,Number of calls abandoned,-
2025-07-01,2025-07-31,East of England,QJG,NHS SUFFOLK AND NORTH EAST ESSEX INTEGRATED CARE BOARD,RAT,NORTH EAST LONDON NHS FOUNDATION TRUST,MH046,North East Essex CYP,B03,Calls abandoned in 30 seconds or less,-
2025-07-01,2025-07-31,East of England,QJG,NHS SUFFOLK AND NORTH EAST ESSEX INTEGRATED CARE BOARD,RAT,NORTH EAST LONDON NHS FOUNDATION TRUST,MH046,North East Essex CYP,B04,Calls abandoned in over 30 seconds and up to and including 60 seconds,-
2025-07-01,2025-07-31,East of England,QJG,NHS SUFFOLK AND NORTH EAST ESSEX INTEGRATED CARE BOARD,RAT,NORTH EAST LONDON NHS FOUNDATION TRUST,MH046,North East Essex CYP,B05,Calls abandoned after 60 seconds,-
2025-07-01,2025-07-31,East of England,QJG,NHS SUFFOLK AND NORTH EAST ESSEX INTEGRATED CARE BOARD,RAT,NORTH EAST LONDON NHS FOUNDATION TRUST,MH046,North East Essex CYP,B06,Total time to call answer (seconds),-
2025-07-01,2025-07-31,East of England,QJG,NHS SUFFOLK AND NORTH EAST ESSEX INTEGRATED CARE BOARD,RAT,NORTH EAST LONDON NHS FOUNDATION TRUST,MH046,North East Essex CYP,B07,95th centile call answer time (seconds),-
2025-07-01,2025-07-31,East of England,QJG,NHS SUFFOLK AND NORTH EAST ESSEX INTEGRATED CARE BOARD,RAT,NORTH EAST LONDON NHS FOUNDATION TRUST,MH046,North East Essex CYP,B09,Total time of abandoned calls (seconds),-
2025-07-01,2025-07-31,East of England,QH8,NHS MID AND SOUTH ESSEX INTEGRATED CARE BOARD,RAT,NORTH EAST LONDON NHS FOUNDATION TRUST,MH047,Mid and South Essex CYP,A01,Number of calls received,-
2025-07-01,2025-07-31,East of England,QH8,NHS MID AND SOUTH ESSEX INTEGRATED CARE BOARD,RAT,NORTH EAST LONDON NHS FOUNDATION TRUST,MH047,Mid and South Essex CYP,A02,Calls routed through IVR,-
2025-07-01,2025-07-31,East of England,QH8,NHS MID AND SOUTH ESSEX INTEGRATED CARE BOARD,RAT,NORTH EAST LONDON NHS FOUNDATION TRUST,MH047,Mid and South Essex CYP,A03,Number of answered calls,-
2025-07-01,2025-07-31,East of England,QH8,NHS MID AND SOUTH ESSEX INTEGRATED CARE BOARD,RAT,NORTH EAST LONDON NHS FOUNDATION TRUST,MH047,Mid and South Essex CYP,B01,Number of calls answered within 60 seconds,-
2025-07-01,2025-07-31,East of England,QH8,NHS MID AND SOUTH ESSEX INTEGRATED CARE BOARD,RAT,NORTH EAST LONDON NHS FOUNDATION TRUST,MH047,Mid and South Essex CYP,B02,Number of calls abandoned,-
2025-07-01,2025-07-31,East of England,QH8,NHS MID AND SOUTH ESSEX INTEGRATED CARE BOARD,RAT,NORTH EAST LONDON NHS FOUNDATION TRUST,MH047,Mid and South Essex CYP,B03,Calls abandoned in 30 seconds or less,-
2025-07-01,2025-07-31,East of England,QH8,NHS MID AND SOUTH ESSEX INTEGRATED CARE BOARD,RAT,NORTH EAST LONDON NHS FOUNDATION TRUST,MH047,Mid and South Essex CYP,B04,Calls abandoned in over 30 seconds and up to and including 60 seconds,-
2025-07-01,2025-07-31,East of England,QH8,NHS MID AND SOUTH ESSEX INTEGRATED CARE BOARD,RAT,NORTH EAST LONDON NHS FOUNDATION TRUST,MH047,Mid and South Essex CYP,B05,Calls abandoned after 60 seconds,-
2025-07-01,2025-07-31,East of England,QH8,NHS MID AND SOUTH ESSEX INTEGRATED CARE BOARD,RAT,NORTH EAST LONDON NHS FOUNDATION TRUST,MH047,Mid and South Essex CYP,B06,Total time to call answer (seconds),-
2025-07-01,2025-07-31,East of England,QH8,NHS MID AND SOUTH ESSEX INTEGRATED CARE BOARD,RAT,NORTH EAST LONDON NHS FOUNDATION TRUST,MH047,Mid and South Essex CYP,B07,95th centile call answer time (seconds),-
2025-07-01,2025-07-31,East of England,QH8,NHS MID AND SOUTH ESSEX INTEGRATED CARE BOARD,RAT,NORTH EAST LONDON NHS FOUNDATION TRUST,MH047,Mid and South Essex CYP,B09,Total time of abandoned calls (seconds),-
2025-07-01,2025-07-31,East of England,QM7,NHS HERTFORDSHIRE AND WEST ESSEX INTEGRATED CARE BOARD,RAT,NORTH EAST LONDON NHS FOUNDATION TRUST,MH048,West Essex CYP,A01,Number of calls received,-
2025-07-01,2025-07-31,East of England,QM7,NHS HERTFORDSHIRE AND WEST ESSEX INTEGRATED CARE BOARD,RAT,NORTH EAST LONDON NHS FOUNDATION TRUST,MH048,West Essex CYP,A02,Calls routed through IVR,-
2025-07-01,2025-07-31,East of England,QM7,NHS HERTFORDSHIRE AND WEST ESSEX INTEGRATED CARE BOARD,RAT,NORTH EAST LONDON NHS FOUNDATION TRUST,MH048,West Essex CYP,A03,Number of answered calls,-
2025-07-01,2025-07-31,East of England,QM7,NHS HERTFORDSHIRE AND WEST ESSEX INTEGRATED CARE BOARD,RAT,NORTH EAST LONDON NHS FOUNDATION TRUST,MH048,West Essex CYP,B01,Number of calls answered within 60 seconds,-
2025-07-01,2025-07-31,East of England,QM7,NHS HERTFORDSHIRE AND WEST ESSEX INTEGRATED CARE BOARD,RAT,NORTH EAST LONDON NHS FOUNDATION TRUST,MH048,West Essex CYP,B02,Number of calls abandoned,-
2025-07-01,2025-07-31,East of England,QM7,NHS HERTFORDSHIRE AND WEST ESSEX INTEGRATED CARE BOARD,RAT,NORTH EAST LONDON NHS FOUNDATION TRUST,MH048,West Essex CYP,B03,Calls abandoned in 30 seconds or less,-
2025-07-01,2025-07-31,East of England,QM7,NHS HERTFORDSHIRE AND WEST ESSEX INTEGRATED CARE BOARD,RAT,NORTH EAST LONDON NHS FOUNDATION TRUST,MH048,West Essex CYP,B04,Calls abandoned in over 30 seconds and up to and including 60 seconds,-
2025-07-01,2025-07-31,East of England,QM7,NHS HERTFORDSHIRE AND WEST ESSEX INTEGRATED CARE BOARD,RAT,NORTH EAST LONDON NHS FOUNDATION TRUST,MH048,West Essex CYP,B05,Calls abandoned after 60 seconds,-
2025-07-01,2025-07-31,East of England,QM7,NHS HERTFORDSHIRE AND WEST ESSEX INTEGRATED CARE BOARD,RAT,NORTH EAST LONDON NHS FOUNDATION TRUST,MH048,West Essex CYP,B06,Total time to call answer (seconds),-
2025-07-01,2025-07-31,East of England,QM7,NHS HERTFORDSHIRE AND WEST ESSEX INTEGRATED CARE BOARD,RAT,NORTH EAST LONDON NHS FOUNDATION TRUST,MH048,West Essex CYP,B07,95th centile call answer time (seconds),-
2025-07-01,2025-07-31,East of England,QM7,NHS HERTFORDSHIRE AND WEST ESSEX INTEGRATED CARE BOARD,RAT,NORTH EAST LONDON NHS FOUNDATION TRUST,MH048,West Essex CYP,B09,Total time of abandoned calls (seconds),-
2025-07-01,2025-07-31,Midlands,QHL,NHS BIRMINGHAM AND SOLIHULL INTEGRATED CARE BOARD,RXT,BIRMINGHAM AND SOLIHULL MENTAL HEALTH NHS FOUNDATION TRUST,MH006,Birmingham and Solihull Urgent Mental Health Helpline (BSOLMH),A01,Number of calls received,1445
2025-07-01,2025-07-31,Midlands,QHL,NHS BIRMINGHAM AND SOLIHULL INTEGRATED CARE BOARD,RXT,BIRMINGHAM AND SOLIHULL MENTAL HEALTH NHS FOUNDATION TRUST,MH006,Birmingham and Solihull Urgent Mental Health Helpline (BSOLMH),A02,Calls routed through IVR,1445
2025-07-01,2025-07-31,Midlands,QHL,NHS BIRMINGHAM AND SOLIHULL INTEGRATED CARE BOARD,RXT,BIRMINGHAM AND SOLIHULL MENTAL HEALTH NHS FOUNDATION TRUST,MH006,Birmingham and Solihull Urgent Mental Health Helpline (BSOLMH),A03,Number of answered calls,1074
2025-07-01,2025-07-31,Midlands,QHL,NHS BIRMINGHAM AND SOLIHULL INTEGRATED CARE BOARD,RXT,BIRMINGHAM AND SOLIHULL MENTAL HEALTH NHS FOUNDATION TRUST,MH006,Birmingham and Solihull Urgent Mental Health Helpline (BSOLMH),B01,Number of calls answered within 60 seconds,821
2025-07-01,2025-07-31,Midlands,QHL,NHS BIRMINGHAM AND SOLIHULL INTEGRATED CARE BOARD,RXT,BIRMINGHAM AND SOLIHULL MENTAL HEALTH NHS FOUNDATION TRUST,MH006,Birmingham and Solihull Urgent Mental Health Helpline (BSOLMH),B02,Number of calls abandoned,223
2025-07-01,2025-07-31,Midlands,QHL,NHS BIRMINGHAM AND SOLIHULL INTEGRATED CARE BOARD,RXT,BIRMINGHAM AND SOLIHULL MENTAL HEALTH NHS FOUNDATION TRUST,MH006,Birmingham and Solihull Urgent Mental Health Helpline (BSOLMH),B03,Calls abandoned in 30 seconds or less,72
2025-07-01,2025-07-31,Midlands,QHL,NHS BIRMINGHAM AND SOLIHULL INTEGRATED CARE BOARD,RXT,BIRMINGHAM AND SOLIHULL MENTAL HEALTH NHS FOUNDATION TRUST,MH006,Birmingham and Solihull Urgent Mental Health Helpline (BSOLMH),B04,Calls abandoned in over 30 seconds and up to and including 60 seconds,26
2025-07-01,2025-07-31,Midlands,QHL,NHS BIRMINGHAM AND SOLIHULL INTEGRATED CARE BOARD,RXT,BIRMINGHAM AND SOLIHULL MENTAL HEALTH NHS FOUNDATION TRUST,MH006,Birmingham and Solihull Urgent Mental Health Helpline (BSOLMH),B05,Calls abandoned after 60 seconds,125
2025-07-01,2025-07-31,Midlands,QHL,NHS BIRMINGHAM AND SOLIHULL INTEGRATED CARE BOARD,RXT,BIRMINGHAM AND SOLIHULL MENTAL HEALTH NHS FOUNDATION TRUST,MH006,Birmingham and Solihull Urgent Mental Health Helpline (BSOLMH),B06,Total time to call answer (seconds),104156
2025-07-01,2025-07-31,Midlands,QHL,NHS BIRMINGHAM AND SOLIHULL INTEGRATED CARE BOARD,RXT,BIRMINGHAM AND SOLIHULL MENTAL HEALTH NHS FOUNDATION TRUST,MH006,Birmingham and Solihull Urgent Mental Health Helpline (BSOLMH),B07,95th centile call answer time (seconds),488
2025-07-01,2025-07-31,Midlands,QHL,NHS BIRMINGHAM AND SOLIHULL INTEGRATED CARE BOARD,RXT,BIRMINGHAM AND SOLIHULL MENTAL HEALTH NHS FOUNDATION TRUST,MH006,Birmingham and Solihull Urgent Mental Health Helpline (BSOLMH),B09,Total time of abandoned calls (seconds),45169
2025-07-01,2025-07-31,South East,QU9,"NHS BUCKINGHAMSHIRE, OXFORDSHIRE AND BERKSHIRE WEST INTEGRATED CARE BOARD",RYE,SOUTH CENTRAL AMBULANCE SERVICE NHS FOUNDATION TRUST,MH052,Oxford (SCAS),A01,Number of calls received,913
2025-07-01,2025-07-31,South East,QU9,"NHS BUCKINGHAMSHIRE, OXFORDSHIRE AND BERKSHIRE WEST INTEGRATED CARE BOARD",RYE,SOUTH CENTRAL AMBULANCE SERVICE NHS FOUNDATION TRUST,MH052,Oxford (SCAS),A02,Calls routed through IVR,0
2025-07-01,2025-07-31,South East,QU9,"NHS BUCKINGHAMSHIRE, OXFORDSHIRE AND BERKSHIRE WEST INTEGRATED CARE BOARD",RYE,SOUTH CENTRAL AMBULANCE SERVICE NHS FOUNDATION TRUST,MH052,Oxford (SCAS),A03,Number of answered calls,807
2025-07-01,2025-07-31,South East,QU9,"NHS BUCKINGHAMSHIRE, OXFORDSHIRE AND BERKSHIRE WEST INTEGRATED CARE BOARD",RYE,SOUTH CENTRAL AMBULANCE SERVICE NHS FOUNDATION TRUST,MH052,Oxford (SCAS),B01,Number of calls answered within 60 seconds,598
2025-07-01,2025-07-31,South East,QU9,"NHS BUCKINGHAMSHIRE, OXFORDSHIRE AND BERKSHIRE WEST INTEGRATED CARE BOARD",RYE,SOUTH CENTRAL AMBULANCE SERVICE NHS FOUNDATION TRUST,MH052,Oxford (SCAS),B02,Number of calls abandoned,106
2025-07-01,2025-07-31,South East,QU9,"NHS BUCKINGHAMSHIRE, OXFORDSHIRE AND BERKSHIRE WEST INTEGRATED CARE BOARD",RYE,SOUTH CENTRAL AMBULANCE SERVICE NHS FOUNDATION TRUST,MH052,Oxford (SCAS),B03,Calls abandoned in 30 seconds or less,33
2025-07-01,2025-07-31,South East,QU9,"NHS BUCKINGHAMSHIRE, OXFORDSHIRE AND BERKSHIRE WEST INTEGRATED CARE BOARD",RYE,SOUTH CENTRAL AMBULANCE SERVICE NHS FOUNDATION TRUST,MH052,Oxford (SCAS),B04,Calls abandoned in over 30 seconds and up to and including 60 seconds,15
2025-07-01,2025-07-31,South East,QU9,"NHS BUCKINGHAMSHIRE, OXFORDSHIRE AND BERKSHIRE WEST INTEGRATED CARE BOARD",RYE,SOUTH CENTRAL AMBULANCE SERVICE NHS FOUNDATION TRUST,MH052,Oxford (SCAS),B05,Calls abandoned after 60 seconds,58
2025-07-01,2025-07-31,South East,QU9,"NHS BUCKINGHAMSHIRE, OXFORDSHIRE AND BERKSHIRE WEST INTEGRATED CARE BOARD",RYE,SOUTH CENTRAL AMBULANCE SERVICE NHS FOUNDATION TRUST,MH052,Oxford (SCAS),B06,Total time to call answer (seconds),51840
2025-07-01,2025-07-31,South East,QU9,"NHS BUCKINGHAMSHIRE, OXFORDSHIRE AND BERKSHIRE WEST INTEGRATED CARE BOARD",RYE,SOUTH CENTRAL AMBULANCE SERVICE NHS FOUNDATION TRUST,MH052,Oxford (SCAS),B07,95th centile call answer time (seconds),339
2025-07-01,2025-07-31,South East,QU9,"NHS BUCKINGHAMSHIRE, OXFORDSHIRE AND BERKSHIRE WEST INTEGRATED CARE BOARD",RYE,SOUTH CENTRAL AMBULANCE SERVICE NHS FOUNDATION TRUST,MH052,Oxford (SCAS),B09,Total time of abandoned calls (seconds),12131
2025-07-01,2025-07-31,South East,QRL,NHS HAMPSHIRE AND ISLE OF WIGHT INTEGRATED CARE BOARD,RYE,SOUTH CENTRAL AMBULANCE SERVICE NHS FOUNDATION TRUST,MH063,Hampshire (SCAS),A01,Number of calls received,4054
2025-07-01,2025-07-31,South East,QRL,NHS HAMPSHIRE AND ISLE OF WIGHT INTEGRATED CARE BOARD,RYE,SOUTH CENTRAL AMBULANCE SERVICE NHS FOUNDATION TRUST,MH063,Hampshire (SCAS),A02,Calls routed through IVR,0
2025-07-01,2025-07-31,South East,QRL,NHS HAMPSHIRE AND ISLE OF WIGHT INTEGRATED CARE BOARD,RYE,SOUTH CENTRAL AMBULANCE SERVICE NHS FOUNDATION TRUST,MH063,Hampshire (SCAS),A03,Number of answered calls,3534
2025-07-01,2025-07-31,South East,QRL,NHS HAMPSHIRE AND ISLE OF WIGHT INTEGRATED CARE BOARD,RYE,SOUTH CENTRAL AMBULANCE SERVICE NHS FOUNDATION TRUST,MH063,Hampshire (SCAS),B01,Number of calls answered within 60 seconds,2740
2025-07-01,2025-07-31,South East,QRL,NHS HAMPSHIRE AND ISLE OF WIGHT INTEGRATED CARE BOARD,RYE,SOUTH CENTRAL AMBULANCE SERVICE NHS FOUNDATION TRUST,MH063,Hampshire (SCAS),B02,Number of calls abandoned,520
2025-07-01,2025-07-31,South East,QRL,NHS HAMPSHIRE AND ISLE OF WIGHT INTEGRATED CARE BOARD,RYE,SOUTH CENTRAL AMBULANCE SERVICE NHS FOUNDATION TRUST,MH063,Hampshire (SCAS),B03,Calls abandoned in 30 seconds or less,204
2025-07-01,2025-07-31,South East,QRL,NHS HAMPSHIRE AND ISLE OF WIGHT INTEGRATED CARE BOARD,RYE,SOUTH CENTRAL AMBULANCE SERVICE NHS FOUNDATION TRUST,MH063,Hampshire (SCAS),B04,Calls abandoned in over 30 seconds and up to and including 60 seconds,88
2025-07-01,2025-07-31,South East,QRL,NHS HAMPSHIRE AND ISLE OF WIGHT INTEGRATED CARE BOARD,RYE,SOUTH CENTRAL AMBULANCE SERVICE NHS FOUNDATION TRUST,MH063,Hampshire (SCAS),B05,Calls abandoned after 60 seconds,228
2025-07-01,2025-07-31,South East,QRL,NHS HAMPSHIRE AND ISLE OF WIGHT INTEGRATED CARE BOARD,RYE,SOUTH CENTRAL AMBULANCE SERVICE NHS FOUNDATION TRUST,MH063,Hampshire (SCAS),B06,Total time to call answer (seconds),213505
2025-07-01,2025-07-31,South East,QRL,NHS HAMPSHIRE AND ISLE OF WIGHT INTEGRATED CARE BOARD,RYE,SOUTH CENTRAL AMBULANCE SERVICE NHS FOUNDATION TRUST,MH063,Hampshire (SCAS),B07,95th centile call answer time (seconds),348
2025-07-01,2025-07-31,South East,QRL,NHS HAMPSHIRE AND ISLE OF WIGHT INTEGRATED CARE BOARD,RYE,SOUTH CENTRAL AMBULANCE SERVICE NHS FOUNDATION TRUST,MH063,Hampshire (SCAS),B09,Total time of abandoned calls (seconds),51384
2025-07-01,2025-07-31,South East,QU9,"NHS BUCKINGHAMSHIRE, OXFORDSHIRE AND BERKSHIRE WEST INTEGRATED CARE BOARD",RYE,SOUTH CENTRAL AMBULANCE SERVICE NHS FOUNDATION TRUST,MH005,Berkshire (SCAS),A01,Number of calls received,926
2025-07-01,2025-07-31,South East,QU9,"NHS BUCKINGHAMSHIRE, OXFORDSHIRE AND BERKSHIRE WEST INTEGRATED CARE BOARD",RYE,SOUTH CENTRAL AMBULANCE SERVICE NHS FOUNDATION TRUST,MH005,Berkshire (SCAS),A02,Calls routed through IVR,0
2025-07-01,2025-07-31,South East,QU9,"NHS BUCKINGHAMSHIRE, OXFORDSHIRE AND BERKSHIRE WEST INTEGRATED CARE BOARD",RYE,SOUTH CENTRAL AMBULANCE SERVICE NHS FOUNDATION TRUST,MH005,Berkshire (SCAS),A03,Number of answered calls,823
2025-07-01,2025-07-31,South East,QU9,"NHS BUCKINGHAMSHIRE, OXFORDSHIRE AND BERKSHIRE WEST INTEGRATED CARE BOARD",RYE,SOUTH CENTRAL AMBULANCE SERVICE NHS FOUNDATION TRUST,MH005,Berkshire (SCAS),B01,Number of calls answered within 60 seconds,649
2025-07-01,2025-07-31,South East,QU9,"NHS BUCKINGHAMSHIRE, OXFORDSHIRE AND BERKSHIRE WEST INTEGRATED CARE BOARD",RYE,SOUTH CENTRAL AMBULANCE SERVICE NHS FOUNDATION TRUST,MH005,Berkshire (SCAS),B02,Number of calls abandoned,103
2025-07-01,2025-07-31,South East,QU9,"NHS BUCKINGHAMSHIRE, OXFORDSHIRE AND BERKSHIRE WEST INTEGRATED CARE BOARD",RYE,SOUTH CENTRAL AMBULANCE SERVICE NHS FOUNDATION TRUST,MH005,Berkshire (SCAS),B03,Calls abandoned in 30 seconds or less,33
2025-07-01,2025-07-31,South East,QU9,"NHS BUCKINGHAMSHIRE, OXFORDSHIRE AND BERKSHIRE WEST INTEGRATED CARE BOARD",RYE,SOUTH CENTRAL AMBULANCE SERVICE NHS FOUNDATION TRUST,MH005,Berkshire (SCAS),B04,Calls abandoned in over 30 seconds and up to and including 60 seconds,21
2025-07-01,2025-07-31,South East,QU9,"NHS BUCKINGHAMSHIRE, OXFORDSHIRE AND BERKSHIRE WEST INTEGRATED CARE BOARD",RYE,SOUTH CENTRAL AMBULANCE SERVICE NHS FOUNDATION TRUST,MH005,Berkshire (SCAS),B05,Calls abandoned after 60 seconds,49
2025-07-01,2025-07-31,South East,QU9,"NHS BUCKINGHAMSHIRE, OXFORDSHIRE AND BERKSHIRE WEST INTEGRATED CARE BOARD",RYE,SOUTH CENTRAL AMBULANCE SERVICE NHS FOUNDATION TRUST,MH005,Berkshire (SCAS),B06,Total time to call answer (seconds),42405
2025-07-01,2025-07-31,South East,QU9,"NHS BUCKINGHAMSHIRE, OXFORDSHIRE AND BERKSHIRE WEST INTEGRATED CARE BOARD",RYE,SOUTH CENTRAL AMBULANCE SERVICE NHS FOUNDATION TRUST,MH005,Berkshire (SCAS),B07,95th centile call answer time (seconds),303
2025-07-01,2025-07-31,South East,QU9,"NHS BUCKINGHAMSHIRE, OXFORDSHIRE AND BERKSHIRE WEST INTEGRATED CARE BOARD",RYE,SOUTH CENTRAL AMBULANCE SERVICE NHS FOUNDATION TRUST,MH005,Berkshire (SCAS),B09,Total time of abandoned calls (seconds),9597
2025-07-01,2025-07-31,South East,QU9,"NHS BUCKINGHAMSHIRE, OXFORDSHIRE AND BERKSHIRE WEST INTEGRATED CARE BOARD",RYE,SOUTH CENTRAL AMBULANCE SERVICE NHS FOUNDATION TRUST,MH059,Buckinghamshire (SCAS),A01,Number of calls received,877
2025-07-01,2025-07-31,South East,QU9,"NHS BUCKINGHAMSHIRE, OXFORDSHIRE AND BERKSHIRE WEST INTEGRATED CARE BOARD",RYE,SOUTH CENTRAL AMBULANCE SERVICE NHS FOUNDATION TRUST,MH059,Buckinghamshire (SCAS),A02,Calls routed through IVR,0
2025-07-01,2025-07-31,South East,QU9,"NHS BUCKINGHAMSHIRE, OXFORDSHIRE AND BERKSHIRE WEST INTEGRATED CARE BOARD",RYE,SOUTH CENTRAL AMBULANCE SERVICE NHS FOUNDATION TRUST,MH059,Buckinghamshire (SCAS),A03,Number of answered calls,765
2025-07-01,2025-07-31,South East,QU9,"NHS BUCKINGHAMSHIRE, OXFORDSHIRE AND BERKSHIRE WEST INTEGRATED CARE BOARD",RYE,SOUTH CENTRAL AMBULANCE SERVICE NHS FOUNDATION TRUST,MH059,Buckinghamshire (SCAS),B01,Number of calls answered within 60 seconds,579
2025-07-01,2025-07-31,South East,QU9,"NHS BUCKINGHAMSHIRE, OXFORDSHIRE AND BERKSHIRE WEST INTEGRATED CARE BOARD",RYE,SOUTH CENTRAL AMBULANCE SERVICE NHS FOUNDATION TRUST,MH059,Buckinghamshire (SCAS),B02,Number of calls abandoned,112
2025-07-01,2025-07-31,South East,QU9,"NHS BUCKINGHAMSHIRE, OXFORDSHIRE AND BERKSHIRE WEST INTEGRATED CARE BOARD",RYE,SOUTH CENTRAL AMBULANCE SERVICE NHS FOUNDATION TRUST,MH059,Buckinghamshire (SCAS),B03,Calls abandoned in 30 seconds or less,43
2025-07-01,2025-07-31,South East,QU9,"NHS BUCKINGHAMSHIRE, OXFORDSHIRE AND BERKSHIRE WEST INTEGRATED CARE BOARD",RYE,SOUTH CENTRAL AMBULANCE SERVICE NHS FOUNDATION TRUST,MH059,Buckinghamshire (SCAS),B04,Calls abandoned in over 30 seconds and up to and including 60 seconds,18
2025-07-01,2025-07-31,South East,QU9,"NHS BUCKINGHAMSHIRE, OXFORDSHIRE AND BERKSHIRE WEST INTEGRATED CARE BOARD",RYE,SOUTH CENTRAL AMBULANCE SERVICE NHS FOUNDATION TRUST,MH059,Buckinghamshire (SCAS),B05,Calls abandoned after 60 seconds,51
2025-07-01,2025-07-31,South East,QU9,"NHS BUCKINGHAMSHIRE, OXFORDSHIRE AND BERKSHIRE WEST INTEGRATED CARE BOARD",RYE,SOUTH CENTRAL AMBULANCE SERVICE NHS FOUNDATION TRUST,MH059,Buckinghamshire (SCAS),B06,Total time to call answer (seconds),47095
2025-07-01,2025-07-31,South East,QU9,"NHS BUCKINGHAMSHIRE, OXFORDSHIRE AND BERKSHIRE WEST INTEGRATED CARE BOARD",RYE,SOUTH CENTRAL AMBULANCE SERVICE NHS FOUNDATION TRUST,MH059,Buckinghamshire (SCAS),B07,95th centile call answer time (seconds),359
2025-07-01,2025-07-31,South East,QU9,"NHS BUCKINGHAMSHIRE, OXFORDSHIRE AND BERKSHIRE WEST INTEGRATED CARE BOARD",RYE,SOUTH CENTRAL AMBULANCE SERVICE NHS FOUNDATION TRUST,MH059,Buckinghamshire (SCAS),B09,Total time of abandoned calls (seconds),10637
2025-07-01,2025-07-31,South East,QRL,NHS HAMPSHIRE AND ISLE OF WIGHT INTEGRATED CARE BOARD,RYE,SOUTH CENTRAL AMBULANCE SERVICE NHS FOUNDATION TRUST,MH064,Surrey (SCAS),A01,Number of calls received,40
2025-07-01,2025-07-31,South East,QRL,NHS HAMPSHIRE AND ISLE OF WIGHT INTEGRATED CARE BOARD,RYE,SOUTH CENTRAL AMBULANCE SERVICE NHS FOUNDATION TRUST,MH064,Surrey (SCAS),A02,Calls routed through IVR,0
2025-07-01,2025-07-31,South East,QRL,NHS HAMPSHIRE AND ISLE OF WIGHT INTEGRATED CARE BOARD,RYE,SOUTH CENTRAL AMBULANCE SERVICE NHS FOUNDATION TRUST,MH064,Surrey (SCAS),A03,Number of answered calls,37
2025-07-01,2025-07-31,South East,QRL,NHS HAMPSHIRE AND ISLE OF WIGHT INTEGRATED CARE BOARD,RYE,SOUTH CENTRAL AMBULANCE SERVICE NHS FOUNDATION TRUST,MH064,Surrey (SCAS),B01,Number of calls answered within 60 seconds,26
2025-07-01,2025-07-31,South East,QRL,NHS HAMPSHIRE AND ISLE OF WIGHT INTEGRATED CARE BOARD,RYE,SOUTH CENTRAL AMBULANCE SERVICE NHS FOUNDATION TRUST,MH064,Surrey (SCAS),B02,Number of calls abandoned,3
2025-07-01,2025-07-31,South East,QRL,NHS HAMPSHIRE AND ISLE OF WIGHT INTEGRATED CARE BOARD,RYE,SOUTH CENTRAL AMBULANCE SERVICE NHS FOUNDATION TRUST,MH064,Surrey (SCAS),B03,Calls abandoned in 30 seconds or less,0
2025-07-01,2025-07-31,South East,QRL,NHS HAMPSHIRE AND ISLE OF WIGHT INTEGRATED CARE BOARD,RYE,SOUTH CENTRAL AMBULANCE SERVICE NHS FOUNDATION TRUST,MH064,Surrey (SCAS),B04,Calls abandoned in over 30 seconds and up to and including 60 seconds,1
2025-07-01,2025-07-31,South East,QRL,NHS HAMPSHIRE AND ISLE OF WIGHT INTEGRATED CARE BOARD,RYE,SOUTH CENTRAL AMBULANCE SERVICE NHS FOUNDATION TRUST,MH064,Surrey (SCAS),B05,Calls abandoned after 60 seconds,2
2025-07-01,2025-07-31,South East,QRL,NHS HAMPSHIRE AND ISLE OF WIGHT INTEGRATED CARE BOARD,RYE,SOUTH CENTRAL AMBULANCE SERVICE NHS FOUNDATION TRUST,MH064,Surrey (SCAS),B06,Total time to call answer (seconds),2311
2025-07-01,2025-07-31,South East,QRL,NHS HAMPSHIRE AND ISLE OF WIGHT INTEGRATED CARE BOARD,RYE,SOUTH CENTRAL AMBULANCE SERVICE NHS FOUNDATION TRUST,MH064,Surrey (SCAS),B07,95th centile call answer time (seconds),300
2025-07-01,2025-07-31,South East,QRL,NHS HAMPSHIRE AND ISLE OF WIGHT INTEGRATED CARE BOARD,RYE,SOUTH CENTRAL AMBULANCE SERVICE NHS FOUNDATION TRUST,MH064,Surrey (SCAS),B09,Total time of abandoned calls (seconds),362
2025-07-01,2025-07-31,London,QVR,NHS NORTH WEST LONDON INTEGRATED CARE BOARD,RKL,WEST LONDON NHS TRUST,MH068,North West London West London NHS Trust (WLHT),A01,Number of calls received,696
2025-07-01,2025-07-31,London,QVR,NHS NORTH WEST LONDON INTEGRATED CARE BOARD,RKL,WEST LONDON NHS TRUST,MH068,North West London West London NHS Trust (WLHT),A02,Calls routed through IVR,696
2025-07-01,2025-07-31,London,QVR,NHS NORTH WEST LONDON INTEGRATED CARE BOARD,RKL,WEST LONDON NHS TRUST,MH068,North West London West London NHS Trust (WLHT),A03,Number of answered calls,597
2025-07-01,2025-07-31,London,QVR,NHS NORTH WEST LONDON INTEGRATED CARE BOARD,RKL,WEST LONDON NHS TRUST,MH068,North West London West London NHS Trust (WLHT),B01,Number of calls answered within 60 seconds,386
2025-07-01,2025-07-31,London,QVR,NHS NORTH WEST LONDON INTEGRATED CARE BOARD,RKL,WEST LONDON NHS TRUST,MH068,North West London West London NHS Trust (WLHT),B02,Number of calls abandoned,98
2025-07-01,2025-07-31,London,QVR,NHS NORTH WEST LONDON INTEGRATED CARE BOARD,RKL,WEST LONDON NHS TRUST,MH068,North West London West London NHS Trust (WLHT),B03,Calls abandoned in 30 seconds or less,13
2025-07-01,2025-07-31,London,QVR,NHS NORTH WEST LONDON INTEGRATED CARE BOARD,RKL,WEST LONDON NHS TRUST,MH068,North West London West London NHS Trust (WLHT),B04,Calls abandoned in over 30 seconds and up to and including 60 seconds,8
2025-07-01,2025-07-31,London,QVR,NHS NORTH WEST LONDON INTEGRATED CARE BOARD,RKL,WEST LONDON NHS TRUST,MH068,North West London West London NHS Trust (WLHT),B05,Calls abandoned after 60 seconds,71
2025-07-01,2025-07-31,London,QVR,NHS NORTH WEST LONDON INTEGRATED CARE BOARD,RKL,WEST LONDON NHS TRUST,MH068,North West London West London NHS Trust (WLHT),B06,Total time to call answer (seconds),1042
2025-07-01,2025-07-31,London,QVR,NHS NORTH WEST LONDON INTEGRATED CARE BOARD,RKL,WEST LONDON NHS TRUST,MH068,North West London West London NHS Trust (WLHT),B07,95th centile call answer time (seconds),-
2025-07-01,2025-07-31,London,QVR,NHS NORTH WEST LONDON INTEGRATED CARE BOARD,RKL,WEST LONDON NHS TRUST,MH068,North West London West London NHS Trust (WLHT),B09,Total time of abandoned calls (seconds),892
2025-07-01,2025-07-31,North East and Yorkshire,QHM,NHS NORTH EAST AND NORTH CUMBRIA INTEGRATED CARE BOARD,RX3,"TEES, ESK AND WEAR VALLEYS NHS FOUNDATION TRUST",MH067,TEWV North East and North Cumbria,A01,Number of calls received,5887
2025-07-01,2025-07-31,North East and Yorkshire,QHM,NHS NORTH EAST AND NORTH CUMBRIA INTEGRATED CARE BOARD,RX3,"TEES, ESK AND WEAR VALLEYS NHS FOUNDATION TRUST",MH067,TEWV North East and North Cumbria,A02,Calls routed through IVR,5882
2025-07-01,2025-07-31,North East and Yorkshire,QHM,NHS NORTH EAST AND NORTH CUMBRIA INTEGRATED CARE BOARD,RX3,"TEES, ESK AND WEAR VALLEYS NHS FOUNDATION TRUST",MH067,TEWV North East and North Cumbria,A03,Number of answered calls,5175
2025-07-01,2025-07-31,North East and Yorkshire,QHM,NHS NORTH EAST AND NORTH CUMBRIA INTEGRATED CARE BOARD,RX3,"TEES, ESK AND WEAR VALLEYS NHS FOUNDATION TRUST",MH067,TEWV North East and North Cumbria,B01,Number of calls answered within 60 seconds,4083
2025-07-01,2025-07-31,North East and Yorkshire,QHM,NHS NORTH EAST AND NORTH CUMBRIA INTEGRATED CARE BOARD,RX3,"TEES, ESK AND WEAR VALLEYS NHS FOUNDATION TRUST",MH067,TEWV North East and North Cumbria,B02,Number of calls abandoned,632
2025-07-01,2025-07-31,North East and Yorkshire,QHM,NHS NORTH EAST AND NORTH CUMBRIA INTEGRATED CARE BOARD,RX3,"TEES, ESK AND WEAR VALLEYS NHS FOUNDATION TRUST",MH067,TEWV North East and North Cumbria,B03,Calls abandoned in 30 seconds or less,163
2025-07-01,2025-07-31,North East and Yorkshire,QHM,NHS NORTH EAST AND NORTH CUMBRIA INTEGRATED CARE BOARD,RX3,"TEES, ESK AND WEAR VALLEYS NHS FOUNDATION TRUST",MH067,TEWV North East and North Cumbria,B04,Calls abandoned in over 30 seconds and up to and including 60 seconds,92
2025-07-01,2025-07-31,North East and Yorkshire,QHM,NHS NORTH EAST AND NORTH CUMBRIA INTEGRATED CARE BOARD,RX3,"TEES, ESK AND WEAR VALLEYS NHS FOUNDATION TRUST",MH067,TEWV North East and North Cumbria,B05,Calls abandoned after 60 seconds,377
2025-07-01,2025-07-31,North East and Yorkshire,QHM,NHS NORTH EAST AND NORTH CUMBRIA INTEGRATED CARE BOARD,RX3,"TEES, ESK AND WEAR VALLEYS NHS FOUNDATION TRUST",MH067,TEWV North East and North Cumbria,B06,Total time to call answer (seconds),307178
2025-07-01,2025-07-31,North East and Yorkshire,QHM,NHS NORTH EAST AND NORTH CUMBRIA INTEGRATED CARE BOARD,RX3,"TEES, ESK AND WEAR VALLEYS NHS FOUNDATION TRUST",MH067,TEWV North East and North Cumbria,B07,95th centile call answer time (seconds),324
2025-07-01,2025-07-31,North East and Yorkshire,QHM,NHS NORTH EAST AND NORTH CUMBRIA INTEGRATED CARE BOARD,RX3,"TEES, ESK AND WEAR VALLEYS NHS FOUNDATION TRUST",MH067,TEWV North East and North Cumbria,B09,Total time of abandoned calls (seconds),78125
2025-07-01,2025-07-31,North East and Yorkshire,QOQ,NHS HUMBER AND NORTH YORKSHIRE INTEGRATED CARE BOARD,RX3,"TEES, ESK AND WEAR VALLEYS NHS FOUNDATION TRUST",MH077,TEWV Humber and North Yorkshire,A01,Number of calls received,2322
2025-07-01,2025-07-31,North East and Yorkshire,QOQ,NHS HUMBER AND NORTH YORKSHIRE INTEGRATED CARE BOARD,RX3,"TEES, ESK AND WEAR VALLEYS NHS FOUNDATION TRUST",MH077,TEWV Humber and North Yorkshire,A02,Calls routed through IVR,2321
2025-07-01,2025-07-31,North East and Yorkshire,QOQ,NHS HUMBER AND NORTH YORKSHIRE INTEGRATED CARE BOARD,RX3,"TEES, ESK AND WEAR VALLEYS NHS FOUNDATION TRUST",MH077,TEWV Humber and North Yorkshire,A03,Number of answered calls,1842
2025-07-01,2025-07-31,North East and Yorkshire,QOQ,NHS HUMBER AND NORTH YORKSHIRE INTEGRATED CARE BOARD,RX3,"TEES, ESK AND WEAR VALLEYS NHS FOUNDATION TRUST",MH077,TEWV Humber and North Yorkshire,B01,Number of calls answered within 60 seconds,1428
2025-07-01,2025-07-31,North East and Yorkshire,QOQ,NHS HUMBER AND NORTH YORKSHIRE INTEGRATED CARE BOARD,RX3,"TEES, ESK AND WEAR VALLEYS NHS FOUNDATION TRUST",MH077,TEWV Humber and North Yorkshire,B02,Number of calls abandoned,316
2025-07-01,2025-07-31,North East and Yorkshire,QOQ,NHS HUMBER AND NORTH YORKSHIRE INTEGRATED CARE BOARD,RX3,"TEES, ESK AND WEAR VALLEYS NHS FOUNDATION TRUST",MH077,TEWV Humber and North Yorkshire,B03,Calls abandoned in 30 seconds or less,35
2025-07-01,2025-07-31,North East and Yorkshire,QOQ,NHS HUMBER AND NORTH YORKSHIRE INTEGRATED CARE BOARD,RX3,"TEES, ESK AND WEAR VALLEYS NHS FOUNDATION TRUST",MH077,TEWV Humber and North Yorkshire,B04,Calls abandoned in over 30 seconds and up to and including 60 seconds,58
2025-07-01,2025-07-31,North East and Yorkshire,QOQ,NHS HUMBER AND NORTH YORKSHIRE INTEGRATED CARE BOARD,RX3,"TEES, ESK AND WEAR VALLEYS NHS FOUNDATION TRUST",MH077,TEWV Humber and North Yorkshire,B05,Calls abandoned after 60 seconds,223
2025-07-01,2025-07-31,North East and Yorkshire,QOQ,NHS HUMBER AND NORTH YORKSHIRE INTEGRATED CARE BOARD,RX3,"TEES, ESK AND WEAR VALLEYS NHS FOUNDATION TRUST",MH077,TEWV Humber and North Yorkshire,B06,Total time to call answer (seconds),174597
2025-07-01,2025-07-31,North East and Yorkshire,QOQ,NHS HUMBER AND NORTH YORKSHIRE INTEGRATED CARE BOARD,RX3,"TEES, ESK AND WEAR VALLEYS NHS FOUNDATION TRUST",MH077,TEWV Humber and North Yorkshire,B07,95th centile call answer time (seconds),531
2025-07-01,2025-07-31,North East and Yorkshire,QOQ,NHS HUMBER AND NORTH YORKSHIRE INTEGRATED CARE BOARD,RX3,"TEES, ESK AND WEAR VALLEYS NHS FOUNDATION TRUST",MH077,TEWV Humber and North Yorkshire,B09,Total time of abandoned calls (seconds),64561
2025-07-01,2025-07-31,Midlands,QOC,"NHS SHROPSHIRE, TELFORD AND WREKIN INTEGRATED CARE BOARD",RRE,MIDLANDS PARTNERSHIP UNIVERSITY NHS FOUNDATION TRUST,MH038,Shropshire Telford Wrekin (MPFT),A01,Number of calls received,2204
2025-07-01,2025-07-31,Midlands,QOC,"NHS SHROPSHIRE, TELFORD AND WREKIN INTEGRATED CARE BOARD",RRE,MIDLANDS PARTNERSHIP UNIVERSITY NHS FOUNDATION TRUST,MH038,Shropshire Telford Wrekin (MPFT),A02,Calls routed through IVR,412
2025-07-01,2025-07-31,Midlands,QOC,"NHS SHROPSHIRE, TELFORD AND WREKIN INTEGRATED CARE BOARD",RRE,MIDLANDS PARTNERSHIP UNIVERSITY NHS FOUNDATION TRUST,MH038,Shropshire Telford Wrekin (MPFT),A03,Number of answered calls,1553
2025-07-01,2025-07-31,Midlands,QOC,"NHS SHROPSHIRE, TELFORD AND WREKIN INTEGRATED CARE BOARD",RRE,MIDLANDS PARTNERSHIP UNIVERSITY NHS FOUNDATION TRUST,MH038,Shropshire Telford Wrekin (MPFT),B01,Number of calls answered within 60 seconds,1130
2025-07-01,2025-07-31,Midlands,QOC,"NHS SHROPSHIRE, TELFORD AND WREKIN INTEGRATED CARE BOARD",RRE,MIDLANDS PARTNERSHIP UNIVERSITY NHS FOUNDATION TRUST,MH038,Shropshire Telford Wrekin (MPFT),B02,Number of calls abandoned,373
2025-07-01,2025-07-31,Midlands,QOC,"NHS SHROPSHIRE, TELFORD AND WREKIN INTEGRATED CARE BOARD",RRE,MIDLANDS PARTNERSHIP UNIVERSITY NHS FOUNDATION TRUST,MH038,Shropshire Telford Wrekin (MPFT),B03,Calls abandoned in 30 seconds or less,56
2025-07-01,2025-07-31,Midlands,QOC,"NHS SHROPSHIRE, TELFORD AND WREKIN INTEGRATED CARE BOARD",RRE,MIDLANDS PARTNERSHIP UNIVERSITY NHS FOUNDATION TRUST,MH038,Shropshire Telford Wrekin (MPFT),B04,Calls abandoned in over 30 seconds and up to and including 60 seconds,28
2025-07-01,2025-07-31,Midlands,QOC,"NHS SHROPSHIRE, TELFORD AND WREKIN INTEGRATED CARE BOARD",RRE,MIDLANDS PARTNERSHIP UNIVERSITY NHS FOUNDATION TRUST,MH038,Shropshire Telford Wrekin (MPFT),B05,Calls abandoned after 60 seconds,289
2025-07-01,2025-07-31,Midlands,QOC,"NHS SHROPSHIRE, TELFORD AND WREKIN INTEGRATED CARE BOARD",RRE,MIDLANDS PARTNERSHIP UNIVERSITY NHS FOUNDATION TRUST,MH038,Shropshire Telford Wrekin (MPFT),B06,Total time to call answer (seconds),316722
2025-07-01,2025-07-31,Midlands,QOC,"NHS SHROPSHIRE, TELFORD AND WREKIN INTEGRATED CARE BOARD",RRE,MIDLANDS PARTNERSHIP UNIVERSITY NHS FOUNDATION TRUST,MH038,Shropshire Telford Wrekin (MPFT),B07,95th centile call answer time (seconds),701
2025-07-01,2025-07-31,Midlands,QOC,"NHS SHROPSHIRE, TELFORD AND WREKIN INTEGRATED CARE BOARD",RRE,MIDLANDS PARTNERSHIP UNIVERSITY NHS FOUNDATION TRUST,MH038,Shropshire Telford Wrekin (MPFT),B09,Total time of abandoned calls (seconds),128086
2025-07-01,2025-07-31,Midlands,QNC,NHS STAFFORDSHIRE AND STOKE-ON-TRENT INTEGRATED CARE BOARD,RRE,MIDLANDS PARTNERSHIP UNIVERSITY NHS FOUNDATION TRUST,MH039,Staffordshire and South Staffordshire (MPFT),A01,Number of calls received,4673
2025-07-01,2025-07-31,Midlands,QNC,NHS STAFFORDSHIRE AND STOKE-ON-TRENT INTEGRATED CARE BOARD,RRE,MIDLANDS PARTNERSHIP UNIVERSITY NHS FOUNDATION TRUST,MH039,Staffordshire and South Staffordshire (MPFT),A02,Calls routed through IVR,468
2025-07-01,2025-07-31,Midlands,QNC,NHS STAFFORDSHIRE AND STOKE-ON-TRENT INTEGRATED CARE BOARD,RRE,MIDLANDS PARTNERSHIP UNIVERSITY NHS FOUNDATION TRUST,MH039,Staffordshire and South Staffordshire (MPFT),A03,Number of answered calls,3322
2025-07-01,2025-07-31,Midlands,QNC,NHS STAFFORDSHIRE AND STOKE-ON-TRENT INTEGRATED CARE BOARD,RRE,MIDLANDS PARTNERSHIP UNIVERSITY NHS FOUNDATION TRUST,MH039,Staffordshire and South Staffordshire (MPFT),B01,Number of calls answered within 60 seconds,1818
2025-07-01,2025-07-31,Midlands,QNC,NHS STAFFORDSHIRE AND STOKE-ON-TRENT INTEGRATED CARE BOARD,RRE,MIDLANDS PARTNERSHIP UNIVERSITY NHS FOUNDATION TRUST,MH039,Staffordshire and South Staffordshire (MPFT),B02,Number of calls abandoned,1351
2025-07-01,2025-07-31,Midlands,QNC,NHS STAFFORDSHIRE AND STOKE-ON-TRENT INTEGRATED CARE BOARD,RRE,MIDLANDS PARTNERSHIP UNIVERSITY NHS FOUNDATION TRUST,MH039,Staffordshire and South Staffordshire (MPFT),B03,Calls abandoned in 30 seconds or less,170
2025-07-01,2025-07-31,Midlands,QNC,NHS STAFFORDSHIRE AND STOKE-ON-TRENT INTEGRATED CARE BOARD,RRE,MIDLANDS PARTNERSHIP UNIVERSITY NHS FOUNDATION TRUST,MH039,Staffordshire and South Staffordshire (MPFT),B04,Calls abandoned in over 30 seconds and up to and including 60 seconds,111
2025-07-01,2025-07-31,Midlands,QNC,NHS STAFFORDSHIRE AND STOKE-ON-TRENT INTEGRATED CARE BOARD,RRE,MIDLANDS PARTNERSHIP UNIVERSITY NHS FOUNDATION TRUST,MH039,Staffordshire and South Staffordshire (MPFT),B05,Calls abandoned after 60 seconds,1070
2025-07-01,2025-07-31,Midlands,QNC,NHS STAFFORDSHIRE AND STOKE-ON-TRENT INTEGRATED CARE BOARD,RRE,MIDLANDS PARTNERSHIP UNIVERSITY NHS FOUNDATION TRUST,MH039,Staffordshire and South Staffordshire (MPFT),B06,Total time to call answer (seconds),759520
2025-07-01,2025-07-31,Midlands,QNC,NHS STAFFORDSHIRE AND STOKE-ON-TRENT INTEGRATED CARE BOARD,RRE,MIDLANDS PARTNERSHIP UNIVERSITY NHS FOUNDATION TRUST,MH039,Staffordshire and South Staffordshire (MPFT),B07,95th centile call answer time (seconds),969
2025-07-01,2025-07-31,Midlands,QNC,NHS STAFFORDSHIRE AND STOKE-ON-TRENT INTEGRATED CARE BOARD,RRE,MIDLANDS PARTNERSHIP UNIVERSITY NHS FOUNDATION TRUST,MH039,Staffordshire and South Staffordshire (MPFT),B09,Total time of abandoned calls (seconds),419490
2025-07-01,2025-07-31,London,QVR,NHS NORTH WEST LONDON INTEGRATED CARE BOARD,RV3,CENTRAL AND NORTH WEST LONDON NHS FOUNDATION TRUST,MH011,North West London - Central and North West London NHS Foundation Trust (CNWL),A01,Number of calls received,1186
2025-07-01,2025-07-31,London,QVR,NHS NORTH WEST LONDON INTEGRATED CARE BOARD,RV3,CENTRAL AND NORTH WEST LONDON NHS FOUNDATION TRUST,MH011,North West London - Central and North West London NHS Foundation Trust (CNWL),A02,Calls routed through IVR,1186
2025-07-01,2025-07-31,London,QVR,NHS NORTH WEST LONDON INTEGRATED CARE BOARD,RV3,CENTRAL AND NORTH WEST LONDON NHS FOUNDATION TRUST,MH011,North West London - Central and North West London NHS Foundation Trust (CNWL),A03,Number of answered calls,746
2025-07-01,2025-07-31,London,QVR,NHS NORTH WEST LONDON INTEGRATED CARE BOARD,RV3,CENTRAL AND NORTH WEST LONDON NHS FOUNDATION TRUST,MH011,North West London - Central and North West London NHS Foundation Trust (CNWL),B01,Number of calls answered within 60 seconds,508
2025-07-01,2025-07-31,London,QVR,NHS NORTH WEST LONDON INTEGRATED CARE BOARD,RV3,CENTRAL AND NORTH WEST LONDON NHS FOUNDATION TRUST,MH011,North West London - Central and North West London NHS Foundation Trust (CNWL),B02,Number of calls abandoned,138
2025-07-01,2025-07-31,London,QVR,NHS NORTH WEST LONDON INTEGRATED CARE BOARD,RV3,CENTRAL AND NORTH WEST LONDON NHS FOUNDATION TRUST,MH011,North West London - Central and North West London NHS Foundation Trust (CNWL),B03,Calls abandoned in 30 seconds or less,40
2025-07-01,2025-07-31,London,QVR,NHS NORTH WEST LONDON INTEGRATED CARE BOARD,RV3,CENTRAL AND NORTH WEST LONDON NHS FOUNDATION TRUST,MH011,North West London - Central and North West London NHS Foundation Trust (CNWL),B04,Calls abandoned in over 30 seconds and up to and including 60 seconds,23
2025-07-01,2025-07-31,London,QVR,NHS NORTH WEST LONDON INTEGRATED CARE BOARD,RV3,CENTRAL AND NORTH WEST LONDON NHS FOUNDATION TRUST,MH011,North West London - Central and North West London NHS Foundation Trust (CNWL),B05,Calls abandoned after 60 seconds,75
2025-07-01,2025-07-31,London,QVR,NHS NORTH WEST LONDON INTEGRATED CARE BOARD,RV3,CENTRAL AND NORTH WEST LONDON NHS FOUNDATION TRUST,MH011,North West London - Central and North West London NHS Foundation Trust (CNWL),B06,Total time to call answer (seconds),104354
2025-07-01,2025-07-31,London,QVR,NHS NORTH WEST LONDON INTEGRATED CARE BOARD,RV3,CENTRAL AND NORTH WEST LONDON NHS FOUNDATION TRUST,MH011,North West London - Central and North West London NHS Foundation Trust (CNWL),B07,95th centile call answer time (seconds),670
2025-07-01,2025-07-31,London,QVR,NHS NORTH WEST LONDON INTEGRATED CARE BOARD,RV3,CENTRAL AND NORTH WEST LONDON NHS FOUNDATION TRUST,MH011,North West London - Central and North West London NHS Foundation Trust (CNWL),B09,Total time of abandoned calls (seconds),22888
2025-07-01,2025-07-31,East of England,QHG,"NHS BEDFORDSHIRE, LUTON AND MILTON KEYNES INTEGRATED CARE BOARD",RV3,CENTRAL AND NORTH WEST LONDON NHS FOUNDATION TRUST,MH017,Milton Keynes MH Crisis Line,A01,Number of calls received,420
2025-07-01,2025-07-31,East of England,QHG,"NHS BEDFORDSHIRE, LUTON AND MILTON KEYNES INTEGRATED CARE BOARD",RV3,CENTRAL AND NORTH WEST LONDON NHS FOUNDATION TRUST,MH017,Milton Keynes MH Crisis Line,A02,Calls routed through IVR,420
2025-07-01,2025-07-31,East of England,QHG,"NHS BEDFORDSHIRE, LUTON AND MILTON KEYNES INTEGRATED CARE BOARD",RV3,CENTRAL AND NORTH WEST LONDON NHS FOUNDATION TRUST,MH017,Milton Keynes MH Crisis Line,A03,Number of answered calls,322
2025-07-01,2025-07-31,East of England,QHG,"NHS BEDFORDSHIRE, LUTON AND MILTON KEYNES INTEGRATED CARE BOARD",RV3,CENTRAL AND NORTH WEST LONDON NHS FOUNDATION TRUST,MH017,Milton Keynes MH Crisis Line,B01,Number of calls answered within 60 seconds,296
2025-07-01,2025-07-31,East of England,QHG,"NHS BEDFORDSHIRE, LUTON AND MILTON KEYNES INTEGRATED CARE BOARD",RV3,CENTRAL AND NORTH WEST LONDON NHS FOUNDATION TRUST,MH017,Milton Keynes MH Crisis Line,B02,Number of calls abandoned,37
2025-07-01,2025-07-31,East of England,QHG,"NHS BEDFORDSHIRE, LUTON AND MILTON KEYNES INTEGRATED CARE BOARD",RV3,CENTRAL AND NORTH WEST LONDON NHS FOUNDATION TRUST,MH017,Milton Keynes MH Crisis Line,B03,Calls abandoned in 30 seconds or less,14
2025-07-01,2025-07-31,East of England,QHG,"NHS BEDFORDSHIRE, LUTON AND MILTON KEYNES INTEGRATED CARE BOARD",RV3,CENTRAL AND NORTH WEST LONDON NHS FOUNDATION TRUST,MH017,Milton Keynes MH Crisis Line,B04,Calls abandoned in over 30 seconds and up to and including 60 seconds,4
2025-07-01,2025-07-31,East of England,QHG,"NHS BEDFORDSHIRE, LUTON AND MILTON KEYNES INTEGRATED CARE BOARD",RV3,CENTRAL AND NORTH WEST LONDON NHS FOUNDATION TRUST,MH017,Milton Keynes MH Crisis Line,B05,Calls abandoned after 60 seconds,19
2025-07-01,2025-07-31,East of England,QHG,"NHS BEDFORDSHIRE, LUTON AND MILTON KEYNES INTEGRATED CARE BOARD",RV3,CENTRAL AND NORTH WEST LONDON NHS FOUNDATION TRUST,MH017,Milton Keynes MH Crisis Line,B06,Total time to call answer (seconds),19916
2025-07-01,2025-07-31,East of England,QHG,"NHS BEDFORDSHIRE, LUTON AND MILTON KEYNES INTEGRATED CARE BOARD",RV3,CENTRAL AND NORTH WEST LONDON NHS FOUNDATION TRUST,MH017,Milton Keynes MH Crisis Line,B07,95th centile call answer time (seconds),1066
2025-07-01,2025-07-31,East of England,QHG,"NHS BEDFORDSHIRE, LUTON AND MILTON KEYNES INTEGRATED CARE BOARD",RV3,CENTRAL AND NORTH WEST LONDON NHS FOUNDATION TRUST,MH017,Milton Keynes MH Crisis Line,B09,Total time of abandoned calls (seconds),5356
2025-07-01,2025-07-31,North West,QYG,NHS CHESHIRE AND MERSEYSIDE INTEGRATED CARE BOARD,RBS,ALDER HEY CHILDREN'S NHS FOUNDATION TRUST,MH001,AlderHey CAMHS Crisis Care (AlderHey),A01,Number of calls received,887
2025-07-01,2025-07-31,North West,QYG,NHS CHESHIRE AND MERSEYSIDE INTEGRATED CARE BOARD,RBS,ALDER HEY CHILDREN'S NHS FOUNDATION TRUST,MH001,AlderHey CAMHS Crisis Care (AlderHey),A02,Calls routed through IVR,0
2025-07-01,2025-07-31,North West,QYG,NHS CHESHIRE AND MERSEYSIDE INTEGRATED CARE BOARD,RBS,ALDER HEY CHILDREN'S NHS FOUNDATION TRUST,MH001,AlderHey CAMHS Crisis Care (AlderHey),A03,Number of answered calls,866
2025-07-01,2025-07-31,North West,QYG,NHS CHESHIRE AND MERSEYSIDE INTEGRATED CARE BOARD,RBS,ALDER HEY CHILDREN'S NHS FOUNDATION TRUST,MH001,AlderHey CAMHS Crisis Care (AlderHey),B01,Number of calls answered within 60 seconds,863
2025-07-01,2025-07-31,North West,QYG,NHS CHESHIRE AND MERSEYSIDE INTEGRATED CARE BOARD,RBS,ALDER HEY CHILDREN'S NHS FOUNDATION TRUST,MH001,AlderHey CAMHS Crisis Care (AlderHey),B02,Number of calls abandoned,21
2025-07-01,2025-07-31,North West,QYG,NHS CHESHIRE AND MERSEYSIDE INTEGRATED CARE BOARD,RBS,ALDER HEY CHILDREN'S NHS FOUNDATION TRUST,MH001,AlderHey CAMHS Crisis Care (AlderHey),B03,Calls abandoned in 30 seconds or less,16
2025-07-01,2025-07-31,North West,QYG,NHS CHESHIRE AND MERSEYSIDE INTEGRATED CARE BOARD,RBS,ALDER HEY CHILDREN'S NHS FOUNDATION TRUST,MH001,AlderHey CAMHS Crisis Care (AlderHey),B04,Calls abandoned in over 30 seconds and up to and including 60 seconds,0
2025-07-01,2025-07-31,North West,QYG,NHS CHESHIRE AND MERSEYSIDE INTEGRATED CARE BOARD,RBS,ALDER HEY CHILDREN'S NHS FOUNDATION TRUST,MH001,AlderHey CAMHS Crisis Care (AlderHey),B05,Calls abandoned after 60 seconds,5
2025-07-01,2025-07-31,North West,QYG,NHS CHESHIRE AND MERSEYSIDE INTEGRATED CARE BOARD,RBS,ALDER HEY CHILDREN'S NHS FOUNDATION TRUST,MH001,AlderHey CAMHS Crisis Care (AlderHey),B06,Total time to call answer (seconds),7020
2025-07-01,2025-07-31,North West,QYG,NHS CHESHIRE AND MERSEYSIDE INTEGRATED CARE BOARD,RBS,ALDER HEY CHILDREN'S NHS FOUNDATION TRUST,MH001,AlderHey CAMHS Crisis Care (AlderHey),B07,95th centile call answer time (seconds),0
2025-07-01,2025-07-31,North West,QYG,NHS CHESHIRE AND MERSEYSIDE INTEGRATED CARE BOARD,RBS,ALDER HEY CHILDREN'S NHS FOUNDATION TRUST,MH001,AlderHey CAMHS Crisis Care (AlderHey),B09,Total time of abandoned calls (seconds),780
2025-07-01,2025-07-31,South East,QKS,NHS KENT AND MEDWAY INTEGRATED CARE BOARD,RXY,KENT AND MEDWAY NHS AND SOCIAL CARE PARTNERSHIP TRUST,MH029,KMPT,A01,Number of calls received,3429
2025-07-01,2025-07-31,South East,QKS,NHS KENT AND MEDWAY INTEGRATED CARE BOARD,RXY,KENT AND MEDWAY NHS AND SOCIAL CARE PARTNERSHIP TRUST,MH029,KMPT,A02,Calls routed through IVR,3429
2025-07-01,2025-07-31,South East,QKS,NHS KENT AND MEDWAY INTEGRATED CARE BOARD,RXY,KENT AND MEDWAY NHS AND SOCIAL CARE PARTNERSHIP TRUST,MH029,KMPT,A03,Number of answered calls,2163
2025-07-01,2025-07-31,South East,QKS,NHS KENT AND MEDWAY INTEGRATED CARE BOARD,RXY,KENT AND MEDWAY NHS AND SOCIAL CARE PARTNERSHIP TRUST,MH029,KMPT,B01,Number of calls answered within 60 seconds,919
2025-07-01,2025-07-31,South East,QKS,NHS KENT AND MEDWAY INTEGRATED CARE BOARD,RXY,KENT AND MEDWAY NHS AND SOCIAL CARE PARTNERSHIP TRUST,MH029,KMPT,B02,Number of calls abandoned,1266
2025-07-01,2025-07-31,South East,QKS,NHS KENT AND MEDWAY INTEGRATED CARE BOARD,RXY,KENT AND MEDWAY NHS AND SOCIAL CARE PARTNERSHIP TRUST,MH029,KMPT,B03,Calls abandoned in 30 seconds or less,175
2025-07-01,2025-07-31,South East,QKS,NHS KENT AND MEDWAY INTEGRATED CARE BOARD,RXY,KENT AND MEDWAY NHS AND SOCIAL CARE PARTNERSHIP TRUST,MH029,KMPT,B04,Calls abandoned in over 30 seconds and up to and including 60 seconds,71
2025-07-01,2025-07-31,South East,QKS,NHS KENT AND MEDWAY INTEGRATED CARE BOARD,RXY,KENT AND MEDWAY NHS AND SOCIAL CARE PARTNERSHIP TRUST,MH029,KMPT,B05,Calls abandoned after 60 seconds,1020
2025-07-01,2025-07-31,South East,QKS,NHS KENT AND MEDWAY INTEGRATED CARE BOARD,RXY,KENT AND MEDWAY NHS AND SOCIAL CARE PARTNERSHIP TRUST,MH029,KMPT,B06,Total time to call answer (seconds),1176510
2025-07-01,2025-07-31,South East,QKS,NHS KENT AND MEDWAY INTEGRATED CARE BOARD,RXY,KENT AND MEDWAY NHS AND SOCIAL CARE PARTNERSHIP TRUST,MH029,KMPT,B07,95th centile call answer time (seconds),2179
2025-07-01,2025-07-31,South East,QKS,NHS KENT AND MEDWAY INTEGRATED CARE BOARD,RXY,KENT AND MEDWAY NHS AND SOCIAL CARE PARTNERSHIP TRUST,MH029,KMPT,B09,Total time of abandoned calls (seconds),585450
2025-07-01,2025-07-31,Midlands,QWU,NHS COVENTRY AND WARWICKSHIRE INTEGRATED CARE BOARD,RYG,COVENTRY AND WARWICKSHIRE PARTNERSHIP NHS TRUST,MH014,Coventry and Warwickshire Adult Crisis Line (CWPNT),A01,Number of calls received,2001
2025-07-01,2025-07-31,Midlands,QWU,NHS COVENTRY AND WARWICKSHIRE INTEGRATED CARE BOARD,RYG,COVENTRY AND WARWICKSHIRE PARTNERSHIP NHS TRUST,MH014,Coventry and Warwickshire Adult Crisis Line (CWPNT),A02,Calls routed through IVR,2001
2025-07-01,2025-07-31,Midlands,QWU,NHS COVENTRY AND WARWICKSHIRE INTEGRATED CARE BOARD,RYG,COVENTRY AND WARWICKSHIRE PARTNERSHIP NHS TRUST,MH014,Coventry and Warwickshire Adult Crisis Line (CWPNT),A03,Number of answered calls,1761
2025-07-01,2025-07-31,Midlands,QWU,NHS COVENTRY AND WARWICKSHIRE INTEGRATED CARE BOARD,RYG,COVENTRY AND WARWICKSHIRE PARTNERSHIP NHS TRUST,MH014,Coventry and Warwickshire Adult Crisis Line (CWPNT),B01,Number of calls answered within 60 seconds,1404
2025-07-01,2025-07-31,Midlands,QWU,NHS COVENTRY AND WARWICKSHIRE INTEGRATED CARE BOARD,RYG,COVENTRY AND WARWICKSHIRE PARTNERSHIP NHS TRUST,MH014,Coventry and Warwickshire Adult Crisis Line (CWPNT),B02,Number of calls abandoned,240
2025-07-01,2025-07-31,Midlands,QWU,NHS COVENTRY AND WARWICKSHIRE INTEGRATED CARE BOARD,RYG,COVENTRY AND WARWICKSHIRE PARTNERSHIP NHS TRUST,MH014,Coventry and Warwickshire Adult Crisis Line (CWPNT),B03,Calls abandoned in 30 seconds or less,71
2025-07-01,2025-07-31,Midlands,QWU,NHS COVENTRY AND WARWICKSHIRE INTEGRATED CARE BOARD,RYG,COVENTRY AND WARWICKSHIRE PARTNERSHIP NHS TRUST,MH014,Coventry and Warwickshire Adult Crisis Line (CWPNT),B04,Calls abandoned in over 30 seconds and up to and including 60 seconds,24
2025-07-01,2025-07-31,Midlands,QWU,NHS COVENTRY AND WARWICKSHIRE INTEGRATED CARE BOARD,RYG,COVENTRY AND WARWICKSHIRE PARTNERSHIP NHS TRUST,MH014,Coventry and Warwickshire Adult Crisis Line (CWPNT),B05,Calls abandoned after 60 seconds,145
2025-07-01,2025-07-31,Midlands,QWU,NHS COVENTRY AND WARWICKSHIRE INTEGRATED CARE BOARD,RYG,COVENTRY AND WARWICKSHIRE PARTNERSHIP NHS TRUST,MH014,Coventry and Warwickshire Adult Crisis Line (CWPNT),B06,Total time to call answer (seconds),139471
2025-07-01,2025-07-31,Midlands,QWU,NHS COVENTRY AND WARWICKSHIRE INTEGRATED CARE BOARD,RYG,COVENTRY AND WARWICKSHIRE PARTNERSHIP NHS TRUST,MH014,Coventry and Warwickshire Adult Crisis Line (CWPNT),B07,95th centile call answer time (seconds),500
2025-07-01,2025-07-31,Midlands,QWU,NHS COVENTRY AND WARWICKSHIRE INTEGRATED CARE BOARD,RYG,COVENTRY AND WARWICKSHIRE PARTNERSHIP NHS TRUST,MH014,Coventry and Warwickshire Adult Crisis Line (CWPNT),B09,Total time of abandoned calls (seconds),53841
2025-07-01,2025-07-31,Midlands,QWU,NHS COVENTRY AND WARWICKSHIRE INTEGRATED CARE BOARD,RYG,COVENTRY AND WARWICKSHIRE PARTNERSHIP NHS TRUST,MH015,Coventry and Warwickshire CYP Crisis Line (CWPNT),A01,Number of calls received,154
2025-07-01,2025-07-31,Midlands,QWU,NHS COVENTRY AND WARWICKSHIRE INTEGRATED CARE BOARD,RYG,COVENTRY AND WARWICKSHIRE PARTNERSHIP NHS TRUST,MH015,Coventry and Warwickshire CYP Crisis Line (CWPNT),A02,Calls routed through IVR,154
2025-07-01,2025-07-31,Midlands,QWU,NHS COVENTRY AND WARWICKSHIRE INTEGRATED CARE BOARD,RYG,COVENTRY AND WARWICKSHIRE PARTNERSHIP NHS TRUST,MH015,Coventry and Warwickshire CYP Crisis Line (CWPNT),A03,Number of answered calls,147
2025-07-01,2025-07-31,Midlands,QWU,NHS COVENTRY AND WARWICKSHIRE INTEGRATED CARE BOARD,RYG,COVENTRY AND WARWICKSHIRE PARTNERSHIP NHS TRUST,MH015,Coventry and Warwickshire CYP Crisis Line (CWPNT),B01,Number of calls answered within 60 seconds,135
2025-07-01,2025-07-31,Midlands,QWU,NHS COVENTRY AND WARWICKSHIRE INTEGRATED CARE BOARD,RYG,COVENTRY AND WARWICKSHIRE PARTNERSHIP NHS TRUST,MH015,Coventry and Warwickshire CYP Crisis Line (CWPNT),B02,Number of calls abandoned,7
2025-07-01,2025-07-31,Midlands,QWU,NHS COVENTRY AND WARWICKSHIRE INTEGRATED CARE BOARD,RYG,COVENTRY AND WARWICKSHIRE PARTNERSHIP NHS TRUST,MH015,Coventry and Warwickshire CYP Crisis Line (CWPNT),B03,Calls abandoned in 30 seconds or less,2
2025-07-01,2025-07-31,Midlands,QWU,NHS COVENTRY AND WARWICKSHIRE INTEGRATED CARE BOARD,RYG,COVENTRY AND WARWICKSHIRE PARTNERSHIP NHS TRUST,MH015,Coventry and Warwickshire CYP Crisis Line (CWPNT),B04,Calls abandoned in over 30 seconds and up to and including 60 seconds,2
2025-07-01,2025-07-31,Midlands,QWU,NHS COVENTRY AND WARWICKSHIRE INTEGRATED CARE BOARD,RYG,COVENTRY AND WARWICKSHIRE PARTNERSHIP NHS TRUST,MH015,Coventry and Warwickshire CYP Crisis Line (CWPNT),B05,Calls abandoned after 60 seconds,3
2025-07-01,2025-07-31,Midlands,QWU,NHS COVENTRY AND WARWICKSHIRE INTEGRATED CARE BOARD,RYG,COVENTRY AND WARWICKSHIRE PARTNERSHIP NHS TRUST,MH015,Coventry and Warwickshire CYP Crisis Line (CWPNT),B06,Total time to call answer (seconds),10375
2025-07-01,2025-07-31,Midlands,QWU,NHS COVENTRY AND WARWICKSHIRE INTEGRATED CARE BOARD,RYG,COVENTRY AND WARWICKSHIRE PARTNERSHIP NHS TRUST,MH015,Coventry and Warwickshire CYP Crisis Line (CWPNT),B07,95th centile call answer time (seconds),213
2025-07-01,2025-07-31,Midlands,QWU,NHS COVENTRY AND WARWICKSHIRE INTEGRATED CARE BOARD,RYG,COVENTRY AND WARWICKSHIRE PARTNERSHIP NHS TRUST,MH015,Coventry and Warwickshire CYP Crisis Line (CWPNT),B09,Total time of abandoned calls (seconds),782
2025-07-01,2025-07-31,East of England,QUE,NHS CAMBRIDGESHIRE AND PETERBOROUGH INTEGRATED CARE BOARD,RT1,CAMBRIDGESHIRE AND PETERBOROUGH NHS FOUNDATION TRUST,MH009,C&P First Response Service (FRS),A01,Number of calls received,2839
2025-07-01,2025-07-31,East of England,QUE,NHS CAMBRIDGESHIRE AND PETERBOROUGH INTEGRATED CARE BOARD,RT1,CAMBRIDGESHIRE AND PETERBOROUGH NHS FOUNDATION TRUST,MH009,C&P First Response Service (FRS),A02,Calls routed through IVR,2839
2025-07-01,2025-07-31,East of England,QUE,NHS CAMBRIDGESHIRE AND PETERBOROUGH INTEGRATED CARE BOARD,RT1,CAMBRIDGESHIRE AND PETERBOROUGH NHS FOUNDATION TRUST,MH009,C&P First Response Service (FRS),A03,Number of answered calls,2321
2025-07-01,2025-07-31,East of England,QUE,NHS CAMBRIDGESHIRE AND PETERBOROUGH INTEGRATED CARE BOARD,RT1,CAMBRIDGESHIRE AND PETERBOROUGH NHS FOUNDATION TRUST,MH009,C&P First Response Service (FRS),B01,Number of calls answered within 60 seconds,1653
2025-07-01,2025-07-31,East of England,QUE,NHS CAMBRIDGESHIRE AND PETERBOROUGH INTEGRATED CARE BOARD,RT1,CAMBRIDGESHIRE AND PETERBOROUGH NHS FOUNDATION TRUST,MH009,C&P First Response Service (FRS),B02,Number of calls abandoned,518
2025-07-01,2025-07-31,East of England,QUE,NHS CAMBRIDGESHIRE AND PETERBOROUGH INTEGRATED CARE BOARD,RT1,CAMBRIDGESHIRE AND PETERBOROUGH NHS FOUNDATION TRUST,MH009,C&P First Response Service (FRS),B03,Calls abandoned in 30 seconds or less,75
2025-07-01,2025-07-31,East of England,QUE,NHS CAMBRIDGESHIRE AND PETERBOROUGH INTEGRATED CARE BOARD,RT1,CAMBRIDGESHIRE AND PETERBOROUGH NHS FOUNDATION TRUST,MH009,C&P First Response Service (FRS),B04,Calls abandoned in over 30 seconds and up to and including 60 seconds,57
2025-07-01,2025-07-31,East of England,QUE,NHS CAMBRIDGESHIRE AND PETERBOROUGH INTEGRATED CARE BOARD,RT1,CAMBRIDGESHIRE AND PETERBOROUGH NHS FOUNDATION TRUST,MH009,C&P First Response Service (FRS),B05,Calls abandoned after 60 seconds,386
2025-07-01,2025-07-31,East of England,QUE,NHS CAMBRIDGESHIRE AND PETERBOROUGH INTEGRATED CARE BOARD,RT1,CAMBRIDGESHIRE AND PETERBOROUGH NHS FOUNDATION TRUST,MH009,C&P First Response Service (FRS),B06,Total time to call answer (seconds),463600
2025-07-01,2025-07-31,East of England,QUE,NHS CAMBRIDGESHIRE AND PETERBOROUGH INTEGRATED CARE BOARD,RT1,CAMBRIDGESHIRE AND PETERBOROUGH NHS FOUNDATION TRUST,MH009,C&P First Response Service (FRS),B07,95th centile call answer time (seconds),1159
2025-07-01,2025-07-31,East of England,QUE,NHS CAMBRIDGESHIRE AND PETERBOROUGH INTEGRATED CARE BOARD,RT1,CAMBRIDGESHIRE AND PETERBOROUGH NHS FOUNDATION TRUST,MH009,C&P First Response Service (FRS),B09,Total time of abandoned calls (seconds),129126
2025-07-01,2025-07-31,East of England,QJG,NHS SUFFOLK AND NORTH EAST ESSEX INTEGRATED CARE BOARD,R1L,ESSEX PARTNERSHIP UNIVERSITY NHS FOUNDATION TRUST,MH080,EPUT (North East Essex) MH Helpline,A01,Number of calls received,1835
2025-07-01,2025-07-31,East of England,QJG,NHS SUFFOLK AND NORTH EAST ESSEX INTEGRATED CARE BOARD,R1L,ESSEX PARTNERSHIP UNIVERSITY NHS FOUNDATION TRUST,MH080,EPUT (North East Essex) MH Helpline,A02,Calls routed through IVR,1496
2025-07-01,2025-07-31,East of England,QJG,NHS SUFFOLK AND NORTH EAST ESSEX INTEGRATED CARE BOARD,R1L,ESSEX PARTNERSHIP UNIVERSITY NHS FOUNDATION TRUST,MH080,EPUT (North East Essex) MH Helpline,A03,Number of answered calls,1570
2025-07-01,2025-07-31,East of England,QJG,NHS SUFFOLK AND NORTH EAST ESSEX INTEGRATED CARE BOARD,R1L,ESSEX PARTNERSHIP UNIVERSITY NHS FOUNDATION TRUST,MH080,EPUT (North East Essex) MH Helpline,B01,Number of calls answered within 60 seconds,1111
2025-07-01,2025-07-31,East of England,QJG,NHS SUFFOLK AND NORTH EAST ESSEX INTEGRATED CARE BOARD,R1L,ESSEX PARTNERSHIP UNIVERSITY NHS FOUNDATION TRUST,MH080,EPUT (North East Essex) MH Helpline,B02,Number of calls abandoned,265
2025-07-01,2025-07-31,East of England,QJG,NHS SUFFOLK AND NORTH EAST ESSEX INTEGRATED CARE BOARD,R1L,ESSEX PARTNERSHIP UNIVERSITY NHS FOUNDATION TRUST,MH080,EPUT (North East Essex) MH Helpline,B03,Calls abandoned in 30 seconds or less,125
2025-07-01,2025-07-31,East of England,QJG,NHS SUFFOLK AND NORTH EAST ESSEX INTEGRATED CARE BOARD,R1L,ESSEX PARTNERSHIP UNIVERSITY NHS FOUNDATION TRUST,MH080,EPUT (North East Essex) MH Helpline,B04,Calls abandoned in over 30 seconds and up to and including 60 seconds,23
2025-07-01,2025-07-31,East of England,QJG,NHS SUFFOLK AND NORTH EAST ESSEX INTEGRATED CARE BOARD,R1L,ESSEX PARTNERSHIP UNIVERSITY NHS FOUNDATION TRUST,MH080,EPUT (North East Essex) MH Helpline,B05,Calls abandoned after 60 seconds,117
2025-07-01,2025-07-31,East of England,QJG,NHS SUFFOLK AND NORTH EAST ESSEX INTEGRATED CARE BOARD,R1L,ESSEX PARTNERSHIP UNIVERSITY NHS FOUNDATION TRUST,MH080,EPUT (North East Essex) MH Helpline,B06,Total time to call answer (seconds),140276
2025-07-01,2025-07-31,East of England,QJG,NHS SUFFOLK AND NORTH EAST ESSEX INTEGRATED CARE BOARD,R1L,ESSEX PARTNERSHIP UNIVERSITY NHS FOUNDATION TRUST,MH080,EPUT (North East Essex) MH Helpline,B07,95th centile call answer time (seconds),369
2025-07-01,2025-07-31,East of England,QJG,NHS SUFFOLK AND NORTH EAST ESSEX INTEGRATED CARE BOARD,R1L,ESSEX PARTNERSHIP UNIVERSITY NHS FOUNDATION TRUST,MH080,EPUT (North East Essex) MH Helpline,B09,Total time of abandoned calls (seconds),52443
2025-07-01,2025-07-31,East of England,QH8,NHS MID AND SOUTH ESSEX INTEGRATED CARE BOARD,R1L,ESSEX PARTNERSHIP UNIVERSITY NHS FOUNDATION TRUST,MH081,EPUT (Mid and South Essex) MH Helpline,A01,Number of calls received,3452
2025-07-01,2025-07-31,East of England,QH8,NHS MID AND SOUTH ESSEX INTEGRATED CARE BOARD,R1L,ESSEX PARTNERSHIP UNIVERSITY NHS FOUNDATION TRUST,MH081,EPUT (Mid and South Essex) MH Helpline,A02,Calls routed through IVR,2875
2025-07-01,2025-07-31,East of England,QH8,NHS MID AND SOUTH ESSEX INTEGRATED CARE BOARD,R1L,ESSEX PARTNERSHIP UNIVERSITY NHS FOUNDATION TRUST,MH081,EPUT (Mid and South Essex) MH Helpline,A03,Number of answered calls,2942
2025-07-01,2025-07-31,East of England,QH8,NHS MID AND SOUTH ESSEX INTEGRATED CARE BOARD,R1L,ESSEX PARTNERSHIP UNIVERSITY NHS FOUNDATION TRUST,MH081,EPUT (Mid and South Essex) MH Helpline,B01,Number of calls answered within 60 seconds,2056
2025-07-01,2025-07-31,East of England,QH8,NHS MID AND SOUTH ESSEX INTEGRATED CARE BOARD,R1L,ESSEX PARTNERSHIP UNIVERSITY NHS FOUNDATION TRUST,MH081,EPUT (Mid and South Essex) MH Helpline,B02,Number of calls abandoned,510
2025-07-01,2025-07-31,East of England,QH8,NHS MID AND SOUTH ESSEX INTEGRATED CARE BOARD,R1L,ESSEX PARTNERSHIP UNIVERSITY NHS FOUNDATION TRUST,MH081,EPUT (Mid and South Essex) MH Helpline,B03,Calls abandoned in 30 seconds or less,282
2025-07-01,2025-07-31,East of England,QH8,NHS MID AND SOUTH ESSEX INTEGRATED CARE BOARD,R1L,ESSEX PARTNERSHIP UNIVERSITY NHS FOUNDATION TRUST,MH081,EPUT (Mid and South Essex) MH Helpline,B04,Calls abandoned in over 30 seconds and up to and including 60 seconds,57
2025-07-01,2025-07-31,East of England,QH8,NHS MID AND SOUTH ESSEX INTEGRATED CARE BOARD,R1L,ESSEX PARTNERSHIP UNIVERSITY NHS FOUNDATION TRUST,MH081,EPUT (Mid and South Essex) MH Helpline,B05,Calls abandoned after 60 seconds,171
2025-07-01,2025-07-31,East of England,QH8,NHS MID AND SOUTH ESSEX INTEGRATED CARE BOARD,R1L,ESSEX PARTNERSHIP UNIVERSITY NHS FOUNDATION TRUST,MH081,EPUT (Mid and South Essex) MH Helpline,B06,Total time to call answer (seconds),240458
2025-07-01,2025-07-31,East of England,QH8,NHS MID AND SOUTH ESSEX INTEGRATED CARE BOARD,R1L,ESSEX PARTNERSHIP UNIVERSITY NHS FOUNDATION TRUST,MH081,EPUT (Mid and South Essex) MH Helpline,B07,95th centile call answer time (seconds),341
2025-07-01,2025-07-31,East of England,QH8,NHS MID AND SOUTH ESSEX INTEGRATED CARE BOARD,R1L,ESSEX PARTNERSHIP UNIVERSITY NHS FOUNDATION TRUST,MH081,EPUT (Mid and South Essex) MH Helpline,B09,Total time of abandoned calls (seconds),43580
2025-07-01,2025-07-31,East of England,QM7,NHS HERTFORDSHIRE AND WEST ESSEX INTEGRATED CARE BOARD,R1L,ESSEX PARTNERSHIP UNIVERSITY NHS FOUNDATION TRUST,MH082,EPUT (West Essex) MH Helpline,A01,Number of calls received,692
2025-07-01,2025-07-31,East of England,QM7,NHS HERTFORDSHIRE AND WEST ESSEX INTEGRATED CARE BOARD,R1L,ESSEX PARTNERSHIP UNIVERSITY NHS FOUNDATION TRUST,MH082,EPUT (West Essex) MH Helpline,A02,Calls routed through IVR,510
2025-07-01,2025-07-31,East of England,QM7,NHS HERTFORDSHIRE AND WEST ESSEX INTEGRATED CARE BOARD,R1L,ESSEX PARTNERSHIP UNIVERSITY NHS FOUNDATION TRUST,MH082,EPUT (West Essex) MH Helpline,A03,Number of answered calls,579
2025-07-01,2025-07-31,East of England,QM7,NHS HERTFORDSHIRE AND WEST ESSEX INTEGRATED CARE BOARD,R1L,ESSEX PARTNERSHIP UNIVERSITY NHS FOUNDATION TRUST,MH082,EPUT (West Essex) MH Helpline,B01,Number of calls answered within 60 seconds,393
2025-07-01,2025-07-31,East of England,QM7,NHS HERTFORDSHIRE AND WEST ESSEX INTEGRATED CARE BOARD,R1L,ESSEX PARTNERSHIP UNIVERSITY NHS FOUNDATION TRUST,MH082,EPUT (West Essex) MH Helpline,B02,Number of calls abandoned,113
2025-07-01,2025-07-31,East of England,QM7,NHS HERTFORDSHIRE AND WEST ESSEX INTEGRATED CARE BOARD,R1L,ESSEX PARTNERSHIP UNIVERSITY NHS FOUNDATION TRUST,MH082,EPUT (West Essex) MH Helpline,B03,Calls abandoned in 30 seconds or less,52
2025-07-01,2025-07-31,East of England,QM7,NHS HERTFORDSHIRE AND WEST ESSEX INTEGRATED CARE BOARD,R1L,ESSEX PARTNERSHIP UNIVERSITY NHS FOUNDATION TRUST,MH082,EPUT (West Essex) MH Helpline,B04,Calls abandoned in over 30 seconds and up to and including 60 seconds,10
2025-07-01,2025-07-31,East of England,QM7,NHS HERTFORDSHIRE AND WEST ESSEX INTEGRATED CARE BOARD,R1L,ESSEX PARTNERSHIP UNIVERSITY NHS FOUNDATION TRUST,MH082,EPUT (West Essex) MH Helpline,B05,Calls abandoned after 60 seconds,51
2025-07-01,2025-07-31,East of England,QM7,NHS HERTFORDSHIRE AND WEST ESSEX INTEGRATED CARE BOARD,R1L,ESSEX PARTNERSHIP UNIVERSITY NHS FOUNDATION TRUST,MH082,EPUT (West Essex) MH Helpline,B06,Total time to call answer (seconds),50659
2025-07-01,2025-07-31,East of England,QM7,NHS HERTFORDSHIRE AND WEST ESSEX INTEGRATED CARE BOARD,R1L,ESSEX PARTNERSHIP UNIVERSITY NHS FOUNDATION TRUST,MH082,EPUT (West Essex) MH Helpline,B07,95th centile call answer time (seconds),315
2025-07-01,2025-07-31,East of England,QM7,NHS HERTFORDSHIRE AND WEST ESSEX INTEGRATED CARE BOARD,R1L,ESSEX PARTNERSHIP UNIVERSITY NHS FOUNDATION TRUST,MH082,EPUT (West Essex) MH Helpline,B09,Total time of abandoned calls (seconds),21537
2025-07-01,2025-07-31,London,QMJ,NHS NORTH CENTRAL LONDON INTEGRATED CARE BOARD,G6V2S,NORTH LONDON NHS FOUNDATION TRUST,MH003,"North London MH Partnership Crisis Line - Barnet, Enfield and Haringey (NLP)",A01,Number of calls received,1061
2025-07-01,2025-07-31,London,QMJ,NHS NORTH CENTRAL LONDON INTEGRATED CARE BOARD,G6V2S,NORTH LONDON NHS FOUNDATION TRUST,MH003,"North London MH Partnership Crisis Line - Barnet, Enfield and Haringey (NLP)",A02,Calls routed through IVR,1061
2025-07-01,2025-07-31,London,QMJ,NHS NORTH CENTRAL LONDON INTEGRATED CARE BOARD,G6V2S,NORTH LONDON NHS FOUNDATION TRUST,MH003,"North London MH Partnership Crisis Line - Barnet, Enfield and Haringey (NLP)",A03,Number of answered calls,873
2025-07-01,2025-07-31,London,QMJ,NHS NORTH CENTRAL LONDON INTEGRATED CARE BOARD,G6V2S,NORTH LONDON NHS FOUNDATION TRUST,MH003,"North London MH Partnership Crisis Line - Barnet, Enfield and Haringey (NLP)",B01,Number of calls answered within 60 seconds,332
2025-07-01,2025-07-31,London,QMJ,NHS NORTH CENTRAL LONDON INTEGRATED CARE BOARD,G6V2S,NORTH LONDON NHS FOUNDATION TRUST,MH003,"North London MH Partnership Crisis Line - Barnet, Enfield and Haringey (NLP)",B02,Number of calls abandoned,188
2025-07-01,2025-07-31,London,QMJ,NHS NORTH CENTRAL LONDON INTEGRATED CARE BOARD,G6V2S,NORTH LONDON NHS FOUNDATION TRUST,MH003,"North London MH Partnership Crisis Line - Barnet, Enfield and Haringey (NLP)",B03,Calls abandoned in 30 seconds or less,35
2025-07-01,2025-07-31,London,QMJ,NHS NORTH CENTRAL LONDON INTEGRATED CARE BOARD,G6V2S,NORTH LONDON NHS FOUNDATION TRUST,MH003,"North London MH Partnership Crisis Line - Barnet, Enfield and Haringey (NLP)",B04,Calls abandoned in over 30 seconds and up to and including 60 seconds,12
2025-07-01,2025-07-31,London,QMJ,NHS NORTH CENTRAL LONDON INTEGRATED CARE BOARD,G6V2S,NORTH LONDON NHS FOUNDATION TRUST,MH003,"North London MH Partnership Crisis Line - Barnet, Enfield and Haringey (NLP)",B05,Calls abandoned after 60 seconds,140
2025-07-01,2025-07-31,London,QMJ,NHS NORTH CENTRAL LONDON INTEGRATED CARE BOARD,G6V2S,NORTH LONDON NHS FOUNDATION TRUST,MH003,"North London MH Partnership Crisis Line - Barnet, Enfield and Haringey (NLP)",B06,Total time to call answer (seconds),136759
2025-07-01,2025-07-31,London,QMJ,NHS NORTH CENTRAL LONDON INTEGRATED CARE BOARD,G6V2S,NORTH LONDON NHS FOUNDATION TRUST,MH003,"North London MH Partnership Crisis Line - Barnet, Enfield and Haringey (NLP)",B07,95th centile call answer time (seconds),1206
2025-07-01,2025-07-31,London,QMJ,NHS NORTH CENTRAL LONDON INTEGRATED CARE BOARD,G6V2S,NORTH LONDON NHS FOUNDATION TRUST,MH003,"North London MH Partnership Crisis Line - Barnet, Enfield and Haringey (NLP)",B09,Total time of abandoned calls (seconds),185578
2025-07-01,2025-07-31,London,QKK,NHS SOUTH EAST LONDON INTEGRATED CARE BOARD,RV5,SOUTH LONDON AND MAUDSLEY NHS FOUNDATION TRUST,MH061,South London and Maudsley NHS Foundation Trust (SLP),A01,Number of calls received,2565
2025-07-01,2025-07-31,London,QKK,NHS SOUTH EAST LONDON INTEGRATED CARE BOARD,RV5,SOUTH LONDON AND MAUDSLEY NHS FOUNDATION TRUST,MH061,South London and Maudsley NHS Foundation Trust (SLP),A02,Calls routed through IVR,2565
2025-07-01,2025-07-31,London,QKK,NHS SOUTH EAST LONDON INTEGRATED CARE BOARD,RV5,SOUTH LONDON AND MAUDSLEY NHS FOUNDATION TRUST,MH061,South London and Maudsley NHS Foundation Trust (SLP),A03,Number of answered calls,2509
2025-07-01,2025-07-31,London,QKK,NHS SOUTH EAST LONDON INTEGRATED CARE BOARD,RV5,SOUTH LONDON AND MAUDSLEY NHS FOUNDATION TRUST,MH061,South London and Maudsley NHS Foundation Trust (SLP),B01,Number of calls answered within 60 seconds,2417
2025-07-01,2025-07-31,London,QKK,NHS SOUTH EAST LONDON INTEGRATED CARE BOARD,RV5,SOUTH LONDON AND MAUDSLEY NHS FOUNDATION TRUST,MH061,South London and Maudsley NHS Foundation Trust (SLP),B02,Number of calls abandoned,56
2025-07-01,2025-07-31,London,QKK,NHS SOUTH EAST LONDON INTEGRATED CARE BOARD,RV5,SOUTH LONDON AND MAUDSLEY NHS FOUNDATION TRUST,MH061,South London and Maudsley NHS Foundation Trust (SLP),B03,Calls abandoned in 30 seconds or less,23
2025-07-01,2025-07-31,London,QKK,NHS SOUTH EAST LONDON INTEGRATED CARE BOARD,RV5,SOUTH LONDON AND MAUDSLEY NHS FOUNDATION TRUST,MH061,South London and Maudsley NHS Foundation Trust (SLP),B04,Calls abandoned in over 30 seconds and up to and including 60 seconds,8
2025-07-01,2025-07-31,London,QKK,NHS SOUTH EAST LONDON INTEGRATED CARE BOARD,RV5,SOUTH LONDON AND MAUDSLEY NHS FOUNDATION TRUST,MH061,South London and Maudsley NHS Foundation Trust (SLP),B05,Calls abandoned after 60 seconds,25
2025-07-01,2025-07-31,London,QKK,NHS SOUTH EAST LONDON INTEGRATED CARE BOARD,RV5,SOUTH LONDON AND MAUDSLEY NHS FOUNDATION TRUST,MH061,South London and Maudsley NHS Foundation Trust (SLP),B06,Total time to call answer (seconds),55255
2025-07-01,2025-07-31,London,QKK,NHS SOUTH EAST LONDON INTEGRATED CARE BOARD,RV5,SOUTH LONDON AND MAUDSLEY NHS FOUNDATION TRUST,MH061,South London and Maudsley NHS Foundation Trust (SLP),B07,95th centile call answer time (seconds),46
2025-07-01,2025-07-31,London,QKK,NHS SOUTH EAST LONDON INTEGRATED CARE BOARD,RV5,SOUTH LONDON AND MAUDSLEY NHS FOUNDATION TRUST,MH061,South London and Maudsley NHS Foundation Trust (SLP),B09,Total time of abandoned calls (seconds),7947
2025-07-01,2025-07-31,London,QKK,NHS SOUTH EAST LONDON INTEGRATED CARE BOARD,RV5,SOUTH LONDON AND MAUDSLEY NHS FOUNDATION TRUST,MH053,South London MH Partnership - Oxleas MH Crisis Line (SLP),A01,Number of calls received,0
2025-07-01,2025-07-31,London,QKK,NHS SOUTH EAST LONDON INTEGRATED CARE BOARD,RV5,SOUTH LONDON AND MAUDSLEY NHS FOUNDATION TRUST,MH053,South London MH Partnership - Oxleas MH Crisis Line (SLP),A02,Calls routed through IVR,0
2025-07-01,2025-07-31,London,QKK,NHS SOUTH EAST LONDON INTEGRATED CARE BOARD,RV5,SOUTH LONDON AND MAUDSLEY NHS FOUNDATION TRUST,MH053,South London MH Partnership - Oxleas MH Crisis Line (SLP),A03,Number of answered calls,0
2025-07-01,2025-07-31,London,QKK,NHS SOUTH EAST LONDON INTEGRATED CARE BOARD,RV5,SOUTH LONDON AND MAUDSLEY NHS FOUNDATION TRUST,MH053,South London MH Partnership - Oxleas MH Crisis Line (SLP),B01,Number of calls answered within 60 seconds,0
2025-07-01,2025-07-31,London,QKK,NHS SOUTH EAST LONDON INTEGRATED CARE BOARD,RV5,SOUTH LONDON AND MAUDSLEY NHS FOUNDATION TRUST,MH053,South London MH Partnership - Oxleas MH Crisis Line (SLP),B02,Number of calls abandoned,0
2025-07-01,2025-07-31,London,QKK,NHS SOUTH EAST LONDON INTEGRATED CARE BOARD,RV5,SOUTH LONDON AND MAUDSLEY NHS FOUNDATION TRUST,MH053,South London MH Partnership - Oxleas MH Crisis Line (SLP),B03,Calls abandoned in 30 seconds or less,0
2025-07-01,2025-07-31,London,QKK,NHS SOUTH EAST LONDON INTEGRATED CARE BOARD,RV5,SOUTH LONDON AND MAUDSLEY NHS FOUNDATION TRUST,MH053,South London MH Partnership - Oxleas MH Crisis Line (SLP),B04,Calls abandoned in over 30 seconds and up to and including 60 seconds,0
2025-07-01,2025-07-31,London,QKK,NHS SOUTH EAST LONDON INTEGRATED CARE BOARD,RV5,SOUTH LONDON AND MAUDSLEY NHS FOUNDATION TRUST,MH053,South London MH Partnership - Oxleas MH Crisis Line (SLP),B05,Calls abandoned after 60 seconds,0
2025-07-01,2025-07-31,London,QKK,NHS SOUTH EAST LONDON INTEGRATED CARE BOARD,RV5,SOUTH LONDON AND MAUDSLEY NHS FOUNDATION TRUST,MH053,South London MH Partnership - Oxleas MH Crisis Line (SLP),B06,Total time to call answer (seconds),0
2025-07-01,2025-07-31,London,QKK,NHS SOUTH EAST LONDON INTEGRATED CARE BOARD,RV5,SOUTH LONDON AND MAUDSLEY NHS FOUNDATION TRUST,MH053,South London MH Partnership - Oxleas MH Crisis Line (SLP),B07,95th centile call answer time (seconds),0
2025-07-01,2025-07-31,London,QKK,NHS SOUTH EAST LONDON INTEGRATED CARE BOARD,RV5,SOUTH LONDON AND MAUDSLEY NHS FOUNDATION TRUST,MH053,South London MH Partnership - Oxleas MH Crisis Line (SLP),B09,Total time of abandoned calls (seconds),0
2025-07-01,2025-07-31,London,QWE,NHS SOUTH WEST LONDON INTEGRATED CARE BOARD,RV5,SOUTH LONDON AND MAUDSLEY NHS FOUNDATION TRUST,MH062,South West London and St George's Mental Health NHS Trust (SLP),A01,Number of calls received,0
2025-07-01,2025-07-31,London,QWE,NHS SOUTH WEST LONDON INTEGRATED CARE BOARD,RV5,SOUTH LONDON AND MAUDSLEY NHS FOUNDATION TRUST,MH062,South West London and St George's Mental Health NHS Trust (SLP),A02,Calls routed through IVR,0
2025-07-01,2025-07-31,London,QWE,NHS SOUTH WEST LONDON INTEGRATED CARE BOARD,RV5,SOUTH LONDON AND MAUDSLEY NHS FOUNDATION TRUST,MH062,South West London and St George's Mental Health NHS Trust (SLP),A03,Number of answered calls,0
2025-07-01,2025-07-31,London,QWE,NHS SOUTH WEST LONDON INTEGRATED CARE BOARD,RV5,SOUTH LONDON AND MAUDSLEY NHS FOUNDATION TRUST,MH062,South West London and St George's Mental Health NHS Trust (SLP),B01,Number of calls answered within 60 seconds,0
2025-07-01,2025-07-31,London,QWE,NHS SOUTH WEST LONDON INTEGRATED CARE BOARD,RV5,SOUTH LONDON AND MAUDSLEY NHS FOUNDATION TRUST,MH062,South West London and St George's Mental Health NHS Trust (SLP),B02,Number of calls abandoned,0
2025-07-01,2025-07-31,London,QWE,NHS SOUTH WEST LONDON INTEGRATED CARE BOARD,RV5,SOUTH LONDON AND MAUDSLEY NHS FOUNDATION TRUST,MH062,South West London and St George's Mental Health NHS Trust (SLP),B03,Calls abandoned in 30 seconds or less,0
2025-07-01,2025-07-31,London,QWE,NHS SOUTH WEST LONDON INTEGRATED CARE BOARD,RV5,SOUTH LONDON AND MAUDSLEY NHS FOUNDATION TRUST,MH062,South West London and St George's Mental Health NHS Trust (SLP),B04,Calls abandoned in over 30 seconds and up to and including 60 seconds,0
2025-07-01,2025-07-31,London,QWE,NHS SOUTH WEST LONDON INTEGRATED CARE BOARD,RV5,SOUTH LONDON AND MAUDSLEY NHS FOUNDATION TRUST,MH062,South West London and St George's Mental Health NHS Trust (SLP),B05,Calls abandoned after 60 seconds,0
2025-07-01,2025-07-31,London,QWE,NHS SOUTH WEST LONDON INTEGRATED CARE BOARD,RV5,SOUTH LONDON AND MAUDSLEY NHS FOUNDATION TRUST,MH062,South West London and St George's Mental Health NHS Trust (SLP),B06,Total time to call answer (seconds),0
2025-07-01,2025-07-31,London,QWE,NHS SOUTH WEST LONDON INTEGRATED CARE BOARD,RV5,SOUTH LONDON AND MAUDSLEY NHS FOUNDATION TRUST,MH062,South West London and St George's Mental Health NHS Trust (SLP),B07,95th centile call answer time (seconds),0
2025-07-01,2025-07-31,London,QWE,NHS SOUTH WEST LONDON INTEGRATED CARE BOARD,RV5,SOUTH LONDON AND MAUDSLEY NHS FOUNDATION TRUST,MH062,South West London and St George's Mental Health NHS Trust (SLP),B09,Total time of abandoned calls (seconds),0
2025-07-01,2025-07-31,South West,QJK,NHS DEVON INTEGRATED CARE BOARD,RWV,DEVON PARTNERSHIP NHS TRUST,MH019,Devon Partnership NHS Trust All Age,A01,Number of calls received,2102
2025-07-01,2025-07-31,South West,QJK,NHS DEVON INTEGRATED CARE BOARD,RWV,DEVON PARTNERSHIP NHS TRUST,MH019,Devon Partnership NHS Trust All Age,A02,Calls routed through IVR,-
2025-07-01,2025-07-31,South West,QJK,NHS DEVON INTEGRATED CARE BOARD,RWV,DEVON PARTNERSHIP NHS TRUST,MH019,Devon Partnership NHS Trust All Age,A03,Number of answered calls,1563
2025-07-01,2025-07-31,South West,QJK,NHS DEVON INTEGRATED CARE BOARD,RWV,DEVON PARTNERSHIP NHS TRUST,MH019,Devon Partnership NHS Trust All Age,B01,Number of calls answered within 60 seconds,971
2025-07-01,2025-07-31,South West,QJK,NHS DEVON INTEGRATED CARE BOARD,RWV,DEVON PARTNERSHIP NHS TRUST,MH019,Devon Partnership NHS Trust All Age,B02,Number of calls abandoned,539
2025-07-01,2025-07-31,South West,QJK,NHS DEVON INTEGRATED CARE BOARD,RWV,DEVON PARTNERSHIP NHS TRUST,MH019,Devon Partnership NHS Trust All Age,B03,Calls abandoned in 30 seconds or less,60
2025-07-01,2025-07-31,South West,QJK,NHS DEVON INTEGRATED CARE BOARD,RWV,DEVON PARTNERSHIP NHS TRUST,MH019,Devon Partnership NHS Trust All Age,B04,Calls abandoned in over 30 seconds and up to and including 60 seconds,44
2025-07-01,2025-07-31,South West,QJK,NHS DEVON INTEGRATED CARE BOARD,RWV,DEVON PARTNERSHIP NHS TRUST,MH019,Devon Partnership NHS Trust All Age,B05,Calls abandoned after 60 seconds,434
2025-07-01,2025-07-31,South West,QJK,NHS DEVON INTEGRATED CARE BOARD,RWV,DEVON PARTNERSHIP NHS TRUST,MH019,Devon Partnership NHS Trust All Age,B06,Total time to call answer (seconds),277415
2025-07-01,2025-07-31,South West,QJK,NHS DEVON INTEGRATED CARE BOARD,RWV,DEVON PARTNERSHIP NHS TRUST,MH019,Devon Partnership NHS Trust All Age,B07,95th centile call answer time (seconds),-
2025-07-01,2025-07-31,South West,QJK,NHS DEVON INTEGRATED CARE BOARD,RWV,DEVON PARTNERSHIP NHS TRUST,MH019,Devon Partnership NHS Trust All Age,B09,Total time of abandoned calls (seconds),157637
2025-07-01,2025-07-31,Midlands,QUA,NHS BLACK COUNTRY INTEGRATED CARE BOARD,TAJ,BLACK COUNTRY HEALTHCARE NHS FOUNDATION TRUST,MH007,Rethink Mental Illness (Rethink),A01,Number of calls received,1391
2025-07-01,2025-07-31,Midlands,QUA,NHS BLACK COUNTRY INTEGRATED CARE BOARD,TAJ,BLACK COUNTRY HEALTHCARE NHS FOUNDATION TRUST,MH007,Rethink Mental Illness (Rethink),A02,Calls routed through IVR,1391
2025-07-01,2025-07-31,Midlands,QUA,NHS BLACK COUNTRY INTEGRATED CARE BOARD,TAJ,BLACK COUNTRY HEALTHCARE NHS FOUNDATION TRUST,MH007,Rethink Mental Illness (Rethink),A03,Number of answered calls,355
2025-07-01,2025-07-31,Midlands,QUA,NHS BLACK COUNTRY INTEGRATED CARE BOARD,TAJ,BLACK COUNTRY HEALTHCARE NHS FOUNDATION TRUST,MH007,Rethink Mental Illness (Rethink),B01,Number of calls answered within 60 seconds,355
2025-07-01,2025-07-31,Midlands,QUA,NHS BLACK COUNTRY INTEGRATED CARE BOARD,TAJ,BLACK COUNTRY HEALTHCARE NHS FOUNDATION TRUST,MH007,Rethink Mental Illness (Rethink),B02,Number of calls abandoned,15
2025-07-01,2025-07-31,Midlands,QUA,NHS BLACK COUNTRY INTEGRATED CARE BOARD,TAJ,BLACK COUNTRY HEALTHCARE NHS FOUNDATION TRUST,MH007,Rethink Mental Illness (Rethink),B03,Calls abandoned in 30 seconds or less,15
2025-07-01,2025-07-31,Midlands,QUA,NHS BLACK COUNTRY INTEGRATED CARE BOARD,TAJ,BLACK COUNTRY HEALTHCARE NHS FOUNDATION TRUST,MH007,Rethink Mental Illness (Rethink),B04,Calls abandoned in over 30 seconds and up to and including 60 seconds,0
2025-07-01,2025-07-31,Midlands,QUA,NHS BLACK COUNTRY INTEGRATED CARE BOARD,TAJ,BLACK COUNTRY HEALTHCARE NHS FOUNDATION TRUST,MH007,Rethink Mental Illness (Rethink),B05,Calls abandoned after 60 seconds,0
2025-07-01,2025-07-31,Midlands,QUA,NHS BLACK COUNTRY INTEGRATED CARE BOARD,TAJ,BLACK COUNTRY HEALTHCARE NHS FOUNDATION TRUST,MH007,Rethink Mental Illness (Rethink),B06,Total time to call answer (seconds),-
2025-07-01,2025-07-31,Midlands,QUA,NHS BLACK COUNTRY INTEGRATED CARE BOARD,TAJ,BLACK COUNTRY HEALTHCARE NHS FOUNDATION TRUST,MH007,Rethink Mental Illness (Rethink),B07,95th centile call answer time (seconds),-
2025-07-01,2025-07-31,Midlands,QUA,NHS BLACK COUNTRY INTEGRATED CARE BOARD,TAJ,BLACK COUNTRY HEALTHCARE NHS FOUNDATION TRUST,MH007,Rethink Mental Illness (Rethink),B09,Total time of abandoned calls (seconds),1
2025-07-01,2025-07-31,South West,QT6,NHS CORNWALL AND THE ISLES OF SCILLY INTEGRATED CARE BOARD,RJ8,CORNWALL PARTNERSHIP NHS FOUNDATION TRUST,MH013,Cornwall Mental Health Crisis (MHCC),A01,Number of calls received,5838
2025-07-01,2025-07-31,South West,QT6,NHS CORNWALL AND THE ISLES OF SCILLY INTEGRATED CARE BOARD,RJ8,CORNWALL PARTNERSHIP NHS FOUNDATION TRUST,MH013,Cornwall Mental Health Crisis (MHCC),A02,Calls routed through IVR,5838
2025-07-01,2025-07-31,South West,QT6,NHS CORNWALL AND THE ISLES OF SCILLY INTEGRATED CARE BOARD,RJ8,CORNWALL PARTNERSHIP NHS FOUNDATION TRUST,MH013,Cornwall Mental Health Crisis (MHCC),A03,Number of answered calls,3974
2025-07-01,2025-07-31,South West,QT6,NHS CORNWALL AND THE ISLES OF SCILLY INTEGRATED CARE BOARD,RJ8,CORNWALL PARTNERSHIP NHS FOUNDATION TRUST,MH013,Cornwall Mental Health Crisis (MHCC),B01,Number of calls answered within 60 seconds,2215
2025-07-01,2025-07-31,South West,QT6,NHS CORNWALL AND THE ISLES OF SCILLY INTEGRATED CARE BOARD,RJ8,CORNWALL PARTNERSHIP NHS FOUNDATION TRUST,MH013,Cornwall Mental Health Crisis (MHCC),B02,Number of calls abandoned,623
2025-07-01,2025-07-31,South West,QT6,NHS CORNWALL AND THE ISLES OF SCILLY INTEGRATED CARE BOARD,RJ8,CORNWALL PARTNERSHIP NHS FOUNDATION TRUST,MH013,Cornwall Mental Health Crisis (MHCC),B03,Calls abandoned in 30 seconds or less,87
2025-07-01,2025-07-31,South West,QT6,NHS CORNWALL AND THE ISLES OF SCILLY INTEGRATED CARE BOARD,RJ8,CORNWALL PARTNERSHIP NHS FOUNDATION TRUST,MH013,Cornwall Mental Health Crisis (MHCC),B04,Calls abandoned in over 30 seconds and up to and including 60 seconds,100
2025-07-01,2025-07-31,South West,QT6,NHS CORNWALL AND THE ISLES OF SCILLY INTEGRATED CARE BOARD,RJ8,CORNWALL PARTNERSHIP NHS FOUNDATION TRUST,MH013,Cornwall Mental Health Crisis (MHCC),B05,Calls abandoned after 60 seconds,435
2025-07-01,2025-07-31,South West,QT6,NHS CORNWALL AND THE ISLES OF SCILLY INTEGRATED CARE BOARD,RJ8,CORNWALL PARTNERSHIP NHS FOUNDATION TRUST,MH013,Cornwall Mental Health Crisis (MHCC),B06,Total time to call answer (seconds),1264030
2025-07-01,2025-07-31,South West,QT6,NHS CORNWALL AND THE ISLES OF SCILLY INTEGRATED CARE BOARD,RJ8,CORNWALL PARTNERSHIP NHS FOUNDATION TRUST,MH013,Cornwall Mental Health Crisis (MHCC),B07,95th centile call answer time (seconds),1507
2025-07-01,2025-07-31,South West,QT6,NHS CORNWALL AND THE ISLES OF SCILLY INTEGRATED CARE BOARD,RJ8,CORNWALL PARTNERSHIP NHS FOUNDATION TRUST,MH013,Cornwall Mental Health Crisis (MHCC),B09,Total time of abandoned calls (seconds),119869
2025-07-01,2025-07-31,Midlands,QGH,NHS HEREFORDSHIRE AND WORCESTERSHIRE ICB,R1A,HEREFORDSHIRE AND WORCESTERSHIRE HEALTH AND CARE NHS TRUST,MH031,Herefordshire and Worcestershire Health and Care NHS Trust (HWHC),A01,Number of calls received,3273
2025-07-01,2025-07-31,Midlands,QGH,NHS HEREFORDSHIRE AND WORCESTERSHIRE ICB,R1A,HEREFORDSHIRE AND WORCESTERSHIRE HEALTH AND CARE NHS TRUST,MH031,Herefordshire and Worcestershire Health and Care NHS Trust (HWHC),A02,Calls routed through IVR,709
2025-07-01,2025-07-31,Midlands,QGH,NHS HEREFORDSHIRE AND WORCESTERSHIRE ICB,R1A,HEREFORDSHIRE AND WORCESTERSHIRE HEALTH AND CARE NHS TRUST,MH031,Herefordshire and Worcestershire Health and Care NHS Trust (HWHC),A03,Number of answered calls,2659
2025-07-01,2025-07-31,Midlands,QGH,NHS HEREFORDSHIRE AND WORCESTERSHIRE ICB,R1A,HEREFORDSHIRE AND WORCESTERSHIRE HEALTH AND CARE NHS TRUST,MH031,Herefordshire and Worcestershire Health and Care NHS Trust (HWHC),B01,Number of calls answered within 60 seconds,2012
2025-07-01,2025-07-31,Midlands,QGH,NHS HEREFORDSHIRE AND WORCESTERSHIRE ICB,R1A,HEREFORDSHIRE AND WORCESTERSHIRE HEALTH AND CARE NHS TRUST,MH031,Herefordshire and Worcestershire Health and Care NHS Trust (HWHC),B02,Number of calls abandoned,614
2025-07-01,2025-07-31,Midlands,QGH,NHS HEREFORDSHIRE AND WORCESTERSHIRE ICB,R1A,HEREFORDSHIRE AND WORCESTERSHIRE HEALTH AND CARE NHS TRUST,MH031,Herefordshire and Worcestershire Health and Care NHS Trust (HWHC),B03,Calls abandoned in 30 seconds or less,92
2025-07-01,2025-07-31,Midlands,QGH,NHS HEREFORDSHIRE AND WORCESTERSHIRE ICB,R1A,HEREFORDSHIRE AND WORCESTERSHIRE HEALTH AND CARE NHS TRUST,MH031,Herefordshire and Worcestershire Health and Care NHS Trust (HWHC),B04,Calls abandoned in over 30 seconds and up to and including 60 seconds,103
2025-07-01,2025-07-31,Midlands,QGH,NHS HEREFORDSHIRE AND WORCESTERSHIRE ICB,R1A,HEREFORDSHIRE AND WORCESTERSHIRE HEALTH AND CARE NHS TRUST,MH031,Herefordshire and Worcestershire Health and Care NHS Trust (HWHC),B05,Calls abandoned after 60 seconds,419
2025-07-01,2025-07-31,Midlands,QGH,NHS HEREFORDSHIRE AND WORCESTERSHIRE ICB,R1A,HEREFORDSHIRE AND WORCESTERSHIRE HEALTH AND CARE NHS TRUST,MH031,Herefordshire and Worcestershire Health and Care NHS Trust (HWHC),B06,Total time to call answer (seconds),252399
2025-07-01,2025-07-31,Midlands,QGH,NHS HEREFORDSHIRE AND WORCESTERSHIRE ICB,R1A,HEREFORDSHIRE AND WORCESTERSHIRE HEALTH AND CARE NHS TRUST,MH031,Herefordshire and Worcestershire Health and Care NHS Trust (HWHC),B07,95th centile call answer time (seconds),393
2025-07-01,2025-07-31,Midlands,QGH,NHS HEREFORDSHIRE AND WORCESTERSHIRE ICB,R1A,HEREFORDSHIRE AND WORCESTERSHIRE HEALTH AND CARE NHS TRUST,MH031,Herefordshire and Worcestershire Health and Care NHS Trust (HWHC),B09,Total time of abandoned calls (seconds),137368
2025-07-01,2025-07-31,South West,QUY,"NHS BRISTOL, NORTH SOMERSET AND SOUTH GLOUCESTERSHIRE INTEGRATED CARE BOARD",NBP,BRISDOC HEALTHCARE SERVICES LTD,MH076,Brisdoc MH Crisis Line,A01,Number of calls received,-
2025-07-01,2025-07-31,South West,QUY,"NHS BRISTOL, NORTH SOMERSET AND SOUTH GLOUCESTERSHIRE INTEGRATED CARE BOARD",NBP,BRISDOC HEALTHCARE SERVICES LTD,MH076,Brisdoc MH Crisis Line,A02,Calls routed through IVR,-
2025-07-01,2025-07-31,South West,QUY,"NHS BRISTOL, NORTH SOMERSET AND SOUTH GLOUCESTERSHIRE INTEGRATED CARE BOARD",NBP,BRISDOC HEALTHCARE SERVICES LTD,MH076,Brisdoc MH Crisis Line,A03,Number of answered calls,-
2025-07-01,2025-07-31,South West,QUY,"NHS BRISTOL, NORTH SOMERSET AND SOUTH GLOUCESTERSHIRE INTEGRATED CARE BOARD",NBP,BRISDOC HEALTHCARE SERVICES LTD,MH076,Brisdoc MH Crisis Line,B01,Number of calls answered within 60 seconds,-
2025-07-01,2025-07-31,South West,QUY,"NHS BRISTOL, NORTH SOMERSET AND SOUTH GLOUCESTERSHIRE INTEGRATED CARE BOARD",NBP,BRISDOC HEALTHCARE SERVICES LTD,MH076,Brisdoc MH Crisis Line,B02,Number of calls abandoned,-
2025-07-01,2025-07-31,South West,QUY,"NHS BRISTOL, NORTH SOMERSET AND SOUTH GLOUCESTERSHIRE INTEGRATED CARE BOARD",NBP,BRISDOC HEALTHCARE SERVICES LTD,MH076,Brisdoc MH Crisis Line,B03,Calls abandoned in 30 seconds or less,-
2025-07-01,2025-07-31,South West,QUY,"NHS BRISTOL, NORTH SOMERSET AND SOUTH GLOUCESTERSHIRE INTEGRATED CARE BOARD",NBP,BRISDOC HEALTHCARE SERVICES LTD,MH076,Brisdoc MH Crisis Line,B04,Calls abandoned in over 30 seconds and up to and including 60 seconds,-
2025-07-01,2025-07-31,South West,QUY,"NHS BRISTOL, NORTH SOMERSET AND SOUTH GLOUCESTERSHIRE INTEGRATED CARE BOARD",NBP,BRISDOC HEALTHCARE SERVICES LTD,MH076,Brisdoc MH Crisis Line,B05,Calls abandoned after 60 seconds,-
2025-07-01,2025-07-31,South West,QUY,"NHS BRISTOL, NORTH SOMERSET AND SOUTH GLOUCESTERSHIRE INTEGRATED CARE BOARD",NBP,BRISDOC HEALTHCARE SERVICES LTD,MH076,Brisdoc MH Crisis Line,B06,Total time to call answer (seconds),-
2025-07-01,2025-07-31,South West,QUY,"NHS BRISTOL, NORTH SOMERSET AND SOUTH GLOUCESTERSHIRE INTEGRATED CARE BOARD",NBP,BRISDOC HEALTHCARE SERVICES LTD,MH076,Brisdoc MH Crisis Line,B07,95th centile call answer time (seconds),-
2025-07-01,2025-07-31,South West,QUY,"NHS BRISTOL, NORTH SOMERSET AND SOUTH GLOUCESTERSHIRE INTEGRATED CARE BOARD",NBP,BRISDOC HEALTHCARE SERVICES LTD,MH076,Brisdoc MH Crisis Line,B09,Total time of abandoned calls (seconds),-
2025-07-01,2025-07-31,South East,QXU,NHS SURREY HEARTLANDS INTEGRATED CARE BOARD,RXX,SURREY AND BORDERS PARTNERSHIP NHS FOUNDATION TRUST,MH065,Surrey and Borders Partnership NHS Foundation Trust (SABP),A01,Number of calls received,5065
2025-07-01,2025-07-31,South East,QXU,NHS SURREY HEARTLANDS INTEGRATED CARE BOARD,RXX,SURREY AND BORDERS PARTNERSHIP NHS FOUNDATION TRUST,MH065,Surrey and Borders Partnership NHS Foundation Trust (SABP),A02,Calls routed through IVR,613
2025-07-01,2025-07-31,South East,QXU,NHS SURREY HEARTLANDS INTEGRATED CARE BOARD,RXX,SURREY AND BORDERS PARTNERSHIP NHS FOUNDATION TRUST,MH065,Surrey and Borders Partnership NHS Foundation Trust (SABP),A03,Number of answered calls,4000
2025-07-01,2025-07-31,South East,QXU,NHS SURREY HEARTLANDS INTEGRATED CARE BOARD,RXX,SURREY AND BORDERS PARTNERSHIP NHS FOUNDATION TRUST,MH065,Surrey and Borders Partnership NHS Foundation Trust (SABP),B01,Number of calls answered within 60 seconds,3214
2025-07-01,2025-07-31,South East,QXU,NHS SURREY HEARTLANDS INTEGRATED CARE BOARD,RXX,SURREY AND BORDERS PARTNERSHIP NHS FOUNDATION TRUST,MH065,Surrey and Borders Partnership NHS Foundation Trust (SABP),B02,Number of calls abandoned,1064
2025-07-01,2025-07-31,South East,QXU,NHS SURREY HEARTLANDS INTEGRATED CARE BOARD,RXX,SURREY AND BORDERS PARTNERSHIP NHS FOUNDATION TRUST,MH065,Surrey and Borders Partnership NHS Foundation Trust (SABP),B03,Calls abandoned in 30 seconds or less,636
2025-07-01,2025-07-31,South East,QXU,NHS SURREY HEARTLANDS INTEGRATED CARE BOARD,RXX,SURREY AND BORDERS PARTNERSHIP NHS FOUNDATION TRUST,MH065,Surrey and Borders Partnership NHS Foundation Trust (SABP),B04,Calls abandoned in over 30 seconds and up to and including 60 seconds,165
2025-07-01,2025-07-31,South East,QXU,NHS SURREY HEARTLANDS INTEGRATED CARE BOARD,RXX,SURREY AND BORDERS PARTNERSHIP NHS FOUNDATION TRUST,MH065,Surrey and Borders Partnership NHS Foundation Trust (SABP),B05,Calls abandoned after 60 seconds,263
2025-07-01,2025-07-31,South East,QXU,NHS SURREY HEARTLANDS INTEGRATED CARE BOARD,RXX,SURREY AND BORDERS PARTNERSHIP NHS FOUNDATION TRUST,MH065,Surrey and Borders Partnership NHS Foundation Trust (SABP),B06,Total time to call answer (seconds),230782
2025-07-01,2025-07-31,South East,QXU,NHS SURREY HEARTLANDS INTEGRATED CARE BOARD,RXX,SURREY AND BORDERS PARTNERSHIP NHS FOUNDATION TRUST,MH065,Surrey and Borders Partnership NHS Foundation Trust (SABP),B07,95th centile call answer time (seconds),327
2025-07-01,2025-07-31,South East,QXU,NHS SURREY HEARTLANDS INTEGRATED CARE BOARD,RXX,SURREY AND BORDERS PARTNERSHIP NHS FOUNDATION TRUST,MH065,Surrey and Borders Partnership NHS Foundation Trust (SABP),B09,Total time of abandoned calls (seconds),73453
